# gameover.data
# Dados da tela de game over: constantes, variaveis, fonte e sprite em runs.
# Inclua este arquivo antes das funcoes de gameover.s.

# VGA_BASE e C_WHITE sao definidos pelo menu principal integrado.
.eqv C_SCORE, 0x24
.eqv SCORE_X, 166
.eqv SCORE_Y, 220
.eqv DIGIT_SCALE, 2
.eqv DIGIT_STEP, 8

.data
.align 2
game_over_selected: .word 0
game_over_score: .word 0
score_digits: .space 12

digit_font_3x5:
    .byte 0x7,0x5,0x5,0x5,0x7  # 0
    .byte 0x2,0x6,0x2,0x2,0x7  # 1
    .byte 0x7,0x1,0x7,0x4,0x7  # 2
    .byte 0x7,0x1,0x7,0x1,0x7  # 3
    .byte 0x5,0x5,0x7,0x1,0x1  # 4
    .byte 0x7,0x4,0x7,0x1,0x7  # 5
    .byte 0x7,0x4,0x7,0x5,0x7  # 6
    .byte 0x7,0x1,0x1,0x1,0x1  # 7
    .byte 0x7,0x5,0x7,0x5,0x7  # 8
    .byte 0x7,0x5,0x7,0x1,0x7  # 9

.align 2
game_over_runs:

    .word 0, 0, 320, 0x00, 0, 1, 320, 0x00, 0, 2, 320, 0x00, 0, 3, 320, 0x00, 0, 4, 320, 0x00
    .word 0, 5, 320, 0x00, 0, 6, 320, 0x00, 0, 7, 320, 0x00, 0, 8, 320, 0x00, 0, 9, 320, 0x00
    .word 0, 10, 320, 0x00, 0, 11, 320, 0x00, 0, 12, 320, 0x00, 0, 13, 320, 0x00, 0, 14, 320, 0x00
    .word 0, 15, 320, 0x00, 0, 16, 320, 0x00, 0, 17, 320, 0x00, 0, 18, 320, 0x00, 0, 19, 320, 0x00
    .word 0, 20, 320, 0x00, 0, 21, 160, 0x00, 160, 21, 4, 0x01, 164, 21, 156, 0x00, 0, 22, 159, 0x00
    .word 159, 22, 2, 0x01, 161, 22, 2, 0x0c, 163, 22, 2, 0x01, 165, 22, 155, 0x00, 0, 23, 158, 0x00
    .word 158, 23, 2, 0x01, 160, 23, 1, 0x0c, 161, 23, 2, 0x01, 163, 23, 1, 0x0c, 164, 23, 2, 0x01
    .word 166, 23, 154, 0x00, 0, 24, 158, 0x00, 158, 24, 1, 0x01, 159, 24, 1, 0x0c, 160, 24, 4, 0x01
    .word 164, 24, 1, 0x0c, 165, 24, 1, 0x01, 166, 24, 154, 0x00, 0, 25, 109, 0x00, 109, 25, 5, 0x01
    .word 114, 25, 5, 0x00, 119, 25, 6, 0x01, 125, 25, 4, 0x00, 129, 25, 7, 0x01, 136, 25, 7, 0x00
    .word 143, 25, 11, 0x01, 154, 25, 2, 0x00, 156, 25, 12, 0x01, 168, 25, 8, 0x00, 176, 25, 12, 0x01
    .word 188, 25, 4, 0x00, 192, 25, 7, 0x01, 199, 25, 5, 0x00, 204, 25, 6, 0x01, 210, 25, 110, 0x00
    .word 0, 26, 109, 0x00, 109, 26, 1, 0x01, 110, 26, 3, 0x0c, 113, 26, 2, 0x01, 115, 26, 3, 0x00
    .word 118, 26, 2, 0x01, 120, 26, 4, 0x0c, 124, 26, 1, 0x01, 125, 26, 2, 0x00, 127, 26, 3, 0x01
    .word 130, 26, 5, 0x0c, 135, 26, 3, 0x01, 138, 26, 4, 0x00, 142, 26, 2, 0x01, 144, 26, 9, 0x0c
    .word 153, 26, 2, 0x01, 155, 26, 1, 0x00, 156, 26, 1, 0x01, 157, 26, 10, 0x0c, 167, 26, 1, 0x01
    .word 168, 26, 8, 0x00, 176, 26, 1, 0x01, 177, 26, 10, 0x0c, 187, 26, 1, 0x01, 188, 26, 2, 0x00
    .word 190, 26, 3, 0x01, 193, 26, 5, 0x0c, 198, 26, 3, 0x01, 201, 26, 3, 0x00, 204, 26, 1, 0x01
    .word 205, 26, 4, 0x0c, 209, 26, 1, 0x01, 210, 26, 110, 0x00, 0, 27, 109, 0x00, 109, 27, 1, 0x01
    .word 110, 27, 4, 0x0c, 114, 27, 1, 0x01, 115, 27, 3, 0x00, 118, 27, 1, 0x01, 119, 27, 5, 0x0c
    .word 124, 27, 1, 0x01, 125, 27, 1, 0x00, 126, 27, 2, 0x01, 128, 27, 9, 0x0c, 137, 27, 2, 0x01
    .word 139, 27, 3, 0x00, 142, 27, 1, 0x01, 143, 27, 11, 0x0c, 154, 27, 1, 0x01, 155, 27, 1, 0x00
    .word 156, 27, 1, 0x01, 157, 27, 10, 0x0c, 167, 27, 1, 0x01, 168, 27, 8, 0x00, 176, 27, 1, 0x01
    .word 177, 27, 10, 0x0c, 187, 27, 1, 0x01, 188, 27, 1, 0x00, 189, 27, 2, 0x01, 191, 27, 9, 0x0c
    .word 200, 27, 2, 0x01, 202, 27, 2, 0x00, 204, 27, 1, 0x01, 205, 27, 4, 0x0c, 209, 27, 1, 0x01
    .word 210, 27, 13, 0x00, 223, 27, 2, 0x01, 225, 27, 95, 0x00, 0, 28, 109, 0x00, 109, 28, 1, 0x01
    .word 110, 28, 4, 0x0c, 114, 28, 1, 0x01, 115, 28, 3, 0x00, 118, 28, 1, 0x01, 119, 28, 5, 0x0c
    .word 124, 28, 1, 0x01, 125, 28, 1, 0x00, 126, 28, 1, 0x01, 127, 28, 11, 0x0c, 138, 28, 1, 0x01
    .word 139, 28, 3, 0x00, 142, 28, 1, 0x01, 143, 28, 4, 0x0c, 147, 28, 3, 0x01, 150, 28, 4, 0x0c
    .word 154, 28, 1, 0x01, 155, 28, 1, 0x00, 156, 28, 1, 0x01, 157, 28, 3, 0x0c, 160, 28, 8, 0x01
    .word 168, 28, 8, 0x00, 176, 28, 1, 0x01, 177, 28, 10, 0x0c, 187, 28, 1, 0x01, 188, 28, 1, 0x00
    .word 189, 28, 1, 0x01, 190, 28, 11, 0x0c, 201, 28, 1, 0x01, 202, 28, 2, 0x00, 204, 28, 1, 0x01
    .word 205, 28, 4, 0x0c, 209, 28, 1, 0x01, 210, 28, 12, 0x00, 222, 28, 4, 0x01, 226, 28, 94, 0x00
    .word 0, 29, 109, 0x00, 109, 29, 1, 0x01, 110, 29, 4, 0x0c, 114, 29, 1, 0x01, 115, 29, 3, 0x00
    .word 118, 29, 1, 0x01, 119, 29, 4, 0x0c, 123, 29, 1, 0x02, 124, 29, 1, 0x01, 125, 29, 1, 0x00
    .word 126, 29, 1, 0x01, 127, 29, 5, 0x0c, 132, 29, 1, 0x01, 133, 29, 5, 0x0c, 138, 29, 2, 0x01
    .word 140, 29, 1, 0x00, 141, 29, 2, 0x01, 143, 29, 3, 0x0c, 146, 29, 2, 0x01, 148, 29, 1, 0x00
    .word 149, 29, 1, 0x01, 150, 29, 4, 0x0c, 154, 29, 3, 0x01, 157, 29, 3, 0x0c, 160, 29, 1, 0x01
    .word 161, 29, 15, 0x00, 176, 29, 1, 0x01, 177, 29, 10, 0x0c, 187, 29, 1, 0x01, 188, 29, 1, 0x00
    .word 189, 29, 1, 0x01, 190, 29, 5, 0x0c, 195, 29, 1, 0x01, 196, 29, 5, 0x0c, 201, 29, 2, 0x01
    .word 203, 29, 1, 0x00, 204, 29, 1, 0x01, 205, 29, 4, 0x0c, 209, 29, 1, 0x01, 210, 29, 11, 0x00
    .word 221, 29, 5, 0x01, 226, 29, 94, 0x00, 0, 30, 103, 0x00, 103, 30, 1, 0x01, 104, 30, 5, 0x00
    .word 109, 30, 1, 0x01, 110, 30, 4, 0x0c, 114, 30, 2, 0x01, 116, 30, 2, 0x00, 118, 30, 1, 0x01
    .word 119, 30, 4, 0x0c, 123, 30, 2, 0x01, 125, 30, 1, 0x00, 126, 30, 1, 0x01, 127, 30, 4, 0x0c
    .word 131, 30, 3, 0x01, 134, 30, 5, 0x0c, 139, 30, 1, 0x01, 140, 30, 1, 0x00, 141, 30, 1, 0x01
    .word 142, 30, 4, 0x0c, 146, 30, 1, 0x01, 147, 30, 2, 0x00, 149, 30, 1, 0x01, 150, 30, 5, 0x0c
    .word 155, 30, 2, 0x01, 157, 30, 3, 0x0c, 160, 30, 1, 0x01, 161, 30, 15, 0x00, 176, 30, 1, 0x01
    .word 177, 30, 3, 0x0c, 180, 30, 8, 0x01, 188, 30, 1, 0x00, 189, 30, 1, 0x01, 190, 30, 4, 0x0c
    .word 194, 30, 3, 0x01, 197, 30, 5, 0x0c, 202, 30, 1, 0x01, 203, 30, 1, 0x00, 204, 30, 1, 0x01
    .word 205, 30, 4, 0x0c, 209, 30, 1, 0x01, 210, 30, 10, 0x00, 220, 30, 6, 0x01, 226, 30, 94, 0x00
    .word 0, 31, 102, 0x00, 102, 31, 3, 0x01, 105, 31, 4, 0x00, 109, 31, 1, 0x01, 110, 31, 5, 0x0c
    .word 115, 31, 1, 0x01, 116, 31, 1, 0x00, 117, 31, 2, 0x01, 119, 31, 4, 0x0c, 123, 31, 1, 0x01
    .word 124, 31, 1, 0x00, 125, 31, 2, 0x01, 127, 31, 3, 0x0c, 130, 31, 2, 0x01, 132, 31, 1, 0x00
    .word 133, 31, 1, 0x01, 134, 31, 5, 0x0c, 139, 31, 3, 0x01, 142, 31, 4, 0x0c, 146, 31, 1, 0x01
    .word 147, 31, 2, 0x00, 149, 31, 1, 0x01, 150, 31, 5, 0x0c, 155, 31, 2, 0x01, 157, 31, 3, 0x0c
    .word 160, 31, 1, 0x01, 161, 31, 15, 0x00, 176, 31, 1, 0x01, 177, 31, 3, 0x0c, 180, 31, 1, 0x01
    .word 181, 31, 7, 0x00, 188, 31, 2, 0x01, 190, 31, 3, 0x0c, 193, 31, 2, 0x01, 195, 31, 1, 0x00
    .word 196, 31, 1, 0x01, 197, 31, 5, 0x0c, 202, 31, 3, 0x01, 205, 31, 4, 0x0c, 209, 31, 1, 0x01
    .word 210, 31, 9, 0x00, 219, 31, 7, 0x01, 226, 31, 94, 0x00, 0, 32, 102, 0x00, 102, 32, 4, 0x01
    .word 106, 32, 3, 0x00, 109, 32, 1, 0x01, 110, 32, 5, 0x0c, 115, 32, 1, 0x01, 116, 32, 1, 0x00
    .word 117, 32, 1, 0x01, 118, 32, 5, 0x0c, 123, 32, 1, 0x01, 124, 32, 1, 0x00, 125, 32, 1, 0x01
    .word 126, 32, 4, 0x0c, 130, 32, 1, 0x01, 131, 32, 2, 0x00, 133, 32, 2, 0x01, 135, 32, 5, 0x0c
    .word 140, 32, 2, 0x01, 142, 32, 4, 0x0c, 146, 32, 1, 0x01, 147, 32, 2, 0x00, 149, 32, 8, 0x01
    .word 157, 32, 3, 0x0c, 160, 32, 7, 0x01, 167, 32, 9, 0x00, 176, 32, 1, 0x01, 177, 32, 3, 0x0c
    .word 180, 32, 1, 0x01, 181, 32, 7, 0x00, 188, 32, 1, 0x01, 189, 32, 4, 0x0c, 193, 32, 1, 0x01
    .word 194, 32, 2, 0x00, 196, 32, 2, 0x01, 198, 32, 5, 0x0c, 203, 32, 2, 0x01, 205, 32, 4, 0x0c
    .word 209, 32, 1, 0x01, 210, 32, 8, 0x00, 218, 32, 8, 0x01, 226, 32, 94, 0x00, 0, 33, 103, 0x00
    .word 103, 33, 4, 0x01, 107, 33, 2, 0x00, 109, 33, 2, 0x01, 111, 33, 4, 0x0c, 115, 33, 1, 0x01
    .word 116, 33, 1, 0x00, 117, 33, 1, 0x01, 118, 33, 5, 0x0c, 123, 33, 1, 0x01, 124, 33, 1, 0x00
    .word 125, 33, 1, 0x01, 126, 33, 4, 0x0c, 130, 33, 1, 0x01, 131, 33, 3, 0x00, 134, 33, 1, 0x01
    .word 135, 33, 5, 0x0c, 140, 33, 2, 0x01, 142, 33, 4, 0x0c, 146, 33, 1, 0x01, 147, 33, 9, 0x00
    .word 156, 33, 1, 0x01, 157, 33, 9, 0x0c, 166, 33, 1, 0x01, 167, 33, 9, 0x00, 176, 33, 1, 0x01
    .word 177, 33, 3, 0x0c, 180, 33, 1, 0x01, 181, 33, 7, 0x00, 188, 33, 1, 0x01, 189, 33, 4, 0x0c
    .word 193, 33, 1, 0x01, 194, 33, 3, 0x00, 197, 33, 1, 0x01, 198, 33, 5, 0x0c, 203, 33, 2, 0x01
    .word 205, 33, 4, 0x0c, 209, 33, 1, 0x01, 210, 33, 7, 0x00, 217, 33, 8, 0x01, 225, 33, 95, 0x00
    .word 0, 34, 103, 0x00, 103, 34, 4, 0x01, 107, 34, 3, 0x00, 110, 34, 1, 0x01, 111, 34, 4, 0x0c
    .word 115, 34, 1, 0x01, 116, 34, 1, 0x00, 117, 34, 1, 0x01, 118, 34, 4, 0x0c, 122, 34, 2, 0x01
    .word 124, 34, 1, 0x00, 125, 34, 1, 0x01, 126, 34, 4, 0x0c, 130, 34, 1, 0x01, 131, 34, 3, 0x00
    .word 134, 34, 1, 0x01, 135, 34, 5, 0x0c, 140, 34, 2, 0x01, 142, 34, 4, 0x0c, 146, 34, 1, 0x01
    .word 147, 34, 9, 0x00, 156, 34, 1, 0x01, 157, 34, 9, 0x0c, 166, 34, 1, 0x01, 167, 34, 9, 0x00
    .word 176, 34, 1, 0x01, 177, 34, 3, 0x0c, 180, 34, 7, 0x01, 187, 34, 1, 0x00, 188, 34, 1, 0x01
    .word 189, 34, 4, 0x0c, 193, 34, 1, 0x01, 194, 34, 3, 0x00, 197, 34, 1, 0x01, 198, 34, 5, 0x0c
    .word 203, 34, 2, 0x01, 205, 34, 4, 0x0c, 209, 34, 1, 0x01, 210, 34, 7, 0x00, 217, 34, 7, 0x01
    .word 224, 34, 96, 0x00, 0, 35, 104, 0x00, 104, 35, 3, 0x01, 107, 35, 3, 0x00, 110, 35, 1, 0x01
    .word 111, 35, 4, 0x0c, 115, 35, 1, 0x01, 116, 35, 1, 0x00, 117, 35, 1, 0x01, 118, 35, 4, 0x0c
    .word 122, 35, 1, 0x01, 123, 35, 2, 0x00, 125, 35, 1, 0x01, 126, 35, 4, 0x0c, 130, 35, 1, 0x01
    .word 131, 35, 3, 0x00, 134, 35, 1, 0x01, 135, 35, 5, 0x0c, 140, 35, 2, 0x01, 142, 35, 4, 0x0c
    .word 146, 35, 1, 0x01, 147, 35, 9, 0x00, 156, 35, 1, 0x01, 157, 35, 9, 0x0c, 166, 35, 1, 0x01
    .word 167, 35, 9, 0x00, 176, 35, 1, 0x01, 177, 35, 9, 0x0c, 186, 35, 1, 0x01, 187, 35, 1, 0x00
    .word 188, 35, 1, 0x01, 189, 35, 4, 0x0c, 193, 35, 1, 0x01, 194, 35, 3, 0x00, 197, 35, 1, 0x01
    .word 198, 35, 5, 0x0c, 203, 35, 2, 0x01, 205, 35, 4, 0x0c, 209, 35, 1, 0x01, 210, 35, 5, 0x00
    .word 215, 35, 8, 0x01, 223, 35, 97, 0x00, 0, 36, 92, 0x00, 92, 36, 4, 0x01, 96, 36, 9, 0x00
    .word 105, 36, 3, 0x01, 108, 36, 2, 0x00, 110, 36, 1, 0x01, 111, 36, 4, 0x0c, 115, 36, 3, 0x01
    .word 118, 36, 4, 0x0c, 122, 36, 1, 0x01, 123, 36, 2, 0x00, 125, 36, 1, 0x01, 126, 36, 4, 0x0c
    .word 130, 36, 1, 0x01, 131, 36, 3, 0x00, 134, 36, 1, 0x01, 135, 36, 5, 0x0c, 140, 36, 2, 0x01
    .word 142, 36, 4, 0x0c, 146, 36, 1, 0x01, 147, 36, 9, 0x00, 156, 36, 1, 0x01, 157, 36, 9, 0x0c
    .word 166, 36, 1, 0x01, 167, 36, 9, 0x00, 176, 36, 1, 0x01, 177, 36, 9, 0x0c, 186, 36, 1, 0x01
    .word 187, 36, 1, 0x00, 188, 36, 1, 0x01, 189, 36, 4, 0x0c, 193, 36, 1, 0x01, 194, 36, 3, 0x00
    .word 197, 36, 1, 0x01, 198, 36, 5, 0x0c, 203, 36, 2, 0x01, 205, 36, 4, 0x0c, 209, 36, 1, 0x01
    .word 210, 36, 4, 0x00, 214, 36, 8, 0x01, 222, 36, 98, 0x00, 0, 37, 91, 0x00, 91, 37, 8, 0x01
    .word 99, 37, 8, 0x00, 107, 37, 1, 0x01, 108, 37, 2, 0x00, 110, 37, 2, 0x01, 112, 37, 4, 0x0c
    .word 116, 37, 1, 0x01, 117, 37, 4, 0x0c, 121, 37, 2, 0x01, 123, 37, 2, 0x00, 125, 37, 1, 0x01
    .word 126, 37, 1, 0x0c, 127, 37, 1, 0x02, 128, 37, 2, 0x0c, 130, 37, 1, 0x01, 131, 37, 3, 0x00
    .word 134, 37, 1, 0x01, 135, 37, 1, 0x0c, 136, 37, 1, 0x03, 137, 37, 3, 0x0c, 140, 37, 2, 0x01
    .word 142, 37, 4, 0x0c, 146, 37, 1, 0x01, 147, 37, 2, 0x00, 149, 37, 8, 0x01, 157, 37, 3, 0x0c
    .word 160, 37, 7, 0x01, 167, 37, 9, 0x00, 176, 37, 1, 0x01, 177, 37, 1, 0x0c, 178, 37, 1, 0x03
    .word 179, 37, 7, 0x0c, 186, 37, 1, 0x01, 187, 37, 1, 0x00, 188, 37, 1, 0x01, 189, 37, 1, 0x0c
    .word 190, 37, 1, 0x02, 191, 37, 2, 0x0c, 193, 37, 1, 0x01, 194, 37, 3, 0x00, 197, 37, 1, 0x01
    .word 198, 37, 1, 0x0c, 199, 37, 1, 0x03, 200, 37, 3, 0x0c, 203, 37, 2, 0x01, 205, 37, 4, 0x0c
    .word 209, 37, 1, 0x01, 210, 37, 3, 0x00, 213, 37, 5, 0x01, 218, 37, 102, 0x00, 0, 38, 91, 0x00
    .word 91, 38, 9, 0x01, 100, 38, 7, 0x00, 107, 38, 1, 0x01, 108, 38, 3, 0x00, 111, 38, 1, 0x01
    .word 112, 38, 4, 0x0c, 116, 38, 1, 0x01, 117, 38, 4, 0x0c, 121, 38, 1, 0x01, 122, 38, 3, 0x00
    .word 125, 38, 1, 0x01, 126, 38, 1, 0x0c, 127, 38, 1, 0x02, 128, 38, 2, 0x0c, 130, 38, 1, 0x01
    .word 131, 38, 3, 0x00, 134, 38, 1, 0x01, 135, 38, 2, 0x03, 137, 38, 3, 0x0c, 140, 38, 2, 0x01
    .word 142, 38, 4, 0x0c, 146, 38, 1, 0x01, 147, 38, 2, 0x00, 149, 38, 1, 0x01, 150, 38, 5, 0x0c
    .word 155, 38, 2, 0x01, 157, 38, 3, 0x0c, 160, 38, 1, 0x01, 161, 38, 15, 0x00, 176, 38, 1, 0x01
    .word 177, 38, 1, 0x0c, 178, 38, 1, 0x03, 179, 38, 1, 0x0c, 180, 38, 7, 0x01, 187, 38, 1, 0x00
    .word 188, 38, 1, 0x01, 189, 38, 1, 0x0c, 190, 38, 1, 0x02, 191, 38, 2, 0x0c, 193, 38, 1, 0x01
    .word 194, 38, 3, 0x00, 197, 38, 1, 0x01, 198, 38, 2, 0x03, 200, 38, 3, 0x0c, 203, 38, 2, 0x01
    .word 205, 38, 4, 0x0c, 209, 38, 1, 0x01, 210, 38, 110, 0x00, 0, 39, 91, 0x00, 91, 39, 10, 0x01
    .word 101, 39, 10, 0x00, 111, 39, 1, 0x01, 112, 39, 4, 0x0c, 116, 39, 1, 0x01, 117, 39, 4, 0x0c
    .word 121, 39, 1, 0x01, 122, 39, 3, 0x00, 125, 39, 1, 0x01, 126, 39, 1, 0x0c, 127, 39, 1, 0x03
    .word 128, 39, 1, 0x02, 129, 39, 1, 0x0c, 130, 39, 1, 0x01, 131, 39, 3, 0x00, 134, 39, 1, 0x01
    .word 135, 39, 3, 0x03, 138, 39, 2, 0x0c, 140, 39, 2, 0x01, 142, 39, 4, 0x0c, 146, 39, 1, 0x01
    .word 147, 39, 2, 0x00, 149, 39, 1, 0x01, 150, 39, 5, 0x0c, 155, 39, 2, 0x01, 157, 39, 1, 0x0c
    .word 158, 39, 1, 0x02, 159, 39, 1, 0x0c, 160, 39, 1, 0x01, 161, 39, 15, 0x00, 176, 39, 1, 0x01
    .word 177, 39, 1, 0x0c, 178, 39, 1, 0x03, 179, 39, 1, 0x0c, 180, 39, 1, 0x01, 181, 39, 7, 0x00
    .word 188, 39, 1, 0x01, 189, 39, 1, 0x0c, 190, 39, 1, 0x03, 191, 39, 1, 0x02, 192, 39, 1, 0x0c
    .word 193, 39, 1, 0x01, 194, 39, 3, 0x00, 197, 39, 1, 0x01, 198, 39, 3, 0x03, 201, 39, 2, 0x0c
    .word 203, 39, 2, 0x01, 205, 39, 2, 0x0c, 207, 39, 1, 0x03, 208, 39, 1, 0x0c, 209, 39, 1, 0x01
    .word 210, 39, 110, 0x00, 0, 40, 91, 0x00, 91, 40, 10, 0x01, 101, 40, 10, 0x00, 111, 40, 1, 0x01
    .word 112, 40, 1, 0x02, 113, 40, 8, 0x0c, 121, 40, 1, 0x01, 122, 40, 3, 0x00, 125, 40, 1, 0x01
    .word 126, 40, 1, 0x0c, 127, 40, 3, 0x03, 130, 40, 1, 0x01, 131, 40, 3, 0x00, 134, 40, 1, 0x01
    .word 135, 40, 1, 0x0c, 136, 40, 2, 0x03, 138, 40, 2, 0x0c, 140, 40, 3, 0x01, 143, 40, 3, 0x0c
    .word 146, 40, 1, 0x01, 147, 40, 2, 0x00, 149, 40, 1, 0x01, 150, 40, 5, 0x0c, 155, 40, 2, 0x01
    .word 157, 40, 1, 0x0c, 158, 40, 1, 0x02, 159, 40, 1, 0x0c, 160, 40, 1, 0x01, 161, 40, 15, 0x00
    .word 176, 40, 1, 0x01, 177, 40, 1, 0x0c, 178, 40, 1, 0x03, 179, 40, 1, 0x0c, 180, 40, 1, 0x01
    .word 181, 40, 7, 0x00, 188, 40, 1, 0x01, 189, 40, 1, 0x0c, 190, 40, 3, 0x03, 193, 40, 1, 0x01
    .word 194, 40, 3, 0x00, 197, 40, 1, 0x01, 198, 40, 1, 0x0c, 199, 40, 2, 0x03, 201, 40, 2, 0x0c
    .word 203, 40, 2, 0x01, 205, 40, 1, 0x0c, 206, 40, 2, 0x03, 208, 40, 1, 0x0c, 209, 40, 1, 0x01
    .word 210, 40, 24, 0x00, 234, 40, 1, 0x01, 235, 40, 85, 0x00, 0, 41, 92, 0x00, 92, 41, 9, 0x01
    .word 101, 41, 10, 0x00, 111, 41, 1, 0x01, 112, 41, 1, 0x02, 113, 41, 1, 0x0c, 114, 41, 1, 0x03
    .word 115, 41, 5, 0x0c, 120, 41, 2, 0x01, 122, 41, 3, 0x00, 125, 41, 1, 0x01, 126, 41, 1, 0x0c
    .word 127, 41, 2, 0x03, 129, 41, 1, 0x0c, 130, 41, 1, 0x01, 131, 41, 3, 0x00, 134, 41, 1, 0x01
    .word 135, 41, 5, 0x0c, 140, 41, 1, 0x01, 141, 41, 1, 0x00, 142, 41, 1, 0x01, 143, 41, 3, 0x0c
    .word 146, 41, 4, 0x01, 150, 41, 5, 0x0c, 155, 41, 2, 0x01, 157, 41, 1, 0x0c, 158, 41, 2, 0x02
    .word 160, 41, 9, 0x01, 169, 41, 7, 0x00, 176, 41, 1, 0x01, 177, 41, 1, 0x0c, 178, 41, 2, 0x02
    .word 180, 41, 1, 0x01, 181, 41, 7, 0x00, 188, 41, 1, 0x01, 189, 41, 1, 0x0c, 190, 41, 2, 0x03
    .word 192, 41, 1, 0x0c, 193, 41, 1, 0x01, 194, 41, 3, 0x00, 197, 41, 1, 0x01, 198, 41, 5, 0x0c
    .word 203, 41, 2, 0x01, 205, 41, 1, 0x0c, 206, 41, 2, 0x03, 208, 41, 1, 0x0c, 209, 41, 1, 0x01
    .word 210, 41, 3, 0x00, 213, 41, 1, 0x01, 214, 41, 17, 0x00, 231, 41, 3, 0x01, 234, 41, 86, 0x00
    .word 0, 42, 93, 0x00, 93, 42, 8, 0x01, 101, 42, 6, 0x00, 107, 42, 1, 0x01, 108, 42, 3, 0x00
    .word 111, 42, 2, 0x01, 113, 42, 1, 0x0c, 114, 42, 2, 0x03, 116, 42, 4, 0x0c, 120, 42, 1, 0x01
    .word 121, 42, 4, 0x00, 125, 42, 2, 0x01, 127, 42, 2, 0x03, 129, 42, 1, 0x0c, 130, 42, 2, 0x01
    .word 132, 42, 1, 0x00, 133, 42, 2, 0x01, 135, 42, 4, 0x0c, 139, 42, 2, 0x01, 141, 42, 1, 0x00
    .word 142, 42, 1, 0x01, 143, 42, 1, 0x03, 144, 42, 3, 0x0c, 147, 42, 2, 0x01, 149, 42, 5, 0x0c
    .word 154, 42, 3, 0x01, 157, 42, 1, 0x0c, 158, 42, 5, 0x02, 163, 42, 5, 0x0c, 168, 42, 1, 0x01
    .word 169, 42, 7, 0x00, 176, 42, 1, 0x01, 177, 42, 1, 0x0c, 178, 42, 1, 0x02, 179, 42, 1, 0x0c
    .word 180, 42, 1, 0x01, 181, 42, 7, 0x00, 188, 42, 2, 0x01, 190, 42, 2, 0x03, 192, 42, 1, 0x0c
    .word 193, 42, 2, 0x01, 195, 42, 1, 0x00, 196, 42, 2, 0x01, 198, 42, 4, 0x0c, 202, 42, 3, 0x01
    .word 205, 42, 2, 0x0c, 207, 42, 1, 0x03, 208, 42, 1, 0x02, 209, 42, 1, 0x01, 210, 42, 2, 0x00
    .word 212, 42, 3, 0x01, 215, 42, 15, 0x00, 230, 42, 4, 0x01, 234, 42, 86, 0x00, 0, 43, 93, 0x00
    .word 93, 43, 8, 0x01, 101, 43, 5, 0x00, 106, 43, 2, 0x01, 108, 43, 4, 0x00, 112, 43, 1, 0x01
    .word 113, 43, 2, 0x0c, 115, 43, 1, 0x02, 116, 43, 2, 0x03, 118, 43, 1, 0x02, 119, 43, 1, 0x0c
    .word 120, 43, 1, 0x01, 121, 43, 5, 0x00, 126, 43, 1, 0x01, 127, 43, 2, 0x03, 129, 43, 2, 0x0c
    .word 131, 43, 3, 0x01, 134, 43, 5, 0x0c, 139, 43, 1, 0x01, 140, 43, 2, 0x00, 142, 43, 2, 0x01
    .word 144, 43, 9, 0x0c, 153, 43, 2, 0x01, 155, 43, 1, 0x00, 156, 43, 1, 0x01, 157, 43, 1, 0x0c
    .word 158, 43, 5, 0x02, 163, 43, 2, 0x03, 165, 43, 3, 0x0c, 168, 43, 1, 0x01, 169, 43, 7, 0x00
    .word 176, 43, 1, 0x01, 177, 43, 1, 0x0c, 178, 43, 1, 0x02, 179, 43, 1, 0x0c, 180, 43, 1, 0x01
    .word 181, 43, 8, 0x00, 189, 43, 1, 0x01, 190, 43, 2, 0x03, 192, 43, 2, 0x0c, 194, 43, 3, 0x01
    .word 197, 43, 5, 0x0c, 202, 43, 1, 0x01, 203, 43, 1, 0x00, 204, 43, 1, 0x01, 205, 43, 2, 0x0c
    .word 207, 43, 2, 0x02, 209, 43, 1, 0x01, 210, 43, 2, 0x00, 212, 43, 5, 0x01, 217, 43, 12, 0x00
    .word 229, 43, 4, 0x01, 233, 43, 87, 0x00, 0, 44, 99, 0x00, 99, 44, 2, 0x01, 101, 44, 4, 0x00
    .word 105, 44, 3, 0x01, 108, 44, 4, 0x00, 112, 44, 1, 0x01, 113, 44, 2, 0x0c, 115, 44, 4, 0x02
    .word 119, 44, 1, 0x0c, 120, 44, 1, 0x01, 121, 44, 5, 0x00, 126, 44, 1, 0x01, 127, 44, 1, 0x04
    .word 128, 44, 2, 0x03, 130, 44, 2, 0x0c, 132, 44, 1, 0x01, 133, 44, 5, 0x0c, 138, 44, 2, 0x01
    .word 140, 44, 3, 0x00, 143, 44, 2, 0x01, 145, 44, 1, 0x0c, 146, 44, 6, 0x03, 152, 44, 2, 0x01
    .word 154, 44, 2, 0x00, 156, 44, 1, 0x01, 157, 44, 1, 0x0c, 158, 44, 5, 0x02, 163, 44, 1, 0x03
    .word 164, 44, 3, 0x0c, 167, 44, 2, 0x01, 169, 44, 7, 0x00, 176, 44, 1, 0x01, 177, 44, 1, 0x0c
    .word 178, 44, 1, 0x02, 179, 44, 1, 0x0c, 180, 44, 1, 0x01, 181, 44, 8, 0x00, 189, 44, 1, 0x01
    .word 190, 44, 1, 0x04, 191, 44, 2, 0x03, 193, 44, 2, 0x0c, 195, 44, 1, 0x01, 196, 44, 5, 0x0c
    .word 201, 44, 2, 0x01, 203, 44, 1, 0x00, 204, 44, 1, 0x01, 205, 44, 1, 0x0c, 206, 44, 3, 0x02
    .word 209, 44, 1, 0x01, 210, 44, 2, 0x00, 212, 44, 5, 0x01, 217, 44, 11, 0x00, 228, 44, 4, 0x01
    .word 232, 44, 88, 0x00, 0, 45, 105, 0x00, 105, 45, 3, 0x01, 108, 45, 4, 0x00, 112, 45, 2, 0x01
    .word 114, 45, 1, 0x0c, 115, 45, 3, 0x02, 118, 45, 1, 0x03, 119, 45, 1, 0x0c, 120, 45, 1, 0x01
    .word 121, 45, 5, 0x00, 126, 45, 1, 0x01, 127, 45, 2, 0x04, 129, 45, 2, 0x03, 131, 45, 1, 0x04
    .word 132, 45, 5, 0x0c, 137, 45, 2, 0x01, 139, 45, 5, 0x00, 144, 45, 2, 0x01, 146, 45, 5, 0x03
    .word 151, 45, 2, 0x01, 153, 45, 3, 0x00, 156, 45, 1, 0x01, 157, 45, 1, 0x03, 158, 45, 1, 0x02
    .word 159, 45, 5, 0x01, 164, 45, 1, 0x0c, 165, 45, 3, 0x01, 168, 45, 8, 0x00, 176, 45, 1, 0x01
    .word 177, 45, 1, 0x0c, 178, 45, 1, 0x02, 179, 45, 1, 0x0c, 180, 45, 1, 0x01, 181, 45, 8, 0x00
    .word 189, 45, 1, 0x01, 190, 45, 2, 0x04, 192, 45, 2, 0x03, 194, 45, 1, 0x04, 195, 45, 5, 0x0c
    .word 200, 45, 2, 0x01, 202, 45, 2, 0x00, 204, 45, 1, 0x01, 205, 45, 1, 0x0c, 206, 45, 1, 0x02
    .word 207, 45, 2, 0x04, 209, 45, 1, 0x01, 210, 45, 2, 0x00, 212, 45, 6, 0x01, 218, 45, 9, 0x00
    .word 227, 45, 2, 0x01, 229, 45, 91, 0x00, 0, 46, 105, 0x00, 105, 46, 3, 0x01, 108, 46, 5, 0x00
    .word 113, 46, 1, 0x01, 114, 46, 1, 0x0c, 115, 46, 3, 0x02, 118, 46, 1, 0x03, 119, 46, 2, 0x01
    .word 121, 46, 5, 0x00, 126, 46, 2, 0x01, 128, 46, 6, 0x04, 134, 46, 2, 0x0c, 136, 46, 2, 0x01
    .word 138, 46, 7, 0x00, 145, 46, 4, 0x01, 149, 46, 2, 0x03, 151, 46, 1, 0x01, 152, 46, 4, 0x00
    .word 156, 46, 2, 0x01, 158, 46, 1, 0x02, 159, 46, 1, 0x01, 160, 46, 3, 0x00, 163, 46, 1, 0x01
    .word 164, 46, 1, 0x0c, 165, 46, 1, 0x01, 166, 46, 10, 0x00, 176, 46, 1, 0x01, 177, 46, 1, 0x0c
    .word 178, 46, 1, 0x02, 179, 46, 1, 0x0c, 180, 46, 1, 0x01, 181, 46, 8, 0x00, 189, 46, 2, 0x01
    .word 191, 46, 6, 0x04, 197, 46, 2, 0x0c, 199, 46, 2, 0x01, 201, 46, 3, 0x00, 204, 46, 1, 0x01
    .word 205, 46, 2, 0x0c, 207, 46, 1, 0x02, 208, 46, 1, 0x0c, 209, 46, 1, 0x01, 210, 46, 2, 0x00
    .word 212, 46, 6, 0x01, 218, 46, 8, 0x00, 226, 46, 2, 0x01, 228, 46, 92, 0x00, 0, 47, 106, 0x00
    .word 106, 47, 2, 0x01, 108, 47, 5, 0x00, 113, 47, 1, 0x01, 114, 47, 1, 0x0c, 115, 47, 1, 0x01
    .word 116, 47, 1, 0x02, 117, 47, 1, 0x01, 118, 47, 1, 0x0b, 119, 47, 1, 0x01, 120, 47, 7, 0x00
    .word 127, 47, 3, 0x01, 130, 47, 5, 0x04, 135, 47, 1, 0x0c, 136, 47, 1, 0x01, 137, 47, 11, 0x00
    .word 148, 47, 1, 0x01, 149, 47, 2, 0x03, 151, 47, 1, 0x01, 152, 47, 5, 0x00, 157, 47, 3, 0x01
    .word 160, 47, 3, 0x00, 163, 47, 1, 0x01, 164, 47, 1, 0x0c, 165, 47, 1, 0x01, 166, 47, 10, 0x00
    .word 176, 47, 2, 0x01, 178, 47, 1, 0x0c, 179, 47, 2, 0x01, 181, 47, 9, 0x00, 190, 47, 3, 0x01
    .word 193, 47, 5, 0x04, 198, 47, 1, 0x0c, 199, 47, 1, 0x01, 200, 47, 4, 0x00, 204, 47, 2, 0x01
    .word 206, 47, 1, 0x0c, 207, 47, 3, 0x01, 210, 47, 2, 0x00, 212, 47, 5, 0x01, 217, 47, 5, 0x00
    .word 222, 47, 5, 0x01, 227, 47, 93, 0x00, 0, 48, 107, 0x00, 107, 48, 1, 0x01, 108, 48, 5, 0x00
    .word 113, 48, 3, 0x01, 116, 48, 1, 0x02, 117, 48, 1, 0x01, 118, 48, 1, 0x0b, 119, 48, 1, 0x01
    .word 120, 48, 9, 0x00, 129, 48, 6, 0x01, 135, 48, 1, 0x0b, 136, 48, 1, 0x01, 137, 48, 11, 0x00
    .word 148, 48, 2, 0x01, 150, 48, 1, 0x03, 151, 48, 1, 0x01, 152, 48, 11, 0x00, 163, 48, 1, 0x01
    .word 164, 48, 1, 0x03, 165, 48, 1, 0x01, 166, 48, 11, 0x00, 177, 48, 1, 0x01, 178, 48, 1, 0x0c
    .word 179, 48, 1, 0x01, 180, 48, 12, 0x00, 192, 48, 6, 0x01, 198, 48, 1, 0x0b, 199, 48, 1, 0x01
    .word 200, 48, 5, 0x00, 205, 48, 1, 0x01, 206, 48, 1, 0x0c, 207, 48, 1, 0x01, 208, 48, 4, 0x00
    .word 212, 48, 4, 0x01, 216, 48, 5, 0x00, 221, 48, 5, 0x01, 226, 48, 94, 0x00, 0, 49, 106, 0x00
    .word 106, 49, 2, 0x01, 108, 49, 6, 0x00, 114, 49, 1, 0x01, 115, 49, 2, 0x02, 117, 49, 3, 0x01
    .word 120, 49, 14, 0x00, 134, 49, 1, 0x01, 135, 49, 1, 0x0b, 136, 49, 1, 0x01, 137, 49, 12, 0x00
    .word 149, 49, 3, 0x01, 152, 49, 11, 0x00, 163, 49, 3, 0x01, 166, 49, 11, 0x00, 177, 49, 1, 0x01
    .word 178, 49, 1, 0x0c, 179, 49, 1, 0x01, 180, 49, 17, 0x00, 197, 49, 1, 0x01, 198, 49, 1, 0x0b
    .word 199, 49, 1, 0x01, 200, 49, 5, 0x00, 205, 49, 1, 0x01, 206, 49, 1, 0x0c, 207, 49, 1, 0x01
    .word 208, 49, 4, 0x00, 212, 49, 3, 0x01, 215, 49, 7, 0x00, 222, 49, 1, 0x01, 223, 49, 1, 0x00
    .word 224, 49, 1, 0x01, 225, 49, 95, 0x00, 0, 50, 103, 0x00, 103, 50, 5, 0x01, 108, 50, 6, 0x00
    .word 114, 50, 1, 0x01, 115, 50, 1, 0x03, 116, 50, 1, 0x02, 117, 50, 1, 0x01, 118, 50, 16, 0x00
    .word 134, 50, 1, 0x01, 135, 50, 1, 0x0b, 136, 50, 1, 0x01, 137, 50, 12, 0x00, 149, 50, 1, 0x01
    .word 150, 50, 1, 0x03, 151, 50, 1, 0x01, 152, 50, 25, 0x00, 177, 50, 1, 0x01, 178, 50, 1, 0x0c
    .word 179, 50, 1, 0x01, 180, 50, 17, 0x00, 197, 50, 1, 0x01, 198, 50, 1, 0x0b, 199, 50, 1, 0x01
    .word 200, 50, 5, 0x00, 205, 50, 1, 0x01, 206, 50, 1, 0x04, 207, 50, 1, 0x01, 208, 50, 4, 0x00
    .word 212, 50, 2, 0x01, 214, 50, 106, 0x00, 0, 51, 100, 0x00, 100, 51, 8, 0x01, 108, 51, 6, 0x00
    .word 114, 51, 4, 0x01, 118, 51, 16, 0x00, 134, 51, 1, 0x01, 135, 51, 1, 0x0b, 136, 51, 1, 0x01
    .word 137, 51, 12, 0x00, 149, 51, 3, 0x01, 152, 51, 25, 0x00, 177, 51, 3, 0x01, 180, 51, 17, 0x00
    .word 197, 51, 1, 0x01, 198, 51, 1, 0x0b, 199, 51, 1, 0x01, 200, 51, 5, 0x00, 205, 51, 1, 0x01
    .word 206, 51, 1, 0x04, 207, 51, 1, 0x01, 208, 51, 4, 0x00, 212, 51, 2, 0x01, 214, 51, 106, 0x00
    .word 0, 52, 107, 0x00, 107, 52, 1, 0x01, 108, 52, 26, 0x00, 134, 52, 3, 0x01, 137, 52, 60, 0x00
    .word 197, 52, 3, 0x01, 200, 52, 5, 0x00, 205, 52, 3, 0x01, 208, 52, 112, 0x00, 0, 53, 81, 0x00
    .word 81, 53, 10, 0x0c, 91, 53, 5, 0x00, 96, 53, 10, 0x0c, 106, 53, 2, 0x00, 108, 53, 1, 0x01
    .word 109, 53, 2, 0x00, 111, 53, 5, 0x0c, 116, 53, 1, 0x00, 117, 53, 2, 0x01, 119, 53, 1, 0x00
    .word 120, 53, 4, 0x0c, 124, 53, 1, 0x00, 125, 53, 13, 0x0c, 138, 53, 1, 0x00, 139, 53, 1, 0x01
    .word 140, 53, 2, 0x00, 142, 53, 6, 0x0c, 148, 53, 1, 0x00, 149, 53, 4, 0x01, 153, 53, 1, 0x00
    .word 154, 53, 4, 0x0c, 158, 53, 2, 0x00, 160, 53, 6, 0x01, 166, 53, 1, 0x00, 167, 53, 6, 0x0c
    .word 173, 53, 2, 0x00, 175, 53, 2, 0x01, 177, 53, 1, 0x00, 178, 53, 6, 0x0c, 184, 53, 2, 0x00
    .word 186, 53, 12, 0x0c, 198, 53, 1, 0x00, 199, 53, 5, 0x0c, 204, 53, 5, 0x00, 209, 53, 4, 0x0c
    .word 213, 53, 1, 0x00, 214, 53, 13, 0x0c, 227, 53, 1, 0x00, 228, 53, 11, 0x0c, 239, 53, 81, 0x00
    .word 0, 54, 81, 0x00, 81, 54, 11, 0x0c, 92, 54, 4, 0x00, 96, 54, 11, 0x0c, 107, 54, 4, 0x00
    .word 111, 54, 5, 0x0c, 116, 54, 1, 0x00, 117, 54, 2, 0x01, 119, 54, 1, 0x00, 120, 54, 4, 0x0c
    .word 124, 54, 1, 0x00, 125, 54, 13, 0x0c, 138, 54, 1, 0x00, 139, 54, 1, 0x01, 140, 54, 2, 0x00
    .word 142, 54, 6, 0x0c, 148, 54, 1, 0x00, 149, 54, 4, 0x01, 153, 54, 1, 0x00, 154, 54, 4, 0x0c
    .word 158, 54, 2, 0x00, 160, 54, 6, 0x01, 166, 54, 1, 0x00, 167, 54, 6, 0x0c, 173, 54, 2, 0x00
    .word 175, 54, 2, 0x01, 177, 54, 1, 0x00, 178, 54, 6, 0x0c, 184, 54, 2, 0x00, 186, 54, 12, 0x0c
    .word 198, 54, 1, 0x00, 199, 54, 5, 0x0c, 204, 54, 5, 0x00, 209, 54, 4, 0x0c, 213, 54, 1, 0x00
    .word 214, 54, 13, 0x0c, 227, 54, 1, 0x00, 228, 54, 11, 0x0c, 239, 54, 81, 0x00, 0, 55, 81, 0x00
    .word 81, 55, 11, 0x0c, 92, 55, 4, 0x00, 96, 55, 12, 0x0c, 108, 55, 3, 0x00, 111, 55, 5, 0x0c
    .word 116, 55, 1, 0x00, 117, 55, 2, 0x01, 119, 55, 1, 0x00, 120, 55, 4, 0x0c, 124, 55, 1, 0x00
    .word 125, 55, 13, 0x0c, 138, 55, 4, 0x00, 142, 55, 6, 0x0c, 148, 55, 2, 0x00, 150, 55, 3, 0x01
    .word 153, 55, 1, 0x00, 154, 55, 4, 0x0c, 158, 55, 2, 0x00, 160, 55, 6, 0x01, 166, 55, 1, 0x00
    .word 167, 55, 6, 0x0c, 173, 55, 2, 0x00, 175, 55, 1, 0x01, 176, 55, 2, 0x00, 178, 55, 6, 0x0c
    .word 184, 55, 2, 0x00, 186, 55, 12, 0x0c, 198, 55, 1, 0x00, 199, 55, 6, 0x0c, 205, 55, 4, 0x00
    .word 209, 55, 4, 0x0c, 213, 55, 1, 0x00, 214, 55, 13, 0x0c, 227, 55, 1, 0x00, 228, 55, 11, 0x0c
    .word 239, 55, 81, 0x00, 0, 56, 81, 0x00, 81, 56, 4, 0x0c, 85, 56, 3, 0x00, 88, 56, 5, 0x0c
    .word 93, 56, 3, 0x00, 96, 56, 5, 0x0c, 101, 56, 3, 0x00, 104, 56, 4, 0x0c, 108, 56, 3, 0x00
    .word 111, 56, 5, 0x0c, 116, 56, 1, 0x00, 117, 56, 2, 0x01, 119, 56, 1, 0x00, 120, 56, 4, 0x0c
    .word 124, 56, 6, 0x00, 130, 56, 4, 0x0c, 134, 56, 7, 0x00, 141, 56, 8, 0x0c, 149, 56, 1, 0x00
    .word 150, 56, 3, 0x01, 153, 56, 1, 0x00, 154, 56, 4, 0x0c, 158, 56, 2, 0x00, 160, 56, 6, 0x01
    .word 166, 56, 1, 0x00, 167, 56, 6, 0x0c, 173, 56, 2, 0x00, 175, 56, 1, 0x01, 176, 56, 2, 0x00
    .word 178, 56, 6, 0x0c, 184, 56, 2, 0x00, 186, 56, 4, 0x0c, 190, 56, 8, 0x03, 198, 56, 1, 0x00
    .word 199, 56, 6, 0x0c, 205, 56, 4, 0x00, 209, 56, 4, 0x0c, 213, 56, 4, 0x00, 217, 56, 1, 0x03
    .word 218, 56, 5, 0x0c, 223, 56, 5, 0x00, 228, 56, 4, 0x0c, 232, 56, 1, 0x00, 233, 56, 6, 0x02
    .word 239, 56, 81, 0x00, 0, 57, 81, 0x00, 81, 57, 4, 0x0c, 85, 57, 4, 0x00, 89, 57, 4, 0x0c
    .word 93, 57, 3, 0x00, 96, 57, 5, 0x0c, 101, 57, 4, 0x00, 105, 57, 3, 0x0c, 108, 57, 3, 0x00
    .word 111, 57, 5, 0x0c, 116, 57, 1, 0x00, 117, 57, 2, 0x01, 119, 57, 1, 0x00, 120, 57, 4, 0x0c
    .word 124, 57, 6, 0x00, 130, 57, 4, 0x0c, 134, 57, 7, 0x00, 141, 57, 3, 0x0c, 144, 57, 1, 0x03
    .word 145, 57, 4, 0x0c, 149, 57, 1, 0x00, 150, 57, 3, 0x01, 153, 57, 1, 0x00, 154, 57, 4, 0x0c
    .word 158, 57, 2, 0x00, 160, 57, 6, 0x01, 166, 57, 1, 0x00, 167, 57, 6, 0x0c, 173, 57, 5, 0x00
    .word 178, 57, 6, 0x0c, 184, 57, 2, 0x00, 186, 57, 4, 0x0c, 190, 57, 9, 0x00, 199, 57, 7, 0x0c
    .word 206, 57, 3, 0x00, 209, 57, 4, 0x0c, 213, 57, 5, 0x00, 218, 57, 5, 0x0c, 223, 57, 5, 0x00
    .word 228, 57, 4, 0x0c, 232, 57, 88, 0x00, 0, 58, 81, 0x00, 81, 58, 4, 0x0c, 85, 58, 5, 0x00
    .word 90, 58, 3, 0x0c, 93, 58, 3, 0x00, 96, 58, 5, 0x0c, 101, 58, 4, 0x00, 105, 58, 3, 0x0c
    .word 108, 58, 3, 0x00, 111, 58, 5, 0x0c, 116, 58, 1, 0x00, 117, 58, 2, 0x01, 119, 58, 1, 0x00
    .word 120, 58, 4, 0x0c, 124, 58, 6, 0x00, 130, 58, 4, 0x0c, 134, 58, 7, 0x00, 141, 58, 3, 0x0c
    .word 144, 58, 1, 0x00, 145, 58, 4, 0x0c, 149, 58, 2, 0x00, 151, 58, 2, 0x01, 153, 58, 1, 0x00
    .word 154, 58, 4, 0x0c, 158, 58, 2, 0x00, 160, 58, 6, 0x01, 166, 58, 1, 0x00, 167, 58, 7, 0x0c
    .word 174, 58, 3, 0x00, 177, 58, 7, 0x0c, 184, 58, 2, 0x00, 186, 58, 4, 0x0c, 190, 58, 9, 0x00
    .word 199, 58, 7, 0x0c, 206, 58, 3, 0x00, 209, 58, 4, 0x0c, 213, 58, 1, 0x00, 214, 58, 3, 0x01
    .word 217, 58, 1, 0x00, 218, 58, 5, 0x0c, 223, 58, 5, 0x00, 228, 58, 4, 0x0c, 232, 58, 88, 0x00
    .word 0, 59, 68, 0x00, 68, 59, 4, 0x01, 72, 59, 9, 0x00, 81, 59, 4, 0x0c, 85, 59, 5, 0x00
    .word 90, 59, 3, 0x0c, 93, 59, 3, 0x00, 96, 59, 5, 0x0c, 101, 59, 4, 0x00, 105, 59, 3, 0x0c
    .word 108, 59, 3, 0x00, 111, 59, 5, 0x0c, 116, 59, 1, 0x00, 117, 59, 2, 0x01, 119, 59, 1, 0x00
    .word 120, 59, 4, 0x0c, 124, 59, 1, 0x00, 125, 59, 3, 0x01, 128, 59, 2, 0x00, 130, 59, 4, 0x0c
    .word 134, 59, 2, 0x00, 136, 59, 3, 0x01, 139, 59, 2, 0x00, 141, 59, 3, 0x0c, 144, 59, 1, 0x00
    .word 145, 59, 4, 0x0c, 149, 59, 2, 0x00, 151, 59, 2, 0x01, 153, 59, 1, 0x00, 154, 59, 4, 0x0c
    .word 158, 59, 2, 0x00, 160, 59, 6, 0x01, 166, 59, 1, 0x00, 167, 59, 7, 0x0c, 174, 59, 3, 0x00
    .word 177, 59, 3, 0x0c, 180, 59, 1, 0x03, 181, 59, 3, 0x0c, 184, 59, 2, 0x00, 186, 59, 4, 0x0c
    .word 190, 59, 4, 0x00, 194, 59, 4, 0x01, 198, 59, 1, 0x00, 199, 59, 8, 0x0c, 207, 59, 2, 0x00
    .word 209, 59, 4, 0x0c, 213, 59, 1, 0x00, 214, 59, 3, 0x01, 217, 59, 1, 0x00, 218, 59, 5, 0x0c
    .word 223, 59, 5, 0x00, 228, 59, 4, 0x0c, 232, 59, 88, 0x00, 0, 60, 68, 0x00, 68, 60, 5, 0x01
    .word 73, 60, 8, 0x00, 81, 60, 4, 0x0c, 85, 60, 4, 0x00, 89, 60, 3, 0x0c, 92, 60, 4, 0x00
    .word 96, 60, 5, 0x0c, 101, 60, 4, 0x00, 105, 60, 3, 0x0c, 108, 60, 3, 0x00, 111, 60, 5, 0x0c
    .word 116, 60, 1, 0x00, 117, 60, 2, 0x01, 119, 60, 1, 0x00, 120, 60, 4, 0x0c, 124, 60, 1, 0x00
    .word 125, 60, 3, 0x01, 128, 60, 2, 0x00, 130, 60, 4, 0x0c, 134, 60, 2, 0x00, 136, 60, 3, 0x01
    .word 139, 60, 1, 0x00, 140, 60, 4, 0x0c, 144, 60, 2, 0x00, 146, 60, 3, 0x0c, 149, 60, 2, 0x00
    .word 151, 60, 2, 0x01, 153, 60, 1, 0x00, 154, 60, 4, 0x0c, 158, 60, 2, 0x00, 160, 60, 6, 0x01
    .word 166, 60, 1, 0x00, 167, 60, 3, 0x0c, 170, 60, 1, 0x00, 171, 60, 3, 0x0c, 174, 60, 3, 0x00
    .word 177, 60, 3, 0x0c, 180, 60, 1, 0x00, 181, 60, 3, 0x0c, 184, 60, 2, 0x00, 186, 60, 4, 0x0c
    .word 190, 60, 4, 0x00, 194, 60, 4, 0x01, 198, 60, 1, 0x00, 199, 60, 8, 0x0c, 207, 60, 2, 0x00
    .word 209, 60, 4, 0x0c, 213, 60, 1, 0x00, 214, 60, 3, 0x01, 217, 60, 1, 0x00, 218, 60, 5, 0x0c
    .word 223, 60, 5, 0x00, 228, 60, 4, 0x0c, 232, 60, 88, 0x00, 0, 61, 68, 0x00, 68, 61, 8, 0x01
    .word 76, 61, 5, 0x00, 81, 61, 4, 0x0c, 85, 61, 3, 0x00, 88, 61, 4, 0x0c, 92, 61, 4, 0x00
    .word 96, 61, 5, 0x0c, 101, 61, 3, 0x00, 104, 61, 4, 0x0c, 108, 61, 3, 0x00, 111, 61, 5, 0x0c
    .word 116, 61, 1, 0x00, 117, 61, 2, 0x01, 119, 61, 1, 0x00, 120, 61, 4, 0x0c, 124, 61, 1, 0x00
    .word 125, 61, 3, 0x01, 128, 61, 2, 0x00, 130, 61, 4, 0x0c, 134, 61, 2, 0x00, 136, 61, 3, 0x01
    .word 139, 61, 1, 0x00, 140, 61, 4, 0x0c, 144, 61, 2, 0x00, 146, 61, 4, 0x0c, 150, 61, 1, 0x00
    .word 151, 61, 2, 0x01, 153, 61, 1, 0x00, 154, 61, 4, 0x0c, 158, 61, 2, 0x00, 160, 61, 6, 0x01
    .word 166, 61, 1, 0x00, 167, 61, 3, 0x0c, 170, 61, 1, 0x00, 171, 61, 3, 0x0c, 174, 61, 3, 0x00
    .word 177, 61, 3, 0x0c, 180, 61, 1, 0x00, 181, 61, 3, 0x0c, 184, 61, 2, 0x00, 186, 61, 4, 0x0c
    .word 190, 61, 7, 0x00, 197, 61, 1, 0x01, 198, 61, 1, 0x00, 199, 61, 8, 0x0c, 207, 61, 2, 0x00
    .word 209, 61, 4, 0x0c, 213, 61, 1, 0x00, 214, 61, 3, 0x01, 217, 61, 1, 0x00, 218, 61, 5, 0x0c
    .word 223, 61, 5, 0x00, 228, 61, 4, 0x0c, 232, 61, 88, 0x00, 0, 62, 68, 0x00, 68, 62, 8, 0x01
    .word 76, 62, 5, 0x00, 81, 62, 11, 0x0c, 92, 62, 4, 0x00, 96, 62, 5, 0x0c, 101, 62, 2, 0x00
    .word 103, 62, 4, 0x0c, 107, 62, 4, 0x00, 111, 62, 5, 0x0c, 116, 62, 1, 0x00, 117, 62, 2, 0x01
    .word 119, 62, 1, 0x00, 120, 62, 4, 0x0c, 124, 62, 1, 0x00, 125, 62, 3, 0x01, 128, 62, 2, 0x00
    .word 130, 62, 4, 0x0c, 134, 62, 2, 0x00, 136, 62, 2, 0x01, 138, 62, 2, 0x00, 140, 62, 4, 0x0c
    .word 144, 62, 2, 0x00, 146, 62, 4, 0x0c, 150, 62, 1, 0x00, 151, 62, 2, 0x01, 153, 62, 1, 0x00
    .word 154, 62, 4, 0x0c, 158, 62, 2, 0x00, 160, 62, 6, 0x01, 166, 62, 1, 0x00, 167, 62, 3, 0x0c
    .word 170, 62, 1, 0x00, 171, 62, 3, 0x0c, 174, 62, 3, 0x00, 177, 62, 3, 0x0c, 180, 62, 1, 0x00
    .word 181, 62, 3, 0x0c, 184, 62, 2, 0x00, 186, 62, 10, 0x0c, 196, 62, 3, 0x00, 199, 62, 4, 0x0c
    .word 203, 62, 1, 0x00, 204, 62, 4, 0x0c, 208, 62, 1, 0x00, 209, 62, 4, 0x0c, 213, 62, 1, 0x00
    .word 214, 62, 3, 0x01, 217, 62, 1, 0x00, 218, 62, 5, 0x0c, 223, 62, 5, 0x00, 228, 62, 10, 0x0c
    .word 238, 62, 82, 0x00, 0, 63, 69, 0x00, 69, 63, 7, 0x01, 76, 63, 5, 0x00, 81, 63, 2, 0x0c
    .word 83, 63, 1, 0x03, 84, 63, 7, 0x0c, 91, 63, 5, 0x00, 96, 63, 11, 0x0c, 107, 63, 4, 0x00
    .word 111, 63, 5, 0x0c, 116, 63, 1, 0x00, 117, 63, 2, 0x01, 119, 63, 1, 0x00, 120, 63, 4, 0x0c
    .word 124, 63, 1, 0x00, 125, 63, 3, 0x01, 128, 63, 2, 0x00, 130, 63, 1, 0x0c, 131, 63, 1, 0x02
    .word 132, 63, 2, 0x0c, 134, 63, 2, 0x00, 136, 63, 2, 0x01, 138, 63, 1, 0x00, 139, 63, 4, 0x0c
    .word 143, 63, 3, 0x00, 146, 63, 4, 0x0c, 150, 63, 2, 0x00, 152, 63, 1, 0x01, 153, 63, 1, 0x00
    .word 154, 63, 1, 0x0c, 155, 63, 1, 0x03, 156, 63, 2, 0x0c, 158, 63, 2, 0x00, 160, 63, 6, 0x01
    .word 166, 63, 1, 0x00, 167, 63, 3, 0x0c, 170, 63, 1, 0x00, 171, 63, 4, 0x0c, 175, 63, 1, 0x00
    .word 176, 63, 4, 0x0c, 180, 63, 1, 0x00, 181, 63, 3, 0x0c, 184, 63, 2, 0x00, 186, 63, 10, 0x0c
    .word 196, 63, 3, 0x00, 199, 63, 4, 0x0c, 203, 63, 1, 0x00, 204, 63, 4, 0x0c, 208, 63, 1, 0x00
    .word 209, 63, 4, 0x0c, 213, 63, 1, 0x00, 214, 63, 3, 0x01, 217, 63, 1, 0x00, 218, 63, 2, 0x0c
    .word 220, 63, 1, 0x02, 221, 63, 2, 0x0c, 223, 63, 5, 0x00, 228, 63, 10, 0x0c, 238, 63, 82, 0x00
    .word 0, 64, 70, 0x00, 70, 64, 7, 0x01, 77, 64, 4, 0x00, 81, 64, 11, 0x0c, 92, 64, 4, 0x00
    .word 96, 64, 11, 0x0c, 107, 64, 4, 0x00, 111, 64, 5, 0x0c, 116, 64, 1, 0x00, 117, 64, 2, 0x01
    .word 119, 64, 1, 0x00, 120, 64, 4, 0x0c, 124, 64, 1, 0x00, 125, 64, 3, 0x01, 128, 64, 2, 0x00
    .word 130, 64, 1, 0x0c, 131, 64, 1, 0x02, 132, 64, 2, 0x0c, 134, 64, 2, 0x00, 136, 64, 2, 0x01
    .word 138, 64, 1, 0x00, 139, 64, 4, 0x0c, 143, 64, 3, 0x00, 146, 64, 1, 0x03, 147, 64, 3, 0x0c
    .word 150, 64, 2, 0x00, 152, 64, 1, 0x01, 153, 64, 1, 0x00, 154, 64, 1, 0x0c, 155, 64, 1, 0x03
    .word 156, 64, 2, 0x0c, 158, 64, 2, 0x00, 160, 64, 6, 0x01, 166, 64, 1, 0x00, 167, 64, 3, 0x0c
    .word 170, 64, 1, 0x00, 171, 64, 4, 0x0c, 175, 64, 1, 0x00, 176, 64, 3, 0x0c, 179, 64, 2, 0x00
    .word 181, 64, 3, 0x0c, 184, 64, 2, 0x00, 186, 64, 10, 0x0c, 196, 64, 3, 0x00, 199, 64, 4, 0x0c
    .word 203, 64, 1, 0x00, 204, 64, 4, 0x0c, 208, 64, 1, 0x00, 209, 64, 4, 0x0c, 213, 64, 1, 0x00
    .word 214, 64, 3, 0x01, 217, 64, 1, 0x00, 218, 64, 2, 0x0c, 220, 64, 1, 0x02, 221, 64, 2, 0x0c
    .word 223, 64, 5, 0x00, 228, 64, 10, 0x0c, 238, 64, 82, 0x00, 0, 65, 75, 0x00, 75, 65, 4, 0x01
    .word 79, 65, 2, 0x00, 81, 65, 1, 0x0c, 82, 65, 1, 0x03, 83, 65, 2, 0x0c, 85, 65, 4, 0x00
    .word 89, 65, 4, 0x0c, 93, 65, 3, 0x00, 96, 65, 5, 0x0c, 101, 65, 2, 0x00, 103, 65, 4, 0x0c
    .word 107, 65, 4, 0x00, 111, 65, 5, 0x0c, 116, 65, 1, 0x00, 117, 65, 2, 0x01, 119, 65, 1, 0x00
    .word 120, 65, 4, 0x0c, 124, 65, 1, 0x00, 125, 65, 3, 0x01, 128, 65, 2, 0x00, 130, 65, 1, 0x0c
    .word 131, 65, 2, 0x02, 133, 65, 1, 0x0c, 134, 65, 2, 0x00, 136, 65, 2, 0x01, 138, 65, 1, 0x00
    .word 139, 65, 4, 0x0c, 143, 65, 3, 0x00, 146, 65, 1, 0x03, 147, 65, 3, 0x0c, 150, 65, 4, 0x00
    .word 154, 65, 4, 0x0c, 158, 65, 2, 0x00, 160, 65, 6, 0x01, 166, 65, 1, 0x00, 167, 65, 3, 0x0c
    .word 170, 65, 2, 0x00, 172, 65, 3, 0x0c, 175, 65, 1, 0x00, 176, 65, 3, 0x0c, 179, 65, 2, 0x00
    .word 181, 65, 3, 0x0c, 184, 65, 2, 0x00, 186, 65, 10, 0x0c, 196, 65, 3, 0x00, 199, 65, 4, 0x0c
    .word 203, 65, 2, 0x00, 205, 65, 3, 0x0c, 208, 65, 1, 0x00, 209, 65, 4, 0x0c, 213, 65, 1, 0x00
    .word 214, 65, 3, 0x01, 217, 65, 2, 0x00, 219, 65, 1, 0x0c, 220, 65, 2, 0x02, 222, 65, 1, 0x0c
    .word 223, 65, 5, 0x00, 228, 65, 10, 0x0c, 238, 65, 82, 0x00, 0, 66, 77, 0x00, 77, 66, 2, 0x01
    .word 79, 66, 2, 0x00, 81, 66, 1, 0x0c, 82, 66, 1, 0x03, 83, 66, 2, 0x0c, 85, 66, 5, 0x00
    .word 90, 66, 3, 0x0c, 93, 66, 3, 0x00, 96, 66, 5, 0x0c, 101, 66, 3, 0x00, 104, 66, 4, 0x0c
    .word 108, 66, 3, 0x00, 111, 66, 5, 0x0c, 116, 66, 1, 0x00, 117, 66, 2, 0x01, 119, 66, 1, 0x00
    .word 120, 66, 4, 0x0c, 124, 66, 1, 0x00, 125, 66, 3, 0x01, 128, 66, 2, 0x00, 130, 66, 1, 0x0c
    .word 131, 66, 2, 0x02, 133, 66, 1, 0x0c, 134, 66, 2, 0x00, 136, 66, 2, 0x01, 138, 66, 1, 0x00
    .word 139, 66, 12, 0x0c, 151, 66, 3, 0x00, 154, 66, 2, 0x0c, 156, 66, 1, 0x03, 157, 66, 1, 0x0c
    .word 158, 66, 2, 0x00, 160, 66, 6, 0x01, 166, 66, 1, 0x00, 167, 66, 3, 0x0c, 170, 66, 2, 0x00
    .word 172, 66, 3, 0x0c, 175, 66, 1, 0x00, 176, 66, 3, 0x0c, 179, 66, 2, 0x00, 181, 66, 3, 0x0c
    .word 184, 66, 2, 0x00, 186, 66, 1, 0x0c, 187, 66, 1, 0x02, 188, 66, 2, 0x0c, 190, 66, 7, 0x00
    .word 197, 66, 1, 0x01, 198, 66, 1, 0x00, 199, 66, 4, 0x0c, 203, 66, 2, 0x00, 205, 66, 6, 0x0c
    .word 211, 66, 1, 0x03, 212, 66, 1, 0x0c, 213, 66, 1, 0x00, 214, 66, 3, 0x01, 217, 66, 2, 0x00
    .word 219, 66, 1, 0x0c, 220, 66, 2, 0x02, 222, 66, 1, 0x0c, 223, 66, 5, 0x00, 228, 66, 1, 0x0c
    .word 229, 66, 1, 0x03, 230, 66, 2, 0x0c, 232, 66, 88, 0x00, 0, 67, 77, 0x00, 77, 67, 2, 0x01
    .word 79, 67, 2, 0x00, 81, 67, 1, 0x0c, 82, 67, 2, 0x03, 84, 67, 1, 0x0c, 85, 67, 5, 0x00
    .word 90, 67, 4, 0x0c, 94, 67, 2, 0x00, 96, 67, 5, 0x0c, 101, 67, 4, 0x00, 105, 67, 3, 0x0c
    .word 108, 67, 3, 0x00, 111, 67, 5, 0x0c, 116, 67, 1, 0x00, 117, 67, 2, 0x01, 119, 67, 1, 0x00
    .word 120, 67, 4, 0x0c, 124, 67, 1, 0x00, 125, 67, 3, 0x01, 128, 67, 2, 0x00, 130, 67, 1, 0x0c
    .word 131, 67, 2, 0x02, 133, 67, 1, 0x0c, 134, 67, 2, 0x00, 136, 67, 2, 0x01, 138, 67, 13, 0x0c
    .word 151, 67, 3, 0x00, 154, 67, 2, 0x0c, 156, 67, 1, 0x03, 157, 67, 1, 0x0c, 158, 67, 2, 0x00
    .word 160, 67, 6, 0x01, 166, 67, 1, 0x00, 167, 67, 3, 0x0c, 170, 67, 2, 0x00, 172, 67, 7, 0x0c
    .word 179, 67, 2, 0x00, 181, 67, 3, 0x0c, 184, 67, 2, 0x00, 186, 67, 2, 0x0c, 188, 67, 1, 0x02
    .word 189, 67, 1, 0x0c, 190, 67, 3, 0x00, 193, 67, 5, 0x01, 198, 67, 1, 0x00, 199, 67, 4, 0x0c
    .word 203, 67, 3, 0x00, 206, 67, 2, 0x0c, 208, 67, 4, 0x03, 212, 67, 1, 0x0c, 213, 67, 1, 0x00
    .word 214, 67, 3, 0x01, 217, 67, 2, 0x00, 219, 67, 1, 0x0c, 220, 67, 2, 0x02, 222, 67, 1, 0x0c
    .word 223, 67, 5, 0x00, 228, 67, 1, 0x0c, 229, 67, 2, 0x03, 231, 67, 1, 0x0c, 232, 67, 88, 0x00
    .word 0, 68, 76, 0x00, 76, 68, 3, 0x01, 79, 68, 2, 0x00, 81, 68, 1, 0x0c, 82, 68, 2, 0x03
    .word 84, 68, 1, 0x0c, 85, 68, 5, 0x00, 90, 68, 1, 0x03, 91, 68, 3, 0x0c, 94, 68, 2, 0x00
    .word 96, 68, 2, 0x0c, 98, 68, 1, 0x02, 99, 68, 2, 0x0c, 101, 68, 4, 0x00, 105, 68, 3, 0x0c
    .word 108, 68, 3, 0x00, 111, 68, 5, 0x0c, 116, 68, 4, 0x00, 120, 68, 4, 0x0c, 124, 68, 1, 0x00
    .word 125, 68, 3, 0x01, 128, 68, 2, 0x00, 130, 68, 1, 0x0c, 131, 68, 2, 0x02, 133, 68, 1, 0x0c
    .word 134, 68, 2, 0x00, 136, 68, 2, 0x01, 138, 68, 4, 0x0c, 142, 68, 5, 0x00, 147, 68, 5, 0x0c
    .word 152, 68, 2, 0x00, 154, 68, 4, 0x0c, 158, 68, 9, 0x00, 167, 68, 1, 0x0c, 168, 68, 1, 0x02
    .word 169, 68, 1, 0x0c, 170, 68, 3, 0x00, 173, 68, 2, 0x0c, 175, 68, 2, 0x02, 177, 68, 1, 0x0c
    .word 178, 68, 3, 0x00, 181, 68, 1, 0x0c, 182, 68, 1, 0x03, 183, 68, 1, 0x0c, 184, 68, 2, 0x00
    .word 186, 68, 2, 0x0c, 188, 68, 2, 0x02, 190, 68, 9, 0x00, 199, 68, 4, 0x0c, 203, 68, 4, 0x00
    .word 207, 68, 1, 0x0c, 208, 68, 4, 0x03, 212, 68, 1, 0x0c, 213, 68, 1, 0x00, 214, 68, 3, 0x01
    .word 217, 68, 2, 0x00, 219, 68, 2, 0x0c, 221, 68, 1, 0x02, 222, 68, 1, 0x0c, 223, 68, 5, 0x00
    .word 228, 68, 1, 0x0c, 229, 68, 3, 0x03, 232, 68, 88, 0x00, 0, 69, 75, 0x00, 75, 69, 4, 0x01
    .word 79, 69, 2, 0x00, 81, 69, 1, 0x0c, 82, 69, 1, 0x03, 83, 69, 1, 0x02, 84, 69, 1, 0x0c
    .word 85, 69, 4, 0x00, 89, 69, 1, 0x0c, 90, 69, 2, 0x03, 92, 69, 2, 0x0c, 94, 69, 2, 0x00
    .word 96, 69, 2, 0x0c, 98, 69, 2, 0x02, 100, 69, 1, 0x0c, 101, 69, 4, 0x00, 105, 69, 3, 0x0c
    .word 108, 69, 3, 0x00, 111, 69, 5, 0x0c, 116, 69, 4, 0x00, 120, 69, 3, 0x0c, 123, 69, 2, 0x00
    .word 125, 69, 3, 0x01, 128, 69, 2, 0x00, 130, 69, 2, 0x0c, 132, 69, 1, 0x02, 133, 69, 1, 0x0c
    .word 134, 69, 2, 0x00, 136, 69, 1, 0x01, 137, 69, 1, 0x00, 138, 69, 2, 0x0c, 140, 69, 1, 0x03
    .word 141, 69, 1, 0x0c, 142, 69, 6, 0x00, 148, 69, 4, 0x0c, 152, 69, 2, 0x00, 154, 69, 1, 0x0c
    .word 155, 69, 2, 0x02, 157, 69, 1, 0x0c, 158, 69, 9, 0x00, 167, 69, 1, 0x0c, 168, 69, 1, 0x02
    .word 169, 69, 1, 0x0c, 170, 69, 3, 0x00, 173, 69, 2, 0x0c, 175, 69, 2, 0x02, 177, 69, 1, 0x0c
    .word 178, 69, 3, 0x00, 181, 69, 1, 0x0c, 182, 69, 1, 0x03, 183, 69, 1, 0x0c, 184, 69, 2, 0x00
    .word 186, 69, 2, 0x0c, 188, 69, 2, 0x02, 190, 69, 9, 0x00, 199, 69, 1, 0x0c, 200, 69, 2, 0x03
    .word 202, 69, 1, 0x0c, 203, 69, 4, 0x00, 207, 69, 1, 0x0c, 208, 69, 4, 0x03, 212, 69, 1, 0x0c
    .word 213, 69, 1, 0x00, 214, 69, 3, 0x01, 217, 69, 2, 0x00, 219, 69, 2, 0x0c, 221, 69, 1, 0x02
    .word 222, 69, 1, 0x0c, 223, 69, 5, 0x00, 228, 69, 1, 0x0c, 229, 69, 3, 0x03, 232, 69, 88, 0x00
    .word 0, 70, 74, 0x00, 74, 70, 5, 0x01, 79, 70, 2, 0x00, 81, 70, 1, 0x0c, 82, 70, 1, 0x03
    .word 83, 70, 2, 0x02, 85, 70, 7, 0x03, 92, 70, 1, 0x0c, 93, 70, 3, 0x00, 96, 70, 2, 0x0c
    .word 98, 70, 2, 0x02, 100, 70, 1, 0x0c, 101, 70, 4, 0x00, 105, 70, 1, 0x0c, 106, 70, 1, 0x03
    .word 107, 70, 1, 0x0c, 108, 70, 4, 0x00, 112, 70, 5, 0x0c, 117, 70, 2, 0x00, 119, 70, 4, 0x0c
    .word 123, 70, 2, 0x00, 125, 70, 3, 0x01, 128, 70, 2, 0x00, 130, 70, 4, 0x0c, 134, 70, 2, 0x00
    .word 136, 70, 1, 0x01, 137, 70, 1, 0x00, 138, 70, 1, 0x0c, 139, 70, 2, 0x03, 141, 70, 1, 0x0c
    .word 142, 70, 6, 0x00, 148, 70, 5, 0x0c, 153, 70, 1, 0x00, 154, 70, 1, 0x0c, 155, 70, 2, 0x02
    .word 157, 70, 8, 0x0c, 165, 70, 2, 0x00, 167, 70, 1, 0x0c, 168, 70, 1, 0x02, 169, 70, 1, 0x0c
    .word 170, 70, 3, 0x00, 173, 70, 1, 0x0c, 174, 70, 3, 0x02, 177, 70, 1, 0x0c, 178, 70, 3, 0x00
    .word 181, 70, 2, 0x03, 183, 70, 1, 0x0c, 184, 70, 2, 0x00, 186, 70, 1, 0x0c, 187, 70, 6, 0x02
    .word 193, 70, 1, 0x0c, 194, 70, 1, 0x04, 195, 70, 2, 0x0c, 197, 70, 1, 0x04, 198, 70, 1, 0x00
    .word 199, 70, 1, 0x0c, 200, 70, 1, 0x02, 201, 70, 1, 0x03, 202, 70, 1, 0x0c, 203, 70, 5, 0x00
    .word 208, 70, 4, 0x03, 212, 70, 1, 0x0c, 213, 70, 1, 0x00, 214, 70, 3, 0x01, 217, 70, 2, 0x00
    .word 219, 70, 4, 0x0c, 223, 70, 5, 0x00, 228, 70, 1, 0x0c, 229, 70, 3, 0x03, 232, 70, 3, 0x02
    .word 235, 70, 5, 0x0c, 240, 70, 80, 0x00, 0, 71, 73, 0x00, 73, 71, 6, 0x01, 79, 71, 2, 0x00
    .word 81, 71, 1, 0x0c, 82, 71, 1, 0x03, 83, 71, 2, 0x02, 85, 71, 7, 0x03, 92, 71, 4, 0x00
    .word 96, 71, 2, 0x0c, 98, 71, 2, 0x03, 100, 71, 1, 0x0c, 101, 71, 4, 0x00, 105, 71, 1, 0x0c
    .word 106, 71, 1, 0x03, 107, 71, 1, 0x0c, 108, 71, 4, 0x00, 112, 71, 10, 0x0c, 122, 71, 2, 0x00
    .word 124, 71, 4, 0x01, 128, 71, 2, 0x00, 130, 71, 4, 0x0c, 134, 71, 2, 0x00, 136, 71, 1, 0x01
    .word 137, 71, 1, 0x00, 138, 71, 1, 0x0c, 139, 71, 2, 0x03, 141, 71, 1, 0x0c, 142, 71, 1, 0x00
    .word 143, 71, 4, 0x01, 147, 71, 1, 0x00, 148, 71, 5, 0x0c, 153, 71, 1, 0x00, 154, 71, 1, 0x0c
    .word 155, 71, 3, 0x02, 158, 71, 2, 0x0c, 160, 71, 1, 0x03, 161, 71, 4, 0x0c, 165, 71, 2, 0x00
    .word 167, 71, 1, 0x0c, 168, 71, 1, 0x03, 169, 71, 1, 0x0c, 170, 71, 3, 0x00, 173, 71, 2, 0x0c
    .word 175, 71, 3, 0x02, 178, 71, 3, 0x00, 181, 71, 2, 0x03, 183, 71, 1, 0x0c, 184, 71, 2, 0x00
    .word 186, 71, 1, 0x0c, 187, 71, 6, 0x02, 193, 71, 4, 0x04, 197, 71, 1, 0x0c, 198, 71, 1, 0x00
    .word 199, 71, 1, 0x0c, 200, 71, 1, 0x02, 201, 71, 1, 0x03, 202, 71, 1, 0x0c, 203, 71, 5, 0x00
    .word 208, 71, 4, 0x03, 212, 71, 1, 0x0c, 213, 71, 1, 0x00, 214, 71, 3, 0x01, 217, 71, 2, 0x00
    .word 219, 71, 4, 0x0c, 223, 71, 5, 0x00, 228, 71, 2, 0x0c, 230, 71, 1, 0x03, 231, 71, 4, 0x02
    .word 235, 71, 5, 0x0c, 240, 71, 80, 0x00, 0, 72, 73, 0x00, 73, 72, 6, 0x01, 79, 72, 2, 0x00
    .word 81, 72, 1, 0x0c, 82, 72, 1, 0x03, 83, 72, 2, 0x02, 85, 72, 7, 0x03, 92, 72, 4, 0x00
    .word 96, 72, 2, 0x0c, 98, 72, 2, 0x03, 100, 72, 1, 0x0c, 101, 72, 4, 0x00, 105, 72, 1, 0x0c
    .word 106, 72, 1, 0x03, 107, 72, 2, 0x0c, 109, 72, 4, 0x00, 113, 72, 9, 0x0c, 122, 72, 2, 0x00
    .word 124, 72, 4, 0x01, 128, 72, 2, 0x00, 130, 72, 4, 0x0c, 134, 72, 2, 0x00, 136, 72, 1, 0x01
    .word 137, 72, 1, 0x00, 138, 72, 1, 0x0c, 139, 72, 2, 0x03, 141, 72, 1, 0x0c, 142, 72, 1, 0x00
    .word 143, 72, 4, 0x01, 147, 72, 1, 0x00, 148, 72, 5, 0x0c, 153, 72, 1, 0x00, 154, 72, 1, 0x0c
    .word 155, 72, 2, 0x02, 157, 72, 3, 0x03, 160, 72, 3, 0x0c, 163, 72, 1, 0x03, 164, 72, 1, 0x0c
    .word 165, 72, 2, 0x00, 167, 72, 1, 0x0c, 168, 72, 1, 0x03, 169, 72, 1, 0x0c, 170, 72, 4, 0x00
    .word 174, 72, 3, 0x02, 177, 72, 4, 0x00, 181, 72, 1, 0x0c, 182, 72, 1, 0x03, 183, 72, 1, 0x0c
    .word 184, 72, 2, 0x00, 186, 72, 1, 0x0c, 187, 72, 7, 0x02, 194, 72, 3, 0x04, 197, 72, 1, 0x0c
    .word 198, 72, 1, 0x00, 199, 72, 2, 0x0c, 201, 72, 1, 0x03, 202, 72, 1, 0x0c, 203, 72, 2, 0x00
    .word 205, 72, 1, 0x01, 206, 72, 3, 0x00, 209, 72, 3, 0x03, 212, 72, 1, 0x0c, 213, 72, 1, 0x00
    .word 214, 72, 3, 0x01, 217, 72, 2, 0x00, 219, 72, 4, 0x0c, 223, 72, 5, 0x00, 228, 72, 2, 0x0c
    .word 230, 72, 2, 0x03, 232, 72, 5, 0x02, 237, 72, 3, 0x0c, 240, 72, 80, 0x00, 0, 73, 73, 0x00
    .word 73, 73, 6, 0x01, 79, 73, 2, 0x00, 81, 73, 1, 0x0c, 82, 73, 1, 0x03, 83, 73, 2, 0x02
    .word 85, 73, 1, 0x0b, 86, 73, 5, 0x03, 91, 73, 2, 0x00, 93, 73, 1, 0x01, 94, 73, 2, 0x00
    .word 96, 73, 2, 0x0c, 98, 73, 3, 0x03, 101, 73, 5, 0x00, 106, 73, 2, 0x03, 108, 73, 1, 0x0c
    .word 109, 73, 1, 0x00, 110, 73, 1, 0x01, 111, 73, 4, 0x00, 115, 73, 6, 0x0c, 121, 73, 2, 0x00
    .word 123, 73, 5, 0x01, 128, 73, 3, 0x00, 131, 73, 2, 0x0c, 133, 73, 3, 0x00, 136, 73, 1, 0x01
    .word 137, 73, 1, 0x00, 138, 73, 1, 0x0c, 139, 73, 1, 0x03, 140, 73, 1, 0x02, 141, 73, 2, 0x00
    .word 143, 73, 4, 0x01, 147, 73, 2, 0x00, 149, 73, 3, 0x0c, 152, 73, 2, 0x00, 154, 73, 2, 0x0c
    .word 156, 73, 1, 0x02, 157, 73, 3, 0x03, 160, 73, 3, 0x0c, 163, 73, 1, 0x03, 164, 73, 1, 0x0c
    .word 165, 73, 2, 0x00, 167, 73, 1, 0x0c, 168, 73, 1, 0x03, 169, 73, 1, 0x0c, 170, 73, 1, 0x00
    .word 171, 73, 1, 0x01, 172, 73, 2, 0x00, 174, 73, 3, 0x02, 177, 73, 4, 0x00, 181, 73, 3, 0x0c
    .word 184, 73, 2, 0x00, 186, 73, 2, 0x0c, 188, 73, 6, 0x02, 194, 73, 4, 0x04, 198, 73, 1, 0x00
    .word 199, 73, 4, 0x0c, 203, 73, 2, 0x00, 205, 73, 2, 0x01, 207, 73, 2, 0x00, 209, 73, 3, 0x03
    .word 212, 73, 1, 0x0c, 213, 73, 1, 0x00, 214, 73, 3, 0x01, 217, 73, 2, 0x00, 219, 73, 4, 0x0c
    .word 223, 73, 5, 0x00, 228, 73, 4, 0x0c, 232, 73, 8, 0x02, 240, 73, 80, 0x00, 0, 74, 73, 0x00
    .word 73, 74, 6, 0x01, 79, 74, 3, 0x00, 82, 74, 1, 0x03, 83, 74, 2, 0x00, 85, 74, 1, 0x0b
    .word 86, 74, 3, 0x00, 89, 74, 1, 0x03, 90, 74, 2, 0x00, 92, 74, 2, 0x01, 94, 74, 4, 0x00
    .word 98, 74, 2, 0x03, 100, 74, 10, 0x00, 110, 74, 2, 0x01, 112, 74, 5, 0x00, 117, 74, 1, 0x0c
    .word 118, 74, 1, 0x00, 119, 74, 1, 0x0c, 120, 74, 3, 0x00, 123, 74, 5, 0x01, 128, 74, 4, 0x00
    .word 132, 74, 1, 0x0c, 133, 74, 6, 0x00, 139, 74, 1, 0x0c, 140, 74, 3, 0x00, 143, 74, 4, 0x01
    .word 147, 74, 2, 0x00, 149, 74, 1, 0x0c, 150, 74, 6, 0x00, 156, 74, 1, 0x02, 157, 74, 5, 0x00
    .word 162, 74, 1, 0x0c, 163, 74, 8, 0x00, 171, 74, 2, 0x01, 173, 74, 14, 0x00, 187, 74, 1, 0x0c
    .word 188, 74, 2, 0x02, 190, 74, 3, 0x00, 193, 74, 1, 0x02, 194, 74, 1, 0x03, 195, 74, 5, 0x00
    .word 200, 74, 1, 0x0c, 201, 74, 4, 0x00, 205, 74, 2, 0x01, 207, 74, 4, 0x00, 211, 74, 1, 0x03
    .word 212, 74, 2, 0x00, 214, 74, 3, 0x01, 217, 74, 4, 0x00, 221, 74, 1, 0x0c, 222, 74, 1, 0x00
    .word 223, 74, 4, 0x01, 227, 74, 2, 0x00, 229, 74, 3, 0x0c, 232, 74, 3, 0x00, 235, 74, 2, 0x02
    .word 237, 74, 83, 0x00, 0, 75, 74, 0x00, 74, 75, 6, 0x01, 80, 75, 2, 0x00, 82, 75, 1, 0x03
    .word 83, 75, 2, 0x00, 85, 75, 1, 0x0b, 86, 75, 3, 0x00, 89, 75, 1, 0x03, 90, 75, 2, 0x00
    .word 92, 75, 3, 0x01, 95, 75, 3, 0x00, 98, 75, 1, 0x03, 99, 75, 10, 0x00, 109, 75, 4, 0x01
    .word 113, 75, 6, 0x00, 119, 75, 1, 0x0c, 120, 75, 2, 0x00, 122, 75, 7, 0x01, 129, 75, 3, 0x00
    .word 132, 75, 1, 0x0c, 133, 75, 6, 0x00, 139, 75, 1, 0x0c, 140, 75, 2, 0x00, 142, 75, 6, 0x01
    .word 148, 75, 1, 0x00, 149, 75, 1, 0x0c, 150, 75, 3, 0x00, 153, 75, 1, 0x01, 154, 75, 2, 0x00
    .word 156, 75, 1, 0x02, 157, 75, 5, 0x00, 162, 75, 1, 0x02, 163, 75, 8, 0x00, 171, 75, 2, 0x01
    .word 173, 75, 5, 0x00, 178, 75, 2, 0x01, 180, 75, 5, 0x00, 185, 75, 1, 0x01, 186, 75, 2, 0x00
    .word 188, 75, 1, 0x02, 189, 75, 5, 0x00, 194, 75, 1, 0x03, 195, 75, 5, 0x00, 200, 75, 1, 0x0c
    .word 201, 75, 4, 0x00, 205, 75, 2, 0x01, 207, 75, 4, 0x00, 211, 75, 1, 0x03, 212, 75, 1, 0x00
    .word 213, 75, 4, 0x01, 217, 75, 4, 0x00, 221, 75, 1, 0x0c, 222, 75, 1, 0x00, 223, 75, 4, 0x01
    .word 227, 75, 2, 0x00, 229, 75, 1, 0x0c, 230, 75, 6, 0x00, 236, 75, 1, 0x03, 237, 75, 83, 0x00
    .word 0, 76, 75, 0x00, 75, 76, 5, 0x01, 80, 76, 2, 0x00, 82, 76, 1, 0x03, 83, 76, 2, 0x00
    .word 85, 76, 1, 0x0b, 86, 76, 3, 0x00, 89, 76, 1, 0x03, 90, 76, 1, 0x00, 91, 76, 4, 0x01
    .word 95, 76, 3, 0x00, 98, 76, 1, 0x03, 99, 76, 10, 0x00, 109, 76, 5, 0x01, 114, 76, 5, 0x00
    .word 119, 76, 1, 0x0c, 120, 76, 1, 0x00, 121, 76, 9, 0x01, 130, 76, 2, 0x00, 132, 76, 1, 0x0b
    .word 133, 76, 6, 0x00, 139, 76, 1, 0x0c, 140, 76, 2, 0x00, 142, 76, 6, 0x01, 148, 76, 1, 0x00
    .word 149, 76, 1, 0x0c, 150, 76, 2, 0x00, 152, 76, 3, 0x01, 155, 76, 1, 0x00, 156, 76, 1, 0x01
    .word 157, 76, 1, 0x00, 158, 76, 3, 0x01, 161, 76, 1, 0x00, 162, 76, 1, 0x02, 163, 76, 3, 0x00
    .word 166, 76, 1, 0x01, 167, 76, 3, 0x00, 170, 76, 3, 0x01, 173, 76, 4, 0x00, 177, 76, 4, 0x01
    .word 181, 76, 3, 0x00, 184, 76, 3, 0x01, 187, 76, 1, 0x00, 188, 76, 1, 0x02, 189, 76, 1, 0x00
    .word 190, 76, 1, 0x01, 191, 76, 3, 0x00, 194, 76, 1, 0x03, 195, 76, 5, 0x00, 200, 76, 1, 0x0c
    .word 201, 76, 3, 0x00, 204, 76, 4, 0x01, 208, 76, 3, 0x00, 211, 76, 1, 0x03, 212, 76, 1, 0x00
    .word 213, 76, 4, 0x01, 217, 76, 4, 0x00, 221, 76, 1, 0x0c, 222, 76, 1, 0x00, 223, 76, 5, 0x01
    .word 228, 76, 1, 0x00, 229, 76, 1, 0x0c, 230, 76, 6, 0x00, 236, 76, 1, 0x03, 237, 76, 83, 0x00
    .word 0, 77, 76, 0x00, 76, 77, 4, 0x01, 80, 77, 5, 0x00, 85, 77, 1, 0x0b, 86, 77, 5, 0x00
    .word 91, 77, 5, 0x01, 96, 77, 2, 0x00, 98, 77, 1, 0x03, 99, 77, 9, 0x00, 108, 77, 9, 0x01
    .word 117, 77, 2, 0x00, 119, 77, 1, 0x0c, 120, 77, 1, 0x00, 121, 77, 9, 0x01, 130, 77, 2, 0x00
    .word 132, 77, 1, 0x0b, 133, 77, 6, 0x00, 139, 77, 1, 0x0c, 140, 77, 2, 0x00, 142, 77, 6, 0x01
    .word 148, 77, 1, 0x00, 149, 77, 1, 0x0c, 150, 77, 1, 0x00, 151, 77, 4, 0x01, 155, 77, 1, 0x00
    .word 156, 77, 1, 0x01, 157, 77, 1, 0x00, 158, 77, 3, 0x01, 161, 77, 4, 0x00, 165, 77, 2, 0x01
    .word 167, 77, 2, 0x00, 169, 77, 12, 0x01, 181, 77, 3, 0x00, 184, 77, 3, 0x01, 187, 77, 1, 0x00
    .word 188, 77, 1, 0x02, 189, 77, 1, 0x00, 190, 77, 2, 0x01, 192, 77, 2, 0x00, 194, 77, 1, 0x03
    .word 195, 77, 5, 0x00, 200, 77, 1, 0x0c, 201, 77, 3, 0x00, 204, 77, 5, 0x01, 209, 77, 2, 0x00
    .word 211, 77, 1, 0x0c, 212, 77, 1, 0x00, 213, 77, 4, 0x01, 217, 77, 4, 0x00, 221, 77, 1, 0x0c
    .word 222, 77, 1, 0x00, 223, 77, 5, 0x01, 228, 77, 1, 0x00, 229, 77, 1, 0x03, 230, 77, 6, 0x00
    .word 236, 77, 1, 0x03, 237, 77, 83, 0x00, 0, 78, 79, 0x00, 79, 78, 1, 0x01, 80, 78, 5, 0x00
    .word 85, 78, 1, 0x0b, 86, 78, 5, 0x00, 91, 78, 6, 0x01, 97, 78, 1, 0x00, 98, 78, 1, 0x03
    .word 99, 78, 9, 0x00, 108, 78, 9, 0x01, 117, 78, 2, 0x00, 119, 78, 1, 0x02, 120, 78, 1, 0x00
    .word 121, 78, 9, 0x01, 130, 78, 2, 0x00, 132, 78, 1, 0x0b, 133, 78, 9, 0x00, 142, 78, 7, 0x01
    .word 149, 78, 2, 0x00, 151, 78, 5, 0x01, 156, 78, 2, 0x00, 158, 78, 9, 0x01, 167, 78, 2, 0x00
    .word 169, 78, 13, 0x01, 182, 78, 2, 0x00, 184, 78, 3, 0x01, 187, 78, 3, 0x00, 190, 78, 2, 0x01
    .word 192, 78, 2, 0x00, 194, 78, 1, 0x03, 195, 78, 1, 0x00, 196, 78, 1, 0x01, 197, 78, 7, 0x00
    .word 204, 78, 6, 0x01, 210, 78, 3, 0x00, 213, 78, 5, 0x01, 218, 78, 3, 0x00, 221, 78, 1, 0x02
    .word 222, 78, 1, 0x00, 223, 78, 5, 0x01, 228, 78, 8, 0x00, 236, 78, 1, 0x03, 237, 78, 83, 0x00
    .word 0, 79, 83, 0x00, 83, 79, 3, 0x01, 86, 79, 6, 0x00, 92, 79, 5, 0x01, 97, 79, 12, 0x00
    .word 109, 79, 8, 0x01, 117, 79, 4, 0x00, 121, 79, 9, 0x01, 130, 79, 12, 0x00, 142, 79, 7, 0x01
    .word 149, 79, 2, 0x00, 151, 79, 5, 0x01, 156, 79, 2, 0x00, 158, 79, 9, 0x01, 167, 79, 2, 0x00
    .word 169, 79, 11, 0x01, 180, 79, 4, 0x00, 184, 79, 3, 0x01, 187, 79, 3, 0x00, 190, 79, 2, 0x01
    .word 192, 79, 4, 0x00, 196, 79, 1, 0x01, 197, 79, 8, 0x00, 205, 79, 6, 0x01, 211, 79, 2, 0x00
    .word 213, 79, 5, 0x01, 218, 79, 5, 0x00, 223, 79, 5, 0x01, 228, 79, 92, 0x00, 0, 80, 83, 0x00
    .word 83, 80, 3, 0x01, 86, 80, 42, 0x00, 128, 80, 3, 0x01, 131, 80, 14, 0x00, 145, 80, 3, 0x01
    .word 148, 80, 6, 0x00, 154, 80, 6, 0x01, 160, 80, 9, 0x00, 169, 80, 9, 0x01, 178, 80, 7, 0x00
    .word 185, 80, 7, 0x01, 192, 80, 2, 0x00, 194, 80, 3, 0x01, 197, 80, 10, 0x00, 207, 80, 4, 0x01
    .word 211, 80, 18, 0x00, 229, 80, 1, 0x01, 230, 80, 90, 0x00, 0, 81, 83, 0x00, 83, 81, 3, 0x01
    .word 86, 81, 43, 0x00, 129, 81, 2, 0x01, 131, 81, 15, 0x00, 146, 81, 1, 0x01, 147, 81, 8, 0x00
    .word 155, 81, 4, 0x01, 159, 81, 12, 0x00, 171, 81, 6, 0x01, 177, 81, 9, 0x00, 186, 81, 10, 0x01
    .word 196, 81, 13, 0x00, 209, 81, 1, 0x01, 210, 81, 19, 0x00, 229, 81, 5, 0x01, 234, 81, 86, 0x00
    .word 0, 82, 71, 0x00, 71, 82, 4, 0x0c, 75, 82, 2, 0x00, 77, 82, 5, 0x0c, 82, 82, 2, 0x00
    .word 84, 82, 2, 0x01, 86, 82, 1, 0x00, 87, 82, 4, 0x0c, 91, 82, 2, 0x00, 93, 82, 11, 0x0c
    .word 104, 82, 2, 0x00, 106, 82, 10, 0x0c, 116, 82, 4, 0x00, 120, 82, 9, 0x0c, 129, 82, 3, 0x00
    .word 132, 82, 12, 0x0c, 144, 82, 2, 0x00, 146, 82, 1, 0x01, 147, 82, 1, 0x00, 148, 82, 6, 0x0c
    .word 154, 82, 1, 0x00, 155, 82, 4, 0x01, 159, 82, 2, 0x00, 161, 82, 10, 0x0c, 171, 82, 1, 0x00
    .word 172, 82, 3, 0x01, 175, 82, 2, 0x00, 177, 82, 9, 0x0c, 186, 82, 2, 0x00, 188, 82, 8, 0x01
    .word 196, 82, 2, 0x00, 198, 82, 10, 0x0c, 208, 82, 4, 0x00, 212, 82, 10, 0x0c, 222, 82, 3, 0x00
    .word 225, 82, 3, 0x0c, 228, 82, 1, 0x00, 229, 82, 6, 0x01, 235, 82, 4, 0x00, 239, 82, 9, 0x0c
    .word 248, 82, 72, 0x00, 0, 83, 71, 0x00, 71, 83, 4, 0x0c, 75, 83, 2, 0x00, 77, 83, 6, 0x0c
    .word 83, 83, 2, 0x00, 85, 83, 1, 0x01, 86, 83, 1, 0x00, 87, 83, 4, 0x0c, 91, 83, 2, 0x00
    .word 93, 83, 11, 0x0c, 104, 83, 2, 0x00, 106, 83, 10, 0x0c, 116, 83, 3, 0x00, 119, 83, 11, 0x0c
    .word 130, 83, 2, 0x00, 132, 83, 12, 0x0c, 144, 83, 4, 0x00, 148, 83, 6, 0x0c, 154, 83, 2, 0x00
    .word 156, 83, 3, 0x01, 159, 83, 2, 0x00, 161, 83, 11, 0x0c, 172, 83, 1, 0x00, 173, 83, 1, 0x01
    .word 174, 83, 2, 0x00, 176, 83, 5, 0x0c, 181, 83, 2, 0x00, 183, 83, 4, 0x0c, 187, 83, 1, 0x00
    .word 188, 83, 8, 0x01, 196, 83, 2, 0x00, 198, 83, 11, 0x0c, 209, 83, 3, 0x00, 212, 83, 10, 0x0c
    .word 222, 83, 3, 0x00, 225, 83, 3, 0x0c, 228, 83, 1, 0x00, 229, 83, 6, 0x01, 235, 83, 3, 0x00
    .word 238, 83, 11, 0x0c, 249, 83, 71, 0x00, 0, 84, 71, 0x00, 71, 84, 4, 0x0c, 75, 84, 2, 0x00
    .word 77, 84, 6, 0x0c, 83, 84, 2, 0x00, 85, 84, 1, 0x01, 86, 84, 1, 0x00, 87, 84, 4, 0x0c
    .word 91, 84, 2, 0x00, 93, 84, 4, 0x0c, 97, 84, 9, 0x00, 106, 84, 3, 0x0c, 109, 84, 10, 0x00
    .word 119, 84, 4, 0x0c, 123, 84, 3, 0x00, 126, 84, 4, 0x0c, 130, 84, 6, 0x00, 136, 84, 4, 0x0c
    .word 140, 84, 7, 0x00, 147, 84, 8, 0x0c, 155, 84, 1, 0x00, 156, 84, 3, 0x01, 159, 84, 2, 0x00
    .word 161, 84, 4, 0x0c, 165, 84, 3, 0x00, 168, 84, 4, 0x0c, 172, 84, 4, 0x00, 176, 84, 5, 0x0c
    .word 181, 84, 2, 0x00, 183, 84, 4, 0x0c, 187, 84, 2, 0x00, 189, 84, 7, 0x01, 196, 84, 2, 0x00
    .word 198, 84, 3, 0x0c, 201, 84, 3, 0x00, 204, 84, 5, 0x0c, 209, 84, 3, 0x00, 212, 84, 3, 0x0c
    .word 215, 84, 10, 0x00, 225, 84, 3, 0x0c, 228, 84, 1, 0x00, 229, 84, 5, 0x01, 234, 84, 4, 0x00
    .word 238, 84, 4, 0x0c, 242, 84, 2, 0x00, 244, 84, 5, 0x0c, 249, 84, 71, 0x00, 0, 85, 71, 0x00
    .word 71, 85, 4, 0x0c, 75, 85, 2, 0x00, 77, 85, 7, 0x0c, 84, 85, 3, 0x00, 87, 85, 4, 0x0c
    .word 91, 85, 2, 0x00, 93, 85, 4, 0x0c, 97, 85, 9, 0x00, 106, 85, 3, 0x0c, 109, 85, 10, 0x00
    .word 119, 85, 3, 0x0c, 122, 85, 4, 0x00, 126, 85, 4, 0x0c, 130, 85, 6, 0x00, 136, 85, 4, 0x0c
    .word 140, 85, 7, 0x00, 147, 85, 4, 0x0c, 151, 85, 1, 0x00, 152, 85, 3, 0x0c, 155, 85, 1, 0x00
    .word 156, 85, 3, 0x01, 159, 85, 2, 0x00, 161, 85, 4, 0x0c, 165, 85, 3, 0x00, 168, 85, 5, 0x0c
    .word 173, 85, 2, 0x00, 175, 85, 5, 0x0c, 180, 85, 3, 0x00, 183, 85, 5, 0x0c, 188, 85, 2, 0x00
    .word 190, 85, 6, 0x01, 196, 85, 2, 0x00, 198, 85, 3, 0x0c, 201, 85, 4, 0x00, 205, 85, 5, 0x0c
    .word 210, 85, 2, 0x00, 212, 85, 3, 0x0c, 215, 85, 10, 0x00, 225, 85, 3, 0x0c, 228, 85, 1, 0x00
    .word 229, 85, 5, 0x01, 234, 85, 3, 0x00, 237, 85, 5, 0x0c, 242, 85, 3, 0x00, 245, 85, 5, 0x0c
    .word 250, 85, 70, 0x00, 0, 86, 71, 0x00, 71, 86, 4, 0x0c, 75, 86, 2, 0x00, 77, 86, 7, 0x0c
    .word 84, 86, 3, 0x00, 87, 86, 4, 0x0c, 91, 86, 2, 0x00, 93, 86, 4, 0x0c, 97, 86, 9, 0x00
    .word 106, 86, 3, 0x0c, 109, 86, 9, 0x00, 118, 86, 4, 0x0c, 122, 86, 4, 0x00, 126, 86, 5, 0x0c
    .word 131, 86, 5, 0x00, 136, 86, 4, 0x0c, 140, 86, 7, 0x00, 147, 86, 4, 0x0c, 151, 86, 1, 0x00
    .word 152, 86, 3, 0x0c, 155, 86, 1, 0x00, 156, 86, 3, 0x01, 159, 86, 1, 0x00, 160, 86, 1, 0x02
    .word 161, 86, 4, 0x0c, 165, 86, 4, 0x00, 169, 86, 4, 0x0c, 173, 86, 2, 0x00, 175, 86, 5, 0x0c
    .word 180, 86, 3, 0x00, 183, 86, 5, 0x0c, 188, 86, 2, 0x00, 190, 86, 6, 0x01, 196, 86, 2, 0x00
    .word 198, 86, 3, 0x0c, 201, 86, 5, 0x00, 206, 86, 4, 0x0c, 210, 86, 2, 0x00, 212, 86, 3, 0x0c
    .word 215, 86, 10, 0x00, 225, 86, 3, 0x0c, 228, 86, 1, 0x00, 229, 86, 5, 0x01, 234, 86, 3, 0x00
    .word 237, 86, 4, 0x0c, 241, 86, 4, 0x00, 245, 86, 5, 0x0c, 250, 86, 70, 0x00, 0, 87, 71, 0x00
    .word 71, 87, 4, 0x0c, 75, 87, 2, 0x00, 77, 87, 8, 0x0c, 85, 87, 2, 0x00, 87, 87, 4, 0x0c
    .word 91, 87, 2, 0x00, 93, 87, 4, 0x0c, 97, 87, 9, 0x00, 106, 87, 3, 0x0c, 109, 87, 9, 0x00
    .word 118, 87, 4, 0x0c, 122, 87, 4, 0x00, 126, 87, 5, 0x0c, 131, 87, 1, 0x00, 132, 87, 3, 0x01
    .word 135, 87, 1, 0x00, 136, 87, 4, 0x0c, 140, 87, 1, 0x00, 141, 87, 3, 0x01, 144, 87, 3, 0x00
    .word 147, 87, 4, 0x0c, 151, 87, 1, 0x00, 152, 87, 3, 0x0c, 155, 87, 2, 0x00, 157, 87, 2, 0x01
    .word 159, 87, 1, 0x00, 160, 87, 5, 0x0c, 165, 87, 4, 0x00, 169, 87, 4, 0x0c, 173, 87, 2, 0x00
    .word 175, 87, 5, 0x0c, 180, 87, 1, 0x00, 181, 87, 2, 0x01, 183, 87, 5, 0x0c, 188, 87, 2, 0x00
    .word 190, 87, 6, 0x01, 196, 87, 2, 0x00, 198, 87, 3, 0x0c, 201, 87, 5, 0x00, 206, 87, 4, 0x0c
    .word 210, 87, 2, 0x00, 212, 87, 3, 0x0c, 215, 87, 10, 0x00, 225, 87, 3, 0x0c, 228, 87, 1, 0x00
    .word 229, 87, 5, 0x01, 234, 87, 3, 0x00, 237, 87, 4, 0x0c, 241, 87, 4, 0x00, 245, 87, 5, 0x0c
    .word 250, 87, 70, 0x00, 0, 88, 71, 0x00, 71, 88, 4, 0x0c, 75, 88, 2, 0x00, 77, 88, 8, 0x0c
    .word 85, 88, 2, 0x00, 87, 88, 4, 0x0c, 91, 88, 2, 0x00, 93, 88, 4, 0x0c, 97, 88, 9, 0x00
    .word 106, 88, 3, 0x0c, 109, 88, 9, 0x00, 118, 88, 4, 0x0c, 122, 88, 10, 0x00, 132, 88, 3, 0x01
    .word 135, 88, 1, 0x00, 136, 88, 1, 0x04, 137, 88, 3, 0x0c, 140, 88, 1, 0x00, 141, 88, 4, 0x01
    .word 145, 88, 1, 0x00, 146, 88, 5, 0x0c, 151, 88, 1, 0x00, 152, 88, 1, 0x03, 153, 88, 3, 0x0c
    .word 156, 88, 1, 0x00, 157, 88, 2, 0x01, 159, 88, 1, 0x00, 160, 88, 5, 0x0c, 165, 88, 4, 0x00
    .word 169, 88, 4, 0x0c, 173, 88, 2, 0x00, 175, 88, 4, 0x0c, 179, 88, 1, 0x03, 180, 88, 1, 0x00
    .word 181, 88, 2, 0x01, 183, 88, 5, 0x0c, 188, 88, 2, 0x00, 190, 88, 6, 0x01, 196, 88, 2, 0x00
    .word 198, 88, 3, 0x0c, 201, 88, 4, 0x00, 205, 88, 5, 0x0c, 210, 88, 2, 0x00, 212, 88, 3, 0x0c
    .word 215, 88, 10, 0x00, 225, 88, 3, 0x0c, 228, 88, 1, 0x00, 229, 88, 5, 0x01, 234, 88, 3, 0x00
    .word 237, 88, 4, 0x0c, 241, 88, 4, 0x00, 245, 88, 5, 0x0c, 250, 88, 70, 0x00, 0, 89, 71, 0x00
    .word 71, 89, 4, 0x0c, 75, 89, 2, 0x00, 77, 89, 4, 0x0c, 81, 89, 1, 0x00, 82, 89, 4, 0x0c
    .word 86, 89, 1, 0x00, 87, 89, 4, 0x0c, 91, 89, 2, 0x00, 93, 89, 10, 0x0c, 103, 89, 3, 0x00
    .word 106, 89, 9, 0x0c, 115, 89, 3, 0x00, 118, 89, 4, 0x0c, 122, 89, 3, 0x00, 125, 89, 1, 0x01
    .word 126, 89, 3, 0x00, 129, 89, 6, 0x01, 135, 89, 1, 0x00, 136, 89, 1, 0x04, 137, 89, 3, 0x0c
    .word 140, 89, 1, 0x00, 141, 89, 4, 0x01, 145, 89, 1, 0x00, 146, 89, 5, 0x0c, 151, 89, 2, 0x00
    .word 153, 89, 3, 0x0c, 156, 89, 1, 0x00, 157, 89, 2, 0x01, 159, 89, 1, 0x00, 160, 89, 5, 0x0c
    .word 165, 89, 4, 0x00, 169, 89, 4, 0x0c, 173, 89, 2, 0x00, 175, 89, 4, 0x0c, 179, 89, 1, 0x03
    .word 180, 89, 1, 0x00, 181, 89, 2, 0x01, 183, 89, 5, 0x0c, 188, 89, 2, 0x00, 190, 89, 6, 0x01
    .word 196, 89, 2, 0x00, 198, 89, 3, 0x0c, 201, 89, 3, 0x00, 204, 89, 5, 0x0c, 209, 89, 3, 0x00
    .word 212, 89, 9, 0x0c, 221, 89, 4, 0x00, 225, 89, 3, 0x0c, 228, 89, 1, 0x00, 229, 89, 4, 0x01
    .word 233, 89, 4, 0x00, 237, 89, 4, 0x0c, 241, 89, 4, 0x00, 245, 89, 5, 0x0c, 250, 89, 70, 0x00
    .word 0, 90, 71, 0x00, 71, 90, 4, 0x0c, 75, 90, 2, 0x00, 77, 90, 4, 0x0c, 81, 90, 1, 0x00
    .word 82, 90, 4, 0x0c, 86, 90, 1, 0x00, 87, 90, 4, 0x0c, 91, 90, 2, 0x00, 93, 90, 10, 0x0c
    .word 103, 90, 3, 0x00, 106, 90, 9, 0x0c, 115, 90, 3, 0x00, 118, 90, 4, 0x0c, 122, 90, 3, 0x00
    .word 125, 90, 10, 0x01, 135, 90, 1, 0x00, 136, 90, 1, 0x03, 137, 90, 3, 0x0c, 140, 90, 1, 0x00
    .word 141, 90, 4, 0x01, 145, 90, 1, 0x00, 146, 90, 5, 0x0c, 151, 90, 2, 0x00, 153, 90, 3, 0x0c
    .word 156, 90, 1, 0x00, 157, 90, 2, 0x01, 159, 90, 1, 0x00, 160, 90, 5, 0x0c, 165, 90, 4, 0x00
    .word 169, 90, 4, 0x0c, 173, 90, 2, 0x00, 175, 90, 4, 0x0c, 179, 90, 2, 0x00, 181, 90, 2, 0x01
    .word 183, 90, 1, 0x00, 184, 90, 4, 0x0c, 188, 90, 2, 0x00, 190, 90, 6, 0x01, 196, 90, 2, 0x00
    .word 198, 90, 11, 0x0c, 209, 90, 3, 0x00, 212, 90, 9, 0x0c, 221, 90, 4, 0x00, 225, 90, 3, 0x0c
    .word 228, 90, 1, 0x00, 229, 90, 3, 0x01, 232, 90, 2, 0x00, 234, 90, 1, 0x09, 235, 90, 2, 0x00
    .word 237, 90, 4, 0x0c, 241, 90, 4, 0x00, 245, 90, 5, 0x0c, 250, 90, 70, 0x00, 0, 91, 71, 0x00
    .word 71, 91, 4, 0x0c, 75, 91, 2, 0x00, 77, 91, 4, 0x0c, 81, 91, 1, 0x00, 82, 91, 4, 0x0c
    .word 86, 91, 1, 0x00, 87, 91, 4, 0x0c, 91, 91, 2, 0x00, 93, 91, 10, 0x0c, 103, 91, 3, 0x00
    .word 106, 91, 9, 0x0c, 115, 91, 3, 0x00, 118, 91, 4, 0x0c, 122, 91, 3, 0x00, 125, 91, 10, 0x01
    .word 135, 91, 1, 0x00, 136, 91, 1, 0x03, 137, 91, 3, 0x0c, 140, 91, 1, 0x00, 141, 91, 3, 0x01
    .word 144, 91, 2, 0x00, 146, 91, 4, 0x0c, 150, 91, 3, 0x00, 153, 91, 3, 0x0c, 156, 91, 1, 0x00
    .word 157, 91, 2, 0x01, 159, 91, 1, 0x00, 160, 91, 5, 0x0c, 165, 91, 4, 0x00, 169, 91, 4, 0x0c
    .word 173, 91, 2, 0x00, 175, 91, 1, 0x0c, 176, 91, 1, 0x03, 177, 91, 2, 0x0c, 179, 91, 2, 0x00
    .word 181, 91, 2, 0x01, 183, 91, 1, 0x00, 184, 91, 4, 0x0c, 188, 91, 2, 0x00, 190, 91, 6, 0x01
    .word 196, 91, 2, 0x00, 198, 91, 10, 0x0c, 208, 91, 4, 0x00, 212, 91, 9, 0x0c, 221, 91, 4, 0x00
    .word 225, 91, 3, 0x0c, 228, 91, 1, 0x00, 229, 91, 3, 0x01, 232, 91, 1, 0x00, 233, 91, 1, 0x01
    .word 234, 91, 1, 0x09, 235, 91, 2, 0x00, 237, 91, 1, 0x0c, 238, 91, 1, 0x03, 239, 91, 2, 0x0c
    .word 241, 91, 4, 0x00, 245, 91, 1, 0x03, 246, 91, 4, 0x0c, 250, 91, 70, 0x00, 0, 92, 71, 0x00
    .word 71, 92, 4, 0x0c, 75, 92, 2, 0x00, 77, 92, 4, 0x0c, 81, 92, 2, 0x00, 83, 92, 3, 0x0c
    .word 86, 92, 1, 0x00, 87, 92, 4, 0x0c, 91, 92, 2, 0x00, 93, 92, 10, 0x0c, 103, 92, 3, 0x00
    .word 106, 92, 9, 0x0c, 115, 92, 3, 0x00, 118, 92, 4, 0x0c, 122, 92, 1, 0x00, 123, 92, 1, 0x01
    .word 124, 92, 7, 0x00, 131, 92, 4, 0x01, 135, 92, 1, 0x00, 136, 92, 1, 0x03, 137, 92, 1, 0x02
    .word 138, 92, 2, 0x0c, 140, 92, 1, 0x00, 141, 92, 3, 0x01, 144, 92, 1, 0x00, 145, 92, 1, 0x03
    .word 146, 92, 2, 0x0c, 148, 92, 1, 0x03, 149, 92, 1, 0x0c, 150, 92, 3, 0x00, 153, 92, 3, 0x0c
    .word 156, 92, 2, 0x00, 158, 92, 1, 0x01, 159, 92, 1, 0x00, 160, 92, 5, 0x0c, 165, 92, 4, 0x00
    .word 169, 92, 1, 0x0c, 170, 92, 1, 0x03, 171, 92, 2, 0x0c, 173, 92, 2, 0x00, 175, 92, 1, 0x0c
    .word 176, 92, 2, 0x03, 178, 92, 1, 0x0c, 179, 92, 2, 0x00, 181, 92, 2, 0x01, 183, 92, 1, 0x00
    .word 184, 92, 1, 0x0c, 185, 92, 1, 0x00, 186, 92, 2, 0x0c, 188, 92, 2, 0x00, 190, 92, 6, 0x01
    .word 196, 92, 2, 0x00, 198, 92, 9, 0x0c, 207, 92, 5, 0x00, 212, 92, 9, 0x0c, 221, 92, 4, 0x00
    .word 225, 92, 3, 0x0c, 228, 92, 1, 0x00, 229, 92, 2, 0x01, 231, 92, 2, 0x00, 233, 92, 1, 0x01
    .word 234, 92, 1, 0x09, 235, 92, 2, 0x00, 237, 92, 1, 0x0c, 238, 92, 2, 0x03, 240, 92, 1, 0x0c
    .word 241, 92, 4, 0x00, 245, 92, 1, 0x03, 246, 92, 1, 0x0c, 247, 92, 1, 0x03, 248, 92, 2, 0x0c
    .word 250, 92, 70, 0x00, 0, 93, 71, 0x00, 71, 93, 4, 0x0c, 75, 93, 2, 0x00, 77, 93, 4, 0x0c
    .word 81, 93, 2, 0x00, 83, 93, 6, 0x0c, 89, 93, 1, 0x03, 90, 93, 1, 0x0c, 91, 93, 2, 0x00
    .word 93, 93, 2, 0x0c, 95, 93, 1, 0x02, 96, 93, 1, 0x0c, 97, 93, 9, 0x00, 106, 93, 3, 0x0c
    .word 109, 93, 9, 0x00, 118, 93, 4, 0x0c, 122, 93, 1, 0x00, 123, 93, 2, 0x01, 125, 93, 7, 0x00
    .word 132, 93, 3, 0x01, 135, 93, 1, 0x00, 136, 93, 1, 0x03, 137, 93, 1, 0x0c, 138, 93, 1, 0x03
    .word 139, 93, 1, 0x0c, 140, 93, 1, 0x00, 141, 93, 3, 0x01, 144, 93, 1, 0x00, 145, 93, 1, 0x03
    .word 146, 93, 1, 0x0c, 147, 93, 1, 0x03, 148, 93, 2, 0x0c, 150, 93, 3, 0x00, 153, 93, 4, 0x0c
    .word 157, 93, 1, 0x00, 158, 93, 1, 0x01, 159, 93, 1, 0x00, 160, 93, 2, 0x0c, 162, 93, 1, 0x03
    .word 163, 93, 2, 0x0c, 165, 93, 4, 0x00, 169, 93, 2, 0x0c, 171, 93, 1, 0x03, 172, 93, 1, 0x0c
    .word 173, 93, 2, 0x00, 175, 93, 1, 0x0c, 176, 93, 2, 0x03, 178, 93, 1, 0x0c, 179, 93, 2, 0x00
    .word 181, 93, 2, 0x01, 183, 93, 2, 0x00, 185, 93, 1, 0x03, 186, 93, 2, 0x0c, 188, 93, 2, 0x00
    .word 190, 93, 6, 0x01, 196, 93, 2, 0x00, 198, 93, 1, 0x0c, 199, 93, 1, 0x03, 200, 93, 1, 0x0c
    .word 201, 93, 11, 0x00, 212, 93, 3, 0x0c, 215, 93, 10, 0x00, 225, 93, 1, 0x0c, 226, 93, 1, 0x02
    .word 227, 93, 1, 0x0c, 228, 93, 1, 0x00, 229, 93, 2, 0x01, 231, 93, 1, 0x00, 232, 93, 3, 0x01
    .word 235, 93, 2, 0x00, 237, 93, 1, 0x0c, 238, 93, 2, 0x03, 240, 93, 1, 0x0c, 241, 93, 4, 0x00
    .word 245, 93, 3, 0x03, 248, 93, 2, 0x0c, 250, 93, 70, 0x00, 0, 94, 71, 0x00, 71, 94, 2, 0x0c
    .word 73, 94, 1, 0x03, 74, 94, 1, 0x0c, 75, 94, 2, 0x00, 77, 94, 4, 0x0c, 81, 94, 2, 0x00
    .word 83, 94, 6, 0x0c, 89, 94, 1, 0x03, 90, 94, 1, 0x0c, 91, 94, 2, 0x00, 93, 94, 1, 0x0c
    .word 94, 94, 2, 0x02, 96, 94, 1, 0x0c, 97, 94, 9, 0x00, 106, 94, 3, 0x0c, 109, 94, 9, 0x00
    .word 118, 94, 4, 0x0c, 122, 94, 1, 0x00, 123, 94, 2, 0x01, 125, 94, 1, 0x00, 126, 94, 5, 0x0c
    .word 131, 94, 1, 0x00, 132, 94, 3, 0x01, 135, 94, 1, 0x00, 136, 94, 1, 0x03, 137, 94, 1, 0x0c
    .word 138, 94, 1, 0x03, 139, 94, 1, 0x0c, 140, 94, 1, 0x00, 141, 94, 3, 0x01, 144, 94, 1, 0x00
    .word 145, 94, 2, 0x0c, 147, 94, 1, 0x03, 148, 94, 9, 0x0c, 157, 94, 3, 0x00, 160, 94, 5, 0x0c
    .word 165, 94, 4, 0x00, 169, 94, 2, 0x0c, 171, 94, 1, 0x03, 172, 94, 1, 0x0c, 173, 94, 2, 0x00
    .word 175, 94, 1, 0x0c, 176, 94, 2, 0x03, 178, 94, 1, 0x0c, 179, 94, 2, 0x00, 181, 94, 2, 0x01
    .word 183, 94, 2, 0x00, 185, 94, 1, 0x03, 186, 94, 2, 0x0c, 188, 94, 2, 0x00, 190, 94, 6, 0x01
    .word 196, 94, 2, 0x00, 198, 94, 3, 0x0c, 201, 94, 8, 0x00, 209, 94, 1, 0x01, 210, 94, 2, 0x00
    .word 212, 94, 3, 0x0c, 215, 94, 10, 0x00, 225, 94, 1, 0x0c, 226, 94, 2, 0x02, 228, 94, 1, 0x00
    .word 229, 94, 6, 0x01, 235, 94, 2, 0x00, 237, 94, 1, 0x0c, 238, 94, 1, 0x03, 239, 94, 1, 0x04
    .word 240, 94, 1, 0x0c, 241, 94, 4, 0x00, 245, 94, 3, 0x03, 248, 94, 2, 0x0c, 250, 94, 70, 0x00
    .word 0, 95, 71, 0x00, 71, 95, 1, 0x0c, 72, 95, 1, 0x03, 73, 95, 1, 0x02, 74, 95, 1, 0x0c
    .word 75, 95, 2, 0x00, 77, 95, 1, 0x02, 78, 95, 3, 0x0c, 81, 95, 3, 0x00, 84, 95, 3, 0x0c
    .word 87, 95, 1, 0x03, 88, 95, 1, 0x02, 89, 95, 1, 0x03, 90, 95, 1, 0x0c, 91, 95, 2, 0x00
    .word 93, 95, 1, 0x0c, 94, 95, 2, 0x02, 96, 95, 1, 0x0c, 97, 95, 2, 0x00, 99, 95, 4, 0x01
    .word 103, 95, 3, 0x00, 106, 95, 1, 0x0c, 107, 95, 1, 0x02, 108, 95, 1, 0x0c, 109, 95, 9, 0x00
    .word 118, 95, 4, 0x0c, 122, 95, 1, 0x00, 123, 95, 2, 0x01, 125, 95, 1, 0x00, 126, 95, 5, 0x0c
    .word 131, 95, 1, 0x00, 132, 95, 3, 0x01, 135, 95, 1, 0x00, 136, 95, 1, 0x03, 137, 95, 1, 0x0c
    .word 138, 95, 1, 0x03, 139, 95, 1, 0x0c, 140, 95, 1, 0x00, 141, 95, 3, 0x01, 144, 95, 1, 0x00
    .word 145, 95, 2, 0x0c, 147, 95, 1, 0x03, 148, 95, 1, 0x0c, 149, 95, 1, 0x02, 150, 95, 7, 0x0c
    .word 157, 95, 3, 0x00, 160, 95, 1, 0x02, 161, 95, 1, 0x0c, 162, 95, 1, 0x02, 163, 95, 2, 0x0c
    .word 165, 95, 4, 0x00, 169, 95, 1, 0x0c, 170, 95, 2, 0x03, 172, 95, 1, 0x0c, 173, 95, 2, 0x00
    .word 175, 95, 1, 0x0c, 176, 95, 2, 0x03, 178, 95, 1, 0x0c, 179, 95, 2, 0x00, 181, 95, 2, 0x01
    .word 183, 95, 1, 0x00, 184, 95, 3, 0x03, 187, 95, 1, 0x0c, 188, 95, 2, 0x00, 190, 95, 6, 0x01
    .word 196, 95, 2, 0x00, 198, 95, 3, 0x0c, 201, 95, 6, 0x00, 207, 95, 3, 0x01, 210, 95, 2, 0x00
    .word 212, 95, 3, 0x0c, 215, 95, 10, 0x00, 225, 95, 1, 0x0c, 226, 95, 2, 0x02, 228, 95, 1, 0x00
    .word 229, 95, 6, 0x01, 235, 95, 2, 0x00, 237, 95, 1, 0x0c, 238, 95, 2, 0x03, 240, 95, 1, 0x0c
    .word 241, 95, 4, 0x00, 245, 95, 1, 0x02, 246, 95, 1, 0x0c, 247, 95, 1, 0x03, 248, 95, 2, 0x0c
    .word 250, 95, 70, 0x00, 0, 96, 71, 0x00, 71, 96, 1, 0x0c, 72, 96, 2, 0x02, 74, 96, 1, 0x0c
    .word 75, 96, 2, 0x00, 77, 96, 1, 0x02, 78, 96, 3, 0x0c, 81, 96, 3, 0x00, 84, 96, 2, 0x0c
    .word 86, 96, 2, 0x03, 88, 96, 1, 0x02, 89, 96, 1, 0x03, 90, 96, 1, 0x0c, 91, 96, 2, 0x00
    .word 93, 96, 1, 0x0c, 94, 96, 3, 0x02, 97, 96, 2, 0x00, 99, 96, 5, 0x01, 104, 96, 2, 0x00
    .word 106, 96, 1, 0x0c, 107, 96, 1, 0x02, 108, 96, 1, 0x0c, 109, 96, 10, 0x00, 119, 96, 3, 0x0c
    .word 122, 96, 1, 0x00, 123, 96, 2, 0x01, 125, 96, 1, 0x00, 126, 96, 5, 0x0c, 131, 96, 1, 0x00
    .word 132, 96, 3, 0x01, 135, 96, 2, 0x00, 137, 96, 1, 0x0c, 138, 96, 1, 0x03, 139, 96, 1, 0x0c
    .word 140, 96, 1, 0x00, 141, 96, 2, 0x01, 143, 96, 2, 0x00, 145, 96, 2, 0x0c, 147, 96, 1, 0x03
    .word 148, 96, 3, 0x02, 151, 96, 6, 0x0c, 157, 96, 3, 0x00, 160, 96, 1, 0x02, 161, 96, 1, 0x0c
    .word 162, 96, 2, 0x02, 164, 96, 1, 0x0c, 165, 96, 4, 0x00, 169, 96, 2, 0x03, 171, 96, 2, 0x0c
    .word 173, 96, 2, 0x00, 175, 96, 2, 0x0c, 177, 96, 3, 0x03, 180, 96, 1, 0x00, 181, 96, 2, 0x01
    .word 183, 96, 1, 0x00, 184, 96, 3, 0x03, 187, 96, 1, 0x0c, 188, 96, 2, 0x00, 190, 96, 6, 0x01
    .word 196, 96, 2, 0x00, 198, 96, 3, 0x0c, 201, 96, 4, 0x00, 205, 96, 5, 0x01, 210, 96, 2, 0x00
    .word 212, 96, 1, 0x0c, 213, 96, 1, 0x02, 214, 96, 1, 0x0c, 215, 96, 10, 0x00, 225, 96, 1, 0x0c
    .word 226, 96, 2, 0x02, 228, 96, 2, 0x00, 230, 96, 5, 0x01, 235, 96, 2, 0x00, 237, 96, 2, 0x0c
    .word 239, 96, 1, 0x03, 240, 96, 1, 0x0c, 241, 96, 4, 0x00, 245, 96, 1, 0x03, 246, 96, 4, 0x0c
    .word 250, 96, 70, 0x00, 0, 97, 71, 0x00, 71, 97, 1, 0x0c, 72, 97, 2, 0x02, 74, 97, 1, 0x0c
    .word 75, 97, 2, 0x00, 77, 97, 1, 0x02, 78, 97, 3, 0x0c, 81, 97, 4, 0x00, 85, 97, 1, 0x0c
    .word 86, 97, 3, 0x02, 89, 97, 1, 0x04, 90, 97, 1, 0x0c, 91, 97, 2, 0x00, 93, 97, 1, 0x0c
    .word 94, 97, 2, 0x02, 96, 97, 1, 0x0b, 97, 97, 2, 0x00, 99, 97, 5, 0x01, 104, 97, 2, 0x00
    .word 106, 97, 1, 0x0c, 107, 97, 2, 0x02, 109, 97, 10, 0x00, 119, 97, 3, 0x0c, 122, 97, 1, 0x00
    .word 123, 97, 1, 0x01, 124, 97, 2, 0x00, 126, 97, 5, 0x0c, 131, 97, 1, 0x00, 132, 97, 3, 0x01
    .word 135, 97, 2, 0x00, 137, 97, 1, 0x0c, 138, 97, 1, 0x03, 139, 97, 1, 0x0c, 140, 97, 1, 0x00
    .word 141, 97, 2, 0x01, 143, 97, 2, 0x00, 145, 97, 2, 0x0c, 147, 97, 1, 0x03, 148, 97, 1, 0x02
    .word 149, 97, 4, 0x00, 153, 97, 3, 0x0c, 156, 97, 1, 0x03, 157, 97, 1, 0x0c, 158, 97, 2, 0x00
    .word 160, 97, 3, 0x02, 163, 97, 2, 0x0c, 165, 97, 3, 0x00, 168, 97, 1, 0x02, 169, 97, 2, 0x03
    .word 171, 97, 1, 0x0c, 172, 97, 3, 0x00, 175, 97, 2, 0x0c, 177, 97, 3, 0x03, 180, 97, 2, 0x00
    .word 182, 97, 1, 0x01, 183, 97, 1, 0x0c, 184, 97, 3, 0x03, 187, 97, 1, 0x0c, 188, 97, 2, 0x00
    .word 190, 97, 6, 0x01, 196, 97, 2, 0x00, 198, 97, 1, 0x0c, 199, 97, 1, 0x02, 200, 97, 1, 0x0c
    .word 201, 97, 2, 0x00, 203, 97, 7, 0x01, 210, 97, 2, 0x00, 212, 97, 1, 0x0c, 213, 97, 2, 0x02
    .word 215, 97, 10, 0x00, 225, 97, 1, 0x0c, 226, 97, 1, 0x02, 227, 97, 1, 0x0c, 228, 97, 9, 0x00
    .word 237, 97, 2, 0x0c, 239, 97, 2, 0x03, 241, 97, 1, 0x0c, 242, 97, 3, 0x00, 245, 97, 5, 0x0c
    .word 250, 97, 70, 0x00, 0, 98, 71, 0x00, 71, 98, 2, 0x0c, 73, 98, 2, 0x02, 75, 98, 2, 0x00
    .word 77, 98, 1, 0x0c, 78, 98, 2, 0x03, 80, 98, 1, 0x0c, 81, 98, 4, 0x00, 85, 98, 3, 0x02
    .word 88, 98, 2, 0x03, 90, 98, 1, 0x0c, 91, 98, 2, 0x00, 93, 98, 1, 0x0c, 94, 98, 2, 0x02
    .word 96, 98, 1, 0x0b, 97, 98, 2, 0x00, 99, 98, 5, 0x01, 104, 98, 2, 0x00, 106, 98, 1, 0x0c
    .word 107, 98, 5, 0x02, 112, 98, 5, 0x0c, 117, 98, 2, 0x00, 119, 98, 1, 0x03, 120, 98, 3, 0x0c
    .word 123, 98, 2, 0x00, 125, 98, 5, 0x0c, 130, 98, 2, 0x00, 132, 98, 3, 0x01, 135, 98, 2, 0x00
    .word 137, 98, 3, 0x0c, 140, 98, 1, 0x00, 141, 98, 2, 0x01, 143, 98, 1, 0x00, 144, 98, 2, 0x0c
    .word 146, 98, 1, 0x03, 147, 98, 1, 0x02, 148, 98, 6, 0x00, 154, 98, 4, 0x0c, 158, 98, 2, 0x00
    .word 160, 98, 5, 0x02, 165, 98, 1, 0x0c, 166, 98, 2, 0x02, 168, 98, 3, 0x03, 171, 98, 1, 0x0c
    .word 172, 98, 4, 0x00, 176, 98, 1, 0x0c, 177, 98, 4, 0x03, 181, 98, 2, 0x00, 183, 98, 1, 0x0c
    .word 184, 98, 3, 0x03, 187, 98, 3, 0x00, 190, 98, 6, 0x01, 196, 98, 2, 0x00, 198, 98, 1, 0x03
    .word 199, 98, 1, 0x02, 200, 98, 1, 0x0c, 201, 98, 2, 0x00, 203, 98, 7, 0x01, 210, 98, 2, 0x00
    .word 212, 98, 1, 0x0c, 213, 98, 5, 0x02, 218, 98, 5, 0x0c, 223, 98, 2, 0x00, 225, 98, 1, 0x0c
    .word 226, 98, 2, 0x02, 228, 98, 1, 0x04, 229, 98, 4, 0x03, 233, 98, 2, 0x0c, 235, 98, 3, 0x00
    .word 238, 98, 1, 0x0c, 239, 98, 2, 0x03, 241, 98, 1, 0x0c, 242, 98, 1, 0x03, 243, 98, 1, 0x00
    .word 244, 98, 1, 0x0c, 245, 98, 2, 0x02, 247, 98, 2, 0x0c, 249, 98, 71, 0x00, 0, 99, 71, 0x00
    .word 71, 99, 1, 0x0c, 72, 99, 3, 0x02, 75, 99, 2, 0x00, 77, 99, 1, 0x0c, 78, 99, 2, 0x03
    .word 80, 99, 1, 0x0c, 81, 99, 5, 0x00, 86, 99, 1, 0x02, 87, 99, 3, 0x03, 90, 99, 1, 0x0c
    .word 91, 99, 2, 0x00, 93, 99, 1, 0x0c, 94, 99, 2, 0x02, 96, 99, 1, 0x0c, 97, 99, 2, 0x00
    .word 99, 99, 2, 0x01, 101, 99, 1, 0x02, 102, 99, 2, 0x01, 104, 99, 2, 0x00, 106, 99, 1, 0x0c
    .word 107, 99, 5, 0x02, 112, 99, 2, 0x03, 114, 99, 3, 0x0c, 117, 99, 3, 0x00, 120, 99, 9, 0x0c
    .word 129, 99, 3, 0x00, 132, 99, 3, 0x01, 135, 99, 2, 0x00, 137, 99, 3, 0x0c, 140, 99, 1, 0x00
    .word 141, 99, 2, 0x01, 143, 99, 1, 0x00, 144, 99, 2, 0x0c, 146, 99, 2, 0x02, 148, 99, 3, 0x00
    .word 151, 99, 2, 0x01, 153, 99, 1, 0x00, 154, 99, 1, 0x0c, 155, 99, 1, 0x02, 156, 99, 2, 0x0c
    .word 158, 99, 2, 0x00, 160, 99, 9, 0x02, 169, 99, 1, 0x03, 170, 99, 1, 0x02, 171, 99, 2, 0x00
    .word 173, 99, 1, 0x01, 174, 99, 2, 0x00, 176, 99, 2, 0x0c, 178, 99, 2, 0x03, 180, 99, 1, 0x02
    .word 181, 99, 4, 0x03, 185, 99, 4, 0x00, 189, 99, 7, 0x01, 196, 99, 2, 0x00, 198, 99, 1, 0x03
    .word 199, 99, 1, 0x02, 200, 99, 1, 0x0c, 201, 99, 2, 0x00, 203, 99, 7, 0x01, 210, 99, 2, 0x00
    .word 212, 99, 7, 0x02, 219, 99, 1, 0x03, 220, 99, 3, 0x0c, 223, 99, 2, 0x00, 225, 99, 1, 0x0c
    .word 226, 99, 5, 0x02, 231, 99, 3, 0x03, 234, 99, 1, 0x0c, 235, 99, 3, 0x00, 238, 99, 1, 0x0c
    .word 239, 99, 5, 0x03, 244, 99, 4, 0x02, 248, 99, 72, 0x00, 0, 100, 71, 0x00, 71, 100, 1, 0x0c
    .word 72, 100, 2, 0x02, 74, 100, 1, 0x0c, 75, 100, 2, 0x00, 77, 100, 4, 0x0c, 81, 100, 5, 0x00
    .word 86, 100, 2, 0x02, 88, 100, 2, 0x03, 90, 100, 1, 0x0c, 91, 100, 2, 0x00, 93, 100, 1, 0x0c
    .word 94, 100, 2, 0x02, 96, 100, 1, 0x0b, 97, 100, 2, 0x00, 99, 100, 5, 0x01, 104, 100, 2, 0x00
    .word 106, 100, 1, 0x0c, 107, 100, 5, 0x02, 112, 100, 1, 0x03, 113, 100, 3, 0x0c, 116, 100, 5, 0x00
    .word 121, 100, 1, 0x0c, 122, 100, 6, 0x03, 128, 100, 3, 0x00, 131, 100, 4, 0x01, 135, 100, 2, 0x00
    .word 137, 100, 3, 0x0c, 140, 100, 1, 0x00, 141, 100, 1, 0x01, 142, 100, 2, 0x00, 144, 100, 2, 0x0c
    .word 146, 100, 2, 0x02, 148, 100, 2, 0x00, 150, 100, 3, 0x01, 153, 100, 1, 0x00, 154, 100, 1, 0x0c
    .word 155, 100, 2, 0x02, 157, 100, 1, 0x0c, 158, 100, 2, 0x00, 160, 100, 1, 0x02, 161, 100, 1, 0x0c
    .word 162, 100, 2, 0x02, 164, 100, 2, 0x03, 166, 100, 1, 0x02, 167, 100, 1, 0x04, 168, 100, 1, 0x02
    .word 169, 100, 4, 0x00, 173, 100, 2, 0x01, 175, 100, 2, 0x00, 177, 100, 1, 0x0c, 178, 100, 5, 0x03
    .word 183, 100, 2, 0x0c, 185, 100, 4, 0x00, 189, 100, 7, 0x01, 196, 100, 2, 0x00, 198, 100, 1, 0x03
    .word 199, 100, 1, 0x02, 200, 100, 1, 0x0c, 201, 100, 2, 0x00, 203, 100, 7, 0x01, 210, 100, 2, 0x00
    .word 212, 100, 7, 0x02, 219, 100, 1, 0x0c, 220, 100, 3, 0x03, 223, 100, 2, 0x00, 225, 100, 1, 0x0c
    .word 226, 100, 4, 0x02, 230, 100, 2, 0x0c, 232, 100, 2, 0x03, 234, 100, 1, 0x0c, 235, 100, 4, 0x00
    .word 239, 100, 1, 0x0c, 240, 100, 2, 0x03, 242, 100, 1, 0x0c, 243, 100, 1, 0x03, 244, 100, 2, 0x0c
    .word 246, 100, 1, 0x02, 247, 100, 73, 0x00, 0, 101, 71, 0x00, 71, 101, 2, 0x02, 73, 101, 4, 0x00
    .word 77, 101, 4, 0x0c, 81, 101, 6, 0x00, 87, 101, 1, 0x02, 88, 101, 2, 0x03, 90, 101, 1, 0x0c
    .word 91, 101, 3, 0x00, 94, 101, 1, 0x0c, 95, 101, 1, 0x0b, 96, 101, 3, 0x00, 99, 101, 5, 0x01
    .word 104, 101, 2, 0x00, 106, 101, 1, 0x03, 107, 101, 1, 0x02, 108, 101, 5, 0x00, 113, 101, 1, 0x0c
    .word 114, 101, 8, 0x00, 122, 101, 5, 0x03, 127, 101, 3, 0x00, 130, 101, 5, 0x01, 135, 101, 2, 0x00
    .word 137, 101, 1, 0x02, 138, 101, 1, 0x0c, 139, 101, 2, 0x00, 141, 101, 1, 0x01, 142, 101, 2, 0x00
    .word 144, 101, 2, 0x0c, 146, 101, 1, 0x02, 147, 101, 2, 0x00, 149, 101, 4, 0x01, 153, 101, 1, 0x00
    .word 154, 101, 4, 0x02, 158, 101, 2, 0x00, 160, 101, 6, 0x02, 166, 101, 2, 0x00, 168, 101, 1, 0x03
    .word 169, 101, 3, 0x00, 172, 101, 3, 0x01, 175, 101, 4, 0x00, 179, 101, 1, 0x03, 180, 101, 4, 0x0c
    .word 184, 101, 3, 0x00, 187, 101, 9, 0x01, 196, 101, 2, 0x00, 198, 101, 1, 0x03, 199, 101, 2, 0x02
    .word 201, 101, 2, 0x00, 203, 101, 7, 0x01, 210, 101, 2, 0x00, 212, 101, 2, 0x02, 214, 101, 3, 0x00
    .word 217, 101, 2, 0x02, 219, 101, 1, 0x0c, 220, 101, 5, 0x00, 225, 101, 1, 0x0c, 226, 101, 4, 0x02
    .word 230, 101, 3, 0x03, 233, 101, 1, 0x02, 234, 101, 7, 0x00, 241, 101, 5, 0x0c, 246, 101, 74, 0x00
    .word 0, 102, 63, 0x00, 63, 102, 3, 0x01, 66, 102, 6, 0x00, 72, 102, 1, 0x02, 73, 102, 5, 0x00
    .word 78, 102, 1, 0x0c, 79, 102, 10, 0x00, 89, 102, 1, 0x03, 90, 102, 4, 0x00, 94, 102, 1, 0x0b
    .word 95, 102, 3, 0x00, 98, 102, 7, 0x01, 105, 102, 2, 0x00, 107, 102, 1, 0x02, 108, 102, 5, 0x00
    .word 113, 102, 1, 0x0c, 114, 102, 4, 0x00, 118, 102, 2, 0x01, 120, 102, 5, 0x00, 125, 102, 2, 0x03
    .word 127, 102, 2, 0x00, 129, 102, 6, 0x01, 135, 102, 3, 0x00, 138, 102, 1, 0x0c, 139, 102, 2, 0x00
    .word 141, 102, 1, 0x01, 142, 102, 3, 0x00, 145, 102, 2, 0x02, 147, 102, 2, 0x00, 149, 102, 4, 0x01
    .word 153, 102, 2, 0x00, 155, 102, 1, 0x01, 156, 102, 12, 0x00, 168, 102, 1, 0x03, 169, 102, 2, 0x00
    .word 171, 102, 5, 0x01, 176, 102, 11, 0x00, 187, 102, 9, 0x01, 196, 102, 3, 0x00, 199, 102, 1, 0x02
    .word 200, 102, 2, 0x00, 202, 102, 9, 0x01, 211, 102, 8, 0x00, 219, 102, 1, 0x0c, 220, 102, 6, 0x00
    .word 226, 102, 1, 0x02, 227, 102, 16, 0x00, 243, 102, 2, 0x0c, 245, 102, 75, 0x00, 0, 103, 62, 0x00
    .word 62, 103, 6, 0x01, 68, 103, 4, 0x00, 72, 103, 1, 0x02, 73, 103, 5, 0x00, 78, 103, 1, 0x0c
    .word 79, 103, 10, 0x00, 89, 103, 1, 0x03, 90, 103, 4, 0x00, 94, 103, 1, 0x0b, 95, 103, 3, 0x00
    .word 98, 103, 7, 0x01, 105, 103, 8, 0x00, 113, 103, 1, 0x0c, 114, 103, 3, 0x00, 117, 103, 3, 0x01
    .word 120, 103, 5, 0x00, 125, 103, 2, 0x03, 127, 103, 1, 0x00, 128, 103, 8, 0x01, 136, 103, 2, 0x00
    .word 138, 103, 1, 0x0c, 139, 103, 2, 0x00, 141, 103, 2, 0x01, 143, 103, 2, 0x00, 145, 103, 2, 0x02
    .word 147, 103, 1, 0x00, 148, 103, 6, 0x01, 154, 103, 1, 0x00, 155, 103, 1, 0x01, 156, 103, 12, 0x00
    .word 168, 103, 1, 0x03, 169, 103, 1, 0x00, 170, 103, 7, 0x01, 177, 103, 9, 0x00, 186, 103, 10, 0x01
    .word 196, 103, 3, 0x00, 199, 103, 1, 0x02, 200, 103, 2, 0x00, 202, 103, 9, 0x01, 211, 103, 8, 0x00
    .word 219, 103, 1, 0x0c, 220, 103, 3, 0x00, 223, 103, 1, 0x01, 224, 103, 2, 0x00, 226, 103, 1, 0x02
    .word 227, 103, 9, 0x00, 236, 103, 2, 0x01, 238, 103, 6, 0x00, 244, 103, 1, 0x0c, 245, 103, 75, 0x00
    .word 0, 104, 61, 0x00, 61, 104, 7, 0x01, 68, 104, 4, 0x00, 72, 104, 1, 0x02, 73, 104, 2, 0x00
    .word 75, 104, 2, 0x01, 77, 104, 1, 0x00, 78, 104, 1, 0x0c, 79, 104, 7, 0x00, 86, 104, 1, 0x01
    .word 87, 104, 2, 0x00, 89, 104, 1, 0x03, 90, 104, 4, 0x00, 94, 104, 1, 0x0b, 95, 104, 2, 0x00
    .word 97, 104, 8, 0x01, 105, 104, 3, 0x00, 108, 104, 2, 0x01, 110, 104, 3, 0x00, 113, 104, 1, 0x03
    .word 114, 104, 2, 0x00, 116, 104, 8, 0x01, 124, 104, 2, 0x00, 126, 104, 1, 0x03, 127, 104, 1, 0x00
    .word 128, 104, 9, 0x01, 137, 104, 1, 0x00, 138, 104, 1, 0x0c, 139, 104, 1, 0x00, 140, 104, 4, 0x01
    .word 144, 104, 4, 0x00, 148, 104, 6, 0x01, 154, 104, 8, 0x00, 162, 104, 4, 0x01, 166, 104, 1, 0x00
    .word 167, 104, 1, 0x02, 168, 104, 1, 0x03, 169, 104, 1, 0x00, 170, 104, 10, 0x01, 180, 104, 5, 0x00
    .word 185, 104, 12, 0x01, 197, 104, 2, 0x00, 199, 104, 1, 0x02, 200, 104, 1, 0x00, 201, 104, 11, 0x01
    .word 212, 104, 7, 0x00, 219, 104, 1, 0x02, 220, 104, 3, 0x00, 223, 104, 1, 0x01, 224, 104, 2, 0x00
    .word 226, 104, 1, 0x02, 227, 104, 2, 0x00, 229, 104, 1, 0x02, 230, 104, 8, 0x01, 238, 104, 6, 0x00
    .word 244, 104, 1, 0x0c, 245, 104, 75, 0x00, 0, 105, 60, 0x00, 60, 105, 7, 0x01, 67, 105, 5, 0x00
    .word 72, 105, 1, 0x02, 73, 105, 2, 0x00, 75, 105, 2, 0x01, 77, 105, 1, 0x00, 78, 105, 1, 0x0c
    .word 79, 105, 6, 0x00, 85, 105, 2, 0x01, 87, 105, 2, 0x00, 89, 105, 1, 0x03, 90, 105, 7, 0x00
    .word 97, 105, 9, 0x01, 106, 105, 2, 0x00, 108, 105, 4, 0x01, 112, 105, 4, 0x00, 116, 105, 9, 0x01
    .word 125, 105, 3, 0x00, 128, 105, 9, 0x01, 137, 105, 1, 0x00, 138, 105, 1, 0x0c, 139, 105, 1, 0x00
    .word 140, 105, 4, 0x01, 144, 105, 4, 0x00, 148, 105, 6, 0x01, 154, 105, 9, 0x00, 163, 105, 3, 0x01
    .word 166, 105, 3, 0x00, 169, 105, 11, 0x01, 180, 105, 5, 0x00, 185, 105, 12, 0x01, 197, 105, 3, 0x00
    .word 200, 105, 12, 0x01, 212, 105, 12, 0x00, 224, 105, 1, 0x01, 225, 105, 1, 0x00, 226, 105, 1, 0x02
    .word 227, 105, 1, 0x00, 228, 105, 1, 0x01, 229, 105, 1, 0x02, 230, 105, 10, 0x01, 240, 105, 4, 0x00
    .word 244, 105, 1, 0x0c, 245, 105, 75, 0x00, 0, 106, 61, 0x00, 61, 106, 5, 0x01, 66, 106, 1, 0x09
    .word 67, 106, 5, 0x00, 72, 106, 1, 0x02, 73, 106, 2, 0x00, 75, 106, 2, 0x01, 77, 106, 7, 0x00
    .word 84, 106, 4, 0x01, 88, 106, 9, 0x00, 97, 106, 9, 0x01, 106, 106, 2, 0x00, 108, 106, 4, 0x01
    .word 112, 106, 5, 0x00, 117, 106, 8, 0x01, 125, 106, 1, 0x00, 126, 106, 1, 0x03, 127, 106, 1, 0x00
    .word 128, 106, 9, 0x01, 137, 106, 3, 0x00, 140, 106, 4, 0x01, 144, 106, 4, 0x00, 148, 106, 6, 0x01
    .word 154, 106, 10, 0x00, 164, 106, 2, 0x01, 166, 106, 3, 0x00, 169, 106, 11, 0x01, 180, 106, 5, 0x00
    .word 185, 106, 12, 0x01, 197, 106, 3, 0x00, 200, 106, 12, 0x01, 212, 106, 12, 0x00, 224, 106, 1, 0x01
    .word 225, 106, 3, 0x00, 228, 106, 13, 0x01, 241, 106, 3, 0x00, 244, 106, 1, 0x0c, 245, 106, 75, 0x00
    .word 0, 107, 63, 0x00, 63, 107, 3, 0x01, 66, 107, 9, 0x00, 75, 107, 3, 0x01, 78, 107, 6, 0x00
    .word 84, 107, 7, 0x01, 91, 107, 8, 0x00, 99, 107, 2, 0x01, 101, 107, 7, 0x00, 108, 107, 2, 0x01
    .word 110, 107, 8, 0x00, 118, 107, 4, 0x01, 122, 107, 7, 0x00, 129, 107, 4, 0x01, 133, 107, 36, 0x00
    .word 169, 107, 4, 0x01, 173, 107, 6, 0x00, 179, 107, 1, 0x01, 180, 107, 5, 0x00, 185, 107, 2, 0x01
    .word 187, 107, 11, 0x00, 198, 107, 1, 0x01, 199, 107, 8, 0x00, 207, 107, 4, 0x01, 211, 107, 17, 0x00
    .word 228, 107, 14, 0x01, 242, 107, 5, 0x00, 247, 107, 2, 0x01, 249, 107, 71, 0x00, 0, 108, 73, 0x00
    .word 73, 108, 6, 0x01, 79, 108, 4, 0x00, 83, 108, 8, 0x01, 91, 108, 16, 0x00, 107, 108, 3, 0x01
    .word 110, 108, 8, 0x00, 118, 108, 4, 0x01, 122, 108, 8, 0x00, 130, 108, 2, 0x01, 132, 108, 38, 0x00
    .word 170, 108, 3, 0x01, 173, 108, 25, 0x00, 198, 108, 1, 0x01, 199, 108, 9, 0x00, 208, 108, 3, 0x01
    .word 211, 108, 11, 0x00, 222, 108, 4, 0x0c, 226, 108, 2, 0x00, 228, 108, 15, 0x01, 243, 108, 3, 0x00
    .word 246, 108, 5, 0x01, 251, 108, 69, 0x00, 0, 109, 73, 0x00, 73, 109, 6, 0x01, 79, 109, 3, 0x00
    .word 82, 109, 9, 0x01, 91, 109, 1, 0x00, 92, 109, 5, 0x0c, 97, 109, 4, 0x00, 101, 109, 5, 0x0c
    .word 106, 109, 1, 0x00, 107, 109, 3, 0x01, 110, 109, 1, 0x00, 111, 109, 1, 0x03, 112, 109, 5, 0x0c
    .word 117, 109, 1, 0x00, 118, 109, 4, 0x01, 122, 109, 1, 0x00, 123, 109, 5, 0x0c, 128, 109, 2, 0x00
    .word 130, 109, 2, 0x01, 132, 109, 1, 0x00, 133, 109, 4, 0x0c, 137, 109, 1, 0x00, 138, 109, 13, 0x0c
    .word 151, 109, 3, 0x00, 154, 109, 6, 0x0c, 160, 109, 2, 0x00, 162, 109, 1, 0x01, 163, 109, 2, 0x00
    .word 165, 109, 4, 0x0c, 169, 109, 2, 0x00, 171, 109, 2, 0x01, 173, 109, 2, 0x00, 175, 109, 4, 0x0c
    .word 179, 109, 2, 0x00, 181, 109, 3, 0x0c, 184, 109, 3, 0x00, 187, 109, 10, 0x0c, 197, 109, 5, 0x00
    .word 202, 109, 5, 0x0c, 207, 109, 1, 0x00, 208, 109, 2, 0x01, 210, 109, 1, 0x00, 211, 109, 3, 0x0c
    .word 214, 109, 5, 0x00, 219, 109, 9, 0x0c, 228, 109, 1, 0x00, 229, 109, 22, 0x01, 251, 109, 69, 0x00
    .word 0, 110, 73, 0x00, 73, 110, 7, 0x01, 80, 110, 1, 0x00, 81, 110, 10, 0x01, 91, 110, 1, 0x00
    .word 92, 110, 5, 0x0c, 97, 110, 4, 0x00, 101, 110, 5, 0x0c, 106, 110, 1, 0x00, 107, 110, 3, 0x01
    .word 110, 110, 1, 0x00, 111, 110, 6, 0x0c, 117, 110, 2, 0x00, 119, 110, 3, 0x01, 122, 110, 1, 0x00
    .word 123, 110, 5, 0x0c, 128, 110, 2, 0x00, 130, 110, 1, 0x01, 131, 110, 2, 0x00, 133, 110, 4, 0x0c
    .word 137, 110, 1, 0x00, 138, 110, 13, 0x0c, 151, 110, 3, 0x00, 154, 110, 6, 0x0c, 160, 110, 2, 0x00
    .word 162, 110, 1, 0x01, 163, 110, 2, 0x00, 165, 110, 4, 0x0c, 169, 110, 2, 0x00, 171, 110, 2, 0x01
    .word 173, 110, 2, 0x00, 175, 110, 4, 0x0c, 179, 110, 2, 0x00, 181, 110, 3, 0x0c, 184, 110, 3, 0x00
    .word 187, 110, 11, 0x0c, 198, 110, 4, 0x00, 202, 110, 5, 0x0c, 207, 110, 1, 0x00, 208, 110, 2, 0x01
    .word 210, 110, 1, 0x00, 211, 110, 3, 0x0c, 214, 110, 4, 0x00, 218, 110, 10, 0x0c, 228, 110, 1, 0x00
    .word 229, 110, 23, 0x01, 252, 110, 68, 0x00, 0, 111, 73, 0x00, 73, 111, 18, 0x01, 91, 111, 1, 0x00
    .word 92, 111, 5, 0x0c, 97, 111, 4, 0x00, 101, 111, 5, 0x0c, 106, 111, 1, 0x00, 107, 111, 2, 0x01
    .word 109, 111, 2, 0x00, 111, 111, 6, 0x0c, 117, 111, 3, 0x00, 120, 111, 2, 0x01, 122, 111, 1, 0x00
    .word 123, 111, 6, 0x0c, 129, 111, 4, 0x00, 133, 111, 4, 0x0c, 137, 111, 1, 0x00, 138, 111, 13, 0x0c
    .word 151, 111, 3, 0x00, 154, 111, 7, 0x0c, 161, 111, 5, 0x00, 166, 111, 3, 0x0c, 169, 111, 2, 0x00
    .word 171, 111, 2, 0x01, 173, 111, 1, 0x00, 174, 111, 5, 0x0c, 179, 111, 2, 0x00, 181, 111, 3, 0x0c
    .word 184, 111, 3, 0x00, 187, 111, 12, 0x0c, 199, 111, 3, 0x00, 202, 111, 5, 0x0c, 207, 111, 1, 0x00
    .word 208, 111, 2, 0x01, 210, 111, 1, 0x00, 211, 111, 3, 0x0c, 214, 111, 4, 0x00, 218, 111, 10, 0x0c
    .word 228, 111, 1, 0x00, 229, 111, 9, 0x01, 238, 111, 4, 0x00, 242, 111, 10, 0x01, 252, 111, 68, 0x00
    .word 0, 112, 74, 0x00, 74, 112, 17, 0x01, 91, 112, 1, 0x00, 92, 112, 5, 0x0c, 97, 112, 4, 0x00
    .word 101, 112, 5, 0x0c, 106, 112, 1, 0x00, 107, 112, 2, 0x01, 109, 112, 1, 0x00, 110, 112, 8, 0x0c
    .word 118, 112, 2, 0x00, 120, 112, 2, 0x01, 122, 112, 1, 0x00, 123, 112, 6, 0x0c, 129, 112, 4, 0x00
    .word 133, 112, 4, 0x0c, 137, 112, 5, 0x00, 142, 112, 5, 0x0c, 147, 112, 6, 0x00, 153, 112, 9, 0x0c
    .word 162, 112, 4, 0x00, 166, 112, 3, 0x0c, 169, 112, 2, 0x00, 171, 112, 2, 0x01, 173, 112, 1, 0x00
    .word 174, 112, 4, 0x0c, 178, 112, 3, 0x00, 181, 112, 3, 0x0c, 184, 112, 3, 0x00, 187, 112, 5, 0x0c
    .word 192, 112, 3, 0x00, 195, 112, 4, 0x0c, 199, 112, 3, 0x00, 202, 112, 5, 0x0c, 207, 112, 1, 0x00
    .word 208, 112, 2, 0x01, 210, 112, 1, 0x00, 211, 112, 3, 0x0c, 214, 112, 3, 0x00, 217, 112, 5, 0x0c
    .word 222, 112, 3, 0x00, 225, 112, 4, 0x0c, 229, 112, 1, 0x00, 230, 112, 8, 0x01, 238, 112, 5, 0x00
    .word 243, 112, 1, 0x01, 244, 112, 2, 0x00, 246, 112, 5, 0x01, 251, 112, 69, 0x00, 0, 113, 75, 0x00
    .word 75, 113, 16, 0x01, 91, 113, 1, 0x00, 92, 113, 5, 0x0c, 97, 113, 4, 0x00, 101, 113, 5, 0x0c
    .word 106, 113, 1, 0x00, 107, 113, 2, 0x01, 109, 113, 1, 0x00, 110, 113, 4, 0x0c, 114, 113, 1, 0x00
    .word 115, 113, 3, 0x0c, 118, 113, 2, 0x00, 120, 113, 2, 0x01, 122, 113, 1, 0x00, 123, 113, 7, 0x0c
    .word 130, 113, 3, 0x00, 133, 113, 4, 0x0c, 137, 113, 5, 0x00, 142, 113, 5, 0x0c, 147, 113, 6, 0x00
    .word 153, 113, 4, 0x0c, 157, 113, 1, 0x00, 158, 113, 4, 0x0c, 162, 113, 1, 0x00, 163, 113, 1, 0x01
    .word 164, 113, 2, 0x00, 166, 113, 4, 0x0c, 170, 113, 1, 0x00, 171, 113, 1, 0x01, 172, 113, 2, 0x00
    .word 174, 113, 4, 0x0c, 178, 113, 3, 0x00, 181, 113, 3, 0x0c, 184, 113, 3, 0x00, 187, 113, 5, 0x0c
    .word 192, 113, 4, 0x00, 196, 113, 3, 0x0c, 199, 113, 3, 0x00, 202, 113, 5, 0x0c, 207, 113, 1, 0x00
    .word 208, 113, 2, 0x01, 210, 113, 1, 0x00, 211, 113, 3, 0x0c, 214, 113, 3, 0x00, 217, 113, 4, 0x0c
    .word 221, 113, 4, 0x00, 225, 113, 4, 0x0c, 229, 113, 1, 0x00, 230, 113, 8, 0x01, 238, 113, 82, 0x00
    .word 0, 114, 75, 0x00, 75, 114, 16, 0x01, 91, 114, 1, 0x00, 92, 114, 5, 0x0c, 97, 114, 4, 0x00
    .word 101, 114, 5, 0x0c, 106, 114, 1, 0x00, 107, 114, 1, 0x01, 108, 114, 2, 0x00, 110, 114, 3, 0x0c
    .word 113, 114, 2, 0x00, 115, 114, 4, 0x0c, 119, 114, 1, 0x00, 120, 114, 2, 0x01, 122, 114, 1, 0x00
    .word 123, 114, 8, 0x0c, 131, 114, 2, 0x00, 133, 114, 4, 0x0c, 137, 114, 1, 0x00, 138, 114, 3, 0x01
    .word 141, 114, 1, 0x00, 142, 114, 5, 0x0c, 147, 114, 1, 0x00, 148, 114, 3, 0x01, 151, 114, 2, 0x00
    .word 153, 114, 4, 0x0c, 157, 114, 1, 0x00, 158, 114, 4, 0x0c, 162, 114, 5, 0x00, 167, 114, 3, 0x0c
    .word 170, 114, 1, 0x00, 171, 114, 1, 0x01, 172, 114, 1, 0x00, 173, 114, 1, 0x01, 174, 114, 4, 0x0c
    .word 178, 114, 3, 0x00, 181, 114, 3, 0x0c, 184, 114, 3, 0x00, 187, 114, 5, 0x0c, 192, 114, 4, 0x00
    .word 196, 114, 3, 0x0c, 199, 114, 3, 0x00, 202, 114, 5, 0x0c, 207, 114, 1, 0x00, 208, 114, 2, 0x01
    .word 210, 114, 1, 0x00, 211, 114, 3, 0x0c, 214, 114, 3, 0x00, 217, 114, 5, 0x0c, 222, 114, 8, 0x00
    .word 230, 114, 8, 0x01, 238, 114, 82, 0x00, 0, 115, 77, 0x00, 77, 115, 14, 0x01, 91, 115, 1, 0x00
    .word 92, 115, 5, 0x0c, 97, 115, 4, 0x00, 101, 115, 5, 0x0c, 106, 115, 1, 0x00, 107, 115, 1, 0x01
    .word 108, 115, 1, 0x00, 109, 115, 4, 0x0c, 113, 115, 2, 0x00, 115, 115, 4, 0x0c, 119, 115, 2, 0x00
    .word 121, 115, 1, 0x01, 122, 115, 1, 0x00, 123, 115, 8, 0x0c, 131, 115, 2, 0x00, 133, 115, 4, 0x0c
    .word 137, 115, 1, 0x00, 138, 115, 3, 0x01, 141, 115, 1, 0x00, 142, 115, 5, 0x0c, 147, 115, 1, 0x00
    .word 148, 115, 3, 0x01, 151, 115, 2, 0x00, 153, 115, 4, 0x0c, 157, 115, 1, 0x00, 158, 115, 4, 0x0c
    .word 162, 115, 5, 0x00, 167, 115, 3, 0x0c, 170, 115, 3, 0x00, 173, 115, 4, 0x0c, 177, 115, 4, 0x00
    .word 181, 115, 3, 0x0c, 184, 115, 3, 0x00, 187, 115, 5, 0x0c, 192, 115, 4, 0x00, 196, 115, 3, 0x0c
    .word 199, 115, 3, 0x00, 202, 115, 5, 0x0c, 207, 115, 1, 0x00, 208, 115, 2, 0x01, 210, 115, 1, 0x00
    .word 211, 115, 3, 0x0c, 214, 115, 3, 0x00, 217, 115, 6, 0x0c, 223, 115, 7, 0x00, 230, 115, 8, 0x01
    .word 238, 115, 82, 0x00, 0, 116, 77, 0x00, 77, 116, 14, 0x01, 91, 116, 1, 0x00, 92, 116, 14, 0x0c
    .word 106, 116, 1, 0x00, 107, 116, 1, 0x01, 108, 116, 1, 0x00, 109, 116, 4, 0x0c, 113, 116, 2, 0x00
    .word 115, 116, 5, 0x0c, 120, 116, 1, 0x00, 121, 116, 1, 0x01, 122, 116, 1, 0x00, 123, 116, 4, 0x0c
    .word 127, 116, 1, 0x00, 128, 116, 3, 0x0c, 131, 116, 2, 0x00, 133, 116, 4, 0x0c, 137, 116, 1, 0x00
    .word 138, 116, 3, 0x01, 141, 116, 1, 0x00, 142, 116, 5, 0x0c, 147, 116, 1, 0x00, 148, 116, 4, 0x01
    .word 152, 116, 1, 0x00, 153, 116, 4, 0x0c, 157, 116, 1, 0x00, 158, 116, 5, 0x0c, 163, 116, 4, 0x00
    .word 167, 116, 3, 0x0c, 170, 116, 3, 0x00, 173, 116, 4, 0x0c, 177, 116, 4, 0x00, 181, 116, 3, 0x0c
    .word 184, 116, 3, 0x00, 187, 116, 5, 0x0c, 192, 116, 3, 0x00, 195, 116, 4, 0x0c, 199, 116, 3, 0x00
    .word 202, 116, 5, 0x0c, 207, 116, 1, 0x00, 208, 116, 2, 0x01, 210, 116, 1, 0x00, 211, 116, 3, 0x0c
    .word 214, 116, 4, 0x00, 218, 116, 7, 0x0c, 225, 116, 4, 0x00, 229, 116, 9, 0x01, 238, 116, 82, 0x00
    .word 0, 117, 76, 0x00, 76, 117, 15, 0x01, 91, 117, 1, 0x00, 92, 117, 14, 0x0c, 106, 117, 1, 0x00
    .word 107, 117, 1, 0x01, 108, 117, 1, 0x00, 109, 117, 4, 0x0c, 113, 117, 2, 0x00, 115, 117, 5, 0x0c
    .word 120, 117, 1, 0x00, 121, 117, 1, 0x01, 122, 117, 1, 0x00, 123, 117, 4, 0x0c, 127, 117, 1, 0x00
    .word 128, 117, 4, 0x0c, 132, 117, 1, 0x00, 133, 117, 4, 0x0c, 137, 117, 1, 0x00, 138, 117, 3, 0x01
    .word 141, 117, 1, 0x00, 142, 117, 1, 0x02, 143, 117, 1, 0x0c, 144, 117, 1, 0x02, 145, 117, 2, 0x0c
    .word 147, 117, 1, 0x00, 148, 117, 4, 0x01, 152, 117, 1, 0x00, 153, 117, 3, 0x0c, 156, 117, 2, 0x00
    .word 158, 117, 5, 0x0c, 163, 117, 4, 0x00, 167, 117, 4, 0x0c, 171, 117, 2, 0x00, 173, 117, 4, 0x0c
    .word 177, 117, 4, 0x00, 181, 117, 3, 0x0c, 184, 117, 3, 0x00, 187, 117, 5, 0x0c, 192, 117, 2, 0x00
    .word 194, 117, 4, 0x0c, 198, 117, 4, 0x00, 202, 117, 5, 0x0c, 207, 117, 1, 0x00, 208, 117, 2, 0x01
    .word 210, 117, 1, 0x00, 211, 117, 3, 0x0c, 214, 117, 4, 0x00, 218, 117, 8, 0x0c, 226, 117, 2, 0x00
    .word 228, 117, 5, 0x01, 233, 117, 2, 0x00, 235, 117, 3, 0x01, 238, 117, 82, 0x00, 0, 118, 75, 0x00
    .word 75, 118, 5, 0x01, 80, 118, 1, 0x00, 81, 118, 10, 0x01, 91, 118, 1, 0x00, 92, 118, 7, 0x0c
    .word 99, 118, 1, 0x03, 100, 118, 6, 0x0c, 106, 118, 3, 0x00, 109, 118, 4, 0x0c, 113, 118, 3, 0x00
    .word 116, 118, 4, 0x0c, 120, 118, 1, 0x00, 121, 118, 1, 0x01, 122, 118, 1, 0x00, 123, 118, 4, 0x0c
    .word 127, 118, 1, 0x00, 128, 118, 4, 0x0c, 132, 118, 1, 0x00, 133, 118, 4, 0x0c, 137, 118, 1, 0x00
    .word 138, 118, 3, 0x01, 141, 118, 1, 0x00, 142, 118, 1, 0x02, 143, 118, 1, 0x0c, 144, 118, 1, 0x02
    .word 145, 118, 2, 0x0c, 147, 118, 1, 0x00, 148, 118, 4, 0x01, 152, 118, 1, 0x00, 153, 118, 3, 0x0c
    .word 156, 118, 3, 0x00, 159, 118, 4, 0x0c, 163, 118, 5, 0x00, 168, 118, 3, 0x0c, 171, 118, 2, 0x00
    .word 173, 118, 4, 0x0c, 177, 118, 4, 0x00, 181, 118, 3, 0x0c, 184, 118, 3, 0x00, 187, 118, 11, 0x0c
    .word 198, 118, 4, 0x00, 202, 118, 5, 0x0c, 207, 118, 1, 0x00, 208, 118, 2, 0x01, 210, 118, 1, 0x00
    .word 211, 118, 3, 0x0c, 214, 118, 5, 0x00, 219, 118, 9, 0x0c, 228, 118, 1, 0x00, 229, 118, 2, 0x01
    .word 231, 118, 5, 0x00, 236, 118, 1, 0x09, 237, 118, 2, 0x01, 239, 118, 81, 0x00, 0, 119, 71, 0x00
    .word 71, 119, 7, 0x01, 78, 119, 4, 0x00, 82, 119, 2, 0x01, 84, 119, 2, 0x00, 86, 119, 5, 0x01
    .word 91, 119, 1, 0x00, 92, 119, 2, 0x0c, 94, 119, 1, 0x02, 95, 119, 2, 0x0c, 97, 119, 1, 0x02
    .word 98, 119, 2, 0x03, 100, 119, 6, 0x0c, 106, 119, 2, 0x00, 108, 119, 4, 0x0c, 112, 119, 4, 0x00
    .word 116, 119, 4, 0x0c, 120, 119, 1, 0x00, 121, 119, 1, 0x01, 122, 119, 1, 0x00, 123, 119, 4, 0x0c
    .word 127, 119, 2, 0x00, 129, 119, 3, 0x0c, 132, 119, 1, 0x00, 133, 119, 4, 0x0c, 137, 119, 1, 0x00
    .word 138, 119, 3, 0x01, 141, 119, 1, 0x00, 142, 119, 3, 0x02, 145, 119, 1, 0x03, 146, 119, 1, 0x0c
    .word 147, 119, 1, 0x00, 148, 119, 3, 0x01, 151, 119, 2, 0x00, 153, 119, 3, 0x0c, 156, 119, 3, 0x00
    .word 159, 119, 4, 0x0c, 163, 119, 5, 0x00, 168, 119, 3, 0x0c, 171, 119, 1, 0x00, 172, 119, 4, 0x0c
    .word 176, 119, 5, 0x00, 181, 119, 3, 0x0c, 184, 119, 3, 0x00, 187, 119, 11, 0x0c, 198, 119, 4, 0x00
    .word 202, 119, 5, 0x0c, 207, 119, 1, 0x00, 208, 119, 2, 0x01, 210, 119, 1, 0x00, 211, 119, 3, 0x0c
    .word 214, 119, 7, 0x00, 221, 119, 7, 0x0c, 228, 119, 2, 0x00, 230, 119, 1, 0x01, 231, 119, 6, 0x00
    .word 237, 119, 3, 0x01, 240, 119, 80, 0x00, 0, 120, 70, 0x00, 70, 120, 7, 0x01, 77, 120, 9, 0x00
    .word 86, 120, 5, 0x01, 91, 120, 1, 0x00, 92, 120, 2, 0x0c, 94, 120, 1, 0x02, 95, 120, 2, 0x0c
    .word 97, 120, 4, 0x00, 101, 120, 5, 0x0c, 106, 120, 2, 0x00, 108, 120, 4, 0x0c, 112, 120, 4, 0x00
    .word 116, 120, 4, 0x0c, 120, 120, 3, 0x00, 123, 120, 4, 0x0c, 127, 120, 2, 0x00, 129, 120, 6, 0x0c
    .word 135, 120, 1, 0x03, 136, 120, 1, 0x0c, 137, 120, 1, 0x00, 138, 120, 3, 0x01, 141, 120, 1, 0x00
    .word 142, 120, 1, 0x02, 143, 120, 1, 0x0c, 144, 120, 2, 0x03, 146, 120, 1, 0x0c, 147, 120, 1, 0x00
    .word 148, 120, 3, 0x01, 151, 120, 1, 0x00, 152, 120, 4, 0x0c, 156, 120, 3, 0x00, 159, 120, 4, 0x0c
    .word 163, 120, 5, 0x00, 168, 120, 3, 0x0c, 171, 120, 1, 0x00, 172, 120, 4, 0x0c, 176, 120, 5, 0x00
    .word 181, 120, 3, 0x0c, 184, 120, 3, 0x00, 187, 120, 5, 0x0c, 192, 120, 2, 0x00, 194, 120, 4, 0x0c
    .word 198, 120, 4, 0x00, 202, 120, 5, 0x0c, 207, 120, 1, 0x00, 208, 120, 2, 0x01, 210, 120, 1, 0x00
    .word 211, 120, 3, 0x0c, 214, 120, 9, 0x00, 223, 120, 5, 0x0c, 228, 120, 10, 0x00, 238, 120, 3, 0x01
    .word 241, 120, 79, 0x00, 0, 121, 68, 0x00, 68, 121, 9, 0x01, 77, 121, 11, 0x00, 88, 121, 2, 0x01
    .word 90, 121, 2, 0x00, 92, 121, 1, 0x0c, 93, 121, 3, 0x02, 96, 121, 1, 0x0c, 97, 121, 4, 0x00
    .word 101, 121, 1, 0x0c, 102, 121, 1, 0x03, 103, 121, 3, 0x0c, 106, 121, 2, 0x00, 108, 121, 5, 0x0c
    .word 113, 121, 2, 0x03, 115, 121, 3, 0x0c, 118, 121, 1, 0x03, 119, 121, 1, 0x0c, 120, 121, 1, 0x03
    .word 121, 121, 2, 0x00, 123, 121, 4, 0x0c, 127, 121, 2, 0x00, 129, 121, 5, 0x0c, 134, 121, 2, 0x03
    .word 136, 121, 1, 0x0c, 137, 121, 1, 0x00, 138, 121, 3, 0x01, 141, 121, 1, 0x00, 142, 121, 1, 0x02
    .word 143, 121, 1, 0x0c, 144, 121, 2, 0x03, 146, 121, 1, 0x0c, 147, 121, 1, 0x00, 148, 121, 2, 0x01
    .word 150, 121, 2, 0x00, 152, 121, 1, 0x0c, 153, 121, 1, 0x03, 154, 121, 10, 0x0c, 164, 121, 4, 0x00
    .word 168, 121, 3, 0x0c, 171, 121, 1, 0x00, 172, 121, 2, 0x0c, 174, 121, 1, 0x04, 175, 121, 1, 0x0c
    .word 176, 121, 5, 0x00, 181, 121, 3, 0x0c, 184, 121, 3, 0x00, 187, 121, 5, 0x0c, 192, 121, 4, 0x00
    .word 196, 121, 3, 0x0c, 199, 121, 3, 0x00, 202, 121, 5, 0x0c, 207, 121, 1, 0x00, 208, 121, 2, 0x01
    .word 210, 121, 1, 0x00, 211, 121, 3, 0x0c, 214, 121, 1, 0x01, 215, 121, 10, 0x00, 225, 121, 4, 0x0c
    .word 229, 121, 9, 0x00, 238, 121, 1, 0x01, 239, 121, 1, 0x09, 240, 121, 1, 0x01, 241, 121, 79, 0x00
    .word 0, 122, 67, 0x00, 67, 122, 6, 0x01, 73, 122, 15, 0x00, 88, 122, 2, 0x01, 90, 122, 2, 0x00
    .word 92, 122, 1, 0x0c, 93, 122, 3, 0x02, 96, 122, 1, 0x0c, 97, 122, 4, 0x00, 101, 122, 1, 0x0c
    .word 102, 122, 1, 0x03, 103, 122, 3, 0x0c, 106, 122, 2, 0x00, 108, 122, 2, 0x0c, 110, 122, 1, 0x03
    .word 111, 122, 3, 0x0c, 114, 122, 1, 0x03, 115, 122, 2, 0x0c, 117, 122, 2, 0x03, 119, 122, 1, 0x0c
    .word 120, 122, 1, 0x03, 121, 122, 2, 0x00, 123, 122, 4, 0x0c, 127, 122, 3, 0x00, 130, 122, 3, 0x0c
    .word 133, 122, 3, 0x03, 136, 122, 1, 0x0c, 137, 122, 1, 0x00, 138, 122, 3, 0x01, 141, 122, 1, 0x00
    .word 142, 122, 1, 0x02, 143, 122, 1, 0x0c, 144, 122, 2, 0x03, 146, 122, 1, 0x0c, 147, 122, 1, 0x00
    .word 148, 122, 1, 0x01, 149, 122, 3, 0x00, 152, 122, 1, 0x0c, 153, 122, 2, 0x03, 155, 122, 9, 0x0c
    .word 164, 122, 4, 0x00, 168, 122, 4, 0x0c, 172, 122, 2, 0x02, 174, 122, 1, 0x04, 175, 122, 1, 0x0c
    .word 176, 122, 2, 0x00, 178, 122, 1, 0x01, 179, 122, 2, 0x00, 181, 122, 3, 0x0c, 184, 122, 3, 0x00
    .word 187, 122, 5, 0x0c, 192, 122, 4, 0x00, 196, 122, 3, 0x0c, 199, 122, 3, 0x00, 202, 122, 5, 0x0c
    .word 207, 122, 1, 0x00, 208, 122, 2, 0x01, 210, 122, 1, 0x00, 211, 122, 3, 0x0c, 214, 122, 1, 0x01
    .word 215, 122, 10, 0x00, 225, 122, 4, 0x0c, 229, 122, 91, 0x00, 0, 123, 67, 0x00, 67, 123, 5, 0x01
    .word 72, 123, 16, 0x00, 88, 123, 2, 0x01, 90, 123, 2, 0x00, 92, 123, 1, 0x0c, 93, 123, 3, 0x02
    .word 96, 123, 1, 0x0c, 97, 123, 4, 0x00, 101, 123, 1, 0x0c, 102, 123, 1, 0x03, 103, 123, 3, 0x0c
    .word 106, 123, 2, 0x00, 108, 123, 2, 0x0c, 110, 123, 1, 0x03, 111, 123, 4, 0x0c, 115, 123, 6, 0x03
    .word 121, 123, 2, 0x00, 123, 123, 4, 0x0c, 127, 123, 3, 0x00, 130, 123, 2, 0x0c, 132, 123, 1, 0x02
    .word 133, 123, 1, 0x03, 134, 123, 1, 0x02, 135, 123, 1, 0x03, 136, 123, 1, 0x0c, 137, 123, 1, 0x00
    .word 138, 123, 3, 0x01, 141, 123, 1, 0x00, 142, 123, 1, 0x02, 143, 123, 1, 0x0c, 144, 123, 2, 0x03
    .word 146, 123, 1, 0x0c, 147, 123, 5, 0x00, 152, 123, 1, 0x0c, 153, 123, 3, 0x03, 156, 123, 8, 0x0c
    .word 164, 123, 4, 0x00, 168, 123, 2, 0x02, 170, 123, 2, 0x0c, 172, 123, 1, 0x03, 173, 123, 1, 0x02
    .word 174, 123, 1, 0x04, 175, 123, 3, 0x00, 178, 123, 2, 0x01, 180, 123, 1, 0x00, 181, 123, 1, 0x0c
    .word 182, 123, 1, 0x02, 183, 123, 1, 0x0c, 184, 123, 3, 0x00, 187, 123, 2, 0x0c, 189, 123, 1, 0x02
    .word 190, 123, 2, 0x0c, 192, 123, 4, 0x00, 196, 123, 3, 0x0c, 199, 123, 3, 0x00, 202, 123, 1, 0x0c
    .word 203, 123, 1, 0x03, 204, 123, 3, 0x0c, 207, 123, 1, 0x00, 208, 123, 2, 0x01, 210, 123, 1, 0x00
    .word 211, 123, 3, 0x0c, 214, 123, 1, 0x01, 215, 123, 2, 0x00, 217, 123, 4, 0x0c, 221, 123, 5, 0x00
    .word 226, 123, 3, 0x0c, 229, 123, 91, 0x00, 0, 124, 65, 0x00, 65, 124, 6, 0x01, 71, 124, 17, 0x00
    .word 88, 124, 2, 0x01, 90, 124, 2, 0x00, 92, 124, 1, 0x0c, 93, 124, 2, 0x02, 95, 124, 2, 0x0c
    .word 97, 124, 4, 0x00, 101, 124, 1, 0x0c, 102, 124, 1, 0x03, 103, 124, 3, 0x0c, 106, 124, 1, 0x00
    .word 107, 124, 2, 0x0c, 109, 124, 1, 0x03, 110, 124, 1, 0x0c, 111, 124, 6, 0x00, 117, 124, 4, 0x03
    .word 121, 124, 2, 0x00, 123, 124, 4, 0x0c, 127, 124, 4, 0x00, 131, 124, 3, 0x02, 134, 124, 2, 0x03
    .word 136, 124, 1, 0x0c, 137, 124, 1, 0x00, 138, 124, 3, 0x01, 141, 124, 2, 0x00, 143, 124, 1, 0x0c
    .word 144, 124, 2, 0x03, 146, 124, 1, 0x0c, 147, 124, 4, 0x00, 151, 124, 1, 0x02, 152, 124, 2, 0x0c
    .word 154, 124, 1, 0x03, 155, 124, 5, 0x00, 160, 124, 2, 0x0c, 162, 124, 1, 0x03, 163, 124, 1, 0x0c
    .word 164, 124, 4, 0x00, 168, 124, 6, 0x02, 174, 124, 1, 0x0c, 175, 124, 3, 0x00, 178, 124, 2, 0x01
    .word 180, 124, 1, 0x00, 181, 124, 1, 0x0c, 182, 124, 1, 0x02, 183, 124, 1, 0x0c, 184, 124, 3, 0x00
    .word 187, 124, 2, 0x0c, 189, 124, 1, 0x02, 190, 124, 2, 0x0c, 192, 124, 4, 0x00, 196, 124, 3, 0x0c
    .word 199, 124, 3, 0x00, 202, 124, 5, 0x0c, 207, 124, 2, 0x00, 209, 124, 1, 0x01, 210, 124, 1, 0x00
    .word 211, 124, 3, 0x0c, 214, 124, 3, 0x00, 217, 124, 4, 0x0c, 221, 124, 5, 0x00, 226, 124, 3, 0x0c
    .word 229, 124, 9, 0x00, 238, 124, 3, 0x01, 241, 124, 79, 0x00, 0, 125, 64, 0x00, 64, 125, 5, 0x01
    .word 69, 125, 11, 0x00, 80, 125, 2, 0x01, 82, 125, 6, 0x00, 88, 125, 2, 0x01, 90, 125, 2, 0x00
    .word 92, 125, 1, 0x0c, 93, 125, 3, 0x02, 96, 125, 1, 0x0c, 97, 125, 4, 0x00, 101, 125, 1, 0x0c
    .word 102, 125, 2, 0x03, 104, 125, 2, 0x0c, 106, 125, 1, 0x00, 107, 125, 2, 0x0c, 109, 125, 1, 0x03
    .word 110, 125, 1, 0x0c, 111, 125, 6, 0x00, 117, 125, 4, 0x03, 121, 125, 1, 0x0c, 122, 125, 1, 0x00
    .word 123, 125, 1, 0x0c, 124, 125, 2, 0x03, 126, 125, 1, 0x0c, 127, 125, 4, 0x00, 131, 125, 3, 0x02
    .word 134, 125, 2, 0x03, 136, 125, 1, 0x0c, 137, 125, 1, 0x00, 138, 125, 3, 0x01, 141, 125, 2, 0x00
    .word 143, 125, 2, 0x0c, 145, 125, 1, 0x03, 146, 125, 1, 0x0c, 147, 125, 4, 0x00, 151, 125, 1, 0x03
    .word 152, 125, 2, 0x0c, 154, 125, 1, 0x03, 155, 125, 5, 0x00, 160, 125, 3, 0x0c, 163, 125, 1, 0x03
    .word 164, 125, 1, 0x0c, 165, 125, 3, 0x00, 168, 125, 4, 0x02, 172, 125, 1, 0x03, 173, 125, 1, 0x02
    .word 174, 125, 1, 0x0c, 175, 125, 3, 0x00, 178, 125, 2, 0x01, 180, 125, 1, 0x00, 181, 125, 3, 0x0c
    .word 184, 125, 3, 0x00, 187, 125, 2, 0x0c, 189, 125, 2, 0x02, 191, 125, 1, 0x0c, 192, 125, 4, 0x00
    .word 196, 125, 1, 0x0c, 197, 125, 1, 0x03, 198, 125, 1, 0x0c, 199, 125, 4, 0x00, 203, 125, 4, 0x0c
    .word 207, 125, 3, 0x00, 210, 125, 1, 0x03, 211, 125, 3, 0x0c, 214, 125, 3, 0x00, 217, 125, 5, 0x0c
    .word 222, 125, 3, 0x00, 225, 125, 1, 0x03, 226, 125, 3, 0x0c, 229, 125, 9, 0x00, 238, 125, 4, 0x01
    .word 242, 125, 78, 0x00, 0, 126, 63, 0x00, 63, 126, 4, 0x01, 67, 126, 12, 0x00, 79, 126, 4, 0x01
    .word 83, 126, 5, 0x00, 88, 126, 2, 0x01, 90, 126, 2, 0x00, 92, 126, 3, 0x0c, 95, 126, 1, 0x02
    .word 96, 126, 1, 0x0c, 97, 126, 4, 0x00, 101, 126, 1, 0x0c, 102, 126, 4, 0x03, 106, 126, 1, 0x00
    .word 107, 126, 2, 0x0c, 109, 126, 1, 0x03, 110, 126, 1, 0x04, 111, 126, 6, 0x00, 117, 126, 3, 0x03
    .word 120, 126, 2, 0x0c, 122, 126, 1, 0x00, 123, 126, 1, 0x0c, 124, 126, 2, 0x03, 126, 126, 1, 0x0c
    .word 127, 126, 4, 0x00, 131, 126, 3, 0x02, 134, 126, 2, 0x03, 136, 126, 1, 0x0c, 137, 126, 1, 0x00
    .word 138, 126, 2, 0x01, 140, 126, 3, 0x00, 143, 126, 4, 0x0c, 147, 126, 4, 0x00, 151, 126, 3, 0x0c
    .word 154, 126, 7, 0x00, 161, 126, 4, 0x0c, 165, 126, 3, 0x00, 168, 126, 4, 0x02, 172, 126, 1, 0x03
    .word 173, 126, 1, 0x0c, 174, 126, 4, 0x00, 178, 126, 2, 0x01, 180, 126, 1, 0x00, 181, 126, 2, 0x0c
    .word 183, 126, 1, 0x03, 184, 126, 3, 0x00, 187, 126, 2, 0x0c, 189, 126, 2, 0x02, 191, 126, 1, 0x0c
    .word 192, 126, 4, 0x00, 196, 126, 1, 0x0c, 197, 126, 1, 0x03, 198, 126, 1, 0x0c, 199, 126, 4, 0x00
    .word 203, 126, 5, 0x0c, 208, 126, 1, 0x00, 209, 126, 3, 0x03, 212, 126, 1, 0x0c, 213, 126, 4, 0x00
    .word 217, 126, 5, 0x0c, 222, 126, 1, 0x03, 223, 126, 1, 0x00, 224, 126, 1, 0x0c, 225, 126, 1, 0x03
    .word 226, 126, 2, 0x0c, 228, 126, 1, 0x02, 229, 126, 9, 0x00, 238, 126, 5, 0x01, 243, 126, 77, 0x00
    .word 0, 127, 63, 0x00, 63, 127, 3, 0x01, 66, 127, 12, 0x00, 78, 127, 5, 0x01, 83, 127, 5, 0x00
    .word 88, 127, 2, 0x01, 90, 127, 2, 0x00, 92, 127, 5, 0x0c, 97, 127, 4, 0x00, 101, 127, 1, 0x0c
    .word 102, 127, 3, 0x03, 105, 127, 1, 0x04, 106, 127, 1, 0x00, 107, 127, 2, 0x0c, 109, 127, 2, 0x03
    .word 111, 127, 7, 0x00, 118, 127, 2, 0x03, 120, 127, 2, 0x0c, 122, 127, 1, 0x00, 123, 127, 1, 0x0c
    .word 124, 127, 2, 0x03, 126, 127, 1, 0x0c, 127, 127, 5, 0x00, 132, 127, 1, 0x02, 133, 127, 3, 0x03
    .word 136, 127, 1, 0x0c, 137, 127, 1, 0x00, 138, 127, 2, 0x01, 140, 127, 3, 0x00, 143, 127, 4, 0x0c
    .word 147, 127, 4, 0x00, 151, 127, 1, 0x04, 152, 127, 1, 0x03, 153, 127, 1, 0x0c, 154, 127, 7, 0x00
    .word 161, 127, 1, 0x0c, 162, 127, 2, 0x02, 164, 127, 1, 0x0c, 165, 127, 4, 0x00, 169, 127, 2, 0x02
    .word 171, 127, 3, 0x0c, 174, 127, 4, 0x00, 178, 127, 2, 0x01, 180, 127, 1, 0x00, 181, 127, 1, 0x0c
    .word 182, 127, 2, 0x03, 184, 127, 3, 0x00, 187, 127, 2, 0x0c, 189, 127, 2, 0x02, 191, 127, 1, 0x0c
    .word 192, 127, 4, 0x00, 196, 127, 1, 0x0c, 197, 127, 2, 0x03, 199, 127, 5, 0x00, 204, 127, 9, 0x0c
    .word 213, 127, 5, 0x00, 218, 127, 4, 0x0c, 222, 127, 2, 0x03, 224, 127, 1, 0x0c, 225, 127, 1, 0x03
    .word 226, 127, 2, 0x0c, 228, 127, 11, 0x00, 239, 127, 5, 0x01, 244, 127, 76, 0x00, 0, 128, 77, 0x00
    .word 77, 128, 6, 0x01, 83, 128, 5, 0x00, 88, 128, 1, 0x01, 89, 128, 3, 0x00, 92, 128, 4, 0x0c
    .word 96, 128, 1, 0x03, 97, 128, 5, 0x00, 102, 128, 2, 0x03, 104, 128, 2, 0x04, 106, 128, 1, 0x00
    .word 107, 128, 3, 0x03, 110, 128, 8, 0x00, 118, 128, 1, 0x02, 119, 128, 2, 0x03, 121, 128, 1, 0x0c
    .word 122, 128, 1, 0x00, 123, 128, 4, 0x0c, 127, 128, 6, 0x00, 133, 128, 3, 0x03, 136, 128, 1, 0x0c
    .word 137, 128, 1, 0x00, 138, 128, 1, 0x01, 139, 128, 5, 0x00, 144, 128, 2, 0x0c, 146, 128, 5, 0x00
    .word 151, 128, 1, 0x02, 152, 128, 1, 0x04, 153, 128, 8, 0x00, 161, 128, 1, 0x0c, 162, 128, 3, 0x02
    .word 165, 128, 5, 0x00, 170, 128, 3, 0x0c, 173, 128, 1, 0x03, 174, 128, 4, 0x00, 178, 128, 2, 0x01
    .word 180, 128, 1, 0x00, 181, 128, 1, 0x0c, 182, 128, 2, 0x03, 184, 128, 3, 0x00, 187, 128, 4, 0x03
    .word 191, 128, 6, 0x00, 197, 128, 2, 0x03, 199, 128, 1, 0x0b, 200, 128, 6, 0x00, 206, 128, 6, 0x0c
    .word 212, 128, 8, 0x00, 220, 128, 2, 0x0c, 222, 128, 4, 0x03, 226, 128, 2, 0x0c, 228, 128, 13, 0x00
    .word 241, 128, 5, 0x01, 246, 128, 74, 0x00, 0, 129, 77, 0x00, 77, 129, 5, 0x01, 82, 129, 6, 0x00
    .word 88, 129, 1, 0x01, 89, 129, 5, 0x00, 94, 129, 2, 0x0c, 96, 129, 7, 0x00, 103, 129, 1, 0x03
    .word 104, 129, 5, 0x00, 109, 129, 1, 0x03, 110, 129, 9, 0x00, 119, 129, 1, 0x03, 120, 129, 4, 0x00
    .word 124, 129, 1, 0x0c, 125, 129, 10, 0x00, 135, 129, 1, 0x0c, 136, 129, 2, 0x00, 138, 129, 1, 0x01
    .word 139, 129, 6, 0x00, 145, 129, 1, 0x0c, 146, 129, 16, 0x00, 162, 129, 1, 0x02, 163, 129, 8, 0x00
    .word 171, 129, 2, 0x0c, 173, 129, 5, 0x00, 178, 129, 2, 0x01, 180, 129, 9, 0x00, 189, 129, 2, 0x03
    .word 191, 129, 18, 0x00, 209, 129, 1, 0x0c, 210, 129, 12, 0x00, 222, 129, 1, 0x03, 223, 129, 2, 0x02
    .word 225, 129, 2, 0x00, 227, 129, 1, 0x0c, 228, 129, 15, 0x00, 243, 129, 3, 0x01, 246, 129, 74, 0x00
    .word 0, 130, 76, 0x00, 76, 130, 5, 0x01, 81, 130, 13, 0x00, 94, 130, 2, 0x0c, 96, 130, 7, 0x00
    .word 103, 130, 1, 0x03, 104, 130, 5, 0x00, 109, 130, 1, 0x03, 110, 130, 9, 0x00, 119, 130, 1, 0x03
    .word 120, 130, 4, 0x00, 124, 130, 1, 0x04, 125, 130, 10, 0x00, 135, 130, 1, 0x0c, 136, 130, 2, 0x00
    .word 138, 130, 1, 0x01, 139, 130, 6, 0x00, 145, 130, 1, 0x0c, 146, 130, 16, 0x00, 162, 130, 1, 0x02
    .word 163, 130, 8, 0x00, 171, 130, 2, 0x0c, 173, 130, 5, 0x00, 178, 130, 2, 0x01, 180, 130, 9, 0x00
    .word 189, 130, 1, 0x03, 190, 130, 19, 0x00, 209, 130, 1, 0x0c, 210, 130, 12, 0x00, 222, 130, 1, 0x03
    .word 223, 130, 2, 0x02, 225, 130, 2, 0x00, 227, 130, 1, 0x0c, 228, 130, 15, 0x00, 243, 130, 3, 0x01
    .word 246, 130, 74, 0x00, 0, 131, 77, 0x00, 77, 131, 3, 0x01, 80, 131, 8, 0x00, 88, 131, 1, 0x01
    .word 89, 131, 5, 0x00, 94, 131, 1, 0x03, 95, 131, 1, 0x0c, 96, 131, 5, 0x00, 101, 131, 1, 0x09
    .word 102, 131, 1, 0x00, 103, 131, 1, 0x03, 104, 131, 5, 0x00, 109, 131, 1, 0x03, 110, 131, 9, 0x00
    .word 119, 131, 1, 0x03, 120, 131, 4, 0x00, 124, 131, 1, 0x0b, 125, 131, 10, 0x00, 135, 131, 1, 0x0c
    .word 136, 131, 2, 0x00, 138, 131, 1, 0x01, 139, 131, 6, 0x00, 145, 131, 1, 0x04, 146, 131, 25, 0x00
    .word 171, 131, 2, 0x02, 173, 131, 6, 0x00, 179, 131, 1, 0x01, 180, 131, 4, 0x00, 184, 131, 3, 0x01
    .word 187, 131, 2, 0x00, 189, 131, 1, 0x03, 190, 131, 14, 0x00, 204, 131, 2, 0x01, 206, 131, 3, 0x00
    .word 209, 131, 1, 0x02, 210, 131, 12, 0x00, 222, 131, 1, 0x03, 223, 131, 4, 0x00, 227, 131, 1, 0x0c
    .word 228, 131, 92, 0x00, 0, 132, 77, 0x00, 77, 132, 2, 0x01, 79, 132, 9, 0x00, 88, 132, 1, 0x01
    .word 89, 132, 5, 0x00, 94, 132, 1, 0x03, 95, 132, 1, 0x0c, 96, 132, 5, 0x00, 101, 132, 1, 0x09
    .word 102, 132, 1, 0x00, 103, 132, 1, 0x03, 104, 132, 5, 0x00, 109, 132, 1, 0x03, 110, 132, 9, 0x00
    .word 119, 132, 1, 0x03, 120, 132, 4, 0x00, 124, 132, 1, 0x0b, 125, 132, 10, 0x00, 135, 132, 1, 0x0c
    .word 136, 132, 2, 0x00, 138, 132, 1, 0x01, 139, 132, 6, 0x00, 145, 132, 1, 0x04, 146, 132, 25, 0x00
    .word 171, 132, 2, 0x02, 173, 132, 11, 0x00, 184, 132, 4, 0x01, 188, 132, 1, 0x00, 189, 132, 1, 0x03
    .word 190, 132, 14, 0x00, 204, 132, 3, 0x01, 207, 132, 2, 0x00, 209, 132, 1, 0x02, 210, 132, 12, 0x00
    .word 222, 132, 1, 0x03, 223, 132, 97, 0x00, 0, 133, 88, 0x00, 88, 133, 1, 0x01, 89, 133, 6, 0x00
    .word 95, 133, 1, 0x0c, 96, 133, 5, 0x00, 101, 133, 1, 0x09, 102, 133, 35, 0x00, 137, 133, 2, 0x01
    .word 139, 133, 6, 0x00, 145, 133, 1, 0x04, 146, 133, 38, 0x00, 184, 133, 4, 0x01, 188, 133, 16, 0x00
    .word 204, 133, 3, 0x01, 207, 133, 2, 0x00, 209, 133, 1, 0x02, 210, 133, 110, 0x00, 0, 134, 88, 0x00
    .word 88, 134, 1, 0x01, 89, 134, 6, 0x00, 95, 134, 1, 0x0c, 96, 134, 5, 0x00, 101, 134, 1, 0x09
    .word 102, 134, 35, 0x00, 137, 134, 2, 0x01, 139, 134, 32, 0x00, 171, 134, 1, 0x0b, 172, 134, 12, 0x00
    .word 184, 134, 2, 0x01, 186, 134, 1, 0x00, 187, 134, 1, 0x01, 188, 134, 16, 0x00, 204, 134, 3, 0x01
    .word 207, 134, 113, 0x00, 0, 135, 88, 0x00, 88, 135, 1, 0x01, 89, 135, 48, 0x00, 137, 135, 2, 0x01
    .word 139, 135, 48, 0x00, 187, 135, 2, 0x01, 189, 135, 15, 0x00, 204, 135, 4, 0x01, 208, 135, 112, 0x00
    .word 0, 136, 88, 0x00, 88, 136, 1, 0x01, 89, 136, 48, 0x00, 137, 136, 2, 0x01, 139, 136, 48, 0x00
    .word 187, 136, 4, 0x01, 191, 136, 13, 0x00, 204, 136, 3, 0x01, 207, 136, 15, 0x00, 222, 136, 2, 0x01
    .word 224, 136, 96, 0x00, 0, 137, 87, 0x00, 87, 137, 2, 0x01, 89, 137, 13, 0x00, 102, 137, 1, 0x01
    .word 103, 137, 34, 0x00, 137, 137, 2, 0x01, 139, 137, 48, 0x00, 187, 137, 4, 0x01, 191, 137, 13, 0x00
    .word 204, 137, 3, 0x01, 207, 137, 2, 0x00, 209, 137, 2, 0x01, 211, 137, 10, 0x00, 221, 137, 3, 0x01
    .word 224, 137, 96, 0x00, 0, 138, 87, 0x00, 87, 138, 1, 0x01, 88, 138, 13, 0x00, 101, 138, 2, 0x01
    .word 103, 138, 34, 0x00, 137, 138, 2, 0x01, 139, 138, 49, 0x00, 188, 138, 3, 0x01, 191, 138, 14, 0x00
    .word 205, 138, 1, 0x01, 206, 138, 2, 0x00, 208, 138, 3, 0x01, 211, 138, 10, 0x00, 221, 138, 3, 0x01
    .word 224, 138, 96, 0x00, 0, 139, 101, 0x00, 101, 139, 2, 0x01, 103, 139, 5, 0x00, 108, 139, 1, 0x01
    .word 109, 139, 28, 0x00, 137, 139, 3, 0x01, 140, 139, 5, 0x00, 145, 139, 2, 0x01, 147, 139, 41, 0x00
    .word 188, 139, 3, 0x01, 191, 139, 14, 0x00, 205, 139, 1, 0x01, 206, 139, 2, 0x00, 208, 139, 3, 0x01
    .word 211, 139, 10, 0x00, 221, 139, 3, 0x01, 224, 139, 96, 0x00, 0, 140, 101, 0x00, 101, 140, 2, 0x01
    .word 103, 140, 4, 0x00, 107, 140, 2, 0x01, 109, 140, 28, 0x00, 137, 140, 3, 0x01, 140, 140, 5, 0x00
    .word 145, 140, 2, 0x01, 147, 140, 42, 0x00, 189, 140, 1, 0x01, 190, 140, 18, 0x00, 208, 140, 3, 0x01
    .word 211, 140, 10, 0x00, 221, 140, 3, 0x01, 224, 140, 96, 0x00, 0, 141, 88, 0x00, 88, 141, 1, 0x01
    .word 89, 141, 12, 0x00, 101, 141, 3, 0x01, 104, 141, 3, 0x00, 107, 141, 2, 0x01, 109, 141, 29, 0x00
    .word 138, 141, 2, 0x01, 140, 141, 5, 0x00, 145, 141, 2, 0x01, 147, 141, 61, 0x00, 208, 141, 3, 0x01
    .word 211, 141, 10, 0x00, 221, 141, 1, 0x01, 222, 141, 1, 0x00, 223, 141, 1, 0x01, 224, 141, 96, 0x00
    .word 0, 142, 87, 0x00, 87, 142, 1, 0x09, 88, 142, 1, 0x01, 89, 142, 11, 0x00, 100, 142, 4, 0x01
    .word 104, 142, 3, 0x00, 107, 142, 2, 0x01, 109, 142, 29, 0x00, 138, 142, 2, 0x01, 140, 142, 6, 0x00
    .word 146, 142, 1, 0x01, 147, 142, 61, 0x00, 208, 142, 3, 0x01, 211, 142, 10, 0x00, 221, 142, 1, 0x01
    .word 222, 142, 1, 0x00, 223, 142, 2, 0x01, 225, 142, 95, 0x00, 0, 143, 88, 0x00, 88, 143, 1, 0x01
    .word 89, 143, 11, 0x00, 100, 143, 4, 0x01, 104, 143, 3, 0x00, 107, 143, 2, 0x01, 109, 143, 29, 0x00
    .word 138, 143, 1, 0x01, 139, 143, 7, 0x00, 146, 143, 1, 0x01, 147, 143, 61, 0x00, 208, 143, 3, 0x01
    .word 211, 143, 109, 0x00, 0, 144, 101, 0x00, 101, 144, 2, 0x01, 103, 144, 4, 0x00, 107, 144, 2, 0x01
    .word 109, 144, 98, 0x00, 207, 144, 4, 0x01, 211, 144, 109, 0x00, 0, 145, 107, 0x00, 107, 145, 2, 0x01
    .word 109, 145, 98, 0x00, 207, 145, 4, 0x01, 211, 145, 109, 0x00, 0, 146, 107, 0x00, 107, 146, 2, 0x01
    .word 109, 146, 99, 0x00, 208, 146, 3, 0x01, 211, 146, 109, 0x00, 0, 147, 107, 0x00, 107, 147, 2, 0x01
    .word 109, 147, 99, 0x00, 208, 147, 3, 0x01, 211, 147, 109, 0x00, 0, 148, 107, 0x00, 107, 148, 2, 0x01
    .word 109, 148, 99, 0x00, 208, 148, 2, 0x01, 210, 148, 110, 0x00, 0, 149, 107, 0x00, 107, 149, 2, 0x01
    .word 109, 149, 100, 0x00, 209, 149, 1, 0x01, 210, 149, 110, 0x00, 0, 150, 107, 0x00, 107, 150, 2, 0x01
    .word 109, 150, 17, 0x00, 126, 150, 5, 0x64, 131, 150, 3, 0x52, 134, 150, 1, 0x0a, 135, 150, 4, 0x00
    .word 139, 150, 3, 0x52, 142, 150, 46, 0x00, 188, 150, 6, 0x52, 194, 150, 126, 0x00, 0, 151, 107, 0x00
    .word 107, 151, 2, 0x01, 109, 151, 16, 0x00, 125, 151, 9, 0x64, 134, 151, 2, 0x5c, 136, 151, 2, 0x00
    .word 138, 151, 1, 0x64, 139, 151, 1, 0x52, 140, 151, 11, 0xa4, 151, 151, 2, 0x64, 153, 151, 1, 0x53
    .word 154, 151, 6, 0xa4, 160, 151, 1, 0x5c, 161, 151, 13, 0xa4, 174, 151, 1, 0x5b, 175, 151, 1, 0x52
    .word 176, 151, 7, 0xa4, 183, 151, 2, 0x64, 185, 151, 2, 0x00, 187, 151, 1, 0x64, 188, 151, 1, 0x52
    .word 189, 151, 4, 0x64, 193, 151, 1, 0x52, 194, 151, 1, 0x64, 195, 151, 125, 0x00, 0, 152, 106, 0x00
    .word 106, 152, 3, 0x01, 109, 152, 15, 0x00, 124, 152, 1, 0x52, 125, 152, 3, 0x64, 128, 152, 5, 0x53
    .word 133, 152, 3, 0x52, 136, 152, 2, 0x5c, 138, 152, 1, 0x64, 139, 152, 1, 0x52, 140, 152, 32, 0x53
    .word 172, 152, 4, 0x52, 176, 152, 7, 0x53, 183, 152, 2, 0x52, 185, 152, 3, 0x64, 188, 152, 5, 0x52
    .word 193, 152, 2, 0x64, 195, 152, 1, 0x0a, 196, 152, 124, 0x00, 0, 153, 106, 0x00, 106, 153, 3, 0x01
    .word 109, 153, 15, 0x00, 124, 153, 1, 0x52, 125, 153, 1, 0x64, 126, 153, 1, 0xa5, 127, 153, 1, 0x52
    .word 128, 153, 64, 0x00, 192, 153, 3, 0x64, 195, 153, 1, 0x0a, 196, 153, 124, 0x00, 0, 154, 106, 0x00
    .word 106, 154, 3, 0x01, 109, 154, 15, 0x00, 124, 154, 1, 0x52, 125, 154, 2, 0x64, 127, 154, 2, 0x00
    .word 129, 154, 5, 0x5b, 134, 154, 2, 0x00, 136, 154, 1, 0x5b, 137, 154, 49, 0x5c, 186, 154, 1, 0x09
    .word 187, 154, 1, 0x5b, 188, 154, 1, 0x00, 189, 154, 1, 0x53, 190, 154, 1, 0x0a, 191, 154, 2, 0x00
    .word 193, 154, 2, 0x64, 195, 154, 1, 0x0a, 196, 154, 124, 0x00, 0, 155, 107, 0x00, 107, 155, 2, 0x01
    .word 109, 155, 15, 0x00, 124, 155, 1, 0x52, 125, 155, 2, 0x64, 127, 155, 1, 0x00, 128, 155, 1, 0x0a
    .word 129, 155, 1, 0x53, 130, 155, 1, 0x12, 131, 155, 2, 0x09, 133, 155, 1, 0x52, 134, 155, 1, 0x00
    .word 135, 155, 1, 0x53, 136, 155, 2, 0x12, 138, 155, 48, 0x52, 186, 155, 1, 0x09, 187, 155, 1, 0x52
    .word 188, 155, 1, 0x01, 189, 155, 3, 0x09, 192, 155, 1, 0x00, 193, 155, 2, 0x64, 195, 155, 1, 0x0a
    .word 196, 155, 124, 0x00, 0, 156, 107, 0x00, 107, 156, 1, 0x01, 108, 156, 16, 0x00, 124, 156, 2, 0x52
    .word 126, 156, 1, 0x64, 127, 156, 1, 0x00, 128, 156, 3, 0x0a, 131, 156, 3, 0x12, 134, 156, 1, 0x00
    .word 135, 156, 1, 0x53, 136, 156, 2, 0x12, 138, 156, 7, 0x00, 145, 156, 1, 0x52, 146, 156, 25, 0x00
    .word 171, 156, 1, 0x52, 172, 156, 5, 0x00, 177, 156, 1, 0x0a, 178, 156, 5, 0x00, 183, 156, 3, 0x52
    .word 186, 156, 1, 0x09, 187, 156, 1, 0x52, 188, 156, 1, 0x01, 189, 156, 1, 0x52, 190, 156, 2, 0x09
    .word 192, 156, 1, 0x00, 193, 156, 2, 0x64, 195, 156, 1, 0x0a, 196, 156, 124, 0x00, 0, 157, 124, 0x00
    .word 124, 157, 1, 0x5c, 125, 157, 1, 0x52, 126, 157, 1, 0x64, 127, 157, 1, 0x00, 128, 157, 1, 0x5b
    .word 129, 157, 1, 0x09, 130, 157, 1, 0x0a, 131, 157, 3, 0x12, 134, 157, 1, 0x0a, 135, 157, 1, 0x53
    .word 136, 157, 2, 0x12, 138, 157, 7, 0x0c, 145, 157, 2, 0x00, 147, 157, 7, 0x0c, 154, 157, 1, 0x00
    .word 155, 157, 9, 0x0c, 164, 157, 1, 0x00, 165, 157, 6, 0x0c, 171, 157, 2, 0x00, 173, 157, 3, 0x0c
    .word 176, 157, 1, 0x00, 177, 157, 1, 0x12, 178, 157, 1, 0x00, 179, 157, 3, 0x0c, 182, 157, 1, 0x00
    .word 183, 157, 5, 0x52, 188, 157, 1, 0x12, 189, 157, 1, 0x52, 190, 157, 2, 0x09, 192, 157, 1, 0x00
    .word 193, 157, 2, 0x64, 195, 157, 1, 0x0a, 196, 157, 124, 0x00, 0, 158, 124, 0x00, 124, 158, 2, 0x0a
    .word 126, 158, 1, 0x64, 127, 158, 1, 0x00, 128, 158, 1, 0x5b, 129, 158, 1, 0x09, 130, 158, 1, 0x0a
    .word 131, 158, 3, 0x12, 134, 158, 1, 0x0a, 135, 158, 1, 0x53, 136, 158, 2, 0x12, 138, 158, 3, 0x0c
    .word 141, 158, 2, 0x00, 143, 158, 3, 0x0c, 146, 158, 1, 0x00, 147, 158, 3, 0x0c, 150, 158, 8, 0x00
    .word 158, 158, 3, 0x0c, 161, 158, 4, 0x00, 165, 158, 3, 0x0c, 168, 158, 1, 0x00, 169, 158, 3, 0x0c
    .word 172, 158, 1, 0x00, 173, 158, 3, 0x0c, 176, 158, 1, 0x00, 177, 158, 1, 0x52, 178, 158, 1, 0x00
    .word 179, 158, 3, 0x0c, 182, 158, 1, 0x00, 183, 158, 3, 0x52, 186, 158, 5, 0x12, 191, 158, 1, 0x09
    .word 192, 158, 1, 0x00, 193, 158, 2, 0x64, 195, 158, 1, 0x09, 196, 158, 124, 0x00, 0, 159, 125, 0x00
    .word 125, 159, 1, 0x0a, 126, 159, 1, 0x64, 127, 159, 1, 0x00, 128, 159, 1, 0x5b, 129, 159, 1, 0x09
    .word 130, 159, 4, 0x12, 134, 159, 1, 0x0a, 135, 159, 1, 0x53, 136, 159, 2, 0x12, 138, 159, 3, 0x0c
    .word 141, 159, 2, 0x00, 143, 159, 3, 0x0c, 146, 159, 1, 0x00, 147, 159, 3, 0x0c, 150, 159, 1, 0x00
    .word 151, 159, 6, 0x52, 157, 159, 1, 0x00, 158, 159, 3, 0x0c, 161, 159, 1, 0x00, 162, 159, 2, 0x52
    .word 164, 159, 1, 0x00, 165, 159, 3, 0x0c, 168, 159, 1, 0x00, 169, 159, 3, 0x0c, 172, 159, 1, 0x00
    .word 173, 159, 4, 0x0c, 177, 159, 1, 0x00, 178, 159, 1, 0x03, 179, 159, 3, 0x0c, 182, 159, 1, 0x00
    .word 183, 159, 3, 0x52, 186, 159, 4, 0x12, 190, 159, 2, 0x09, 192, 159, 1, 0x00, 193, 159, 2, 0x64
    .word 195, 159, 1, 0x09, 196, 159, 124, 0x00, 0, 160, 125, 0x00, 125, 160, 1, 0x0a, 126, 160, 1, 0x53
    .word 127, 160, 1, 0x00, 128, 160, 2, 0x09, 130, 160, 4, 0x12, 134, 160, 1, 0x01, 135, 160, 3, 0x12
    .word 138, 160, 3, 0x0c, 141, 160, 2, 0x00, 143, 160, 3, 0x0c, 146, 160, 1, 0x00, 147, 160, 3, 0x0c
    .word 150, 160, 4, 0x00, 154, 160, 3, 0x52, 157, 160, 1, 0x00, 158, 160, 3, 0x0c, 161, 160, 1, 0x00
    .word 162, 160, 2, 0x52, 164, 160, 1, 0x00, 165, 160, 3, 0x0c, 168, 160, 1, 0x00, 169, 160, 3, 0x0c
    .word 172, 160, 2, 0x00, 174, 160, 3, 0x0c, 177, 160, 1, 0x00, 178, 160, 3, 0x0c, 181, 160, 2, 0x00
    .word 183, 160, 3, 0x52, 186, 160, 3, 0x12, 189, 160, 1, 0x09, 190, 160, 1, 0x12, 191, 160, 1, 0x01
    .word 192, 160, 1, 0x00, 193, 160, 2, 0x64, 195, 160, 125, 0x00, 0, 161, 125, 0x00, 125, 161, 1, 0x0a
    .word 126, 161, 1, 0x64, 127, 161, 1, 0x00, 128, 161, 2, 0x09, 130, 161, 8, 0x12, 138, 161, 7, 0x0c
    .word 145, 161, 2, 0x00, 147, 161, 3, 0x0c, 150, 161, 1, 0x03, 151, 161, 2, 0x0c, 153, 161, 1, 0x00
    .word 154, 161, 3, 0x52, 157, 161, 1, 0x00, 158, 161, 3, 0x0c, 161, 161, 1, 0x00, 162, 161, 2, 0x52
    .word 164, 161, 1, 0x00, 165, 161, 5, 0x0c, 170, 161, 1, 0x03, 171, 161, 4, 0x00, 175, 161, 5, 0x0c
    .word 180, 161, 2, 0x00, 182, 161, 4, 0x52, 186, 161, 1, 0x0a, 187, 161, 4, 0x12, 191, 161, 1, 0x01
    .word 192, 161, 1, 0x00, 193, 161, 2, 0x64, 195, 161, 125, 0x00, 0, 162, 125, 0x00, 125, 162, 1, 0x0a
    .word 126, 162, 1, 0x64, 127, 162, 1, 0x00, 128, 162, 1, 0x09, 129, 162, 1, 0x12, 130, 162, 1, 0x0a
    .word 131, 162, 7, 0x12, 138, 162, 2, 0x0c, 140, 162, 1, 0x03, 141, 162, 3, 0x0c, 144, 162, 1, 0x03
    .word 145, 162, 2, 0x00, 147, 162, 3, 0x0c, 150, 162, 1, 0x03, 151, 162, 2, 0x0c, 153, 162, 1, 0x00
    .word 154, 162, 3, 0x52, 157, 162, 1, 0x00, 158, 162, 3, 0x0c, 161, 162, 1, 0x00, 162, 162, 2, 0x52
    .word 164, 162, 1, 0x00, 165, 162, 1, 0x0c, 166, 162, 1, 0x03, 167, 162, 3, 0x0c, 170, 162, 1, 0x03
    .word 171, 162, 1, 0x00, 172, 162, 2, 0x52, 174, 162, 2, 0x00, 176, 162, 3, 0x0c, 179, 162, 2, 0x00
    .word 181, 162, 5, 0x52, 186, 162, 5, 0x12, 191, 162, 1, 0x01, 192, 162, 1, 0x00, 193, 162, 1, 0x64
    .word 194, 162, 126, 0x00, 0, 163, 125, 0x00, 125, 163, 2, 0x64, 127, 163, 1, 0x00, 128, 163, 1, 0x09
    .word 129, 163, 1, 0x12, 130, 163, 1, 0x0a, 131, 163, 7, 0x12, 138, 163, 2, 0x0c, 140, 163, 1, 0x03
    .word 141, 163, 2, 0x00, 143, 163, 2, 0x0c, 145, 163, 1, 0x03, 146, 163, 1, 0x00, 147, 163, 1, 0x0c
    .word 148, 163, 1, 0x03, 149, 163, 1, 0x0c, 150, 163, 4, 0x00, 154, 163, 3, 0x52, 157, 163, 1, 0x00
    .word 158, 163, 3, 0x0c, 161, 163, 1, 0x00, 162, 163, 2, 0x52, 164, 163, 1, 0x00, 165, 163, 1, 0x0c
    .word 166, 163, 2, 0x03, 168, 163, 1, 0x00, 169, 163, 1, 0x0c, 170, 163, 2, 0x03, 172, 163, 1, 0x00
    .word 173, 163, 2, 0x52, 175, 163, 1, 0x00, 176, 163, 3, 0x0c, 179, 163, 1, 0x00, 180, 163, 1, 0x12
    .word 181, 163, 4, 0x52, 185, 163, 6, 0x12, 191, 163, 1, 0x0a, 192, 163, 1, 0x00, 193, 163, 2, 0x64
    .word 195, 163, 125, 0x00, 0, 164, 125, 0x00, 125, 164, 2, 0x64, 127, 164, 1, 0x00, 128, 164, 1, 0x09
    .word 129, 164, 1, 0x12, 130, 164, 1, 0x0a, 131, 164, 7, 0x12, 138, 164, 1, 0x0c, 139, 164, 2, 0x03
    .word 141, 164, 2, 0x00, 143, 164, 1, 0x03, 144, 164, 1, 0x0c, 145, 164, 1, 0x03, 146, 164, 1, 0x00
    .word 147, 164, 2, 0x03, 149, 164, 1, 0x0c, 150, 164, 1, 0x00, 151, 164, 2, 0x0a, 153, 164, 1, 0x12
    .word 154, 164, 3, 0x52, 157, 164, 1, 0x00, 158, 164, 1, 0x03, 159, 164, 1, 0x0c, 160, 164, 1, 0x03
    .word 161, 164, 1, 0x00, 162, 164, 2, 0x52, 164, 164, 1, 0x00, 165, 164, 1, 0x0c, 166, 164, 2, 0x03
    .word 168, 164, 1, 0x00, 169, 164, 3, 0x03, 172, 164, 1, 0x00, 173, 164, 2, 0x52, 175, 164, 1, 0x00
    .word 176, 164, 1, 0x04, 177, 164, 2, 0x0c, 179, 164, 1, 0x00, 180, 164, 1, 0x12, 181, 164, 1, 0x52
    .word 182, 164, 1, 0x12, 183, 164, 1, 0x52, 184, 164, 7, 0x12, 191, 164, 1, 0x0a, 192, 164, 1, 0x00
    .word 193, 164, 1, 0x64, 194, 164, 1, 0xa4, 195, 164, 1, 0x0a, 196, 164, 124, 0x00, 0, 165, 124, 0x00
    .word 124, 165, 1, 0x52, 125, 165, 2, 0x64, 127, 165, 1, 0x00, 128, 165, 1, 0x09, 129, 165, 1, 0x01
    .word 130, 165, 1, 0x0a, 131, 165, 7, 0x12, 138, 165, 3, 0x03, 141, 165, 2, 0x00, 143, 165, 1, 0x03
    .word 144, 165, 1, 0x0c, 145, 165, 1, 0x03, 146, 165, 1, 0x00, 147, 165, 2, 0x03, 149, 165, 1, 0x0c
    .word 150, 165, 5, 0x00, 155, 165, 2, 0x52, 157, 165, 1, 0x00, 158, 165, 1, 0x03, 159, 165, 1, 0x0c
    .word 160, 165, 1, 0x03, 161, 165, 1, 0x00, 162, 165, 2, 0x52, 164, 165, 1, 0x00, 165, 165, 3, 0x03
    .word 168, 165, 1, 0x00, 169, 165, 3, 0x03, 172, 165, 1, 0x00, 173, 165, 2, 0x52, 175, 165, 1, 0x00
    .word 176, 165, 3, 0x03, 179, 165, 1, 0x00, 180, 165, 5, 0x12, 185, 165, 1, 0x00, 186, 165, 1, 0x0a
    .word 187, 165, 2, 0x12, 189, 165, 3, 0x0a, 192, 165, 1, 0x00, 193, 165, 1, 0x5c, 194, 165, 1, 0x64
    .word 195, 165, 1, 0x0a, 196, 165, 124, 0x00, 0, 166, 124, 0x00, 124, 166, 1, 0x52, 125, 166, 2, 0x64
    .word 127, 166, 1, 0x00, 128, 166, 2, 0x09, 130, 166, 1, 0x0a, 131, 166, 7, 0x12, 138, 166, 3, 0x03
    .word 141, 166, 2, 0x00, 143, 166, 1, 0x03, 144, 166, 1, 0x0c, 145, 166, 1, 0x03, 146, 166, 1, 0x00
    .word 147, 166, 2, 0x03, 149, 166, 1, 0x0c, 150, 166, 3, 0x04, 153, 166, 1, 0x03, 154, 166, 1, 0x00
    .word 155, 166, 2, 0x52, 157, 166, 1, 0x00, 158, 166, 3, 0x03, 161, 166, 1, 0x00, 162, 166, 2, 0x52
    .word 164, 166, 1, 0x00, 165, 166, 3, 0x03, 168, 166, 1, 0x00, 169, 166, 3, 0x03, 172, 166, 1, 0x00
    .word 173, 166, 2, 0x52, 175, 166, 1, 0x00, 176, 166, 3, 0x03, 179, 166, 1, 0x00, 180, 166, 5, 0x12
    .word 185, 166, 1, 0x00, 186, 166, 3, 0x0a, 189, 166, 1, 0x01, 190, 166, 1, 0x0a, 191, 166, 1, 0x09
    .word 192, 166, 1, 0x00, 193, 166, 1, 0x5c, 194, 166, 1, 0x64, 195, 166, 1, 0x0a, 196, 166, 124, 0x00
    .word 0, 167, 124, 0x00, 124, 167, 1, 0x52, 125, 167, 2, 0x64, 127, 167, 1, 0x00, 128, 167, 1, 0x09
    .word 129, 167, 1, 0x52, 130, 167, 1, 0x09, 131, 167, 7, 0x12, 138, 167, 3, 0x03, 141, 167, 2, 0x00
    .word 143, 167, 3, 0x03, 146, 167, 1, 0x00, 147, 167, 2, 0x03, 149, 167, 3, 0x04, 152, 167, 2, 0x03
    .word 154, 167, 1, 0x00, 155, 167, 2, 0x52, 157, 167, 1, 0x00, 158, 167, 3, 0x03, 161, 167, 1, 0x00
    .word 162, 167, 1, 0x12, 163, 167, 1, 0x52, 164, 167, 1, 0x00, 165, 167, 3, 0x03, 168, 167, 1, 0x00
    .word 169, 167, 3, 0x03, 172, 167, 1, 0x00, 173, 167, 2, 0x52, 175, 167, 1, 0x00, 176, 167, 3, 0x03
    .word 179, 167, 1, 0x00, 180, 167, 3, 0x12, 183, 167, 1, 0x09, 184, 167, 1, 0x12, 185, 167, 1, 0x00
    .word 186, 167, 3, 0x0a, 189, 167, 1, 0x01, 190, 167, 1, 0x0a, 191, 167, 1, 0x09, 192, 167, 1, 0x00
    .word 193, 167, 1, 0x5c, 194, 167, 1, 0x64, 195, 167, 1, 0x09, 196, 167, 124, 0x00, 0, 168, 124, 0x00
    .word 124, 168, 1, 0x64, 125, 168, 1, 0x0a, 126, 168, 1, 0x64, 127, 168, 1, 0x00, 128, 168, 1, 0x09
    .word 129, 168, 1, 0x52, 130, 168, 1, 0x09, 131, 168, 2, 0x12, 133, 168, 1, 0x0a, 134, 168, 4, 0x12
    .word 138, 168, 4, 0x00, 142, 168, 1, 0x52, 143, 168, 12, 0x00, 155, 168, 2, 0x52, 157, 168, 5, 0x00
    .word 162, 168, 1, 0x12, 163, 168, 1, 0x52, 164, 168, 4, 0x00, 168, 168, 1, 0x12, 169, 168, 4, 0x00
    .word 173, 168, 2, 0x52, 175, 168, 5, 0x00, 180, 168, 2, 0x12, 182, 168, 3, 0x09, 185, 168, 1, 0x53
    .word 186, 168, 3, 0x0a, 189, 168, 1, 0x01, 190, 168, 1, 0x0a, 191, 168, 1, 0x09, 192, 168, 1, 0x00
    .word 193, 168, 1, 0x5b, 194, 168, 1, 0x64, 195, 168, 1, 0x09, 196, 168, 124, 0x00, 0, 169, 124, 0x00
    .word 124, 169, 1, 0x64, 125, 169, 1, 0x12, 126, 169, 1, 0x64, 127, 169, 1, 0x00, 128, 169, 2, 0x09
    .word 130, 169, 1, 0x12, 131, 169, 1, 0x09, 132, 169, 1, 0x12, 133, 169, 1, 0x00, 134, 169, 8, 0x12
    .word 142, 169, 1, 0x52, 143, 169, 7, 0x12, 150, 169, 4, 0x0a, 154, 169, 14, 0x12, 168, 169, 1, 0x0a
    .word 169, 169, 4, 0x12, 173, 169, 2, 0x52, 175, 169, 6, 0x12, 181, 169, 1, 0x09, 182, 169, 1, 0x0a
    .word 183, 169, 2, 0x09, 185, 169, 1, 0x53, 186, 169, 2, 0x0a, 188, 169, 1, 0x01, 189, 169, 2, 0x0a
    .word 191, 169, 1, 0x09, 192, 169, 1, 0x00, 193, 169, 1, 0x5b, 194, 169, 1, 0x64, 195, 169, 1, 0x09
    .word 196, 169, 124, 0x00, 0, 170, 124, 0x00, 124, 170, 1, 0x0a, 125, 170, 1, 0x12, 126, 170, 1, 0x64
    .word 127, 170, 2, 0x00, 129, 170, 3, 0x09, 132, 170, 1, 0x12, 133, 170, 1, 0x00, 134, 170, 52, 0x09
    .word 186, 170, 1, 0x00, 187, 170, 1, 0x0a, 188, 170, 3, 0x01, 191, 170, 2, 0x00, 193, 170, 2, 0x5b
    .word 195, 170, 1, 0x09, 196, 170, 124, 0x00, 0, 171, 124, 0x00, 124, 171, 1, 0x09, 125, 171, 1, 0x12
    .word 126, 171, 2, 0x64, 128, 171, 64, 0x00, 192, 171, 1, 0x64, 193, 171, 1, 0x5b, 194, 171, 2, 0x09
    .word 196, 171, 124, 0x00, 0, 172, 124, 0x00, 124, 172, 1, 0x09, 125, 172, 1, 0x12, 126, 172, 8, 0x64
    .word 134, 172, 4, 0x5c, 138, 172, 2, 0x0a, 140, 172, 3, 0xa4, 143, 172, 1, 0x0a, 144, 172, 14, 0x64
    .word 158, 172, 1, 0x53, 159, 172, 1, 0x5b, 160, 172, 8, 0xa4, 168, 172, 8, 0x64, 176, 172, 2, 0x09
    .word 178, 172, 1, 0x0a, 179, 172, 1, 0x09, 180, 172, 5, 0x64, 185, 172, 1, 0x12, 186, 172, 7, 0x64
    .word 193, 172, 1, 0x5b, 194, 172, 2, 0x09, 196, 172, 124, 0x00, 0, 173, 126, 0x00, 126, 173, 8, 0x09
    .word 134, 173, 4, 0x00, 138, 173, 4, 0x09, 142, 173, 2, 0x0a, 144, 173, 37, 0x09, 181, 173, 2, 0x00
    .word 183, 173, 12, 0x09, 195, 173, 125, 0x00, 0, 174, 320, 0x00, 0, 175, 320, 0x00, 0, 176, 320, 0x00
    .word 0, 177, 320, 0x00, 0, 178, 320, 0x00, 0, 179, 320, 0x00, 0, 180, 126, 0x00, 126, 180, 5, 0x64
    .word 131, 180, 3, 0x52, 134, 180, 5, 0x00, 139, 180, 3, 0x09, 142, 180, 46, 0x00, 188, 180, 6, 0x52
    .word 194, 180, 126, 0x00, 0, 181, 125, 0x00, 125, 181, 1, 0x53, 126, 181, 8, 0x64, 134, 181, 2, 0x5b
    .word 136, 181, 2, 0x00, 138, 181, 1, 0x5c, 139, 181, 1, 0x53, 140, 181, 10, 0x64, 150, 181, 2, 0x5c
    .word 152, 181, 5, 0xa4, 157, 181, 1, 0x53, 158, 181, 8, 0xa4, 166, 181, 9, 0x64, 175, 181, 1, 0x53
    .word 176, 181, 5, 0xa4, 181, 181, 2, 0x64, 183, 181, 2, 0x52, 185, 181, 2, 0x00, 187, 181, 1, 0xa4
    .word 188, 181, 1, 0x52, 189, 181, 4, 0x64, 193, 181, 1, 0x52, 194, 181, 1, 0x64, 195, 181, 125, 0x00
    .word 0, 182, 124, 0x00, 124, 182, 1, 0x52, 125, 182, 3, 0x64, 128, 182, 4, 0x53, 132, 182, 4, 0x52
    .word 136, 182, 3, 0x5c, 139, 182, 15, 0x53, 154, 182, 1, 0x52, 155, 182, 27, 0x53, 182, 182, 3, 0x52
    .word 185, 182, 3, 0xa4, 188, 182, 5, 0x52, 193, 182, 2, 0x64, 195, 182, 1, 0x0a, 196, 182, 124, 0x00
    .word 0, 183, 124, 0x00, 124, 183, 1, 0x52, 125, 183, 2, 0x64, 127, 183, 1, 0x53, 128, 183, 64, 0x00
    .word 192, 183, 3, 0x64, 195, 183, 1, 0x0a, 196, 183, 124, 0x00, 0, 184, 124, 0x00, 124, 184, 1, 0x52
    .word 125, 184, 2, 0x64, 127, 184, 2, 0x00, 129, 184, 1, 0x52, 130, 184, 4, 0x5c, 134, 184, 2, 0x01
    .word 136, 184, 19, 0x5c, 155, 184, 8, 0x5b, 163, 184, 18, 0x5c, 181, 184, 1, 0x5b, 182, 184, 1, 0x5c
    .word 183, 184, 1, 0x5b, 184, 184, 1, 0x00, 185, 184, 1, 0x5b, 186, 184, 1, 0x52, 187, 184, 1, 0x5c
    .word 188, 184, 2, 0x5b, 190, 184, 1, 0x09, 191, 184, 2, 0x00, 193, 184, 2, 0x64, 195, 184, 1, 0x0a
    .word 196, 184, 124, 0x00, 0, 185, 124, 0x00, 124, 185, 1, 0x52, 125, 185, 2, 0x64, 127, 185, 1, 0x00
    .word 128, 185, 1, 0x0a, 129, 185, 5, 0x52, 134, 185, 1, 0x01, 135, 185, 1, 0x5b, 136, 185, 48, 0x52
    .word 184, 185, 1, 0x01, 185, 185, 3, 0x52, 188, 185, 4, 0x09, 192, 185, 1, 0x00, 193, 185, 2, 0x64
    .word 195, 185, 1, 0x0a, 196, 185, 124, 0x00, 0, 186, 124, 0x00, 124, 186, 2, 0x52, 126, 186, 1, 0x64
    .word 127, 186, 1, 0x00, 128, 186, 1, 0x52, 129, 186, 1, 0x09, 130, 186, 4, 0x52, 134, 186, 1, 0x01
    .word 135, 186, 49, 0x52, 184, 186, 1, 0x12, 185, 186, 5, 0x52, 190, 186, 2, 0x09, 192, 186, 1, 0x00
    .word 193, 186, 2, 0x64, 195, 186, 1, 0x0a, 196, 186, 124, 0x00, 0, 187, 124, 0x00, 124, 187, 1, 0x52
    .word 125, 187, 2, 0x64, 127, 187, 1, 0x00, 128, 187, 1, 0x5b, 129, 187, 1, 0x09, 130, 187, 1, 0x12
    .word 131, 187, 3, 0x52, 134, 187, 1, 0x01, 135, 187, 3, 0x52, 138, 187, 4, 0x00, 142, 187, 4, 0x52
    .word 146, 187, 9, 0x00, 155, 187, 2, 0x52, 157, 187, 6, 0x00, 163, 187, 1, 0x52, 164, 187, 4, 0x00
    .word 168, 187, 1, 0x52, 169, 187, 14, 0x00, 183, 187, 4, 0x52, 187, 187, 1, 0x12, 188, 187, 3, 0x52
    .word 191, 187, 1, 0x09, 192, 187, 1, 0x00, 193, 187, 2, 0x64, 195, 187, 1, 0x0a, 196, 187, 124, 0x00
    .word 0, 188, 124, 0x00, 124, 188, 2, 0x52, 126, 188, 1, 0x64, 127, 188, 1, 0x00, 128, 188, 1, 0x5b
    .word 129, 188, 1, 0x09, 130, 188, 1, 0x12, 131, 188, 3, 0x52, 134, 188, 1, 0x0a, 135, 188, 3, 0x52
    .word 138, 188, 3, 0x0c, 141, 188, 1, 0x00, 142, 188, 4, 0x52, 146, 188, 1, 0x00, 147, 188, 7, 0x0c
    .word 154, 188, 3, 0x00, 157, 188, 2, 0x0c, 159, 188, 1, 0x00, 160, 188, 3, 0x0c, 163, 188, 2, 0x00
    .word 165, 188, 3, 0x0c, 168, 188, 1, 0x52, 169, 188, 1, 0x00, 170, 188, 3, 0x0c, 173, 188, 1, 0x00
    .word 174, 188, 8, 0x0c, 182, 188, 1, 0x00, 183, 188, 1, 0x12, 184, 188, 4, 0x52, 188, 188, 1, 0x12
    .word 189, 188, 1, 0x52, 190, 188, 1, 0x12, 191, 188, 1, 0x09, 192, 188, 1, 0x00, 193, 188, 2, 0x64
    .word 195, 188, 1, 0x0a, 196, 188, 124, 0x00, 0, 189, 125, 0x00, 125, 189, 1, 0x09, 126, 189, 1, 0x64
    .word 127, 189, 1, 0x00, 128, 189, 1, 0x5b, 129, 189, 1, 0x09, 130, 189, 1, 0x12, 131, 189, 7, 0x52
    .word 138, 189, 3, 0x0c, 141, 189, 1, 0x00, 142, 189, 4, 0x52, 146, 189, 1, 0x00, 147, 189, 3, 0x0c
    .word 150, 189, 6, 0x00, 156, 189, 2, 0x0c, 158, 189, 3, 0x00, 161, 189, 3, 0x0c, 164, 189, 1, 0x00
    .word 165, 189, 3, 0x0c, 168, 189, 1, 0x52, 169, 189, 1, 0x00, 170, 189, 3, 0x0c, 173, 189, 1, 0x00
    .word 174, 189, 3, 0x0c, 177, 189, 6, 0x00, 183, 189, 1, 0x12, 184, 189, 3, 0x52, 187, 189, 2, 0x12
    .word 189, 189, 2, 0x52, 191, 189, 1, 0x09, 192, 189, 1, 0x00, 193, 189, 2, 0x64, 195, 189, 1, 0x0a
    .word 196, 189, 124, 0x00, 0, 190, 125, 0x00, 125, 190, 1, 0x09, 126, 190, 1, 0x53, 127, 190, 1, 0x00
    .word 128, 190, 1, 0x09, 129, 190, 2, 0x12, 131, 190, 7, 0x52, 138, 190, 3, 0x0c, 141, 190, 1, 0x00
    .word 142, 190, 4, 0x52, 146, 190, 1, 0x00, 147, 190, 3, 0x0c, 150, 190, 3, 0x00, 153, 190, 1, 0x0b
    .word 154, 190, 1, 0x00, 155, 190, 3, 0x0c, 158, 190, 1, 0x00, 159, 190, 1, 0x0a, 160, 190, 1, 0x00
    .word 161, 190, 3, 0x0c, 164, 190, 1, 0x00, 165, 190, 3, 0x0c, 168, 190, 1, 0x52, 169, 190, 1, 0x00
    .word 170, 190, 3, 0x0c, 173, 190, 1, 0x00, 174, 190, 3, 0x0c, 177, 190, 5, 0x00, 182, 190, 3, 0x12
    .word 185, 190, 2, 0x52, 187, 190, 2, 0x12, 189, 190, 1, 0x52, 190, 190, 2, 0x09, 192, 190, 1, 0x00
    .word 193, 190, 2, 0x64, 195, 190, 125, 0x00, 0, 191, 125, 0x00, 125, 191, 1, 0x0a, 126, 191, 1, 0x64
    .word 127, 191, 1, 0x00, 128, 191, 1, 0x09, 129, 191, 1, 0x12, 130, 191, 1, 0x09, 131, 191, 1, 0x12
    .word 132, 191, 6, 0x52, 138, 191, 3, 0x0c, 141, 191, 1, 0x00, 142, 191, 4, 0x52, 146, 191, 1, 0x00
    .word 147, 191, 6, 0x0c, 153, 191, 2, 0x00, 155, 191, 3, 0x0c, 158, 191, 3, 0x00, 161, 191, 3, 0x0c
    .word 164, 191, 1, 0x00, 165, 191, 3, 0x0c, 168, 191, 1, 0x52, 169, 191, 1, 0x00, 170, 191, 3, 0x0c
    .word 173, 191, 1, 0x00, 174, 191, 7, 0x0c, 181, 191, 1, 0x00, 182, 191, 3, 0x12, 185, 191, 2, 0x52
    .word 187, 191, 2, 0x12, 189, 191, 2, 0x52, 191, 191, 1, 0x09, 192, 191, 1, 0x00, 193, 191, 2, 0x64
    .word 195, 191, 125, 0x00, 0, 192, 125, 0x00, 125, 192, 1, 0x0a, 126, 192, 1, 0x64, 127, 192, 1, 0x00
    .word 128, 192, 1, 0x0a, 129, 192, 2, 0x52, 131, 192, 1, 0x12, 132, 192, 6, 0x52, 138, 192, 3, 0x0c
    .word 141, 192, 1, 0x00, 142, 192, 4, 0x52, 146, 192, 1, 0x00, 147, 192, 6, 0x0c, 153, 192, 2, 0x00
    .word 155, 192, 3, 0x0c, 158, 192, 2, 0x00, 160, 192, 4, 0x0c, 164, 192, 1, 0x00, 165, 192, 3, 0x0c
    .word 168, 192, 1, 0x52, 169, 192, 1, 0x00, 170, 192, 2, 0x0c, 172, 192, 2, 0x00, 174, 192, 7, 0x0c
    .word 181, 192, 1, 0x00, 182, 192, 3, 0x12, 185, 192, 2, 0x52, 187, 192, 3, 0x12, 190, 192, 1, 0x52
    .word 191, 192, 1, 0x09, 192, 192, 1, 0x00, 193, 192, 1, 0x64, 194, 192, 126, 0x00, 0, 193, 125, 0x00
    .word 125, 193, 2, 0x64, 127, 193, 1, 0x00, 128, 193, 1, 0x0a, 129, 193, 3, 0x12, 132, 193, 6, 0x52
    .word 138, 193, 3, 0x0c, 141, 193, 1, 0x00, 142, 193, 4, 0x52, 146, 193, 1, 0x00, 147, 193, 3, 0x0c
    .word 150, 193, 5, 0x00, 155, 193, 9, 0x0c, 164, 193, 2, 0x00, 166, 193, 2, 0x0c, 168, 193, 1, 0x00
    .word 169, 193, 3, 0x0c, 172, 193, 2, 0x00, 174, 193, 3, 0x0c, 177, 193, 5, 0x00, 182, 193, 3, 0x12
    .word 185, 193, 2, 0x52, 187, 193, 3, 0x12, 190, 193, 1, 0x52, 191, 193, 1, 0x09, 192, 193, 1, 0x00
    .word 193, 193, 2, 0x64, 195, 193, 125, 0x00, 0, 194, 125, 0x00, 125, 194, 2, 0x64, 127, 194, 1, 0x00
    .word 128, 194, 1, 0x0a, 129, 194, 1, 0x12, 130, 194, 1, 0x09, 131, 194, 1, 0x12, 132, 194, 5, 0x52
    .word 137, 194, 1, 0x12, 138, 194, 2, 0x04, 140, 194, 1, 0x0c, 141, 194, 1, 0x00, 142, 194, 4, 0x52
    .word 146, 194, 1, 0x00, 147, 194, 3, 0x0c, 150, 194, 1, 0x00, 151, 194, 3, 0x52, 154, 194, 1, 0x00
    .word 155, 194, 3, 0x0c, 158, 194, 3, 0x00, 161, 194, 2, 0x0c, 163, 194, 1, 0x03, 164, 194, 2, 0x00
    .word 166, 194, 1, 0x03, 167, 194, 1, 0x04, 168, 194, 1, 0x01, 169, 194, 2, 0x0c, 171, 194, 1, 0x03
    .word 172, 194, 2, 0x00, 174, 194, 3, 0x0c, 177, 194, 1, 0x00, 178, 194, 4, 0x0a, 182, 194, 3, 0x12
    .word 185, 194, 1, 0x52, 186, 194, 5, 0x12, 191, 194, 1, 0x09, 192, 194, 1, 0x00, 193, 194, 2, 0x64
    .word 195, 194, 1, 0x09, 196, 194, 124, 0x00, 0, 195, 124, 0x00, 124, 195, 1, 0x52, 125, 195, 2, 0x64
    .word 127, 195, 1, 0x00, 128, 195, 1, 0x0a, 129, 195, 1, 0x52, 130, 195, 3, 0x12, 133, 195, 4, 0x52
    .word 137, 195, 1, 0x12, 138, 195, 2, 0x04, 140, 195, 1, 0x0c, 141, 195, 6, 0x00, 147, 195, 3, 0x0c
    .word 150, 195, 5, 0x00, 155, 195, 1, 0x0c, 156, 195, 1, 0x03, 157, 195, 1, 0x0c, 158, 195, 1, 0x00
    .word 159, 195, 1, 0x0a, 160, 195, 1, 0x00, 161, 195, 2, 0x0c, 163, 195, 1, 0x03, 164, 195, 3, 0x00
    .word 167, 195, 2, 0x04, 169, 195, 2, 0x0c, 171, 195, 3, 0x00, 174, 195, 2, 0x0b, 176, 195, 1, 0x0c
    .word 177, 195, 6, 0x00, 183, 195, 8, 0x12, 191, 195, 1, 0x09, 192, 195, 1, 0x00, 193, 195, 2, 0x64
    .word 195, 195, 1, 0x09, 196, 195, 124, 0x00, 0, 196, 124, 0x00, 124, 196, 1, 0x12, 125, 196, 2, 0x64
    .word 127, 196, 1, 0x00, 128, 196, 1, 0x0a, 129, 196, 5, 0x12, 134, 196, 3, 0x52, 137, 196, 1, 0x12
    .word 138, 196, 3, 0x04, 141, 196, 5, 0x03, 146, 196, 1, 0x00, 147, 196, 6, 0x03, 153, 196, 1, 0x0c
    .word 154, 196, 1, 0x00, 155, 196, 3, 0x03, 158, 196, 1, 0x00, 159, 196, 1, 0x0a, 160, 196, 1, 0x00
    .word 161, 196, 3, 0x03, 164, 196, 1, 0x00, 165, 196, 1, 0x0a, 166, 196, 1, 0x00, 167, 196, 3, 0x04
    .word 170, 196, 1, 0x03, 171, 196, 1, 0x00, 172, 196, 1, 0x12, 173, 196, 1, 0x00, 174, 196, 4, 0x0b
    .word 178, 196, 4, 0x03, 182, 196, 1, 0x00, 183, 196, 6, 0x12, 189, 196, 1, 0x01, 190, 196, 1, 0x12
    .word 191, 196, 1, 0x09, 192, 196, 1, 0x00, 193, 196, 2, 0x64, 195, 196, 1, 0x09, 196, 196, 124, 0x00
    .word 0, 197, 124, 0x00, 124, 197, 1, 0x12, 125, 197, 2, 0x64, 127, 197, 1, 0x00, 128, 197, 1, 0x09
    .word 129, 197, 1, 0x12, 130, 197, 1, 0x09, 131, 197, 4, 0x12, 135, 197, 1, 0x52, 136, 197, 2, 0x12
    .word 138, 197, 1, 0x03, 139, 197, 1, 0x04, 140, 197, 6, 0x03, 146, 197, 1, 0x00, 147, 197, 7, 0x03
    .word 154, 197, 1, 0x00, 155, 197, 3, 0x03, 158, 197, 1, 0x00, 159, 197, 1, 0x0a, 160, 197, 1, 0x00
    .word 161, 197, 3, 0x03, 164, 197, 1, 0x00, 165, 197, 1, 0x0a, 166, 197, 2, 0x00, 168, 197, 2, 0x0c
    .word 170, 197, 1, 0x00, 171, 197, 1, 0x0a, 172, 197, 1, 0x12, 173, 197, 1, 0x00, 174, 197, 3, 0x0b
    .word 177, 197, 5, 0x03, 182, 197, 1, 0x00, 183, 197, 1, 0x09, 184, 197, 5, 0x12, 189, 197, 1, 0x01
    .word 190, 197, 1, 0x12, 191, 197, 1, 0x09, 192, 197, 1, 0x00, 193, 197, 1, 0x52, 194, 197, 1, 0x64
    .word 195, 197, 1, 0x09, 196, 197, 124, 0x00, 0, 198, 124, 0x00, 124, 198, 1, 0x64, 125, 198, 1, 0x52
    .word 126, 198, 1, 0x64, 127, 198, 1, 0x00, 128, 198, 2, 0x09, 130, 198, 1, 0x0a, 131, 198, 1, 0x09
    .word 132, 198, 3, 0x12, 135, 198, 1, 0x09, 136, 198, 1, 0x12, 137, 198, 1, 0x52, 138, 198, 21, 0x00
    .word 159, 198, 1, 0x12, 160, 198, 5, 0x00, 165, 198, 2, 0x52, 167, 198, 4, 0x00, 171, 198, 2, 0x0a
    .word 173, 198, 10, 0x00, 183, 198, 1, 0x09, 184, 198, 4, 0x12, 188, 198, 1, 0x01, 189, 198, 1, 0x09
    .word 190, 198, 1, 0x12, 191, 198, 1, 0x09, 192, 198, 1, 0x00, 193, 198, 1, 0x52, 194, 198, 1, 0x64
    .word 195, 198, 1, 0x09, 196, 198, 124, 0x00, 0, 199, 124, 0x00, 124, 199, 1, 0x64, 125, 199, 1, 0x52
    .word 126, 199, 1, 0x64, 127, 199, 1, 0x00, 128, 199, 4, 0x09, 132, 199, 4, 0x12, 136, 199, 2, 0x09
    .word 138, 199, 14, 0x52, 152, 199, 1, 0x12, 153, 199, 1, 0x52, 154, 199, 3, 0x12, 157, 199, 1, 0x0a
    .word 158, 199, 7, 0x12, 165, 199, 2, 0x52, 167, 199, 3, 0x12, 170, 199, 2, 0x0a, 172, 199, 5, 0x12
    .word 177, 199, 6, 0x0a, 183, 199, 2, 0x09, 185, 199, 3, 0x12, 188, 199, 1, 0x01, 189, 199, 1, 0x52
    .word 190, 199, 1, 0x12, 191, 199, 1, 0x09, 192, 199, 1, 0x00, 193, 199, 1, 0x53, 194, 199, 1, 0x64
    .word 195, 199, 1, 0x09, 196, 199, 124, 0x00, 0, 200, 124, 0x00, 124, 200, 1, 0x09, 125, 200, 1, 0x52
    .word 126, 200, 1, 0x64, 127, 200, 2, 0x00, 129, 200, 3, 0x09, 132, 200, 1, 0x52, 133, 200, 1, 0x09
    .word 134, 200, 2, 0x52, 136, 200, 50, 0x09, 186, 200, 1, 0x00, 187, 200, 1, 0x12, 188, 200, 3, 0x01
    .word 191, 200, 2, 0x00, 193, 200, 1, 0x53, 194, 200, 1, 0x64, 195, 200, 1, 0x09, 196, 200, 124, 0x00
    .word 0, 201, 124, 0x00, 124, 201, 1, 0x09, 125, 201, 1, 0x52, 126, 201, 2, 0x64, 128, 201, 64, 0x00
    .word 192, 201, 1, 0x64, 193, 201, 1, 0x52, 194, 201, 1, 0x0a, 195, 201, 1, 0x09, 196, 201, 124, 0x00
    .word 0, 202, 124, 0x00, 124, 202, 2, 0x09, 126, 202, 4, 0x64, 130, 202, 6, 0x5c, 136, 202, 2, 0x5b
    .word 138, 202, 2, 0x0a, 140, 202, 6, 0x5c, 146, 202, 2, 0x09, 148, 202, 4, 0x64, 152, 202, 6, 0xa4
    .word 158, 202, 19, 0x64, 177, 202, 1, 0x0a, 178, 202, 1, 0x5b, 179, 202, 1, 0x00, 180, 202, 4, 0x64
    .word 184, 202, 2, 0x0a, 186, 202, 7, 0x64, 193, 202, 1, 0x52, 194, 202, 2, 0x09, 196, 202, 124, 0x00
    .word 0, 203, 125, 0x00, 125, 203, 9, 0x09, 134, 203, 5, 0x00, 139, 203, 42, 0x09, 181, 203, 2, 0x00
    .word 183, 203, 12, 0x09, 195, 203, 125, 0x00, 0, 204, 320, 0x00, 0, 205, 320, 0x00, 0, 206, 320, 0x00
    .word 0, 207, 320, 0x00, 0, 208, 320, 0x00, 0, 209, 320, 0x00, 0, 210, 320, 0x00, 0, 211, 320, 0x00
    .word 0, 212, 320, 0x00, 0, 213, 320, 0x00, 0, 214, 320, 0x00, 0, 215, 320, 0x00, 0, 216, 320, 0x00
    .word 0, 217, 320, 0x00, 0, 218, 320, 0x00, 0, 219, 320, 0x00, 0, 220, 320, 0x00, 0, 221, 122, 0x00
    .word 122, 221, 3, 0x0c, 125, 221, 3, 0x00, 128, 221, 4, 0x0c, 132, 221, 2, 0x00, 134, 221, 2, 0x0c
    .word 136, 221, 2, 0x00, 138, 221, 6, 0x0c, 144, 221, 2, 0x00, 146, 221, 4, 0x0c, 150, 221, 3, 0x00
    .word 153, 221, 2, 0x0c, 155, 221, 165, 0x00, 0, 222, 122, 0x00, 122, 222, 1, 0x0c, 123, 222, 2, 0x00
    .word 125, 222, 1, 0x0c, 126, 222, 1, 0x00, 127, 222, 2, 0x0c, 129, 222, 2, 0x00, 131, 222, 2, 0x0c
    .word 133, 222, 1, 0x00, 134, 222, 3, 0x0c, 137, 222, 1, 0x00, 138, 222, 1, 0x0c, 139, 222, 2, 0x00
    .word 141, 222, 2, 0x0c, 143, 222, 2, 0x00, 145, 222, 2, 0x0c, 147, 222, 2, 0x00, 149, 222, 2, 0x0c
    .word 151, 222, 1, 0x00, 152, 222, 1, 0x0c, 153, 222, 1, 0x00, 154, 222, 2, 0x0c, 156, 222, 1, 0x00
    .word 157, 222, 2, 0x0c, 159, 222, 161, 0x00, 0, 223, 122, 0x00, 122, 223, 1, 0x0c, 123, 223, 2, 0x00
    .word 125, 223, 1, 0x0c, 126, 223, 1, 0x00, 127, 223, 2, 0x0c, 129, 223, 2, 0x00, 131, 223, 2, 0x0c
    .word 133, 223, 1, 0x00, 134, 223, 3, 0x0c, 137, 223, 1, 0x00, 138, 223, 1, 0x0c, 139, 223, 2, 0x00
    .word 141, 223, 2, 0x0c, 143, 223, 2, 0x00, 145, 223, 2, 0x0c, 147, 223, 2, 0x00, 149, 223, 2, 0x0c
    .word 151, 223, 1, 0x00, 152, 223, 1, 0x0c, 153, 223, 4, 0x00, 157, 223, 2, 0x0c, 159, 223, 161, 0x00
    .word 0, 224, 122, 0x00, 122, 224, 3, 0x0c, 125, 224, 2, 0x00, 127, 224, 2, 0x0c, 129, 224, 2, 0x00
    .word 131, 224, 2, 0x0c, 133, 224, 1, 0x00, 134, 224, 2, 0x0c, 136, 224, 1, 0x00, 137, 224, 2, 0x0c
    .word 139, 224, 2, 0x00, 141, 224, 2, 0x0c, 143, 224, 2, 0x00, 145, 224, 2, 0x0c, 147, 224, 2, 0x00
    .word 149, 224, 2, 0x0c, 151, 224, 2, 0x00, 153, 224, 1, 0x0c, 154, 224, 1, 0x0b, 155, 224, 165, 0x00
    .word 0, 225, 122, 0x00, 122, 225, 1, 0x03, 123, 225, 4, 0x00, 127, 225, 2, 0x0b, 129, 225, 2, 0x00
    .word 131, 225, 1, 0x0c, 132, 225, 1, 0x0b, 133, 225, 1, 0x00, 134, 225, 2, 0x0c, 136, 225, 1, 0x00
    .word 137, 225, 2, 0x0c, 139, 225, 2, 0x00, 141, 225, 2, 0x0c, 143, 225, 2, 0x00, 145, 225, 1, 0x03
    .word 146, 225, 1, 0x0c, 147, 225, 2, 0x00, 149, 225, 2, 0x0c, 151, 225, 3, 0x00, 154, 225, 2, 0x03
    .word 156, 225, 164, 0x00, 0, 226, 122, 0x00, 122, 226, 1, 0x03, 123, 226, 4, 0x00, 127, 226, 2, 0x0b
    .word 129, 226, 2, 0x00, 131, 226, 2, 0x0b, 133, 226, 1, 0x00, 134, 226, 2, 0x0c, 136, 226, 2, 0x00
    .word 138, 226, 1, 0x0c, 139, 226, 2, 0x00, 141, 226, 1, 0x0c, 142, 226, 1, 0x02, 143, 226, 2, 0x00
    .word 145, 226, 2, 0x03, 147, 226, 2, 0x00, 149, 226, 2, 0x0c, 151, 226, 1, 0x00, 152, 226, 1, 0x03
    .word 153, 226, 1, 0x00, 154, 226, 2, 0x03, 156, 226, 1, 0x00, 157, 226, 2, 0x02, 159, 226, 161, 0x00
    .word 0, 227, 122, 0x00, 122, 227, 1, 0x03, 123, 227, 5, 0x00, 128, 227, 4, 0x03, 132, 227, 2, 0x00
    .word 134, 227, 1, 0x04, 135, 227, 1, 0x0c, 136, 227, 2, 0x00, 138, 227, 1, 0x02, 139, 227, 2, 0x00
    .word 141, 227, 2, 0x02, 143, 227, 3, 0x00, 146, 227, 3, 0x03, 149, 227, 1, 0x0b, 150, 227, 3, 0x00
    .word 153, 227, 2, 0x03, 155, 227, 2, 0x00, 157, 227, 2, 0x02, 159, 227, 161, 0x00, 0, 228, 320, 0x00
    .word 0, 229, 320, 0x00, 0, 230, 320, 0x00, 0, 231, 320, 0x00, 0, 232, 320, 0x00, 0, 233, 320, 0x00
    .word 0, 234, 320, 0x00, 0, 235, 320, 0x00, 0, 236, 320, 0x00, 0, 237, 320, 0x00, 0, 238, 320, 0x00
    .word 0, 239, 320, 0x00
    .word -1, -1, -1, 0
