# menu_game.data
# Constantes, estado e sprites do menu.

# menu_start_game_rars16_funcional.asm
# Gerado a partir do texto colado e dos sprites do menu.
# Menu mais funcional para RARS16_Custom1.
# Bitmap Display: 320x240, Unit 1x1, base 0xff000000 (frame 0).
# Controles: W/S ou J/K move, Enter/Espaco confirma, Q sai.

.eqv VGA_BASE, 0xFF000000
.eqv SCREEN_PIXELS, 76800
.eqv C_BLACK, 0x00
.eqv C_GREEN, 0x38
.eqv C_BLUE, 0xc0
.eqv C_RED, 0x07
.eqv C_WHITE, 0xff
.eqv C_PANEL, 0x01
.eqv C_HILITE, 0xe4

.data
.align 2
selected: .word 0
option_selected: .word 0
music_enabled: .word 1
sfx_enabled: .word 1

base_runs:

    # Fundo pixel-art 320x240 convertido de C:/Users/kaelm/Downloads/pixel-art (1).png.
    .word 0, 0, 1, 0x09, 1, 0, 3, 0x00, 4, 0, 1, 0x0a, 5, 0, 4, 0x00, 9, 0, 1, 0x49, 10, 0, 1, 0x4c, 11, 0, 1, 0x4b, 12, 0, 2, 0x09
    .word 14, 0, 1, 0x0c, 15, 0, 1, 0x15, 16, 0, 26, 0x00, 42, 0, 3, 0x09, 45, 0, 1, 0x4a, 46, 0, 13, 0x00, 59, 0, 1, 0x0a, 60, 0, 1, 0x0b
    .word 61, 0, 1, 0x15, 62, 0, 2, 0x0b, 64, 0, 10, 0x00, 74, 0, 3, 0x48, 77, 0, 2, 0x49, 79, 0, 5, 0x48, 84, 0, 3, 0x49, 87, 0, 3, 0xa2
    .word 90, 0, 1, 0x99, 91, 0, 1, 0x48, 92, 0, 5, 0x00, 97, 0, 2, 0x08, 99, 0, 7, 0x00, 106, 0, 1, 0x08, 107, 0, 3, 0x48, 110, 0, 1, 0x00
    .word 111, 0, 1, 0x08, 112, 0, 19, 0x48, 131, 0, 1, 0x00, 132, 0, 2, 0x08, 134, 0, 3, 0x00, 137, 0, 2, 0x4c, 139, 0, 53, 0x00, 192, 0, 24, 0x48
    .word 216, 0, 1, 0x49, 217, 0, 2, 0x48, 219, 0, 5, 0x08, 224, 0, 3, 0x00, 227, 0, 4, 0x48, 231, 0, 3, 0xa2, 234, 0, 1, 0x99, 235, 0, 1, 0x48
    .word 236, 0, 3, 0x49, 239, 0, 1, 0x48, 240, 0, 2, 0x49, 242, 0, 4, 0x48, 246, 0, 61, 0x00, 307, 0, 2, 0x0c, 309, 0, 1, 0x54, 310, 0, 1, 0x49
    .word 311, 0, 1, 0x4a, 312, 0, 2, 0x0b, 314, 0, 1, 0x16, 315, 0, 1, 0x01, 316, 0, 1, 0x08, 317, 0, 2, 0x4b, 319, 0, 1, 0x4c, 0, 1, 1, 0x09
    .word 1, 1, 3, 0x00, 4, 1, 1, 0x0a, 5, 1, 4, 0x00, 9, 1, 1, 0x49, 10, 1, 1, 0x4c, 11, 1, 1, 0x4b, 12, 1, 2, 0x09, 14, 1, 1, 0x0c
    .word 15, 1, 1, 0x15, 16, 1, 26, 0x00, 42, 1, 3, 0x09, 45, 1, 1, 0x4a, 46, 1, 13, 0x00, 59, 1, 1, 0x0a, 60, 1, 1, 0x0b, 61, 1, 1, 0x15
    .word 62, 1, 2, 0x0b, 64, 1, 10, 0x00, 74, 1, 3, 0x48, 77, 1, 2, 0x49, 79, 1, 5, 0x48, 84, 1, 3, 0x49, 87, 1, 3, 0xa2, 90, 1, 1, 0x99
    .word 91, 1, 1, 0x48, 92, 1, 5, 0x00, 97, 1, 2, 0x08, 99, 1, 7, 0x00, 106, 1, 1, 0x08, 107, 1, 3, 0x48, 110, 1, 1, 0x00, 111, 1, 1, 0x08
    .word 112, 1, 19, 0x48, 131, 1, 1, 0x00, 132, 1, 2, 0x08, 134, 1, 3, 0x00, 137, 1, 2, 0x4c, 139, 1, 53, 0x00, 192, 1, 24, 0x48, 216, 1, 1, 0x49
    .word 217, 1, 2, 0x48, 219, 1, 5, 0x08, 224, 1, 3, 0x00, 227, 1, 4, 0x48, 231, 1, 3, 0xa2, 234, 1, 1, 0x99, 235, 1, 1, 0x48, 236, 1, 3, 0x49
    .word 239, 1, 1, 0x48, 240, 1, 2, 0x49, 242, 1, 4, 0x48, 246, 1, 61, 0x00, 307, 1, 2, 0x0c, 309, 1, 1, 0x54, 310, 1, 1, 0x49, 311, 1, 1, 0x4a
    .word 312, 1, 2, 0x0b, 314, 1, 1, 0x16, 315, 1, 1, 0x01, 316, 1, 1, 0x08, 317, 1, 2, 0x4b, 319, 1, 1, 0x4c, 0, 2, 1, 0x09, 1, 2, 3, 0x00
    .word 4, 2, 1, 0x0a, 5, 2, 5, 0x00, 10, 2, 1, 0x4b, 11, 2, 1, 0x0b, 12, 2, 2, 0x0a, 14, 2, 1, 0x08, 15, 2, 1, 0x15, 16, 2, 1, 0x4d
    .word 17, 2, 2, 0x4c, 19, 2, 23, 0x00, 42, 2, 2, 0x01, 44, 2, 2, 0x0c, 46, 2, 13, 0x00, 59, 2, 2, 0x0a, 61, 2, 1, 0x0d, 62, 2, 2, 0x0b
    .word 64, 2, 12, 0x00, 76, 2, 11, 0x48, 87, 2, 2, 0x49, 89, 2, 1, 0xa2, 90, 2, 1, 0xa3, 91, 2, 3, 0x51, 94, 2, 16, 0x00, 110, 2, 7, 0x08
    .word 117, 2, 12, 0x48, 129, 2, 1, 0x08, 130, 2, 7, 0x00, 137, 2, 2, 0x0b, 139, 2, 52, 0x00, 191, 2, 5, 0x48, 196, 2, 1, 0x00, 197, 2, 20, 0x48
    .word 217, 2, 7, 0x08, 224, 2, 2, 0x00, 226, 2, 3, 0x48, 229, 2, 1, 0x50, 230, 2, 2, 0xa2, 232, 2, 2, 0x99, 234, 2, 1, 0x48, 235, 2, 1, 0x49
    .word 236, 2, 9, 0x48, 245, 2, 56, 0x00, 301, 2, 1, 0x08, 302, 2, 2, 0x59, 304, 2, 1, 0x4a, 305, 2, 1, 0x4c, 306, 2, 1, 0x4b, 307, 2, 2, 0x16
    .word 309, 2, 2, 0x08, 311, 2, 1, 0x4a, 312, 2, 2, 0x0a, 314, 2, 1, 0x1e, 315, 2, 1, 0x01, 316, 2, 1, 0x08, 317, 2, 2, 0x4b, 319, 2, 1, 0x4c
    .word 0, 3, 1, 0x09, 1, 3, 3, 0x00, 4, 3, 1, 0x0a, 5, 3, 5, 0x00, 10, 3, 1, 0x4a, 11, 3, 1, 0x0c, 12, 3, 2, 0x0b, 14, 3, 1, 0x00
    .word 15, 3, 1, 0x1d, 16, 3, 1, 0x16, 17, 3, 2, 0x0b, 19, 3, 1, 0x0a, 20, 3, 1, 0x14, 21, 3, 1, 0x55, 22, 3, 20, 0x00, 42, 3, 2, 0x01
    .word 44, 3, 2, 0x0c, 46, 3, 13, 0x00, 59, 3, 2, 0x0a, 61, 3, 1, 0x0d, 62, 3, 2, 0x0b, 64, 3, 13, 0x00, 77, 3, 13, 0x48, 90, 3, 1, 0xa2
    .word 91, 3, 1, 0xa3, 92, 3, 2, 0x51, 94, 3, 1, 0x48, 95, 3, 22, 0x00, 117, 3, 7, 0x48, 124, 3, 1, 0x08, 125, 3, 4, 0x48, 129, 3, 5, 0x00
    .word 134, 3, 1, 0x08, 135, 3, 2, 0x00, 137, 3, 2, 0x0c, 139, 3, 52, 0x00, 191, 3, 5, 0x08, 196, 3, 20, 0x48, 216, 3, 6, 0x08, 222, 3, 4, 0x00
    .word 226, 3, 1, 0x48, 227, 3, 2, 0x51, 229, 3, 3, 0xa2, 232, 3, 2, 0x48, 234, 3, 1, 0x49, 235, 3, 4, 0x48, 239, 3, 1, 0x49, 240, 3, 4, 0x48
    .word 244, 3, 56, 0x00, 300, 3, 1, 0x61, 301, 3, 1, 0x6a, 302, 3, 2, 0x59, 304, 3, 1, 0x15, 305, 3, 1, 0x4b, 306, 3, 1, 0x54, 307, 3, 2, 0x15
    .word 309, 3, 1, 0x00, 310, 3, 1, 0x08, 311, 3, 1, 0x4b, 312, 3, 2, 0x4a, 314, 3, 1, 0x15, 315, 3, 1, 0x0b, 316, 3, 1, 0x00, 317, 3, 2, 0x01
    .word 319, 3, 1, 0x4b, 0, 4, 1, 0x09, 1, 4, 3, 0x00, 4, 4, 1, 0x0a, 5, 4, 5, 0x00, 10, 4, 1, 0x4a, 11, 4, 1, 0x0c, 12, 4, 2, 0x0b
    .word 14, 4, 1, 0x00, 15, 4, 1, 0x1d, 16, 4, 1, 0x16, 17, 4, 2, 0x0b, 19, 4, 1, 0x0a, 20, 4, 1, 0x14, 21, 4, 1, 0x55, 22, 4, 20, 0x00
    .word 42, 4, 2, 0x01, 44, 4, 2, 0x0c, 46, 4, 13, 0x00, 59, 4, 2, 0x0a, 61, 4, 1, 0x0d, 62, 4, 2, 0x0b, 64, 4, 13, 0x00, 77, 4, 13, 0x48
    .word 90, 4, 1, 0xa2, 91, 4, 1, 0xa3, 92, 4, 2, 0x51, 94, 4, 1, 0x48, 95, 4, 22, 0x00, 117, 4, 7, 0x48, 124, 4, 1, 0x08, 125, 4, 4, 0x48
    .word 129, 4, 5, 0x00, 134, 4, 1, 0x08, 135, 4, 2, 0x00, 137, 4, 2, 0x0c, 139, 4, 52, 0x00, 191, 4, 5, 0x08, 196, 4, 20, 0x48, 216, 4, 6, 0x08
    .word 222, 4, 4, 0x00, 226, 4, 1, 0x48, 227, 4, 2, 0x51, 229, 4, 3, 0xa2, 232, 4, 2, 0x48, 234, 4, 1, 0x49, 235, 4, 4, 0x48, 239, 4, 1, 0x49
    .word 240, 4, 4, 0x48, 244, 4, 56, 0x00, 300, 4, 1, 0x61, 301, 4, 1, 0x6a, 302, 4, 2, 0x59, 304, 4, 1, 0x15, 305, 4, 1, 0x4b, 306, 4, 1, 0x54
    .word 307, 4, 2, 0x15, 309, 4, 1, 0x00, 310, 4, 1, 0x08, 311, 4, 1, 0x4b, 312, 4, 2, 0x4a, 314, 4, 1, 0x15, 315, 4, 1, 0x0b, 316, 4, 1, 0x00
    .word 317, 4, 2, 0x01, 319, 4, 1, 0x4b, 0, 5, 2, 0x00, 2, 5, 2, 0x01, 4, 5, 1, 0x4a, 5, 5, 5, 0x00, 10, 5, 1, 0x4a, 11, 5, 1, 0x0c
    .word 12, 5, 2, 0x0b, 14, 5, 1, 0x00, 15, 5, 1, 0x09, 16, 5, 1, 0x1e, 17, 5, 3, 0x0b, 20, 5, 1, 0x49, 21, 5, 1, 0x15, 22, 5, 2, 0x1d
    .word 24, 5, 18, 0x00, 42, 5, 2, 0x01, 44, 5, 2, 0x0c, 46, 5, 11, 0x00, 57, 5, 2, 0x01, 59, 5, 2, 0x0b, 61, 5, 1, 0x15, 62, 5, 2, 0x0b
    .word 64, 5, 13, 0x00, 77, 5, 2, 0x08, 79, 5, 12, 0x48, 91, 5, 3, 0xa3, 94, 5, 2, 0x48, 96, 5, 23, 0x00, 119, 5, 12, 0x08, 131, 5, 1, 0x00
    .word 132, 5, 3, 0x08, 135, 5, 2, 0x00, 137, 5, 2, 0x0c, 139, 5, 1, 0x01, 140, 5, 51, 0x00, 191, 5, 1, 0x08, 192, 5, 3, 0x00, 195, 5, 14, 0x08
    .word 209, 5, 1, 0x00, 210, 5, 1, 0x08, 211, 5, 1, 0x00, 212, 5, 10, 0x08, 222, 5, 3, 0x00, 225, 5, 2, 0x48, 227, 5, 2, 0x9a, 229, 5, 2, 0xa2
    .word 231, 5, 3, 0x49, 234, 5, 1, 0x48, 235, 5, 2, 0x49, 237, 5, 5, 0x48, 242, 5, 55, 0x00, 297, 5, 2, 0x08, 299, 5, 1, 0x62, 300, 5, 1, 0x6b
    .word 301, 5, 1, 0x50, 302, 5, 2, 0x16, 304, 5, 2, 0x4a, 306, 5, 1, 0x1d, 307, 5, 2, 0x16, 309, 5, 1, 0x08, 310, 5, 1, 0x00, 311, 5, 1, 0x0a
    .word 312, 5, 2, 0x4a, 314, 5, 1, 0x15, 315, 5, 1, 0x0c, 316, 5, 3, 0x00, 319, 5, 1, 0x0a, 0, 6, 2, 0x00, 2, 6, 2, 0x01, 4, 6, 1, 0x4a
    .word 5, 6, 5, 0x00, 10, 6, 1, 0x4a, 11, 6, 1, 0x0c, 12, 6, 2, 0x0b, 14, 6, 1, 0x00, 15, 6, 1, 0x09, 16, 6, 1, 0x1e, 17, 6, 3, 0x0b
    .word 20, 6, 1, 0x49, 21, 6, 1, 0x15, 22, 6, 2, 0x1d, 24, 6, 18, 0x00, 42, 6, 2, 0x01, 44, 6, 2, 0x0c, 46, 6, 11, 0x00, 57, 6, 2, 0x01
    .word 59, 6, 2, 0x0b, 61, 6, 1, 0x15, 62, 6, 2, 0x0b, 64, 6, 13, 0x00, 77, 6, 2, 0x08, 79, 6, 12, 0x48, 91, 6, 3, 0xa3, 94, 6, 2, 0x48
    .word 96, 6, 23, 0x00, 119, 6, 12, 0x08, 131, 6, 1, 0x00, 132, 6, 3, 0x08, 135, 6, 2, 0x00, 137, 6, 2, 0x0c, 139, 6, 1, 0x01, 140, 6, 51, 0x00
    .word 191, 6, 1, 0x08, 192, 6, 3, 0x00, 195, 6, 14, 0x08, 209, 6, 1, 0x00, 210, 6, 1, 0x08, 211, 6, 1, 0x00, 212, 6, 10, 0x08, 222, 6, 3, 0x00
    .word 225, 6, 2, 0x48, 227, 6, 2, 0x9a, 229, 6, 2, 0xa2, 231, 6, 3, 0x49, 234, 6, 1, 0x48, 235, 6, 2, 0x49, 237, 6, 5, 0x48, 242, 6, 55, 0x00
    .word 297, 6, 2, 0x08, 299, 6, 1, 0x62, 300, 6, 1, 0x6b, 301, 6, 1, 0x50, 302, 6, 2, 0x16, 304, 6, 2, 0x4a, 306, 6, 1, 0x1d, 307, 6, 2, 0x16
    .word 309, 6, 1, 0x08, 310, 6, 1, 0x00, 311, 6, 1, 0x0a, 312, 6, 2, 0x4a, 314, 6, 1, 0x15, 315, 6, 1, 0x0c, 316, 6, 3, 0x00, 319, 6, 1, 0x0a
    .word 0, 7, 2, 0x00, 2, 7, 2, 0x0a, 4, 7, 1, 0x09, 5, 7, 4, 0x00, 9, 7, 1, 0x01, 10, 7, 1, 0x4a, 11, 7, 1, 0x0b, 12, 7, 2, 0x0a
    .word 14, 7, 1, 0x00, 15, 7, 1, 0x08, 16, 7, 1, 0x16, 17, 7, 2, 0x4a, 19, 7, 1, 0x0b, 20, 7, 1, 0x0a, 21, 7, 1, 0x08, 22, 7, 2, 0x15
    .word 24, 7, 1, 0x0c, 25, 7, 1, 0x4c, 26, 7, 1, 0x5c, 27, 7, 2, 0x0a, 29, 7, 13, 0x00, 42, 7, 2, 0x01, 44, 7, 2, 0x4c, 46, 7, 13, 0x00
    .word 59, 7, 2, 0x4b, 61, 7, 1, 0x0c, 62, 7, 2, 0x4b, 64, 7, 16, 0x00, 80, 7, 16, 0x48, 96, 7, 1, 0x08, 97, 7, 15, 0x00, 112, 7, 2, 0x08
    .word 114, 7, 5, 0x00, 119, 7, 3, 0x08, 122, 7, 2, 0x00, 124, 7, 2, 0x08, 126, 7, 1, 0x00, 127, 7, 5, 0x08, 132, 7, 5, 0x00, 137, 7, 2, 0x01
    .word 139, 7, 1, 0x0a, 140, 7, 1, 0x0b, 141, 7, 48, 0x00, 189, 7, 2, 0x08, 191, 7, 1, 0x00, 192, 7, 13, 0x08, 205, 7, 1, 0x00, 206, 7, 14, 0x08
    .word 220, 7, 5, 0x00, 225, 7, 1, 0x48, 226, 7, 1, 0x59, 227, 7, 3, 0x51, 230, 7, 2, 0x48, 232, 7, 2, 0x49, 234, 7, 7, 0x48, 241, 7, 55, 0x00
    .word 296, 7, 1, 0x01, 297, 7, 2, 0x15, 299, 7, 1, 0x62, 300, 7, 1, 0x51, 301, 7, 1, 0x65, 302, 7, 2, 0x55, 304, 7, 1, 0x48, 305, 7, 1, 0x0b
    .word 306, 7, 1, 0x49, 307, 7, 2, 0x1e, 309, 7, 2, 0x08, 311, 7, 1, 0x4a, 312, 7, 2, 0x0a, 314, 7, 1, 0x4b, 315, 7, 1, 0x0c, 316, 7, 1, 0x09
    .word 317, 7, 3, 0x00, 0, 8, 1, 0x00, 1, 8, 1, 0x01, 2, 8, 2, 0x49, 4, 8, 5, 0x00, 9, 8, 1, 0x01, 10, 8, 1, 0x4a, 11, 8, 1, 0x0b
    .word 12, 8, 2, 0x0a, 14, 8, 2, 0x00, 16, 8, 1, 0x16, 17, 8, 2, 0x0a, 19, 8, 2, 0x0b, 21, 8, 1, 0x40, 22, 8, 2, 0x1d, 24, 8, 1, 0x14
    .word 25, 8, 1, 0x0b, 26, 8, 1, 0x49, 27, 8, 2, 0x12, 29, 8, 1, 0x15, 30, 8, 1, 0x01, 31, 8, 11, 0x00, 42, 8, 2, 0x01, 44, 8, 1, 0x0a
    .word 45, 8, 1, 0x02, 46, 8, 11, 0x00, 57, 8, 2, 0x0a, 59, 8, 1, 0x4a, 60, 8, 1, 0x0a, 61, 8, 1, 0x0d, 62, 8, 2, 0x02, 64, 8, 20, 0x00
    .word 84, 8, 1, 0x08, 85, 8, 1, 0x00, 86, 8, 1, 0x08, 87, 8, 52, 0x00, 139, 8, 1, 0x0a, 140, 8, 1, 0x0b, 141, 8, 1, 0x01, 142, 8, 85, 0x00
    .word 227, 8, 2, 0x51, 229, 8, 5, 0x49, 234, 8, 6, 0x48, 240, 8, 56, 0x00, 296, 8, 1, 0x56, 297, 8, 2, 0x14, 299, 8, 1, 0x62, 300, 8, 1, 0x50
    .word 301, 8, 1, 0x1d, 302, 8, 2, 0x13, 304, 8, 1, 0x49, 305, 8, 1, 0x0b, 306, 8, 1, 0x49, 307, 8, 2, 0x15, 309, 8, 1, 0x09, 310, 8, 1, 0x08
    .word 311, 8, 3, 0x0a, 314, 8, 1, 0x01, 315, 8, 1, 0x0c, 316, 8, 1, 0x49, 317, 8, 3, 0x00, 0, 9, 1, 0x00, 1, 9, 1, 0x01, 2, 9, 2, 0x49
    .word 4, 9, 5, 0x00, 9, 9, 1, 0x01, 10, 9, 1, 0x4a, 11, 9, 1, 0x0b, 12, 9, 2, 0x0a, 14, 9, 2, 0x00, 16, 9, 1, 0x16, 17, 9, 2, 0x0a
    .word 19, 9, 2, 0x0b, 21, 9, 1, 0x40, 22, 9, 2, 0x1d, 24, 9, 1, 0x14, 25, 9, 1, 0x0b, 26, 9, 1, 0x49, 27, 9, 2, 0x12, 29, 9, 1, 0x15
    .word 30, 9, 1, 0x01, 31, 9, 11, 0x00, 42, 9, 2, 0x01, 44, 9, 1, 0x0a, 45, 9, 1, 0x02, 46, 9, 11, 0x00, 57, 9, 2, 0x0a, 59, 9, 1, 0x4a
    .word 60, 9, 1, 0x0a, 61, 9, 1, 0x0d, 62, 9, 2, 0x02, 64, 9, 20, 0x00, 84, 9, 1, 0x08, 85, 9, 1, 0x00, 86, 9, 1, 0x08, 87, 9, 52, 0x00
    .word 139, 9, 1, 0x0a, 140, 9, 1, 0x0b, 141, 9, 1, 0x01, 142, 9, 85, 0x00, 227, 9, 2, 0x51, 229, 9, 5, 0x49, 234, 9, 6, 0x48, 240, 9, 56, 0x00
    .word 296, 9, 1, 0x56, 297, 9, 2, 0x14, 299, 9, 1, 0x62, 300, 9, 1, 0x50, 301, 9, 1, 0x1d, 302, 9, 2, 0x13, 304, 9, 1, 0x49, 305, 9, 1, 0x0b
    .word 306, 9, 1, 0x49, 307, 9, 2, 0x15, 309, 9, 1, 0x09, 310, 9, 1, 0x08, 311, 9, 3, 0x0a, 314, 9, 1, 0x01, 315, 9, 1, 0x0c, 316, 9, 1, 0x49
    .word 317, 9, 3, 0x00, 0, 10, 1, 0x00, 1, 10, 1, 0x09, 2, 10, 7, 0x00, 9, 10, 1, 0x09, 10, 10, 1, 0x4a, 11, 10, 1, 0x09, 12, 10, 2, 0x0a
    .word 14, 10, 1, 0x00, 15, 10, 1, 0x0b, 16, 10, 1, 0x16, 17, 10, 3, 0x4a, 20, 10, 1, 0x0a, 21, 10, 1, 0x08, 22, 10, 2, 0x1d, 24, 10, 1, 0x1e
    .word 25, 10, 2, 0x0b, 27, 10, 2, 0x48, 29, 10, 1, 0x5a, 30, 10, 1, 0x5e, 31, 10, 11, 0x00, 42, 10, 2, 0x09, 44, 10, 1, 0x0c, 45, 10, 1, 0x4d
    .word 46, 10, 11, 0x00, 57, 10, 2, 0x09, 59, 10, 2, 0x49, 61, 10, 1, 0x53, 62, 10, 2, 0x4c, 64, 10, 17, 0x00, 81, 10, 1, 0x0c, 82, 10, 2, 0x4c
    .word 84, 10, 55, 0x00, 139, 10, 1, 0x0a, 140, 10, 1, 0x4c, 141, 10, 1, 0x01, 142, 10, 44, 0x00, 186, 10, 1, 0x08, 187, 10, 107, 0x00, 294, 10, 1, 0x0c
    .word 295, 10, 1, 0x4a, 296, 10, 1, 0x1d, 297, 10, 2, 0x48, 299, 10, 1, 0x08, 300, 10, 1, 0x48, 301, 10, 1, 0x1e, 302, 10, 2, 0x4a, 304, 10, 1, 0x09
    .word 305, 10, 1, 0x0b, 306, 10, 1, 0x4a, 307, 10, 2, 0x16, 309, 10, 1, 0x4c, 310, 10, 1, 0x00, 311, 10, 3, 0x0a, 314, 10, 1, 0x09, 315, 10, 1, 0x00
    .word 316, 10, 1, 0x4a, 317, 10, 3, 0x00, 0, 11, 1, 0x00, 1, 11, 1, 0x09, 2, 11, 7, 0x00, 9, 11, 1, 0x09, 10, 11, 1, 0x4a, 11, 11, 1, 0x09
    .word 12, 11, 2, 0x0a, 14, 11, 1, 0x00, 15, 11, 1, 0x0b, 16, 11, 1, 0x16, 17, 11, 3, 0x4a, 20, 11, 1, 0x0a, 21, 11, 1, 0x08, 22, 11, 2, 0x1d
    .word 24, 11, 1, 0x1e, 25, 11, 2, 0x0b, 27, 11, 2, 0x48, 29, 11, 1, 0x5a, 30, 11, 1, 0x5e, 31, 11, 11, 0x00, 42, 11, 2, 0x09, 44, 11, 1, 0x0c
    .word 45, 11, 1, 0x4d, 46, 11, 11, 0x00, 57, 11, 2, 0x09, 59, 11, 2, 0x49, 61, 11, 1, 0x53, 62, 11, 2, 0x4c, 64, 11, 17, 0x00, 81, 11, 1, 0x0c
    .word 82, 11, 2, 0x4c, 84, 11, 55, 0x00, 139, 11, 1, 0x0a, 140, 11, 1, 0x4c, 141, 11, 1, 0x01, 142, 11, 44, 0x00, 186, 11, 1, 0x08, 187, 11, 107, 0x00
    .word 294, 11, 1, 0x0c, 295, 11, 1, 0x4a, 296, 11, 1, 0x1d, 297, 11, 2, 0x48, 299, 11, 1, 0x08, 300, 11, 1, 0x48, 301, 11, 1, 0x1e, 302, 11, 2, 0x4a
    .word 304, 11, 1, 0x09, 305, 11, 1, 0x0b, 306, 11, 1, 0x4a, 307, 11, 2, 0x16, 309, 11, 1, 0x4c, 310, 11, 1, 0x00, 311, 11, 3, 0x0a, 314, 11, 1, 0x09
    .word 315, 11, 1, 0x00, 316, 11, 1, 0x4a, 317, 11, 3, 0x00, 0, 12, 1, 0x01, 1, 12, 6, 0x00, 7, 12, 3, 0x09, 10, 12, 2, 0x00, 12, 12, 2, 0x01
    .word 14, 12, 1, 0x00, 15, 12, 1, 0x0c, 16, 12, 5, 0x0a, 21, 12, 1, 0x48, 22, 12, 2, 0x15, 24, 12, 1, 0x1e, 25, 12, 1, 0x0b, 26, 12, 1, 0x4b
    .word 27, 12, 3, 0x48, 30, 12, 1, 0x10, 31, 12, 1, 0x1d, 32, 12, 2, 0x0b, 34, 12, 8, 0x00, 42, 12, 2, 0x4a, 44, 12, 2, 0x4b, 46, 12, 13, 0x00
    .word 59, 12, 1, 0x09, 60, 12, 1, 0x0a, 61, 12, 1, 0x4a, 62, 12, 19, 0x00, 81, 12, 1, 0x0c, 82, 12, 2, 0x4b, 84, 12, 1, 0x00, 85, 12, 1, 0x08
    .word 86, 12, 3, 0x48, 89, 12, 2, 0x49, 91, 12, 9, 0x48, 100, 12, 1, 0x08, 101, 12, 3, 0x00, 104, 12, 1, 0x51, 105, 12, 1, 0x48, 106, 12, 5, 0x49
    .word 111, 12, 1, 0x48, 112, 12, 2, 0x49, 114, 12, 2, 0x48, 116, 12, 6, 0x00, 122, 12, 8, 0x48, 130, 12, 9, 0x00, 139, 12, 1, 0x0a, 140, 12, 1, 0x0c
    .word 141, 12, 1, 0x01, 142, 12, 37, 0x00, 179, 12, 6, 0x08, 185, 12, 5, 0x00, 190, 12, 1, 0x08, 191, 12, 1, 0x00, 192, 12, 2, 0x08, 194, 12, 2, 0x00
    .word 196, 12, 1, 0x08, 197, 12, 5, 0x00, 202, 12, 2, 0x08, 204, 12, 2, 0x48, 206, 12, 1, 0x49, 207, 12, 4, 0x48, 211, 12, 1, 0x49, 212, 12, 5, 0x48
    .word 217, 12, 4, 0x00, 221, 12, 16, 0x48, 237, 12, 50, 0x00, 287, 12, 2, 0x5a, 289, 12, 1, 0xad, 290, 12, 1, 0x09, 291, 12, 1, 0x0a, 292, 12, 2, 0x16
    .word 294, 12, 2, 0x0a, 296, 12, 1, 0x1d, 297, 12, 2, 0x48, 299, 12, 2, 0x4a, 301, 12, 1, 0x1d, 302, 12, 2, 0x15, 304, 12, 1, 0x08, 305, 12, 1, 0x0b
    .word 306, 12, 3, 0x0a, 309, 12, 1, 0x0c, 310, 12, 1, 0x01, 311, 12, 6, 0x00, 317, 12, 2, 0x09, 319, 12, 1, 0x00, 0, 13, 1, 0x01, 1, 13, 6, 0x00
    .word 7, 13, 2, 0x09, 9, 13, 1, 0x01, 10, 13, 4, 0x00, 14, 13, 1, 0x01, 15, 13, 1, 0x0c, 16, 13, 3, 0x0a, 19, 13, 1, 0x4a, 20, 13, 1, 0x0a
    .word 21, 13, 1, 0x08, 22, 13, 2, 0x15, 24, 13, 1, 0x1d, 25, 13, 1, 0x0b, 26, 13, 1, 0x4b, 27, 13, 2, 0x08, 29, 13, 1, 0x51, 30, 13, 1, 0x50
    .word 31, 13, 1, 0x1d, 32, 13, 2, 0x0c, 34, 13, 1, 0x09, 35, 13, 1, 0x01, 36, 13, 6, 0x00, 42, 13, 2, 0x4a, 44, 13, 1, 0x0b, 45, 13, 1, 0x0c
    .word 46, 13, 11, 0x00, 57, 13, 2, 0x01, 59, 13, 1, 0x0a, 60, 13, 1, 0x02, 61, 13, 1, 0x0c, 62, 13, 19, 0x00, 81, 13, 1, 0x0c, 82, 13, 2, 0x4b
    .word 84, 13, 1, 0x00, 85, 13, 16, 0x48, 101, 13, 3, 0x00, 104, 13, 1, 0x48, 105, 13, 6, 0x49, 111, 13, 5, 0x48, 116, 13, 1, 0x08, 117, 13, 2, 0x00
    .word 119, 13, 1, 0x08, 120, 13, 2, 0x00, 122, 13, 5, 0x48, 127, 13, 12, 0x00, 139, 13, 1, 0x0a, 140, 13, 1, 0x0c, 141, 13, 1, 0x01, 142, 13, 38, 0x00
    .word 180, 13, 2, 0x08, 182, 13, 2, 0x00, 184, 13, 1, 0x48, 185, 13, 4, 0x00, 189, 13, 2, 0x08, 191, 13, 5, 0x00, 196, 13, 1, 0x08, 197, 13, 4, 0x00
    .word 201, 13, 3, 0x08, 204, 13, 2, 0x48, 206, 13, 1, 0x49, 207, 13, 9, 0x48, 216, 13, 3, 0x00, 219, 13, 1, 0x08, 220, 13, 17, 0x48, 237, 13, 49, 0x00
    .word 286, 13, 1, 0x01, 287, 13, 2, 0x6b, 289, 13, 1, 0x49, 290, 13, 1, 0x09, 291, 13, 1, 0x53, 292, 13, 2, 0x15, 294, 13, 1, 0x09, 295, 13, 1, 0x0a
    .word 296, 13, 1, 0x15, 297, 13, 2, 0x48, 299, 13, 1, 0x4a, 300, 13, 1, 0x0a, 301, 13, 1, 0x14, 302, 13, 2, 0x15, 304, 13, 1, 0x08, 305, 13, 1, 0x0a
    .word 306, 13, 1, 0x09, 307, 13, 2, 0x01, 309, 13, 1, 0x4c, 310, 13, 1, 0x4b, 311, 13, 6, 0x00, 317, 13, 2, 0x09, 319, 13, 1, 0x01, 0, 14, 1, 0x01
    .word 1, 14, 6, 0x00, 7, 14, 2, 0x09, 9, 14, 1, 0x01, 10, 14, 4, 0x00, 14, 14, 1, 0x01, 15, 14, 1, 0x0c, 16, 14, 3, 0x0a, 19, 14, 1, 0x4a
    .word 20, 14, 1, 0x0a, 21, 14, 1, 0x08, 22, 14, 2, 0x15, 24, 14, 1, 0x1d, 25, 14, 1, 0x0b, 26, 14, 1, 0x4b, 27, 14, 2, 0x08, 29, 14, 1, 0x51
    .word 30, 14, 1, 0x50, 31, 14, 1, 0x1d, 32, 14, 2, 0x0c, 34, 14, 1, 0x09, 35, 14, 1, 0x01, 36, 14, 6, 0x00, 42, 14, 2, 0x4a, 44, 14, 1, 0x0b
    .word 45, 14, 1, 0x0c, 46, 14, 11, 0x00, 57, 14, 2, 0x01, 59, 14, 1, 0x0a, 60, 14, 1, 0x02, 61, 14, 1, 0x0c, 62, 14, 19, 0x00, 81, 14, 1, 0x0c
    .word 82, 14, 2, 0x4b, 84, 14, 1, 0x00, 85, 14, 16, 0x48, 101, 14, 3, 0x00, 104, 14, 1, 0x48, 105, 14, 6, 0x49, 111, 14, 5, 0x48, 116, 14, 1, 0x08
    .word 117, 14, 2, 0x00, 119, 14, 1, 0x08, 120, 14, 2, 0x00, 122, 14, 5, 0x48, 127, 14, 12, 0x00, 139, 14, 1, 0x0a, 140, 14, 1, 0x0c, 141, 14, 1, 0x01
    .word 142, 14, 38, 0x00, 180, 14, 2, 0x08, 182, 14, 2, 0x00, 184, 14, 1, 0x48, 185, 14, 4, 0x00, 189, 14, 2, 0x08, 191, 14, 5, 0x00, 196, 14, 1, 0x08
    .word 197, 14, 4, 0x00, 201, 14, 3, 0x08, 204, 14, 2, 0x48, 206, 14, 1, 0x49, 207, 14, 9, 0x48, 216, 14, 3, 0x00, 219, 14, 1, 0x08, 220, 14, 17, 0x48
    .word 237, 14, 49, 0x00, 286, 14, 1, 0x01, 287, 14, 2, 0x6b, 289, 14, 1, 0x49, 290, 14, 1, 0x09, 291, 14, 1, 0x53, 292, 14, 2, 0x15, 294, 14, 1, 0x09
    .word 295, 14, 1, 0x0a, 296, 14, 1, 0x15, 297, 14, 2, 0x48, 299, 14, 1, 0x4a, 300, 14, 1, 0x0a, 301, 14, 1, 0x14, 302, 14, 2, 0x15, 304, 14, 1, 0x08
    .word 305, 14, 1, 0x0a, 306, 14, 1, 0x09, 307, 14, 2, 0x01, 309, 14, 1, 0x4c, 310, 14, 1, 0x4b, 311, 14, 6, 0x00, 317, 14, 2, 0x09, 319, 14, 1, 0x01
    .word 0, 15, 6, 0x00, 6, 15, 1, 0x09, 7, 15, 7, 0x00, 14, 15, 1, 0x0b, 15, 15, 1, 0x03, 16, 15, 3, 0x0a, 19, 15, 1, 0x4a, 20, 15, 2, 0x00
    .word 22, 15, 2, 0x0d, 24, 15, 1, 0x0b, 25, 15, 1, 0x0a, 26, 15, 1, 0x0b, 27, 15, 2, 0x00, 29, 15, 1, 0x51, 30, 15, 1, 0x50, 31, 15, 1, 0x63
    .word 32, 15, 2, 0x0c, 34, 15, 1, 0x48, 35, 15, 1, 0x14, 36, 15, 1, 0x4b, 37, 15, 2, 0x53, 39, 15, 3, 0x00, 42, 15, 2, 0x01, 44, 15, 1, 0x0b
    .word 45, 15, 1, 0x0c, 46, 15, 1, 0x4c, 47, 15, 2, 0x0b, 49, 15, 8, 0x00, 57, 15, 2, 0x0b, 59, 15, 1, 0x4c, 60, 15, 1, 0x55, 61, 15, 1, 0x0d
    .word 62, 15, 19, 0x00, 81, 15, 1, 0x0c, 82, 15, 2, 0x4b, 84, 15, 2, 0x00, 86, 15, 5, 0x48, 91, 15, 1, 0x50, 92, 15, 2, 0x51, 94, 15, 7, 0x48
    .word 101, 15, 4, 0x00, 105, 15, 1, 0x49, 106, 15, 1, 0x48, 107, 15, 2, 0x49, 109, 15, 11, 0x48, 120, 15, 4, 0x00, 124, 15, 3, 0x48, 127, 15, 12, 0x00
    .word 139, 15, 1, 0x0a, 140, 15, 1, 0x0c, 141, 15, 1, 0x01, 142, 15, 40, 0x00, 182, 15, 3, 0x08, 185, 15, 15, 0x00, 200, 15, 1, 0x08, 201, 15, 4, 0x48
    .word 205, 15, 2, 0x49, 207, 15, 9, 0x48, 216, 15, 3, 0x00, 219, 15, 8, 0x48, 227, 15, 3, 0x51, 230, 15, 6, 0x48, 236, 15, 50, 0x00, 286, 15, 1, 0x65
    .word 287, 15, 2, 0x59, 289, 15, 2, 0x49, 291, 15, 1, 0x16, 292, 15, 2, 0x0b, 294, 15, 1, 0x49, 295, 15, 1, 0x4a, 296, 15, 1, 0x15, 297, 15, 2, 0x48
    .word 299, 15, 2, 0x0a, 301, 15, 1, 0x4a, 302, 15, 2, 0x15, 304, 15, 2, 0x00, 306, 15, 3, 0x49, 309, 15, 1, 0x00, 310, 15, 1, 0x4a, 311, 15, 1, 0x49
    .word 312, 15, 8, 0x00, 0, 16, 6, 0x00, 6, 16, 1, 0x09, 7, 16, 7, 0x00, 14, 16, 1, 0x0b, 15, 16, 1, 0x03, 16, 16, 3, 0x0a, 19, 16, 1, 0x4a
    .word 20, 16, 2, 0x00, 22, 16, 2, 0x0d, 24, 16, 1, 0x0b, 25, 16, 1, 0x0a, 26, 16, 1, 0x0b, 27, 16, 2, 0x00, 29, 16, 1, 0x51, 30, 16, 1, 0x50
    .word 31, 16, 1, 0x63, 32, 16, 2, 0x0c, 34, 16, 1, 0x48, 35, 16, 1, 0x14, 36, 16, 1, 0x4b, 37, 16, 2, 0x53, 39, 16, 3, 0x00, 42, 16, 2, 0x01
    .word 44, 16, 1, 0x0b, 45, 16, 1, 0x0c, 46, 16, 1, 0x4c, 47, 16, 2, 0x0b, 49, 16, 8, 0x00, 57, 16, 2, 0x0b, 59, 16, 1, 0x4c, 60, 16, 1, 0x55
    .word 61, 16, 1, 0x0d, 62, 16, 19, 0x00, 81, 16, 1, 0x0c, 82, 16, 2, 0x4b, 84, 16, 2, 0x00, 86, 16, 5, 0x48, 91, 16, 1, 0x50, 92, 16, 2, 0x51
    .word 94, 16, 7, 0x48, 101, 16, 4, 0x00, 105, 16, 1, 0x49, 106, 16, 1, 0x48, 107, 16, 2, 0x49, 109, 16, 11, 0x48, 120, 16, 4, 0x00, 124, 16, 3, 0x48
    .word 127, 16, 12, 0x00, 139, 16, 1, 0x0a, 140, 16, 1, 0x0c, 141, 16, 1, 0x01, 142, 16, 40, 0x00, 182, 16, 3, 0x08, 185, 16, 15, 0x00, 200, 16, 1, 0x08
    .word 201, 16, 4, 0x48, 205, 16, 2, 0x49, 207, 16, 9, 0x48, 216, 16, 3, 0x00, 219, 16, 8, 0x48, 227, 16, 3, 0x51, 230, 16, 6, 0x48, 236, 16, 50, 0x00
    .word 286, 16, 1, 0x65, 287, 16, 2, 0x59, 289, 16, 2, 0x49, 291, 16, 1, 0x16, 292, 16, 2, 0x0b, 294, 16, 1, 0x49, 295, 16, 1, 0x4a, 296, 16, 1, 0x15
    .word 297, 16, 2, 0x48, 299, 16, 2, 0x0a, 301, 16, 1, 0x4a, 302, 16, 2, 0x15, 304, 16, 2, 0x00, 306, 16, 3, 0x49, 309, 16, 1, 0x00, 310, 16, 1, 0x4a
    .word 311, 16, 1, 0x49, 312, 16, 8, 0x00, 0, 17, 12, 0x00, 12, 17, 3, 0x09, 15, 17, 2, 0x00, 17, 17, 2, 0x0a, 19, 17, 1, 0x4a, 20, 17, 1, 0x08
    .word 21, 17, 1, 0x0a, 22, 17, 2, 0x0c, 24, 17, 2, 0x0a, 26, 17, 1, 0x0b, 27, 17, 2, 0x08, 29, 17, 1, 0x48, 30, 17, 1, 0x50, 31, 17, 1, 0x5a
    .word 32, 17, 2, 0x0c, 34, 17, 1, 0x49, 35, 17, 1, 0x09, 36, 17, 1, 0x55, 37, 17, 2, 0x08, 39, 17, 1, 0x15, 40, 17, 4, 0x02, 44, 17, 1, 0x09
    .word 45, 17, 1, 0x4b, 46, 17, 1, 0x0c, 47, 17, 2, 0x0d, 49, 17, 1, 0x4a, 50, 17, 1, 0x49, 51, 17, 3, 0x16, 54, 17, 1, 0x0c, 55, 17, 4, 0x15
    .word 59, 17, 2, 0x0d, 61, 17, 1, 0x0b, 62, 17, 25, 0x00, 87, 17, 7, 0x48, 94, 17, 1, 0x51, 95, 17, 9, 0x48, 104, 17, 2, 0x00, 106, 17, 13, 0x48
    .word 119, 17, 1, 0x49, 120, 17, 1, 0x48, 121, 17, 4, 0x00, 125, 17, 1, 0x48, 126, 17, 3, 0x08, 129, 17, 10, 0x00, 139, 17, 1, 0x0a, 140, 17, 1, 0x0c
    .word 141, 17, 1, 0x01, 142, 17, 53, 0x00, 195, 17, 1, 0x08, 196, 17, 4, 0x00, 200, 17, 2, 0x48, 202, 17, 2, 0x49, 204, 17, 1, 0x48, 205, 17, 1, 0x49
    .word 206, 17, 8, 0x48, 214, 17, 3, 0x00, 217, 17, 9, 0x48, 226, 17, 1, 0x51, 227, 17, 7, 0x48, 234, 17, 1, 0x08, 235, 17, 50, 0x00, 285, 17, 1, 0x55
    .word 286, 17, 1, 0x11, 287, 17, 2, 0x48, 289, 17, 1, 0x4a, 290, 17, 1, 0x09, 291, 17, 1, 0x16, 292, 17, 2, 0x4b, 294, 17, 1, 0x4a, 295, 17, 1, 0x0c
    .word 296, 17, 1, 0x15, 297, 17, 2, 0x0a, 299, 17, 1, 0x00, 300, 17, 1, 0x4a, 301, 17, 1, 0x0a, 302, 17, 2, 0x4b, 304, 17, 1, 0x4a, 305, 17, 7, 0x00
    .word 312, 17, 2, 0x09, 314, 17, 6, 0x00, 0, 18, 11, 0x00, 11, 18, 3, 0x01, 14, 18, 7, 0x00, 21, 18, 1, 0x0b, 22, 18, 2, 0x4b, 24, 18, 2, 0x0a
    .word 26, 18, 1, 0x4a, 27, 18, 2, 0x48, 29, 18, 1, 0x09, 30, 18, 1, 0x51, 31, 18, 1, 0x1e, 32, 18, 2, 0x4b, 34, 18, 1, 0x0a, 35, 18, 1, 0x48
    .word 36, 18, 1, 0x15, 37, 18, 2, 0x48, 39, 18, 1, 0x12, 40, 18, 1, 0x16, 41, 18, 1, 0x49, 42, 18, 2, 0x5b, 44, 18, 2, 0x01, 46, 18, 3, 0x0a
    .word 49, 18, 1, 0x49, 50, 18, 1, 0x48, 51, 18, 5, 0x0b, 56, 18, 3, 0x0d, 59, 18, 1, 0x0c, 60, 18, 1, 0x0b, 61, 18, 20, 0x00, 81, 18, 3, 0x0c
    .word 84, 18, 5, 0x00, 89, 18, 6, 0x48, 95, 18, 1, 0x51, 96, 18, 8, 0x48, 104, 18, 1, 0x08, 105, 18, 2, 0x00, 107, 18, 12, 0x48, 119, 18, 2, 0x08
    .word 121, 18, 4, 0x00, 125, 18, 1, 0x08, 126, 18, 13, 0x00, 139, 18, 1, 0x0a, 140, 18, 1, 0x0c, 141, 18, 1, 0x01, 142, 18, 57, 0x00, 199, 18, 2, 0x08
    .word 201, 18, 1, 0x00, 202, 18, 10, 0x48, 212, 18, 2, 0x49, 214, 18, 2, 0x00, 216, 18, 9, 0x48, 225, 18, 2, 0x51, 227, 18, 5, 0x48, 232, 18, 48, 0x00
    .word 280, 18, 2, 0x0a, 282, 18, 3, 0x0b, 285, 18, 1, 0x5d, 286, 18, 1, 0x50, 287, 18, 2, 0x08, 289, 18, 1, 0x0a, 290, 18, 1, 0x4a, 291, 18, 1, 0x16
    .word 292, 18, 2, 0x15, 294, 18, 1, 0x00, 295, 18, 1, 0x0b, 296, 18, 1, 0x0c, 297, 18, 2, 0x0b, 299, 18, 5, 0x00, 304, 18, 1, 0x0a, 305, 18, 1, 0x09
    .word 306, 18, 8, 0x00, 314, 18, 1, 0x09, 315, 18, 5, 0x00, 0, 19, 11, 0x00, 11, 19, 3, 0x01, 14, 19, 7, 0x00, 21, 19, 1, 0x0b, 22, 19, 2, 0x4b
    .word 24, 19, 2, 0x0a, 26, 19, 1, 0x4a, 27, 19, 2, 0x48, 29, 19, 1, 0x09, 30, 19, 1, 0x51, 31, 19, 1, 0x1e, 32, 19, 2, 0x4b, 34, 19, 1, 0x0a
    .word 35, 19, 1, 0x48, 36, 19, 1, 0x15, 37, 19, 2, 0x48, 39, 19, 1, 0x12, 40, 19, 1, 0x16, 41, 19, 1, 0x49, 42, 19, 2, 0x5b, 44, 19, 2, 0x01
    .word 46, 19, 3, 0x0a, 49, 19, 1, 0x49, 50, 19, 1, 0x48, 51, 19, 5, 0x0b, 56, 19, 3, 0x0d, 59, 19, 1, 0x0c, 60, 19, 1, 0x0b, 61, 19, 20, 0x00
    .word 81, 19, 3, 0x0c, 84, 19, 5, 0x00, 89, 19, 6, 0x48, 95, 19, 1, 0x51, 96, 19, 8, 0x48, 104, 19, 1, 0x08, 105, 19, 2, 0x00, 107, 19, 12, 0x48
    .word 119, 19, 2, 0x08, 121, 19, 4, 0x00, 125, 19, 1, 0x08, 126, 19, 13, 0x00, 139, 19, 1, 0x0a, 140, 19, 1, 0x0c, 141, 19, 1, 0x01, 142, 19, 57, 0x00
    .word 199, 19, 2, 0x08, 201, 19, 1, 0x00, 202, 19, 10, 0x48, 212, 19, 2, 0x49, 214, 19, 2, 0x00, 216, 19, 9, 0x48, 225, 19, 2, 0x51, 227, 19, 5, 0x48
    .word 232, 19, 48, 0x00, 280, 19, 2, 0x0a, 282, 19, 3, 0x0b, 285, 19, 1, 0x5d, 286, 19, 1, 0x50, 287, 19, 2, 0x08, 289, 19, 1, 0x0a, 290, 19, 1, 0x4a
    .word 291, 19, 1, 0x16, 292, 19, 2, 0x15, 294, 19, 1, 0x00, 295, 19, 1, 0x0b, 296, 19, 1, 0x0c, 297, 19, 2, 0x0b, 299, 19, 5, 0x00, 304, 19, 1, 0x0a
    .word 305, 19, 1, 0x09, 306, 19, 8, 0x00, 314, 19, 1, 0x09, 315, 19, 5, 0x00, 0, 20, 20, 0x00, 20, 20, 1, 0x09, 21, 20, 1, 0x02, 22, 20, 2, 0x00
    .word 24, 20, 2, 0x0a, 26, 20, 1, 0x01, 27, 20, 2, 0x00, 29, 20, 1, 0x0c, 30, 20, 1, 0x0d, 31, 20, 1, 0x0a, 32, 20, 2, 0x0b, 34, 20, 1, 0x0a
    .word 35, 20, 1, 0x48, 36, 20, 1, 0x15, 37, 20, 2, 0x48, 39, 20, 1, 0x09, 40, 20, 1, 0x14, 41, 20, 1, 0x4a, 42, 20, 2, 0x50, 44, 20, 1, 0x65
    .word 45, 20, 1, 0x0a, 46, 20, 9, 0x00, 55, 20, 2, 0x09, 57, 20, 2, 0x01, 59, 20, 21, 0x00, 80, 20, 1, 0x02, 81, 20, 1, 0x4c, 82, 20, 2, 0x4a
    .word 84, 20, 7, 0x00, 91, 20, 4, 0x48, 95, 20, 2, 0x51, 97, 20, 8, 0x48, 105, 20, 2, 0x00, 107, 20, 12, 0x48, 119, 20, 1, 0x00, 120, 20, 1, 0x08
    .word 121, 20, 18, 0x00, 139, 20, 1, 0x0a, 140, 20, 1, 0x0c, 141, 20, 1, 0x01, 142, 20, 2, 0x08, 144, 20, 55, 0x00, 199, 20, 1, 0x08, 200, 20, 1, 0x00
    .word 201, 20, 1, 0x08, 202, 20, 10, 0x48, 212, 20, 3, 0x00, 215, 20, 1, 0x08, 216, 20, 3, 0x00, 219, 20, 5, 0x48, 224, 20, 2, 0x51, 226, 20, 5, 0x48
    .word 231, 20, 45, 0x00, 276, 20, 1, 0x0a, 277, 20, 2, 0x4b, 279, 20, 1, 0x16, 280, 20, 1, 0x14, 281, 20, 1, 0x4a, 282, 20, 2, 0x4b, 284, 20, 1, 0x0d
    .word 285, 20, 1, 0x5b, 286, 20, 1, 0x48, 287, 20, 2, 0x08, 289, 20, 1, 0x09, 290, 20, 2, 0x4a, 292, 20, 2, 0x16, 294, 20, 1, 0x00, 295, 20, 1, 0x49
    .word 296, 20, 1, 0x09, 297, 20, 2, 0x0c, 299, 20, 1, 0x49, 300, 20, 5, 0x00, 305, 20, 1, 0x0a, 306, 20, 14, 0x00, 0, 21, 20, 0x00, 20, 21, 1, 0x09
    .word 21, 21, 1, 0x02, 22, 21, 2, 0x00, 24, 21, 2, 0x0a, 26, 21, 1, 0x01, 27, 21, 2, 0x00, 29, 21, 1, 0x0c, 30, 21, 1, 0x0d, 31, 21, 1, 0x0a
    .word 32, 21, 2, 0x0b, 34, 21, 1, 0x0a, 35, 21, 1, 0x48, 36, 21, 1, 0x15, 37, 21, 2, 0x48, 39, 21, 1, 0x09, 40, 21, 1, 0x14, 41, 21, 1, 0x4a
    .word 42, 21, 2, 0x50, 44, 21, 1, 0x65, 45, 21, 1, 0x0a, 46, 21, 9, 0x00, 55, 21, 2, 0x09, 57, 21, 2, 0x01, 59, 21, 21, 0x00, 80, 21, 1, 0x02
    .word 81, 21, 1, 0x4c, 82, 21, 2, 0x4a, 84, 21, 7, 0x00, 91, 21, 4, 0x48, 95, 21, 2, 0x51, 97, 21, 8, 0x48, 105, 21, 2, 0x00, 107, 21, 12, 0x48
    .word 119, 21, 1, 0x00, 120, 21, 1, 0x08, 121, 21, 18, 0x00, 139, 21, 1, 0x0a, 140, 21, 1, 0x0c, 141, 21, 1, 0x01, 142, 21, 2, 0x08, 144, 21, 55, 0x00
    .word 199, 21, 1, 0x08, 200, 21, 1, 0x00, 201, 21, 1, 0x08, 202, 21, 10, 0x48, 212, 21, 3, 0x00, 215, 21, 1, 0x08, 216, 21, 3, 0x00, 219, 21, 5, 0x48
    .word 224, 21, 2, 0x51, 226, 21, 5, 0x48, 231, 21, 45, 0x00, 276, 21, 1, 0x0a, 277, 21, 2, 0x4b, 279, 21, 1, 0x16, 280, 21, 1, 0x14, 281, 21, 1, 0x4a
    .word 282, 21, 2, 0x4b, 284, 21, 1, 0x0d, 285, 21, 1, 0x5b, 286, 21, 1, 0x48, 287, 21, 2, 0x08, 289, 21, 1, 0x09, 290, 21, 2, 0x4a, 292, 21, 2, 0x16
    .word 294, 21, 1, 0x00, 295, 21, 1, 0x49, 296, 21, 1, 0x09, 297, 21, 2, 0x0c, 299, 21, 1, 0x49, 300, 21, 5, 0x00, 305, 21, 1, 0x0a, 306, 21, 14, 0x00
    .word 0, 22, 19, 0x00, 19, 22, 1, 0x09, 20, 22, 1, 0x01, 21, 22, 6, 0x00, 27, 22, 2, 0x0b, 29, 22, 2, 0x0d, 31, 22, 1, 0x0a, 32, 22, 2, 0x4a
    .word 34, 22, 2, 0x08, 36, 22, 1, 0x16, 37, 22, 2, 0x48, 39, 22, 1, 0x08, 40, 22, 1, 0x53, 41, 22, 1, 0x0b, 42, 22, 2, 0x08, 44, 22, 1, 0x6b
    .word 45, 22, 1, 0x16, 46, 22, 3, 0x01, 49, 22, 1, 0x4a, 50, 22, 1, 0x09, 51, 22, 4, 0x4a, 55, 22, 4, 0x0a, 59, 22, 1, 0x0b, 60, 22, 1, 0x4b
    .word 61, 22, 3, 0x0b, 64, 22, 5, 0x4b, 69, 22, 1, 0x0c, 70, 22, 2, 0x4c, 72, 22, 2, 0x4d, 74, 22, 1, 0x0d, 75, 22, 1, 0x0b, 76, 22, 4, 0x4d
    .word 80, 22, 1, 0x4c, 81, 22, 1, 0x0a, 82, 22, 57, 0x00, 139, 22, 1, 0x0a, 140, 22, 1, 0x0c, 141, 22, 1, 0x09, 142, 22, 133, 0x00, 275, 22, 1, 0x54
    .word 276, 22, 1, 0x0a, 277, 22, 2, 0x12, 279, 22, 1, 0x1d, 280, 22, 1, 0x48, 281, 22, 3, 0x0b, 284, 22, 1, 0x16, 285, 22, 1, 0x4a, 286, 22, 1, 0x62
    .word 287, 22, 2, 0x51, 289, 22, 1, 0x08, 290, 22, 4, 0x4a, 294, 22, 1, 0x0b, 295, 22, 4, 0x00, 299, 22, 1, 0x4b, 300, 22, 6, 0x00, 306, 22, 1, 0x01
    .word 307, 22, 13, 0x00, 0, 23, 16, 0x00, 16, 23, 3, 0x01, 19, 23, 8, 0x00, 27, 23, 2, 0x0c, 29, 23, 1, 0x01, 30, 23, 1, 0x00, 31, 23, 3, 0x0a
    .word 34, 23, 1, 0x08, 35, 23, 1, 0x4c, 36, 23, 1, 0x0d, 37, 23, 2, 0x08, 39, 23, 1, 0x48, 40, 23, 1, 0x14, 41, 23, 1, 0x0a, 42, 23, 2, 0x00
    .word 44, 23, 1, 0x08, 45, 23, 1, 0x1d, 46, 23, 1, 0x0b, 47, 23, 2, 0x4b, 49, 23, 1, 0x02, 50, 23, 2, 0x01, 52, 23, 2, 0x00, 54, 23, 18, 0x01
    .word 72, 23, 2, 0x0a, 74, 23, 2, 0x01, 76, 23, 1, 0x0a, 77, 23, 2, 0x09, 79, 23, 1, 0x01, 80, 23, 59, 0x00, 139, 23, 2, 0x01, 141, 23, 1, 0x09
    .word 142, 23, 132, 0x00, 274, 23, 1, 0x0c, 275, 23, 1, 0x1d, 276, 23, 1, 0x48, 277, 23, 2, 0x1c, 279, 23, 1, 0x09, 280, 23, 1, 0x48, 281, 23, 3, 0x0b
    .word 284, 23, 1, 0x16, 285, 23, 1, 0x15, 286, 23, 3, 0x51, 289, 23, 1, 0x08, 290, 23, 1, 0x00, 291, 23, 1, 0x09, 292, 23, 2, 0x49, 294, 23, 1, 0x0b
    .word 295, 23, 25, 0x00, 0, 24, 16, 0x00, 16, 24, 3, 0x01, 19, 24, 8, 0x00, 27, 24, 2, 0x0c, 29, 24, 1, 0x01, 30, 24, 1, 0x00, 31, 24, 3, 0x0a
    .word 34, 24, 1, 0x08, 35, 24, 1, 0x4c, 36, 24, 1, 0x0d, 37, 24, 2, 0x08, 39, 24, 1, 0x48, 40, 24, 1, 0x14, 41, 24, 1, 0x0a, 42, 24, 2, 0x00
    .word 44, 24, 1, 0x08, 45, 24, 1, 0x1d, 46, 24, 1, 0x0b, 47, 24, 2, 0x4b, 49, 24, 1, 0x02, 50, 24, 2, 0x01, 52, 24, 2, 0x00, 54, 24, 18, 0x01
    .word 72, 24, 2, 0x0a, 74, 24, 2, 0x01, 76, 24, 1, 0x0a, 77, 24, 2, 0x09, 79, 24, 1, 0x01, 80, 24, 59, 0x00, 139, 24, 2, 0x01, 141, 24, 1, 0x09
    .word 142, 24, 132, 0x00, 274, 24, 1, 0x0c, 275, 24, 1, 0x1d, 276, 24, 1, 0x48, 277, 24, 2, 0x1c, 279, 24, 1, 0x09, 280, 24, 1, 0x48, 281, 24, 3, 0x0b
    .word 284, 24, 1, 0x16, 285, 24, 1, 0x15, 286, 24, 3, 0x51, 289, 24, 1, 0x08, 290, 24, 1, 0x00, 291, 24, 1, 0x09, 292, 24, 2, 0x49, 294, 24, 1, 0x0b
    .word 295, 24, 25, 0x00, 0, 25, 1, 0x00, 1, 25, 13, 0x09, 14, 25, 12, 0x00, 26, 25, 1, 0x4a, 27, 25, 4, 0x00, 31, 25, 1, 0x01, 32, 25, 2, 0x00
    .word 34, 25, 1, 0x01, 35, 25, 1, 0x0c, 36, 25, 1, 0x02, 37, 25, 2, 0x08, 39, 25, 1, 0x4a, 40, 25, 1, 0x15, 41, 25, 1, 0x0b, 42, 25, 2, 0x0a
    .word 44, 25, 1, 0x40, 45, 25, 1, 0x1d, 46, 25, 4, 0x0b, 50, 25, 1, 0x15, 51, 25, 1, 0x0a, 52, 25, 2, 0x48, 54, 25, 1, 0x08, 55, 25, 41, 0x00
    .word 96, 25, 1, 0x48, 97, 25, 12, 0x08, 109, 25, 30, 0x00, 139, 25, 2, 0x4a, 141, 25, 1, 0x09, 142, 25, 70, 0x00, 212, 25, 4, 0x08, 216, 25, 9, 0x48
    .word 225, 25, 1, 0x08, 226, 25, 40, 0x00, 266, 25, 4, 0x59, 270, 25, 1, 0x50, 271, 25, 1, 0x53, 272, 25, 2, 0x0d, 274, 25, 1, 0x55, 275, 25, 1, 0x5b
    .word 276, 25, 1, 0x40, 277, 25, 2, 0x13, 279, 25, 1, 0x51, 280, 25, 1, 0x40, 281, 25, 4, 0x0b, 285, 25, 1, 0x0d, 286, 25, 1, 0x51, 287, 25, 2, 0x59
    .word 289, 25, 2, 0x08, 291, 25, 3, 0x00, 294, 25, 1, 0x01, 295, 25, 1, 0x4a, 296, 25, 6, 0x00, 302, 25, 2, 0x09, 304, 25, 16, 0x00, 0, 26, 1, 0x00
    .word 1, 26, 13, 0x09, 14, 26, 12, 0x00, 26, 26, 1, 0x4a, 27, 26, 4, 0x00, 31, 26, 1, 0x01, 32, 26, 2, 0x00, 34, 26, 1, 0x01, 35, 26, 1, 0x0c
    .word 36, 26, 1, 0x02, 37, 26, 2, 0x08, 39, 26, 1, 0x4a, 40, 26, 1, 0x15, 41, 26, 1, 0x0b, 42, 26, 2, 0x0a, 44, 26, 1, 0x40, 45, 26, 1, 0x1d
    .word 46, 26, 4, 0x0b, 50, 26, 1, 0x15, 51, 26, 1, 0x0a, 52, 26, 2, 0x48, 54, 26, 1, 0x08, 55, 26, 41, 0x00, 96, 26, 1, 0x48, 97, 26, 12, 0x08
    .word 109, 26, 30, 0x00, 139, 26, 2, 0x4a, 141, 26, 1, 0x09, 142, 26, 70, 0x00, 212, 26, 4, 0x08, 216, 26, 9, 0x48, 225, 26, 1, 0x08, 226, 26, 40, 0x00
    .word 266, 26, 4, 0x59, 270, 26, 1, 0x50, 271, 26, 1, 0x53, 272, 26, 2, 0x0d, 274, 26, 1, 0x55, 275, 26, 1, 0x5b, 276, 26, 1, 0x40, 277, 26, 2, 0x13
    .word 279, 26, 1, 0x51, 280, 26, 1, 0x40, 281, 26, 4, 0x0b, 285, 26, 1, 0x0d, 286, 26, 1, 0x51, 287, 26, 2, 0x59, 289, 26, 2, 0x08, 291, 26, 3, 0x00
    .word 294, 26, 1, 0x01, 295, 26, 1, 0x4a, 296, 26, 6, 0x00, 302, 26, 2, 0x09, 304, 26, 16, 0x00, 0, 27, 1, 0x00, 1, 27, 3, 0x09, 4, 27, 5, 0x00
    .word 9, 27, 3, 0x01, 12, 27, 2, 0x0a, 14, 27, 1, 0x4b, 15, 27, 10, 0x00, 25, 27, 1, 0x49, 26, 27, 8, 0x00, 34, 27, 1, 0x4a, 35, 27, 1, 0x4c
    .word 36, 27, 1, 0x49, 37, 27, 2, 0x08, 39, 27, 1, 0x0d, 40, 27, 1, 0x0c, 41, 27, 1, 0x4a, 42, 27, 2, 0x0b, 44, 27, 1, 0x08, 45, 27, 1, 0x25
    .word 46, 27, 3, 0x0b, 49, 27, 1, 0x4a, 50, 27, 1, 0x15, 51, 27, 1, 0x0b, 52, 27, 2, 0x09, 54, 27, 1, 0x52, 55, 27, 1, 0x63, 56, 27, 40, 0x00
    .word 96, 27, 13, 0x08, 109, 27, 30, 0x00, 139, 27, 1, 0x4a, 140, 27, 1, 0x0a, 141, 27, 1, 0x09, 142, 27, 69, 0x00, 211, 27, 1, 0x08, 212, 27, 2, 0x48
    .word 214, 27, 11, 0x08, 225, 27, 39, 0x00, 264, 27, 1, 0x51, 265, 27, 1, 0x50, 266, 27, 3, 0x61, 269, 27, 2, 0x50, 271, 27, 1, 0x5d, 272, 27, 2, 0x0a
    .word 274, 27, 1, 0x1d, 275, 27, 1, 0x09, 276, 27, 1, 0x48, 277, 27, 2, 0x13, 279, 27, 1, 0x52, 280, 27, 1, 0x40, 281, 27, 3, 0x0b, 284, 27, 1, 0x0a
    .word 285, 27, 1, 0x4d, 286, 27, 1, 0x09, 287, 27, 2, 0x51, 289, 27, 2, 0x08, 291, 27, 5, 0x00, 296, 27, 1, 0x09, 297, 27, 23, 0x00, 0, 28, 1, 0x00
    .word 1, 28, 1, 0x09, 2, 28, 12, 0x00, 14, 28, 1, 0x0b, 15, 28, 19, 0x00, 34, 28, 1, 0x0a, 35, 28, 2, 0x00, 37, 28, 2, 0x4a, 39, 28, 1, 0x0d
    .word 40, 28, 1, 0x0c, 41, 28, 3, 0x0a, 44, 28, 1, 0x00, 45, 28, 1, 0x1d, 46, 28, 3, 0x0b, 49, 28, 1, 0x49, 50, 28, 1, 0x13, 51, 28, 1, 0x0d
    .word 52, 28, 2, 0x4a, 54, 28, 1, 0x08, 55, 28, 1, 0x5b, 56, 28, 1, 0x53, 57, 28, 17, 0x00, 74, 28, 1, 0x0d, 75, 28, 1, 0x01, 76, 28, 1, 0x0c
    .word 77, 28, 2, 0x0d, 79, 28, 2, 0x00, 81, 28, 1, 0x0c, 82, 28, 2, 0x02, 84, 28, 1, 0x00, 85, 28, 5, 0x01, 90, 28, 1, 0x00, 91, 28, 1, 0x01
    .word 92, 28, 3, 0x00, 95, 28, 17, 0x01, 112, 28, 2, 0x00, 114, 28, 1, 0x01, 115, 28, 1, 0x00, 116, 28, 1, 0x0d, 117, 28, 20, 0x00, 137, 28, 2, 0x01
    .word 139, 28, 1, 0x0c, 140, 28, 1, 0x0b, 141, 28, 1, 0x01, 142, 28, 33, 0x00, 175, 28, 15, 0x08, 190, 28, 21, 0x00, 211, 28, 1, 0x08, 212, 28, 3, 0x48
    .word 215, 28, 9, 0x08, 224, 28, 38, 0x00, 262, 28, 2, 0x50, 264, 28, 2, 0x69, 266, 28, 1, 0x61, 267, 28, 2, 0x59, 269, 28, 1, 0x49, 270, 28, 1, 0x4a
    .word 271, 28, 1, 0x1e, 272, 28, 2, 0x48, 274, 28, 1, 0x26, 275, 28, 1, 0x0a, 276, 28, 1, 0x48, 277, 28, 2, 0x5e, 279, 28, 1, 0x15, 280, 28, 1, 0x00
    .word 281, 28, 1, 0x4a, 282, 28, 2, 0x0b, 284, 28, 1, 0x0a, 285, 28, 1, 0x01, 286, 28, 1, 0x4c, 287, 28, 2, 0x48, 289, 28, 1, 0x59, 290, 28, 1, 0x50
    .word 291, 28, 29, 0x00, 0, 29, 1, 0x00, 1, 29, 1, 0x09, 2, 29, 12, 0x00, 14, 29, 1, 0x0b, 15, 29, 19, 0x00, 34, 29, 1, 0x0a, 35, 29, 2, 0x00
    .word 37, 29, 2, 0x4a, 39, 29, 1, 0x0d, 40, 29, 1, 0x0c, 41, 29, 3, 0x0a, 44, 29, 1, 0x00, 45, 29, 1, 0x1d, 46, 29, 3, 0x0b, 49, 29, 1, 0x49
    .word 50, 29, 1, 0x13, 51, 29, 1, 0x0d, 52, 29, 2, 0x4a, 54, 29, 1, 0x08, 55, 29, 1, 0x5b, 56, 29, 1, 0x53, 57, 29, 17, 0x00, 74, 29, 1, 0x0d
    .word 75, 29, 1, 0x01, 76, 29, 1, 0x0c, 77, 29, 2, 0x0d, 79, 29, 2, 0x00, 81, 29, 1, 0x0c, 82, 29, 2, 0x02, 84, 29, 1, 0x00, 85, 29, 5, 0x01
    .word 90, 29, 1, 0x00, 91, 29, 1, 0x01, 92, 29, 3, 0x00, 95, 29, 17, 0x01, 112, 29, 2, 0x00, 114, 29, 1, 0x01, 115, 29, 1, 0x00, 116, 29, 1, 0x0d
    .word 117, 29, 20, 0x00, 137, 29, 2, 0x01, 139, 29, 1, 0x0c, 140, 29, 1, 0x0b, 141, 29, 1, 0x01, 142, 29, 33, 0x00, 175, 29, 15, 0x08, 190, 29, 21, 0x00
    .word 211, 29, 1, 0x08, 212, 29, 3, 0x48, 215, 29, 9, 0x08, 224, 29, 38, 0x00, 262, 29, 2, 0x50, 264, 29, 2, 0x69, 266, 29, 1, 0x61, 267, 29, 2, 0x59
    .word 269, 29, 1, 0x49, 270, 29, 1, 0x4a, 271, 29, 1, 0x1e, 272, 29, 2, 0x48, 274, 29, 1, 0x26, 275, 29, 1, 0x0a, 276, 29, 1, 0x48, 277, 29, 2, 0x5e
    .word 279, 29, 1, 0x15, 280, 29, 1, 0x00, 281, 29, 1, 0x4a, 282, 29, 2, 0x0b, 284, 29, 1, 0x0a, 285, 29, 1, 0x01, 286, 29, 1, 0x4c, 287, 29, 2, 0x48
    .word 289, 29, 1, 0x59, 290, 29, 1, 0x50, 291, 29, 29, 0x00, 0, 30, 2, 0x00, 2, 30, 4, 0x09, 6, 30, 1, 0x0a, 7, 30, 7, 0x09, 14, 30, 17, 0x00
    .word 31, 30, 1, 0x09, 32, 30, 2, 0x01, 34, 30, 3, 0x00, 37, 30, 2, 0x0b, 39, 30, 2, 0x00, 41, 30, 1, 0x0a, 42, 30, 2, 0x09, 44, 30, 1, 0x0a
    .word 45, 30, 1, 0x0d, 46, 30, 1, 0x4b, 47, 30, 2, 0x0b, 49, 30, 1, 0x49, 50, 30, 1, 0x0a, 51, 30, 1, 0x15, 52, 30, 2, 0x4b, 54, 30, 1, 0x40
    .word 55, 30, 1, 0x59, 56, 30, 1, 0x13, 57, 30, 2, 0x0b, 59, 30, 1, 0x4c, 60, 30, 2, 0x01, 62, 30, 2, 0x02, 64, 30, 3, 0x0a, 67, 30, 2, 0x4a
    .word 69, 30, 3, 0x0a, 72, 30, 2, 0x4a, 74, 30, 1, 0x0a, 75, 30, 1, 0x01, 76, 30, 1, 0x03, 77, 30, 2, 0x0b, 79, 30, 6, 0x0a, 85, 30, 1, 0x0b
    .word 86, 30, 1, 0x4a, 87, 30, 3, 0x0b, 90, 30, 1, 0x4a, 91, 30, 4, 0x0b, 95, 30, 1, 0x4b, 96, 30, 5, 0x0b, 101, 30, 3, 0x4b, 104, 30, 3, 0x0b
    .word 107, 30, 2, 0x4b, 109, 30, 3, 0x0b, 112, 30, 2, 0x09, 114, 30, 1, 0x0b, 115, 30, 1, 0x0a, 116, 30, 1, 0x0c, 117, 30, 14, 0x0d, 131, 30, 1, 0x4b
    .word 132, 30, 2, 0x4d, 134, 30, 1, 0x4b, 135, 30, 2, 0x0d, 137, 30, 2, 0x4b, 139, 30, 1, 0x0a, 140, 30, 1, 0x09, 141, 30, 34, 0x00, 175, 30, 5, 0x08
    .word 180, 30, 29, 0x00, 209, 30, 1, 0x08, 210, 30, 2, 0x48, 212, 30, 10, 0x08, 222, 30, 39, 0x00, 261, 30, 1, 0x59, 262, 30, 2, 0x6a, 264, 30, 1, 0xb5
    .word 265, 30, 1, 0x6b, 266, 30, 1, 0x58, 267, 30, 2, 0x48, 269, 30, 1, 0x4a, 270, 30, 1, 0x0a, 271, 30, 1, 0x1e, 272, 30, 2, 0x48, 274, 30, 1, 0x15
    .word 275, 30, 1, 0x14, 276, 30, 1, 0x48, 277, 30, 2, 0x0b, 279, 30, 1, 0x15, 280, 30, 1, 0x0a, 281, 30, 1, 0x00, 282, 30, 2, 0x01, 284, 30, 1, 0x09
    .word 285, 30, 2, 0x00, 287, 30, 2, 0x09, 289, 30, 1, 0x00, 290, 30, 1, 0x08, 291, 30, 1, 0x50, 292, 30, 2, 0x08, 294, 30, 26, 0x00, 0, 31, 2, 0x00
    .word 2, 31, 4, 0x09, 6, 31, 1, 0x0a, 7, 31, 7, 0x09, 14, 31, 17, 0x00, 31, 31, 1, 0x09, 32, 31, 2, 0x01, 34, 31, 3, 0x00, 37, 31, 2, 0x0b
    .word 39, 31, 2, 0x00, 41, 31, 1, 0x0a, 42, 31, 2, 0x09, 44, 31, 1, 0x0a, 45, 31, 1, 0x0d, 46, 31, 1, 0x4b, 47, 31, 2, 0x0b, 49, 31, 1, 0x49
    .word 50, 31, 1, 0x0a, 51, 31, 1, 0x15, 52, 31, 2, 0x4b, 54, 31, 1, 0x40, 55, 31, 1, 0x59, 56, 31, 1, 0x13, 57, 31, 2, 0x0b, 59, 31, 1, 0x4c
    .word 60, 31, 2, 0x01, 62, 31, 2, 0x02, 64, 31, 3, 0x0a, 67, 31, 2, 0x4a, 69, 31, 3, 0x0a, 72, 31, 2, 0x4a, 74, 31, 1, 0x0a, 75, 31, 1, 0x01
    .word 76, 31, 1, 0x03, 77, 31, 2, 0x0b, 79, 31, 6, 0x0a, 85, 31, 1, 0x0b, 86, 31, 1, 0x4a, 87, 31, 3, 0x0b, 90, 31, 1, 0x4a, 91, 31, 4, 0x0b
    .word 95, 31, 1, 0x4b, 96, 31, 5, 0x0b, 101, 31, 3, 0x4b, 104, 31, 3, 0x0b, 107, 31, 2, 0x4b, 109, 31, 3, 0x0b, 112, 31, 2, 0x09, 114, 31, 1, 0x0b
    .word 115, 31, 1, 0x0a, 116, 31, 1, 0x0c, 117, 31, 14, 0x0d, 131, 31, 1, 0x4b, 132, 31, 2, 0x4d, 134, 31, 1, 0x4b, 135, 31, 2, 0x0d, 137, 31, 2, 0x4b
    .word 139, 31, 1, 0x0a, 140, 31, 1, 0x09, 141, 31, 34, 0x00, 175, 31, 5, 0x08, 180, 31, 29, 0x00, 209, 31, 1, 0x08, 210, 31, 2, 0x48, 212, 31, 10, 0x08
    .word 222, 31, 39, 0x00, 261, 31, 1, 0x59, 262, 31, 2, 0x6a, 264, 31, 1, 0xb5, 265, 31, 1, 0x6b, 266, 31, 1, 0x58, 267, 31, 2, 0x48, 269, 31, 1, 0x4a
    .word 270, 31, 1, 0x0a, 271, 31, 1, 0x1e, 272, 31, 2, 0x48, 274, 31, 1, 0x15, 275, 31, 1, 0x14, 276, 31, 1, 0x48, 277, 31, 2, 0x0b, 279, 31, 1, 0x15
    .word 280, 31, 1, 0x0a, 281, 31, 1, 0x00, 282, 31, 2, 0x01, 284, 31, 1, 0x09, 285, 31, 2, 0x00, 287, 31, 2, 0x09, 289, 31, 1, 0x00, 290, 31, 1, 0x08
    .word 291, 31, 1, 0x50, 292, 31, 2, 0x08, 294, 31, 26, 0x00, 0, 32, 2, 0x00, 2, 32, 10, 0x09, 12, 32, 2, 0x0a, 14, 32, 1, 0x0b, 15, 32, 21, 0x00
    .word 36, 32, 1, 0x4a, 37, 32, 5, 0x00, 42, 32, 2, 0x08, 44, 32, 1, 0x4c, 45, 32, 1, 0x0b, 46, 32, 3, 0x4a, 49, 32, 1, 0x49, 50, 32, 1, 0x0b
    .word 51, 32, 1, 0x0c, 52, 32, 2, 0x4a, 54, 32, 1, 0x08, 55, 32, 1, 0x48, 56, 32, 1, 0x63, 57, 32, 2, 0x0b, 59, 32, 1, 0x09, 60, 32, 1, 0x5e
    .word 61, 32, 1, 0x00, 62, 32, 5, 0x08, 67, 32, 2, 0x09, 69, 32, 2, 0x01, 71, 32, 1, 0x09, 72, 32, 2, 0x08, 74, 32, 2, 0x00, 76, 32, 3, 0x01
    .word 79, 32, 1, 0x09, 80, 32, 1, 0x01, 81, 32, 3, 0x09, 84, 32, 1, 0x01, 85, 32, 1, 0x00, 86, 32, 1, 0x01, 87, 32, 2, 0x09, 89, 32, 1, 0x01
    .word 90, 32, 1, 0x00, 91, 32, 6, 0x09, 97, 32, 2, 0x0a, 99, 32, 1, 0x09, 100, 32, 1, 0x01, 101, 32, 11, 0x09, 112, 32, 2, 0x00, 114, 32, 1, 0x09
    .word 115, 32, 1, 0x08, 116, 32, 1, 0x4a, 117, 32, 14, 0x4b, 131, 32, 1, 0x4a, 132, 32, 2, 0x4b, 134, 32, 1, 0x4a, 135, 32, 1, 0x4b, 136, 32, 1, 0x4a
    .word 137, 32, 2, 0x0a, 139, 32, 36, 0x00, 175, 32, 5, 0x08, 180, 32, 29, 0x00, 209, 32, 12, 0x08, 221, 32, 39, 0x00, 260, 32, 1, 0x59, 261, 32, 1, 0x69
    .word 262, 32, 2, 0xb4, 264, 32, 2, 0xb5, 266, 32, 1, 0x58, 267, 32, 2, 0x08, 269, 32, 1, 0x4a, 270, 32, 1, 0x49, 271, 32, 1, 0x1e, 272, 32, 2, 0x48
    .word 274, 32, 1, 0x55, 275, 32, 1, 0x0d, 276, 32, 1, 0x08, 277, 32, 2, 0x00, 279, 32, 1, 0x0c, 280, 32, 1, 0x4d, 281, 32, 11, 0x00, 292, 32, 2, 0x08
    .word 294, 32, 2, 0x00, 296, 32, 1, 0x48, 297, 32, 23, 0x00, 0, 33, 2, 0x00, 2, 33, 9, 0x09, 11, 33, 1, 0x0a, 12, 33, 3, 0x0c, 15, 33, 19, 0x00
    .word 34, 33, 1, 0x01, 35, 33, 1, 0x09, 36, 33, 6, 0x00, 42, 33, 2, 0x0b, 44, 33, 2, 0x01, 46, 33, 1, 0x0a, 47, 33, 2, 0x49, 49, 33, 1, 0x4b
    .word 50, 33, 1, 0x0d, 51, 33, 1, 0x0b, 52, 33, 2, 0x4a, 54, 33, 1, 0x08, 55, 33, 1, 0x48, 56, 33, 1, 0x59, 57, 33, 2, 0x0c, 59, 33, 1, 0x08
    .word 60, 33, 1, 0x09, 61, 33, 1, 0x0b, 62, 33, 2, 0x55, 64, 33, 1, 0x48, 65, 33, 1, 0x58, 66, 33, 1, 0x69, 67, 33, 2, 0x10, 69, 33, 28, 0x00
    .word 97, 33, 2, 0x0a, 99, 33, 1, 0x01, 100, 33, 159, 0x00, 259, 33, 1, 0x10, 260, 33, 1, 0x6a, 261, 33, 1, 0xb5, 262, 33, 2, 0x69, 264, 33, 1, 0xb4
    .word 265, 33, 1, 0x6b, 266, 33, 1, 0x58, 267, 33, 2, 0x08, 269, 33, 1, 0x0a, 270, 33, 1, 0x41, 271, 33, 1, 0x16, 272, 33, 2, 0x00, 274, 33, 1, 0x09
    .word 275, 33, 1, 0x0c, 276, 33, 1, 0x0a, 277, 33, 3, 0x00, 280, 33, 1, 0x01, 281, 33, 1, 0x0a, 282, 33, 12, 0x00, 294, 33, 3, 0x48, 297, 33, 23, 0x00
    .word 0, 34, 2, 0x00, 2, 34, 9, 0x09, 11, 34, 1, 0x0a, 12, 34, 3, 0x0c, 15, 34, 19, 0x00, 34, 34, 1, 0x01, 35, 34, 1, 0x09, 36, 34, 6, 0x00
    .word 42, 34, 2, 0x0b, 44, 34, 2, 0x01, 46, 34, 1, 0x0a, 47, 34, 2, 0x49, 49, 34, 1, 0x4b, 50, 34, 1, 0x0d, 51, 34, 1, 0x0b, 52, 34, 2, 0x4a
    .word 54, 34, 1, 0x08, 55, 34, 1, 0x48, 56, 34, 1, 0x59, 57, 34, 2, 0x0c, 59, 34, 1, 0x08, 60, 34, 1, 0x09, 61, 34, 1, 0x0b, 62, 34, 2, 0x55
    .word 64, 34, 1, 0x48, 65, 34, 1, 0x58, 66, 34, 1, 0x69, 67, 34, 2, 0x10, 69, 34, 28, 0x00, 97, 34, 2, 0x0a, 99, 34, 1, 0x01, 100, 34, 159, 0x00
    .word 259, 34, 1, 0x10, 260, 34, 1, 0x6a, 261, 34, 1, 0xb5, 262, 34, 2, 0x69, 264, 34, 1, 0xb4, 265, 34, 1, 0x6b, 266, 34, 1, 0x58, 267, 34, 2, 0x08
    .word 269, 34, 1, 0x0a, 270, 34, 1, 0x41, 271, 34, 1, 0x16, 272, 34, 2, 0x00, 274, 34, 1, 0x09, 275, 34, 1, 0x0c, 276, 34, 1, 0x0a, 277, 34, 3, 0x00
    .word 280, 34, 1, 0x01, 281, 34, 1, 0x0a, 282, 34, 12, 0x00, 294, 34, 3, 0x48, 297, 34, 23, 0x00, 0, 35, 2, 0x00, 2, 35, 2, 0x01, 4, 35, 7, 0x09
    .word 11, 35, 1, 0x49, 12, 35, 2, 0x01, 14, 35, 1, 0x0a, 15, 35, 26, 0x00, 41, 35, 1, 0x09, 42, 35, 2, 0x01, 44, 35, 3, 0x00, 47, 35, 2, 0x49
    .word 49, 35, 1, 0x0b, 50, 35, 1, 0x4c, 51, 35, 1, 0x4a, 52, 35, 2, 0x0a, 54, 35, 1, 0x48, 55, 35, 1, 0x62, 56, 35, 1, 0x63, 57, 35, 2, 0x4d
    .word 59, 35, 1, 0x48, 60, 35, 1, 0x08, 61, 35, 1, 0x13, 62, 35, 2, 0x01, 64, 35, 1, 0x09, 65, 35, 1, 0x48, 66, 35, 1, 0x58, 67, 35, 3, 0x6a
    .word 70, 35, 1, 0x62, 71, 35, 26, 0x00, 97, 35, 2, 0x0b, 99, 35, 1, 0x01, 100, 35, 157, 0x00, 257, 35, 2, 0x10, 259, 35, 1, 0x6a, 260, 35, 2, 0xb4
    .word 262, 35, 4, 0x69, 266, 35, 1, 0x50, 267, 35, 2, 0x48, 269, 35, 1, 0x0a, 270, 35, 1, 0x4a, 271, 35, 1, 0x0c, 272, 35, 2, 0x4c, 274, 35, 1, 0x00
    .word 275, 35, 1, 0x48, 276, 35, 1, 0x4b, 277, 35, 5, 0x00, 282, 35, 2, 0x49, 284, 35, 1, 0x01, 285, 35, 9, 0x00, 294, 35, 3, 0x48, 297, 35, 23, 0x00
    .word 0, 36, 2, 0x00, 2, 36, 2, 0x01, 4, 36, 7, 0x09, 11, 36, 1, 0x49, 12, 36, 2, 0x01, 14, 36, 1, 0x0a, 15, 36, 26, 0x00, 41, 36, 1, 0x09
    .word 42, 36, 2, 0x01, 44, 36, 3, 0x00, 47, 36, 2, 0x49, 49, 36, 1, 0x0b, 50, 36, 1, 0x4c, 51, 36, 1, 0x4a, 52, 36, 2, 0x0a, 54, 36, 1, 0x48
    .word 55, 36, 1, 0x62, 56, 36, 1, 0x63, 57, 36, 2, 0x4d, 59, 36, 1, 0x48, 60, 36, 1, 0x08, 61, 36, 1, 0x13, 62, 36, 2, 0x01, 64, 36, 1, 0x09
    .word 65, 36, 1, 0x48, 66, 36, 1, 0x58, 67, 36, 3, 0x6a, 70, 36, 1, 0x62, 71, 36, 26, 0x00, 97, 36, 2, 0x0b, 99, 36, 1, 0x01, 100, 36, 157, 0x00
    .word 257, 36, 2, 0x10, 259, 36, 1, 0x6a, 260, 36, 2, 0xb4, 262, 36, 4, 0x69, 266, 36, 1, 0x50, 267, 36, 2, 0x48, 269, 36, 1, 0x0a, 270, 36, 1, 0x4a
    .word 271, 36, 1, 0x0c, 272, 36, 2, 0x4c, 274, 36, 1, 0x00, 275, 36, 1, 0x48, 276, 36, 1, 0x4b, 277, 36, 5, 0x00, 282, 36, 2, 0x49, 284, 36, 1, 0x01
    .word 285, 36, 9, 0x00, 294, 36, 3, 0x48, 297, 36, 23, 0x00, 0, 37, 1, 0x00, 1, 37, 3, 0x09, 4, 37, 3, 0x01, 7, 37, 2, 0x09, 9, 37, 2, 0x4a
    .word 11, 37, 1, 0x0c, 12, 37, 2, 0x0b, 14, 37, 2, 0x16, 16, 37, 31, 0x00, 47, 37, 2, 0x09, 49, 37, 1, 0x01, 50, 37, 1, 0x00, 51, 37, 1, 0x0a
    .word 52, 37, 2, 0x01, 54, 37, 1, 0x08, 55, 37, 1, 0x62, 56, 37, 1, 0x0a, 57, 37, 2, 0x4b, 59, 37, 1, 0x48, 60, 37, 1, 0x09, 61, 37, 1, 0x13
    .word 62, 37, 2, 0x08, 64, 37, 1, 0x14, 65, 37, 1, 0x48, 66, 37, 1, 0x50, 67, 37, 2, 0x61, 69, 37, 1, 0xb4, 70, 37, 1, 0xb3, 71, 37, 1, 0x58
    .word 72, 37, 2, 0x08, 74, 37, 22, 0x00, 96, 37, 1, 0x4a, 97, 37, 2, 0x0b, 99, 37, 156, 0x00, 255, 37, 1, 0x0b, 256, 37, 1, 0x4c, 257, 37, 2, 0x63
    .word 259, 37, 1, 0x69, 260, 37, 1, 0x73, 261, 37, 1, 0x6a, 262, 37, 2, 0x61, 264, 37, 1, 0x73, 265, 37, 1, 0x69, 266, 37, 1, 0x50, 267, 37, 2, 0x48
    .word 269, 37, 2, 0x0a, 271, 37, 1, 0x09, 272, 37, 2, 0x0c, 274, 37, 3, 0x00, 277, 37, 2, 0x09, 279, 37, 15, 0x00, 294, 37, 3, 0x48, 297, 37, 23, 0x00
    .word 0, 38, 15, 0x00, 15, 38, 1, 0x14, 16, 38, 30, 0x00, 46, 38, 1, 0x01, 47, 38, 7, 0x00, 54, 38, 1, 0x59, 55, 38, 1, 0x51, 56, 38, 1, 0x4c
    .word 57, 38, 2, 0x00, 59, 38, 1, 0x09, 60, 38, 1, 0x0d, 61, 38, 1, 0x09, 62, 38, 2, 0x08, 64, 38, 1, 0x16, 65, 38, 1, 0x48, 66, 38, 1, 0x50
    .word 67, 38, 2, 0x6a, 69, 38, 1, 0xac, 70, 38, 1, 0xb5, 71, 38, 1, 0x6a, 72, 38, 2, 0x72, 74, 38, 5, 0x00, 79, 38, 1, 0x01, 80, 38, 1, 0x4a
    .word 81, 38, 1, 0x4b, 82, 38, 2, 0x01, 84, 38, 1, 0x4c, 85, 38, 1, 0x0b, 86, 38, 3, 0x0d, 89, 38, 1, 0x01, 90, 38, 1, 0x4a, 91, 38, 5, 0x0b
    .word 96, 38, 1, 0x4b, 97, 38, 155, 0x00, 252, 38, 2, 0x1e, 254, 38, 1, 0x0c, 255, 38, 1, 0x0a, 256, 38, 1, 0x0b, 257, 38, 2, 0x6b, 259, 38, 1, 0x6a
    .word 260, 38, 1, 0x69, 261, 38, 3, 0x61, 264, 38, 1, 0x6a, 265, 38, 1, 0x61, 266, 38, 1, 0x50, 267, 38, 2, 0x48, 269, 38, 5, 0x00, 274, 38, 1, 0x4a
    .word 275, 38, 5, 0x00, 280, 38, 1, 0x01, 281, 38, 39, 0x00, 0, 39, 15, 0x00, 15, 39, 1, 0x14, 16, 39, 30, 0x00, 46, 39, 1, 0x01, 47, 39, 7, 0x00
    .word 54, 39, 1, 0x59, 55, 39, 1, 0x51, 56, 39, 1, 0x4c, 57, 39, 2, 0x00, 59, 39, 1, 0x09, 60, 39, 1, 0x0d, 61, 39, 1, 0x09, 62, 39, 2, 0x08
    .word 64, 39, 1, 0x16, 65, 39, 1, 0x48, 66, 39, 1, 0x50, 67, 39, 2, 0x6a, 69, 39, 1, 0xac, 70, 39, 1, 0xb5, 71, 39, 1, 0x6a, 72, 39, 2, 0x72
    .word 74, 39, 5, 0x00, 79, 39, 1, 0x01, 80, 39, 1, 0x4a, 81, 39, 1, 0x4b, 82, 39, 2, 0x01, 84, 39, 1, 0x4c, 85, 39, 1, 0x0b, 86, 39, 3, 0x0d
    .word 89, 39, 1, 0x01, 90, 39, 1, 0x4a, 91, 39, 5, 0x0b, 96, 39, 1, 0x4b, 97, 39, 155, 0x00, 252, 39, 2, 0x1e, 254, 39, 1, 0x0c, 255, 39, 1, 0x0a
    .word 256, 39, 1, 0x0b, 257, 39, 2, 0x6b, 259, 39, 1, 0x6a, 260, 39, 1, 0x69, 261, 39, 3, 0x61, 264, 39, 1, 0x6a, 265, 39, 1, 0x61, 266, 39, 1, 0x50
    .word 267, 39, 2, 0x48, 269, 39, 5, 0x00, 274, 39, 1, 0x4a, 275, 39, 5, 0x00, 280, 39, 1, 0x01, 281, 39, 39, 0x00, 0, 40, 11, 0x00, 11, 40, 1, 0x08
    .word 12, 40, 40, 0x00, 52, 40, 2, 0x08, 54, 40, 1, 0x59, 55, 40, 1, 0x08, 56, 40, 1, 0x4b, 57, 40, 2, 0x08, 59, 40, 1, 0x4b, 60, 40, 1, 0x0d
    .word 61, 40, 1, 0x48, 62, 40, 2, 0x09, 64, 40, 1, 0x55, 65, 40, 1, 0x00, 66, 40, 1, 0x50, 67, 40, 2, 0x61, 69, 40, 1, 0xb4, 70, 40, 1, 0xab
    .word 71, 40, 1, 0xac, 72, 40, 2, 0x72, 74, 40, 1, 0x08, 75, 40, 2, 0x00, 77, 40, 2, 0x4a, 79, 40, 1, 0x0a, 80, 40, 2, 0x0b, 82, 40, 2, 0x01
    .word 84, 40, 1, 0x0b, 85, 40, 2, 0x4b, 87, 40, 2, 0x0a, 89, 40, 1, 0x09, 90, 40, 1, 0x49, 91, 40, 4, 0x0a, 95, 40, 1, 0x4a, 96, 40, 1, 0x09
    .word 97, 40, 154, 0x00, 251, 40, 1, 0xa5, 252, 40, 2, 0x09, 254, 40, 1, 0x15, 255, 40, 1, 0x09, 256, 40, 1, 0x0b, 257, 40, 2, 0x62, 259, 40, 5, 0x61
    .word 264, 40, 1, 0x60, 265, 40, 1, 0x61, 266, 40, 1, 0x50, 267, 40, 2, 0x48, 269, 40, 6, 0x00, 275, 40, 1, 0x49, 276, 40, 18, 0x00, 294, 40, 2, 0x48
    .word 296, 40, 24, 0x00, 0, 41, 11, 0x00, 11, 41, 1, 0x08, 12, 41, 40, 0x00, 52, 41, 2, 0x08, 54, 41, 1, 0x59, 55, 41, 1, 0x08, 56, 41, 1, 0x4b
    .word 57, 41, 2, 0x08, 59, 41, 1, 0x4b, 60, 41, 1, 0x0d, 61, 41, 1, 0x48, 62, 41, 2, 0x09, 64, 41, 1, 0x55, 65, 41, 1, 0x00, 66, 41, 1, 0x50
    .word 67, 41, 2, 0x61, 69, 41, 1, 0xb4, 70, 41, 1, 0xab, 71, 41, 1, 0xac, 72, 41, 2, 0x72, 74, 41, 1, 0x08, 75, 41, 2, 0x00, 77, 41, 2, 0x4a
    .word 79, 41, 1, 0x0a, 80, 41, 2, 0x0b, 82, 41, 2, 0x01, 84, 41, 1, 0x0b, 85, 41, 2, 0x4b, 87, 41, 2, 0x0a, 89, 41, 1, 0x09, 90, 41, 1, 0x49
    .word 91, 41, 4, 0x0a, 95, 41, 1, 0x4a, 96, 41, 1, 0x09, 97, 41, 154, 0x00, 251, 41, 1, 0xa5, 252, 41, 2, 0x09, 254, 41, 1, 0x15, 255, 41, 1, 0x09
    .word 256, 41, 1, 0x0b, 257, 41, 2, 0x62, 259, 41, 5, 0x61, 264, 41, 1, 0x60, 265, 41, 1, 0x61, 266, 41, 1, 0x50, 267, 41, 2, 0x48, 269, 41, 6, 0x00
    .word 275, 41, 1, 0x49, 276, 41, 18, 0x00, 294, 41, 2, 0x48, 296, 41, 24, 0x00, 0, 42, 2, 0x00, 2, 42, 4, 0x09, 6, 42, 1, 0x01, 7, 42, 2, 0x09
    .word 9, 42, 3, 0x0a, 12, 42, 2, 0x4a, 14, 42, 1, 0x09, 15, 42, 36, 0x00, 51, 42, 1, 0x48, 52, 42, 2, 0x50, 54, 42, 1, 0x08, 55, 42, 2, 0x00
    .word 57, 42, 2, 0x4a, 59, 42, 1, 0x0b, 60, 42, 1, 0x4a, 61, 42, 1, 0x00, 62, 42, 2, 0x4c, 64, 42, 1, 0x01, 65, 42, 1, 0x00, 66, 42, 1, 0x50
    .word 67, 42, 3, 0x61, 70, 42, 1, 0xb4, 71, 42, 1, 0x61, 72, 42, 2, 0x6a, 74, 42, 1, 0x62, 75, 42, 1, 0x00, 76, 42, 1, 0x0a, 77, 42, 2, 0x4a
    .word 79, 42, 1, 0x0a, 80, 42, 1, 0x01, 81, 42, 3, 0x00, 84, 42, 1, 0x4a, 85, 42, 10, 0x00, 95, 42, 1, 0x08, 96, 42, 1, 0x59, 97, 42, 7, 0x00
    .word 104, 42, 1, 0x53, 105, 42, 1, 0x1e, 106, 42, 3, 0x49, 109, 42, 3, 0x00, 112, 42, 2, 0x62, 114, 42, 1, 0x08, 115, 42, 11, 0x00, 126, 42, 1, 0x5b
    .word 127, 42, 12, 0x00, 139, 42, 2, 0x5a, 141, 42, 11, 0x00, 152, 42, 2, 0x5b, 154, 42, 3, 0x00, 157, 42, 2, 0xac, 159, 42, 1, 0x08, 160, 42, 1, 0x00
    .word 161, 42, 1, 0x9a, 162, 42, 2, 0xa3, 164, 42, 1, 0x00, 165, 42, 1, 0x9a, 166, 42, 1, 0xac, 167, 42, 14, 0x00, 181, 42, 3, 0x5a, 184, 42, 11, 0x00
    .word 195, 42, 1, 0x51, 196, 42, 1, 0x5b, 197, 42, 12, 0x00, 209, 42, 1, 0x62, 210, 42, 1, 0x5a, 211, 42, 4, 0x00, 215, 42, 1, 0x09, 216, 42, 1, 0x5e
    .word 217, 42, 2, 0x54, 219, 42, 3, 0x00, 222, 42, 2, 0x08, 224, 42, 3, 0x00, 227, 42, 2, 0x59, 229, 42, 7, 0x00, 236, 42, 1, 0x51, 237, 42, 2, 0x62
    .word 239, 42, 10, 0x00, 249, 42, 1, 0x0a, 250, 42, 1, 0x14, 251, 42, 1, 0x08, 252, 42, 2, 0x48, 254, 42, 1, 0x13, 255, 42, 1, 0x49, 256, 42, 1, 0x4c
    .word 257, 42, 2, 0x59, 259, 42, 5, 0x61, 264, 42, 2, 0x58, 266, 42, 4, 0x50, 270, 42, 1, 0x08, 271, 42, 23, 0x00, 294, 42, 1, 0x51, 295, 42, 1, 0x48
    .word 296, 42, 24, 0x00, 0, 43, 2, 0x00, 2, 43, 7, 0x09, 9, 43, 3, 0x0b, 12, 43, 2, 0x0d, 14, 43, 1, 0x0c, 15, 43, 34, 0x00, 49, 43, 2, 0x49
    .word 51, 43, 1, 0x08, 52, 43, 5, 0x00, 57, 43, 2, 0x4b, 59, 43, 1, 0x01, 60, 43, 1, 0x00, 61, 43, 1, 0x09, 62, 43, 2, 0x0b, 64, 43, 2, 0x00
    .word 66, 43, 1, 0x50, 67, 43, 4, 0x61, 71, 43, 3, 0x69, 74, 43, 1, 0x6a, 75, 43, 1, 0x54, 76, 43, 1, 0x0c, 77, 43, 2, 0x0b, 79, 43, 1, 0x01
    .word 80, 43, 6, 0x00, 86, 43, 3, 0x09, 89, 43, 2, 0x0a, 91, 43, 4, 0x4b, 95, 43, 1, 0x63, 96, 43, 1, 0x10, 97, 43, 2, 0x4a, 99, 43, 1, 0x0a
    .word 100, 43, 1, 0x0b, 101, 43, 1, 0x14, 102, 43, 2, 0x0a, 104, 43, 1, 0x1e, 105, 43, 1, 0x16, 106, 43, 1, 0x48, 107, 43, 3, 0x4b, 110, 43, 1, 0x0a
    .word 111, 43, 1, 0x65, 112, 43, 2, 0x5a, 114, 43, 1, 0x09, 115, 43, 1, 0x4a, 116, 43, 1, 0x4b, 117, 43, 4, 0x0b, 121, 43, 1, 0x4b, 122, 43, 3, 0x0b
    .word 125, 43, 1, 0x09, 126, 43, 1, 0x65, 127, 43, 2, 0x49, 129, 43, 3, 0x0b, 132, 43, 2, 0x4b, 134, 43, 1, 0x0a, 135, 43, 1, 0x53, 136, 43, 1, 0x4b
    .word 137, 43, 2, 0x4a, 139, 43, 1, 0x64, 140, 43, 1, 0x11, 141, 43, 1, 0x4a, 142, 43, 2, 0x0b, 144, 43, 1, 0x4b, 145, 43, 1, 0x0b, 146, 43, 1, 0x4b
    .word 147, 43, 5, 0x0b, 152, 43, 2, 0x24, 154, 43, 1, 0x0a, 155, 43, 1, 0x4b, 156, 43, 1, 0x4a, 157, 43, 3, 0xab, 160, 43, 1, 0xf3, 161, 43, 3, 0xf4
    .word 164, 43, 1, 0xab, 165, 43, 1, 0xaa, 166, 43, 1, 0xac, 167, 43, 3, 0x0b, 170, 43, 1, 0x4b, 171, 43, 3, 0x0b, 174, 43, 1, 0x4b, 175, 43, 2, 0x0b
    .word 177, 43, 4, 0x4b, 181, 43, 1, 0x11, 182, 43, 2, 0x6b, 184, 43, 1, 0x4b, 185, 43, 9, 0x0b, 194, 43, 1, 0x0a, 195, 43, 1, 0x48, 196, 43, 1, 0x25
    .word 197, 43, 2, 0x0a, 199, 43, 2, 0x0b, 201, 43, 1, 0x4b, 202, 43, 2, 0x0b, 204, 43, 3, 0x4b, 207, 43, 2, 0x4a, 209, 43, 1, 0x63, 210, 43, 1, 0x2c
    .word 211, 43, 3, 0x0b, 214, 43, 1, 0x4b, 215, 43, 1, 0x08, 216, 43, 1, 0x55, 217, 43, 2, 0x1e, 219, 43, 1, 0x14, 220, 43, 2, 0x54, 222, 43, 2, 0x5b
    .word 224, 43, 2, 0x4b, 226, 43, 1, 0x4a, 227, 43, 2, 0x59, 229, 43, 1, 0x63, 230, 43, 4, 0x4b, 234, 43, 1, 0x0b, 235, 43, 1, 0x4a, 236, 43, 1, 0x08
    .word 237, 43, 2, 0x6a, 239, 43, 8, 0x0a, 247, 43, 2, 0x0b, 249, 43, 1, 0x0c, 250, 43, 1, 0x1e, 251, 43, 1, 0x50, 252, 43, 2, 0x49, 254, 43, 1, 0x55
    .word 255, 43, 1, 0x08, 256, 43, 1, 0x0b, 257, 43, 2, 0x4a, 259, 43, 2, 0x6a, 261, 43, 3, 0x58, 264, 43, 5, 0x50, 269, 43, 3, 0x48, 272, 43, 22, 0x00
    .word 294, 43, 1, 0x51, 295, 43, 1, 0x50, 296, 43, 24, 0x00, 0, 44, 2, 0x00, 2, 44, 7, 0x09, 9, 44, 3, 0x0b, 12, 44, 2, 0x0d, 14, 44, 1, 0x0c
    .word 15, 44, 34, 0x00, 49, 44, 2, 0x49, 51, 44, 1, 0x08, 52, 44, 5, 0x00, 57, 44, 2, 0x4b, 59, 44, 1, 0x01, 60, 44, 1, 0x00, 61, 44, 1, 0x09
    .word 62, 44, 2, 0x0b, 64, 44, 2, 0x00, 66, 44, 1, 0x50, 67, 44, 4, 0x61, 71, 44, 3, 0x69, 74, 44, 1, 0x6a, 75, 44, 1, 0x54, 76, 44, 1, 0x0c
    .word 77, 44, 2, 0x0b, 79, 44, 1, 0x01, 80, 44, 6, 0x00, 86, 44, 3, 0x09, 89, 44, 2, 0x0a, 91, 44, 4, 0x4b, 95, 44, 1, 0x63, 96, 44, 1, 0x10
    .word 97, 44, 2, 0x4a, 99, 44, 1, 0x0a, 100, 44, 1, 0x0b, 101, 44, 1, 0x14, 102, 44, 2, 0x0a, 104, 44, 1, 0x1e, 105, 44, 1, 0x16, 106, 44, 1, 0x48
    .word 107, 44, 3, 0x4b, 110, 44, 1, 0x0a, 111, 44, 1, 0x65, 112, 44, 2, 0x5a, 114, 44, 1, 0x09, 115, 44, 1, 0x4a, 116, 44, 1, 0x4b, 117, 44, 4, 0x0b
    .word 121, 44, 1, 0x4b, 122, 44, 3, 0x0b, 125, 44, 1, 0x09, 126, 44, 1, 0x65, 127, 44, 2, 0x49, 129, 44, 3, 0x0b, 132, 44, 2, 0x4b, 134, 44, 1, 0x0a
    .word 135, 44, 1, 0x53, 136, 44, 1, 0x4b, 137, 44, 2, 0x4a, 139, 44, 1, 0x64, 140, 44, 1, 0x11, 141, 44, 1, 0x4a, 142, 44, 2, 0x0b, 144, 44, 1, 0x4b
    .word 145, 44, 1, 0x0b, 146, 44, 1, 0x4b, 147, 44, 5, 0x0b, 152, 44, 2, 0x24, 154, 44, 1, 0x0a, 155, 44, 1, 0x4b, 156, 44, 1, 0x4a, 157, 44, 3, 0xab
    .word 160, 44, 1, 0xf3, 161, 44, 3, 0xf4, 164, 44, 1, 0xab, 165, 44, 1, 0xaa, 166, 44, 1, 0xac, 167, 44, 3, 0x0b, 170, 44, 1, 0x4b, 171, 44, 3, 0x0b
    .word 174, 44, 1, 0x4b, 175, 44, 2, 0x0b, 177, 44, 4, 0x4b, 181, 44, 1, 0x11, 182, 44, 2, 0x6b, 184, 44, 1, 0x4b, 185, 44, 9, 0x0b, 194, 44, 1, 0x0a
    .word 195, 44, 1, 0x48, 196, 44, 1, 0x25, 197, 44, 2, 0x0a, 199, 44, 2, 0x0b, 201, 44, 1, 0x4b, 202, 44, 2, 0x0b, 204, 44, 3, 0x4b, 207, 44, 2, 0x4a
    .word 209, 44, 1, 0x63, 210, 44, 1, 0x2c, 211, 44, 3, 0x0b, 214, 44, 1, 0x4b, 215, 44, 1, 0x08, 216, 44, 1, 0x55, 217, 44, 2, 0x1e, 219, 44, 1, 0x14
    .word 220, 44, 2, 0x54, 222, 44, 2, 0x5b, 224, 44, 2, 0x4b, 226, 44, 1, 0x4a, 227, 44, 2, 0x59, 229, 44, 1, 0x63, 230, 44, 4, 0x4b, 234, 44, 1, 0x0b
    .word 235, 44, 1, 0x4a, 236, 44, 1, 0x08, 237, 44, 2, 0x6a, 239, 44, 8, 0x0a, 247, 44, 2, 0x0b, 249, 44, 1, 0x0c, 250, 44, 1, 0x1e, 251, 44, 1, 0x50
    .word 252, 44, 2, 0x49, 254, 44, 1, 0x55, 255, 44, 1, 0x08, 256, 44, 1, 0x0b, 257, 44, 2, 0x4a, 259, 44, 2, 0x6a, 261, 44, 3, 0x58, 264, 44, 5, 0x50
    .word 269, 44, 3, 0x48, 272, 44, 22, 0x00, 294, 44, 1, 0x51, 295, 44, 1, 0x50, 296, 44, 24, 0x00, 0, 45, 2, 0x00, 2, 45, 5, 0x09, 7, 45, 2, 0x0a
    .word 9, 45, 2, 0x0b, 11, 45, 1, 0x0c, 12, 45, 3, 0x0d, 15, 45, 41, 0x00, 56, 45, 1, 0x49, 57, 45, 4, 0x00, 61, 45, 1, 0x0a, 62, 45, 3, 0x00
    .word 65, 45, 1, 0x48, 66, 45, 1, 0x50, 67, 45, 4, 0x61, 71, 45, 3, 0x69, 74, 45, 1, 0x6b, 75, 45, 1, 0x4b, 76, 45, 1, 0x0b, 77, 45, 2, 0x0a
    .word 79, 45, 1, 0x51, 80, 45, 1, 0x5d, 81, 45, 3, 0x01, 84, 45, 3, 0x09, 87, 45, 4, 0x0a, 91, 45, 4, 0x0c, 95, 45, 1, 0x63, 96, 45, 1, 0x09
    .word 97, 45, 2, 0x4c, 99, 45, 1, 0x0c, 100, 45, 1, 0x0d, 101, 45, 1, 0x15, 102, 45, 2, 0x0b, 104, 45, 1, 0x16, 105, 45, 1, 0x15, 106, 45, 1, 0x48
    .word 107, 45, 2, 0x01, 109, 45, 1, 0x41, 110, 45, 1, 0x49, 111, 45, 1, 0x66, 112, 45, 2, 0x11, 114, 45, 1, 0x4a, 115, 45, 1, 0x0b, 116, 45, 1, 0x0c
    .word 117, 45, 3, 0x0d, 120, 45, 1, 0x56, 121, 45, 4, 0x0d, 125, 45, 1, 0x09, 126, 45, 1, 0x25, 127, 45, 2, 0x49, 129, 45, 2, 0x4b, 131, 45, 1, 0x4c
    .word 132, 45, 2, 0x15, 134, 45, 2, 0x0d, 136, 45, 1, 0x4b, 137, 45, 2, 0x4a, 139, 45, 1, 0x24, 140, 45, 1, 0x09, 141, 45, 1, 0x4b, 142, 45, 3, 0x0c
    .word 145, 45, 1, 0x0d, 146, 45, 1, 0x16, 147, 45, 5, 0x0d, 152, 45, 2, 0x24, 154, 45, 1, 0x0b, 155, 45, 1, 0x0d, 156, 45, 1, 0x0b, 157, 45, 2, 0xab
    .word 159, 45, 1, 0x0e, 160, 45, 1, 0x0d, 161, 45, 1, 0xad, 162, 45, 2, 0x0d, 164, 45, 1, 0x5e, 165, 45, 1, 0x54, 166, 45, 1, 0xab, 167, 45, 2, 0x0d
    .word 169, 45, 1, 0x16, 170, 45, 1, 0x0d, 171, 45, 1, 0x15, 172, 45, 2, 0x0c, 174, 45, 1, 0x0d, 175, 45, 1, 0x15, 176, 45, 1, 0x0d, 177, 45, 3, 0x0c
    .word 180, 45, 1, 0x4b, 181, 45, 1, 0x09, 182, 45, 2, 0x64, 184, 45, 2, 0x4c, 186, 45, 1, 0x0d, 187, 45, 2, 0x16, 189, 45, 1, 0x15, 190, 45, 1, 0x55
    .word 191, 45, 1, 0x0c, 192, 45, 3, 0x0b, 195, 45, 1, 0x48, 196, 45, 1, 0x25, 197, 45, 2, 0x4a, 199, 45, 3, 0x0d, 202, 45, 2, 0x15, 204, 45, 2, 0x0d
    .word 206, 45, 1, 0x0c, 207, 45, 2, 0x09, 209, 45, 1, 0x11, 210, 45, 1, 0x25, 211, 45, 1, 0x49, 212, 45, 2, 0x41, 214, 45, 1, 0x09, 215, 45, 1, 0x48
    .word 216, 45, 1, 0x53, 217, 45, 2, 0x1e, 219, 45, 1, 0x0b, 220, 45, 1, 0x0d, 221, 45, 1, 0x55, 222, 45, 2, 0x0d, 224, 45, 1, 0x55, 225, 45, 1, 0x0d
    .word 226, 45, 1, 0x4a, 227, 45, 2, 0x50, 229, 45, 1, 0x63, 230, 45, 2, 0x4c, 232, 45, 3, 0x0b, 235, 45, 1, 0x4b, 236, 45, 1, 0x09, 237, 45, 2, 0x6b
    .word 239, 45, 1, 0x0b, 240, 45, 2, 0x0a, 242, 45, 2, 0x0b, 244, 45, 1, 0x5b, 245, 45, 1, 0x15, 246, 45, 1, 0x4c, 247, 45, 2, 0x4b, 249, 45, 1, 0x5e
    .word 250, 45, 1, 0x1d, 251, 45, 1, 0x48, 252, 45, 2, 0x4a, 254, 45, 1, 0x15, 255, 45, 1, 0x08, 256, 45, 1, 0x4b, 257, 45, 2, 0x4a, 259, 45, 1, 0x49
    .word 260, 45, 1, 0x58, 261, 45, 6, 0x50, 267, 45, 9, 0x48, 276, 45, 1, 0x08, 277, 45, 17, 0x00, 294, 45, 1, 0x51, 295, 45, 1, 0x50, 296, 45, 23, 0x00
    .word 319, 45, 1, 0x08, 0, 46, 2, 0x00, 2, 46, 5, 0x09, 7, 46, 2, 0x0a, 9, 46, 2, 0x0b, 11, 46, 1, 0x0c, 12, 46, 3, 0x0d, 15, 46, 41, 0x00
    .word 56, 46, 1, 0x49, 57, 46, 4, 0x00, 61, 46, 1, 0x0a, 62, 46, 3, 0x00, 65, 46, 1, 0x48, 66, 46, 1, 0x50, 67, 46, 4, 0x61, 71, 46, 3, 0x69
    .word 74, 46, 1, 0x6b, 75, 46, 1, 0x4b, 76, 46, 1, 0x0b, 77, 46, 2, 0x0a, 79, 46, 1, 0x51, 80, 46, 1, 0x5d, 81, 46, 3, 0x01, 84, 46, 3, 0x09
    .word 87, 46, 4, 0x0a, 91, 46, 4, 0x0c, 95, 46, 1, 0x63, 96, 46, 1, 0x09, 97, 46, 2, 0x4c, 99, 46, 1, 0x0c, 100, 46, 1, 0x0d, 101, 46, 1, 0x15
    .word 102, 46, 2, 0x0b, 104, 46, 1, 0x16, 105, 46, 1, 0x15, 106, 46, 1, 0x48, 107, 46, 2, 0x01, 109, 46, 1, 0x41, 110, 46, 1, 0x49, 111, 46, 1, 0x66
    .word 112, 46, 2, 0x11, 114, 46, 1, 0x4a, 115, 46, 1, 0x0b, 116, 46, 1, 0x0c, 117, 46, 3, 0x0d, 120, 46, 1, 0x56, 121, 46, 4, 0x0d, 125, 46, 1, 0x09
    .word 126, 46, 1, 0x25, 127, 46, 2, 0x49, 129, 46, 2, 0x4b, 131, 46, 1, 0x4c, 132, 46, 2, 0x15, 134, 46, 2, 0x0d, 136, 46, 1, 0x4b, 137, 46, 2, 0x4a
    .word 139, 46, 1, 0x24, 140, 46, 1, 0x09, 141, 46, 1, 0x4b, 142, 46, 3, 0x0c, 145, 46, 1, 0x0d, 146, 46, 1, 0x16, 147, 46, 5, 0x0d, 152, 46, 2, 0x24
    .word 154, 46, 1, 0x0b, 155, 46, 1, 0x0d, 156, 46, 1, 0x0b, 157, 46, 2, 0xab, 159, 46, 1, 0x0e, 160, 46, 1, 0x0d, 161, 46, 1, 0xad, 162, 46, 2, 0x0d
    .word 164, 46, 1, 0x5e, 165, 46, 1, 0x54, 166, 46, 1, 0xab, 167, 46, 2, 0x0d, 169, 46, 1, 0x16, 170, 46, 1, 0x0d, 171, 46, 1, 0x15, 172, 46, 2, 0x0c
    .word 174, 46, 1, 0x0d, 175, 46, 1, 0x15, 176, 46, 1, 0x0d, 177, 46, 3, 0x0c, 180, 46, 1, 0x4b, 181, 46, 1, 0x09, 182, 46, 2, 0x64, 184, 46, 2, 0x4c
    .word 186, 46, 1, 0x0d, 187, 46, 2, 0x16, 189, 46, 1, 0x15, 190, 46, 1, 0x55, 191, 46, 1, 0x0c, 192, 46, 3, 0x0b, 195, 46, 1, 0x48, 196, 46, 1, 0x25
    .word 197, 46, 2, 0x4a, 199, 46, 3, 0x0d, 202, 46, 2, 0x15, 204, 46, 2, 0x0d, 206, 46, 1, 0x0c, 207, 46, 2, 0x09, 209, 46, 1, 0x11, 210, 46, 1, 0x25
    .word 211, 46, 1, 0x49, 212, 46, 2, 0x41, 214, 46, 1, 0x09, 215, 46, 1, 0x48, 216, 46, 1, 0x53, 217, 46, 2, 0x1e, 219, 46, 1, 0x0b, 220, 46, 1, 0x0d
    .word 221, 46, 1, 0x55, 222, 46, 2, 0x0d, 224, 46, 1, 0x55, 225, 46, 1, 0x0d, 226, 46, 1, 0x4a, 227, 46, 2, 0x50, 229, 46, 1, 0x63, 230, 46, 2, 0x4c
    .word 232, 46, 3, 0x0b, 235, 46, 1, 0x4b, 236, 46, 1, 0x09, 237, 46, 2, 0x6b, 239, 46, 1, 0x0b, 240, 46, 2, 0x0a, 242, 46, 2, 0x0b, 244, 46, 1, 0x5b
    .word 245, 46, 1, 0x15, 246, 46, 1, 0x4c, 247, 46, 2, 0x4b, 249, 46, 1, 0x5e, 250, 46, 1, 0x1d, 251, 46, 1, 0x48, 252, 46, 2, 0x4a, 254, 46, 1, 0x15
    .word 255, 46, 1, 0x08, 256, 46, 1, 0x4b, 257, 46, 2, 0x4a, 259, 46, 1, 0x49, 260, 46, 1, 0x58, 261, 46, 6, 0x50, 267, 46, 9, 0x48, 276, 46, 1, 0x08
    .word 277, 46, 17, 0x00, 294, 46, 1, 0x51, 295, 46, 1, 0x50, 296, 46, 23, 0x00, 319, 46, 1, 0x08, 0, 47, 2, 0x00, 2, 47, 5, 0x09, 7, 47, 2, 0x0a
    .word 9, 47, 2, 0x0b, 11, 47, 1, 0x0c, 12, 47, 3, 0x0d, 15, 47, 44, 0x00, 59, 47, 1, 0x09, 60, 47, 1, 0x01, 61, 47, 4, 0x00, 65, 47, 1, 0x50
    .word 66, 47, 1, 0x58, 67, 47, 3, 0x50, 70, 47, 4, 0x61, 74, 47, 1, 0x62, 75, 47, 1, 0x0b, 76, 47, 1, 0x4b, 77, 47, 2, 0x0d, 79, 47, 2, 0x48
    .word 81, 47, 1, 0x66, 82, 47, 2, 0x01, 84, 47, 5, 0x09, 89, 47, 2, 0x4a, 91, 47, 3, 0x0a, 94, 47, 1, 0x0b, 95, 47, 1, 0x23, 96, 47, 1, 0x41
    .word 97, 47, 2, 0x0a, 99, 47, 2, 0x0c, 101, 47, 1, 0x0d, 102, 47, 2, 0x4b, 104, 47, 1, 0x15, 105, 47, 1, 0x53, 106, 47, 1, 0x4a, 107, 47, 2, 0x0a
    .word 109, 47, 2, 0x49, 111, 47, 1, 0x65, 112, 47, 2, 0x09, 114, 47, 2, 0x4a, 116, 47, 1, 0x0a, 117, 47, 8, 0x0b, 125, 47, 1, 0x09, 126, 47, 1, 0x5d
    .word 127, 47, 2, 0x49, 129, 47, 1, 0x4b, 130, 47, 1, 0x0b, 131, 47, 1, 0x4b, 132, 47, 4, 0x0b, 136, 47, 1, 0x4b, 137, 47, 2, 0x09, 139, 47, 1, 0x1c
    .word 140, 47, 1, 0x09, 141, 47, 1, 0x0b, 142, 47, 2, 0x4b, 144, 47, 5, 0x0b, 149, 47, 2, 0x0c, 151, 47, 1, 0x0b, 152, 47, 2, 0x1c, 154, 47, 1, 0x0a
    .word 155, 47, 1, 0x0b, 156, 47, 1, 0x0a, 157, 47, 2, 0xab, 159, 47, 1, 0x0d, 160, 47, 1, 0x55, 161, 47, 1, 0x5d, 162, 47, 2, 0x0d, 164, 47, 1, 0xa4
    .word 165, 47, 1, 0x5c, 166, 47, 1, 0xab, 167, 47, 2, 0x0b, 169, 47, 1, 0x0c, 170, 47, 1, 0x4c, 171, 47, 3, 0x0c, 174, 47, 5, 0x0b, 179, 47, 1, 0x0a
    .word 180, 47, 1, 0x0b, 181, 47, 1, 0x09, 182, 47, 2, 0x1c, 184, 47, 1, 0x0a, 185, 47, 4, 0x0b, 189, 47, 2, 0x4b, 191, 47, 3, 0x0b, 194, 47, 1, 0x4b
    .word 195, 47, 1, 0x08, 196, 47, 1, 0x1d, 197, 47, 2, 0x4a, 199, 47, 6, 0x0b, 205, 47, 1, 0x4a, 206, 47, 1, 0x0a, 207, 47, 2, 0x4a, 209, 47, 1, 0x09
    .word 210, 47, 1, 0x1c, 211, 47, 1, 0x09, 212, 47, 2, 0x49, 214, 47, 1, 0x0a, 215, 47, 1, 0x4a, 216, 47, 1, 0x09, 217, 47, 2, 0x14, 219, 47, 1, 0x0b
    .word 220, 47, 1, 0x4c, 221, 47, 3, 0x0c, 224, 47, 1, 0x4a, 225, 47, 2, 0x0a, 227, 47, 2, 0x51, 229, 47, 1, 0x23, 230, 47, 2, 0x0a, 232, 47, 2, 0x0b
    .word 234, 47, 1, 0x0a, 235, 47, 2, 0x09, 237, 47, 2, 0x5a, 239, 47, 1, 0x51, 240, 47, 2, 0x0a, 242, 47, 2, 0x65, 244, 47, 1, 0x50, 245, 47, 1, 0x15
    .word 246, 47, 1, 0x4a, 247, 47, 2, 0x0b, 249, 47, 1, 0x0c, 250, 47, 1, 0x1e, 251, 47, 1, 0x48, 252, 47, 2, 0x08, 254, 47, 1, 0x4d, 255, 47, 1, 0x4a
    .word 256, 47, 1, 0x09, 257, 47, 2, 0x4a, 259, 47, 1, 0x09, 260, 47, 1, 0x00, 261, 47, 3, 0x50, 264, 47, 12, 0x48, 276, 47, 18, 0x00, 294, 47, 2, 0x48
    .word 296, 47, 18, 0x00, 314, 47, 5, 0x08, 319, 47, 1, 0x48, 0, 48, 2, 0x00, 2, 48, 5, 0x09, 7, 48, 2, 0x4b, 9, 48, 2, 0x0b, 11, 48, 1, 0x0c
    .word 12, 48, 3, 0x0d, 15, 48, 49, 0x00, 64, 48, 1, 0x48, 65, 48, 7, 0x50, 72, 48, 2, 0x60, 74, 48, 1, 0x61, 75, 48, 1, 0x0b, 76, 48, 1, 0x0a
    .word 77, 48, 2, 0x15, 79, 48, 2, 0x48, 81, 48, 1, 0x14, 82, 48, 3, 0x0b, 85, 48, 6, 0x09, 91, 48, 4, 0x4a, 95, 48, 1, 0x23, 96, 48, 1, 0x00
    .word 97, 48, 2, 0x0a, 99, 48, 1, 0x0b, 100, 48, 2, 0x0c, 102, 48, 2, 0x4a, 104, 48, 1, 0x09, 105, 48, 1, 0x4a, 106, 48, 1, 0x01, 107, 48, 4, 0x09
    .word 111, 48, 1, 0x1c, 112, 48, 2, 0x09, 114, 48, 1, 0x01, 115, 48, 1, 0x4a, 116, 48, 1, 0x0a, 117, 48, 8, 0x0b, 125, 48, 1, 0x00, 126, 48, 1, 0x5c
    .word 127, 48, 2, 0x09, 129, 48, 1, 0x4b, 130, 48, 7, 0x0b, 137, 48, 2, 0x08, 139, 48, 1, 0x1c, 140, 48, 1, 0x09, 141, 48, 1, 0x0a, 142, 48, 2, 0x4b
    .word 144, 48, 3, 0x0b, 147, 48, 2, 0x0c, 149, 48, 3, 0x0b, 152, 48, 2, 0x1c, 154, 48, 1, 0x0a, 155, 48, 1, 0x0b, 156, 48, 1, 0x0a, 157, 48, 2, 0xab
    .word 159, 48, 2, 0x0d, 161, 48, 1, 0x0c, 162, 48, 2, 0x0d, 164, 48, 1, 0x64, 165, 48, 1, 0x5c, 166, 48, 1, 0xab, 167, 48, 2, 0x0b, 169, 48, 5, 0x0c
    .word 174, 48, 7, 0x0b, 181, 48, 1, 0x08, 182, 48, 2, 0x1b, 184, 48, 1, 0x0a, 185, 48, 9, 0x0b, 194, 48, 1, 0x0a, 195, 48, 1, 0x08, 196, 48, 1, 0x1d
    .word 197, 48, 2, 0x09, 199, 48, 6, 0x0b, 205, 48, 1, 0x4a, 206, 48, 1, 0x01, 207, 48, 3, 0x09, 210, 48, 1, 0x1c, 211, 48, 1, 0x49, 212, 48, 2, 0x01
    .word 214, 48, 2, 0x08, 216, 48, 3, 0x09, 219, 48, 1, 0x0b, 220, 48, 2, 0x0c, 222, 48, 2, 0x4c, 224, 48, 1, 0x0b, 225, 48, 1, 0x4a, 226, 48, 1, 0x09
    .word 227, 48, 2, 0x51, 229, 48, 1, 0x1b, 230, 48, 2, 0x0a, 232, 48, 5, 0x09, 237, 48, 2, 0x12, 239, 48, 1, 0x0a, 240, 48, 1, 0x0b, 241, 48, 1, 0x15
    .word 242, 48, 2, 0x51, 244, 48, 1, 0x08, 245, 48, 1, 0x15, 246, 48, 1, 0x0a, 247, 48, 3, 0x0b, 250, 48, 1, 0x0c, 251, 48, 1, 0x4d, 252, 48, 2, 0x00
    .word 254, 48, 1, 0x09, 255, 48, 1, 0x0c, 256, 48, 6, 0x00, 262, 48, 12, 0x48, 274, 48, 20, 0x00, 294, 48, 1, 0x59, 295, 48, 1, 0x51, 296, 48, 10, 0x00
    .word 306, 48, 1, 0x08, 307, 48, 7, 0x00, 314, 48, 3, 0x08, 317, 48, 3, 0x48, 0, 49, 2, 0x00, 2, 49, 5, 0x09, 7, 49, 2, 0x4b, 9, 49, 2, 0x0b
    .word 11, 49, 1, 0x0c, 12, 49, 3, 0x0d, 15, 49, 49, 0x00, 64, 49, 1, 0x48, 65, 49, 7, 0x50, 72, 49, 2, 0x60, 74, 49, 1, 0x61, 75, 49, 1, 0x0b
    .word 76, 49, 1, 0x0a, 77, 49, 2, 0x15, 79, 49, 2, 0x48, 81, 49, 1, 0x14, 82, 49, 3, 0x0b, 85, 49, 6, 0x09, 91, 49, 4, 0x4a, 95, 49, 1, 0x23
    .word 96, 49, 1, 0x00, 97, 49, 2, 0x0a, 99, 49, 1, 0x0b, 100, 49, 2, 0x0c, 102, 49, 2, 0x4a, 104, 49, 1, 0x09, 105, 49, 1, 0x4a, 106, 49, 1, 0x01
    .word 107, 49, 4, 0x09, 111, 49, 1, 0x1c, 112, 49, 2, 0x09, 114, 49, 1, 0x01, 115, 49, 1, 0x4a, 116, 49, 1, 0x0a, 117, 49, 8, 0x0b, 125, 49, 1, 0x00
    .word 126, 49, 1, 0x5c, 127, 49, 2, 0x09, 129, 49, 1, 0x4b, 130, 49, 7, 0x0b, 137, 49, 2, 0x08, 139, 49, 1, 0x1c, 140, 49, 1, 0x09, 141, 49, 1, 0x0a
    .word 142, 49, 2, 0x4b, 144, 49, 3, 0x0b, 147, 49, 2, 0x0c, 149, 49, 3, 0x0b, 152, 49, 2, 0x1c, 154, 49, 1, 0x0a, 155, 49, 1, 0x0b, 156, 49, 1, 0x0a
    .word 157, 49, 2, 0xab, 159, 49, 2, 0x0d, 161, 49, 1, 0x0c, 162, 49, 2, 0x0d, 164, 49, 1, 0x64, 165, 49, 1, 0x5c, 166, 49, 1, 0xab, 167, 49, 2, 0x0b
    .word 169, 49, 5, 0x0c, 174, 49, 7, 0x0b, 181, 49, 1, 0x08, 182, 49, 2, 0x1b, 184, 49, 1, 0x0a, 185, 49, 9, 0x0b, 194, 49, 1, 0x0a, 195, 49, 1, 0x08
    .word 196, 49, 1, 0x1d, 197, 49, 2, 0x09, 199, 49, 6, 0x0b, 205, 49, 1, 0x4a, 206, 49, 1, 0x01, 207, 49, 3, 0x09, 210, 49, 1, 0x1c, 211, 49, 1, 0x49
    .word 212, 49, 2, 0x01, 214, 49, 2, 0x08, 216, 49, 3, 0x09, 219, 49, 1, 0x0b, 220, 49, 2, 0x0c, 222, 49, 2, 0x4c, 224, 49, 1, 0x0b, 225, 49, 1, 0x4a
    .word 226, 49, 1, 0x09, 227, 49, 2, 0x51, 229, 49, 1, 0x1b, 230, 49, 2, 0x0a, 232, 49, 5, 0x09, 237, 49, 2, 0x12, 239, 49, 1, 0x0a, 240, 49, 1, 0x0b
    .word 241, 49, 1, 0x15, 242, 49, 2, 0x51, 244, 49, 1, 0x08, 245, 49, 1, 0x15, 246, 49, 1, 0x0a, 247, 49, 3, 0x0b, 250, 49, 1, 0x0c, 251, 49, 1, 0x4d
    .word 252, 49, 2, 0x00, 254, 49, 1, 0x09, 255, 49, 1, 0x0c, 256, 49, 6, 0x00, 262, 49, 12, 0x48, 274, 49, 20, 0x00, 294, 49, 1, 0x59, 295, 49, 1, 0x51
    .word 296, 49, 10, 0x00, 306, 49, 1, 0x08, 307, 49, 7, 0x00, 314, 49, 3, 0x08, 317, 49, 3, 0x48, 0, 50, 2, 0x00, 2, 50, 5, 0x09, 7, 50, 5, 0x0b
    .word 12, 50, 3, 0x0d, 15, 50, 40, 0x00, 55, 50, 2, 0x48, 57, 50, 3, 0x00, 60, 50, 1, 0x08, 61, 50, 6, 0x48, 67, 50, 4, 0x50, 71, 50, 3, 0x58
    .word 74, 50, 1, 0x0a, 75, 50, 1, 0x4b, 76, 50, 1, 0x0a, 77, 50, 2, 0x15, 79, 50, 2, 0x48, 81, 50, 1, 0x65, 82, 50, 2, 0x4b, 84, 50, 1, 0x0b
    .word 85, 50, 1, 0x56, 86, 50, 1, 0x0b, 87, 50, 2, 0x53, 89, 50, 1, 0x01, 90, 50, 1, 0x08, 91, 50, 1, 0x00, 92, 50, 2, 0x01, 94, 50, 1, 0x00
    .word 95, 50, 1, 0x1b, 96, 50, 1, 0x00, 97, 50, 2, 0x01, 99, 50, 1, 0x09, 100, 50, 1, 0x01, 101, 50, 1, 0x09, 102, 50, 3, 0x01, 105, 50, 1, 0x0a
    .word 106, 50, 3, 0x00, 109, 50, 1, 0x09, 110, 50, 1, 0x01, 111, 50, 1, 0x1c, 112, 50, 2, 0x52, 114, 50, 10, 0x09, 124, 50, 1, 0x01, 125, 50, 1, 0x08
    .word 126, 50, 1, 0x5c, 127, 50, 2, 0x08, 129, 50, 3, 0x09, 132, 50, 2, 0x0a, 134, 50, 2, 0x01, 136, 50, 1, 0x09, 137, 50, 2, 0x08, 139, 50, 1, 0x14
    .word 140, 50, 4, 0x09, 144, 50, 1, 0x4a, 145, 50, 1, 0x09, 146, 50, 1, 0x0b, 147, 50, 2, 0x09, 149, 50, 3, 0x0a, 152, 50, 2, 0x53, 154, 50, 1, 0x0a
    .word 155, 50, 1, 0x0b, 156, 50, 1, 0x0a, 157, 50, 2, 0xa2, 159, 50, 1, 0xab, 160, 50, 2, 0xa3, 162, 50, 5, 0xa2, 167, 50, 3, 0x0a, 170, 50, 1, 0x09
    .word 171, 50, 3, 0x0b, 174, 50, 1, 0x01, 175, 50, 2, 0x0a, 177, 50, 3, 0x09, 180, 50, 1, 0x01, 181, 50, 1, 0x00, 182, 50, 2, 0x13, 184, 50, 5, 0x09
    .word 189, 50, 2, 0x0a, 191, 50, 4, 0x09, 195, 50, 1, 0x08, 196, 50, 1, 0x14, 197, 50, 2, 0x09, 199, 50, 1, 0x01, 200, 50, 1, 0x09, 201, 50, 1, 0x01
    .word 202, 50, 2, 0x09, 204, 50, 1, 0x01, 205, 50, 2, 0x09, 207, 50, 2, 0x01, 209, 50, 1, 0x12, 210, 50, 1, 0x1c, 211, 50, 1, 0x09, 212, 50, 2, 0x01
    .word 214, 50, 1, 0x09, 215, 50, 1, 0x00, 216, 50, 1, 0x09, 217, 50, 2, 0x0a, 219, 50, 1, 0x01, 220, 50, 1, 0x0a, 221, 50, 1, 0x09, 222, 50, 2, 0x01
    .word 224, 50, 2, 0x09, 226, 50, 1, 0x00, 227, 50, 2, 0x5a, 229, 50, 1, 0x53, 230, 50, 2, 0x08, 232, 50, 2, 0x00, 234, 50, 1, 0x08, 235, 50, 1, 0x09
    .word 236, 50, 1, 0x5c, 237, 50, 2, 0x0d, 239, 50, 2, 0x4b, 241, 50, 1, 0x66, 242, 50, 2, 0x48, 244, 50, 1, 0x09, 245, 50, 1, 0x0c, 246, 50, 1, 0x4a
    .word 247, 50, 2, 0x0b, 249, 50, 1, 0x09, 250, 50, 1, 0x01, 251, 50, 1, 0x14, 252, 50, 3, 0x00, 255, 50, 1, 0x08, 256, 50, 1, 0x0a, 257, 50, 8, 0x00
    .word 265, 50, 1, 0x09, 266, 50, 1, 0x01, 267, 50, 3, 0x00, 270, 50, 2, 0x48, 272, 50, 22, 0x00, 294, 50, 1, 0x5a, 295, 50, 1, 0x51, 296, 50, 8, 0x00
    .word 304, 50, 1, 0x08, 305, 50, 1, 0x00, 306, 50, 1, 0x50, 307, 50, 7, 0x00, 314, 50, 6, 0x48, 0, 51, 2, 0x00, 2, 51, 5, 0x09, 7, 51, 5, 0x0b
    .word 12, 51, 3, 0x0d, 15, 51, 40, 0x00, 55, 51, 2, 0x48, 57, 51, 3, 0x00, 60, 51, 1, 0x08, 61, 51, 6, 0x48, 67, 51, 4, 0x50, 71, 51, 3, 0x58
    .word 74, 51, 1, 0x0a, 75, 51, 1, 0x4b, 76, 51, 1, 0x0a, 77, 51, 2, 0x15, 79, 51, 2, 0x48, 81, 51, 1, 0x65, 82, 51, 2, 0x4b, 84, 51, 1, 0x0b
    .word 85, 51, 1, 0x56, 86, 51, 1, 0x0b, 87, 51, 2, 0x53, 89, 51, 1, 0x01, 90, 51, 1, 0x08, 91, 51, 1, 0x00, 92, 51, 2, 0x01, 94, 51, 1, 0x00
    .word 95, 51, 1, 0x1b, 96, 51, 1, 0x00, 97, 51, 2, 0x01, 99, 51, 1, 0x09, 100, 51, 1, 0x01, 101, 51, 1, 0x09, 102, 51, 3, 0x01, 105, 51, 1, 0x0a
    .word 106, 51, 3, 0x00, 109, 51, 1, 0x09, 110, 51, 1, 0x01, 111, 51, 1, 0x1c, 112, 51, 2, 0x52, 114, 51, 10, 0x09, 124, 51, 1, 0x01, 125, 51, 1, 0x08
    .word 126, 51, 1, 0x5c, 127, 51, 2, 0x08, 129, 51, 3, 0x09, 132, 51, 2, 0x0a, 134, 51, 2, 0x01, 136, 51, 1, 0x09, 137, 51, 2, 0x08, 139, 51, 1, 0x14
    .word 140, 51, 4, 0x09, 144, 51, 1, 0x4a, 145, 51, 1, 0x09, 146, 51, 1, 0x0b, 147, 51, 2, 0x09, 149, 51, 3, 0x0a, 152, 51, 2, 0x53, 154, 51, 1, 0x0a
    .word 155, 51, 1, 0x0b, 156, 51, 1, 0x0a, 157, 51, 2, 0xa2, 159, 51, 1, 0xab, 160, 51, 2, 0xa3, 162, 51, 5, 0xa2, 167, 51, 3, 0x0a, 170, 51, 1, 0x09
    .word 171, 51, 3, 0x0b, 174, 51, 1, 0x01, 175, 51, 2, 0x0a, 177, 51, 3, 0x09, 180, 51, 1, 0x01, 181, 51, 1, 0x00, 182, 51, 2, 0x13, 184, 51, 5, 0x09
    .word 189, 51, 2, 0x0a, 191, 51, 4, 0x09, 195, 51, 1, 0x08, 196, 51, 1, 0x14, 197, 51, 2, 0x09, 199, 51, 1, 0x01, 200, 51, 1, 0x09, 201, 51, 1, 0x01
    .word 202, 51, 2, 0x09, 204, 51, 1, 0x01, 205, 51, 2, 0x09, 207, 51, 2, 0x01, 209, 51, 1, 0x12, 210, 51, 1, 0x1c, 211, 51, 1, 0x09, 212, 51, 2, 0x01
    .word 214, 51, 1, 0x09, 215, 51, 1, 0x00, 216, 51, 1, 0x09, 217, 51, 2, 0x0a, 219, 51, 1, 0x01, 220, 51, 1, 0x0a, 221, 51, 1, 0x09, 222, 51, 2, 0x01
    .word 224, 51, 2, 0x09, 226, 51, 1, 0x00, 227, 51, 2, 0x5a, 229, 51, 1, 0x53, 230, 51, 2, 0x08, 232, 51, 2, 0x00, 234, 51, 1, 0x08, 235, 51, 1, 0x09
    .word 236, 51, 1, 0x5c, 237, 51, 2, 0x0d, 239, 51, 2, 0x4b, 241, 51, 1, 0x66, 242, 51, 2, 0x48, 244, 51, 1, 0x09, 245, 51, 1, 0x0c, 246, 51, 1, 0x4a
    .word 247, 51, 2, 0x0b, 249, 51, 1, 0x09, 250, 51, 1, 0x01, 251, 51, 1, 0x14, 252, 51, 3, 0x00, 255, 51, 1, 0x08, 256, 51, 1, 0x0a, 257, 51, 8, 0x00
    .word 265, 51, 1, 0x09, 266, 51, 1, 0x01, 267, 51, 3, 0x00, 270, 51, 2, 0x48, 272, 51, 22, 0x00, 294, 51, 1, 0x5a, 295, 51, 1, 0x51, 296, 51, 8, 0x00
    .word 304, 51, 1, 0x08, 305, 51, 1, 0x00, 306, 51, 1, 0x50, 307, 51, 7, 0x00, 314, 51, 6, 0x48, 0, 52, 2, 0x00, 2, 52, 5, 0x09, 7, 52, 4, 0x0b
    .word 11, 52, 1, 0x0c, 12, 52, 3, 0x0d, 15, 52, 6, 0x48, 21, 52, 34, 0x00, 55, 52, 2, 0x48, 57, 52, 2, 0x00, 59, 52, 12, 0x48, 71, 52, 1, 0x50
    .word 72, 52, 2, 0x08, 74, 52, 2, 0x09, 76, 52, 1, 0x0b, 77, 52, 2, 0x49, 79, 52, 1, 0x48, 80, 52, 1, 0x50, 81, 52, 1, 0x14, 82, 52, 2, 0x4a
    .word 84, 52, 1, 0x0b, 85, 52, 1, 0x4a, 86, 52, 1, 0x15, 87, 52, 2, 0x08, 89, 52, 1, 0x64, 90, 52, 1, 0x52, 91, 52, 4, 0x00, 95, 52, 1, 0x0a
    .word 96, 52, 1, 0x00, 97, 52, 5, 0x09, 102, 52, 2, 0x00, 104, 52, 2, 0x09, 106, 52, 1, 0x00, 107, 52, 2, 0x09, 109, 52, 2, 0x01, 111, 52, 1, 0x09
    .word 112, 52, 2, 0x52, 114, 52, 6, 0x09, 120, 52, 1, 0x01, 121, 52, 5, 0x09, 126, 52, 1, 0x13, 127, 52, 2, 0x08, 129, 52, 5, 0x09, 134, 52, 2, 0x01
    .word 136, 52, 1, 0x09, 137, 52, 2, 0x00, 139, 52, 1, 0x53, 140, 52, 11, 0x09, 151, 52, 1, 0x01, 152, 52, 2, 0x13, 154, 52, 3, 0x09, 157, 52, 4, 0x50
    .word 161, 52, 3, 0x48, 164, 52, 1, 0x50, 165, 52, 2, 0x48, 167, 52, 9, 0x09, 176, 52, 1, 0x01, 177, 52, 4, 0x09, 181, 52, 1, 0x08, 182, 52, 2, 0x0a
    .word 184, 52, 11, 0x09, 195, 52, 1, 0x00, 196, 52, 1, 0x13, 197, 52, 12, 0x09, 209, 52, 2, 0x0a, 211, 52, 1, 0x09, 212, 52, 3, 0x01, 215, 52, 1, 0x00
    .word 216, 52, 1, 0x0a, 217, 52, 5, 0x09, 222, 52, 2, 0x01, 224, 52, 1, 0x09, 225, 52, 1, 0x08, 226, 52, 1, 0x00, 227, 52, 2, 0x12, 229, 52, 1, 0x00
    .word 230, 52, 1, 0x01, 231, 52, 1, 0x00, 232, 52, 2, 0x08, 234, 52, 1, 0x54, 235, 52, 1, 0x49, 236, 52, 1, 0x1d, 237, 52, 2, 0x0b, 239, 52, 1, 0x4b
    .word 240, 52, 1, 0x0b, 241, 52, 1, 0x54, 242, 52, 2, 0x5b, 244, 52, 1, 0x48, 245, 52, 1, 0x0c, 246, 52, 4, 0x09, 250, 52, 1, 0x01, 251, 52, 1, 0x00
    .word 252, 52, 2, 0x4b, 254, 52, 11, 0x00, 265, 52, 2, 0x0a, 267, 52, 27, 0x00, 294, 52, 1, 0x59, 295, 52, 1, 0x51, 296, 52, 10, 0x00, 306, 52, 1, 0x50
    .word 307, 52, 2, 0x00, 309, 52, 1, 0x08, 310, 52, 7, 0x48, 317, 52, 3, 0x00, 0, 53, 2, 0x00, 2, 53, 4, 0x09, 6, 53, 1, 0x0a, 7, 53, 2, 0x0c
    .word 9, 53, 2, 0x0b, 11, 53, 1, 0x0c, 12, 53, 3, 0x15, 15, 53, 6, 0x48, 21, 53, 3, 0x08, 24, 53, 31, 0x00, 55, 53, 2, 0x48, 57, 53, 2, 0x00
    .word 59, 53, 12, 0x48, 71, 53, 4, 0x00, 75, 53, 1, 0x01, 76, 53, 1, 0x0b, 77, 53, 3, 0x48, 80, 53, 1, 0x59, 81, 53, 1, 0x1c, 82, 53, 2, 0x4a
    .word 84, 53, 2, 0x0b, 86, 53, 1, 0x15, 87, 53, 2, 0x48, 89, 53, 1, 0x5a, 90, 53, 1, 0x5c, 91, 53, 4, 0x00, 95, 53, 1, 0x09, 96, 53, 5, 0x00
    .word 101, 53, 1, 0x01, 102, 53, 2, 0x00, 104, 53, 1, 0x49, 105, 53, 2, 0x09, 107, 53, 2, 0x00, 109, 53, 2, 0x01, 111, 53, 1, 0x00, 112, 53, 2, 0x53
    .word 114, 53, 1, 0x00, 115, 53, 1, 0x01, 116, 53, 1, 0x00, 117, 53, 8, 0x01, 125, 53, 1, 0x00, 126, 53, 1, 0x0b, 127, 53, 3, 0x00, 130, 53, 6, 0x01
    .word 136, 53, 3, 0x00, 139, 53, 1, 0x53, 140, 53, 1, 0x09, 141, 53, 1, 0x08, 142, 53, 3, 0x01, 145, 53, 1, 0x00, 146, 53, 6, 0x01, 152, 53, 2, 0x4b
    .word 154, 53, 1, 0x00, 155, 53, 2, 0x08, 157, 53, 2, 0x50, 159, 53, 7, 0x48, 166, 53, 1, 0x51, 167, 53, 4, 0x09, 171, 53, 5, 0x01, 176, 53, 3, 0x00
    .word 179, 53, 1, 0x08, 180, 53, 1, 0x00, 181, 53, 1, 0x09, 182, 53, 2, 0x4a, 184, 53, 6, 0x01, 190, 53, 1, 0x00, 191, 53, 3, 0x01, 194, 53, 2, 0x00
    .word 196, 53, 1, 0x0a, 197, 53, 2, 0x00, 199, 53, 5, 0x01, 204, 53, 5, 0x00, 209, 53, 2, 0x0a, 211, 53, 3, 0x01, 214, 53, 2, 0x00, 216, 53, 3, 0x09
    .word 219, 53, 2, 0x00, 221, 53, 1, 0x09, 222, 53, 2, 0x01, 224, 53, 3, 0x00, 227, 53, 2, 0x0b, 229, 53, 3, 0x00, 232, 53, 2, 0x01, 234, 53, 1, 0x64
    .word 235, 53, 1, 0x48, 236, 53, 1, 0x14, 237, 53, 4, 0x0b, 241, 53, 1, 0x0a, 242, 53, 2, 0x5c, 244, 53, 1, 0x48, 245, 53, 1, 0x09, 246, 53, 1, 0x0a
    .word 247, 53, 2, 0x09, 249, 53, 1, 0x01, 250, 53, 4, 0x00, 254, 53, 1, 0x01, 255, 53, 10, 0x00, 265, 53, 2, 0x0a, 267, 53, 27, 0x00, 294, 53, 1, 0x59
    .word 295, 53, 1, 0x51, 296, 53, 8, 0x00, 304, 53, 1, 0x08, 305, 53, 1, 0x00, 306, 53, 1, 0x50, 307, 53, 8, 0x48, 315, 53, 5, 0x00, 0, 54, 2, 0x00
    .word 2, 54, 4, 0x09, 6, 54, 1, 0x0a, 7, 54, 2, 0x0c, 9, 54, 2, 0x0b, 11, 54, 1, 0x0c, 12, 54, 3, 0x15, 15, 54, 6, 0x48, 21, 54, 3, 0x08
    .word 24, 54, 31, 0x00, 55, 54, 2, 0x48, 57, 54, 2, 0x00, 59, 54, 12, 0x48, 71, 54, 4, 0x00, 75, 54, 1, 0x01, 76, 54, 1, 0x0b, 77, 54, 3, 0x48
    .word 80, 54, 1, 0x59, 81, 54, 1, 0x1c, 82, 54, 2, 0x4a, 84, 54, 2, 0x0b, 86, 54, 1, 0x15, 87, 54, 2, 0x48, 89, 54, 1, 0x5a, 90, 54, 1, 0x5c
    .word 91, 54, 4, 0x00, 95, 54, 1, 0x09, 96, 54, 5, 0x00, 101, 54, 1, 0x01, 102, 54, 2, 0x00, 104, 54, 1, 0x49, 105, 54, 2, 0x09, 107, 54, 2, 0x00
    .word 109, 54, 2, 0x01, 111, 54, 1, 0x00, 112, 54, 2, 0x53, 114, 54, 1, 0x00, 115, 54, 1, 0x01, 116, 54, 1, 0x00, 117, 54, 8, 0x01, 125, 54, 1, 0x00
    .word 126, 54, 1, 0x0b, 127, 54, 3, 0x00, 130, 54, 6, 0x01, 136, 54, 3, 0x00, 139, 54, 1, 0x53, 140, 54, 1, 0x09, 141, 54, 1, 0x08, 142, 54, 3, 0x01
    .word 145, 54, 1, 0x00, 146, 54, 6, 0x01, 152, 54, 2, 0x4b, 154, 54, 1, 0x00, 155, 54, 2, 0x08, 157, 54, 2, 0x50, 159, 54, 7, 0x48, 166, 54, 1, 0x51
    .word 167, 54, 4, 0x09, 171, 54, 5, 0x01, 176, 54, 3, 0x00, 179, 54, 1, 0x08, 180, 54, 1, 0x00, 181, 54, 1, 0x09, 182, 54, 2, 0x4a, 184, 54, 6, 0x01
    .word 190, 54, 1, 0x00, 191, 54, 3, 0x01, 194, 54, 2, 0x00, 196, 54, 1, 0x0a, 197, 54, 2, 0x00, 199, 54, 5, 0x01, 204, 54, 5, 0x00, 209, 54, 2, 0x0a
    .word 211, 54, 3, 0x01, 214, 54, 2, 0x00, 216, 54, 3, 0x09, 219, 54, 2, 0x00, 221, 54, 1, 0x09, 222, 54, 2, 0x01, 224, 54, 3, 0x00, 227, 54, 2, 0x0b
    .word 229, 54, 3, 0x00, 232, 54, 2, 0x01, 234, 54, 1, 0x64, 235, 54, 1, 0x48, 236, 54, 1, 0x14, 237, 54, 4, 0x0b, 241, 54, 1, 0x0a, 242, 54, 2, 0x5c
    .word 244, 54, 1, 0x48, 245, 54, 1, 0x09, 246, 54, 1, 0x0a, 247, 54, 2, 0x09, 249, 54, 1, 0x01, 250, 54, 4, 0x00, 254, 54, 1, 0x01, 255, 54, 10, 0x00
    .word 265, 54, 2, 0x0a, 267, 54, 27, 0x00, 294, 54, 1, 0x59, 295, 54, 1, 0x51, 296, 54, 8, 0x00, 304, 54, 1, 0x08, 305, 54, 1, 0x00, 306, 54, 1, 0x50
    .word 307, 54, 8, 0x48, 315, 54, 5, 0x00, 0, 55, 2, 0x00, 2, 55, 4, 0x09, 6, 55, 6, 0x0b, 12, 55, 2, 0x15, 14, 55, 1, 0x0d, 15, 55, 4, 0x00
    .word 19, 55, 8, 0x48, 27, 55, 9, 0x00, 36, 55, 1, 0x08, 37, 55, 18, 0x00, 55, 55, 2, 0x48, 57, 55, 3, 0x00, 60, 55, 1, 0x08, 61, 55, 8, 0x48
    .word 69, 55, 1, 0x08, 70, 55, 6, 0x00, 76, 55, 1, 0x09, 77, 55, 2, 0x08, 79, 55, 1, 0x59, 80, 55, 1, 0x53, 81, 55, 3, 0x0a, 84, 55, 1, 0x0b
    .word 85, 55, 1, 0x49, 86, 55, 1, 0x0e, 87, 55, 2, 0x48, 89, 55, 1, 0x51, 90, 55, 1, 0x64, 91, 55, 1, 0x0a, 92, 55, 2, 0x54, 94, 55, 1, 0x40
    .word 95, 55, 1, 0x00, 96, 55, 1, 0x09, 97, 55, 7, 0x00, 104, 55, 1, 0x49, 105, 55, 1, 0x09, 106, 55, 1, 0x0a, 107, 55, 5, 0x00, 112, 55, 2, 0x4b
    .word 114, 55, 12, 0x00, 126, 55, 1, 0x0a, 127, 55, 12, 0x00, 139, 55, 2, 0x0a, 141, 55, 11, 0x00, 152, 55, 2, 0x09, 154, 55, 3, 0x00, 157, 55, 10, 0x48
    .word 167, 55, 14, 0x00, 181, 55, 1, 0x0a, 182, 55, 2, 0x09, 184, 55, 11, 0x00, 195, 55, 1, 0x01, 196, 55, 1, 0x09, 197, 55, 12, 0x00, 209, 55, 1, 0x0a
    .word 210, 55, 1, 0x09, 211, 55, 4, 0x00, 215, 55, 2, 0x09, 217, 55, 10, 0x00, 227, 55, 2, 0x01, 229, 55, 2, 0x00, 231, 55, 1, 0x01, 232, 55, 2, 0x5d
    .word 234, 55, 1, 0x48, 235, 55, 1, 0x12, 236, 55, 1, 0x49, 237, 55, 2, 0x4b, 239, 55, 2, 0x0b, 241, 55, 1, 0x0a, 242, 55, 2, 0x0b, 244, 55, 1, 0x10
    .word 245, 55, 1, 0x48, 246, 55, 1, 0x4a, 247, 55, 18, 0x00, 265, 55, 2, 0x0a, 267, 55, 2, 0x01, 269, 55, 25, 0x00, 294, 55, 1, 0x5a, 295, 55, 1, 0x51
    .word 296, 55, 8, 0x00, 304, 55, 2, 0x48, 306, 55, 1, 0x50, 307, 55, 4, 0x48, 311, 55, 1, 0x08, 312, 55, 8, 0x00, 0, 56, 2, 0x00, 2, 56, 4, 0x09
    .word 6, 56, 6, 0x0b, 12, 56, 2, 0x15, 14, 56, 1, 0x0d, 15, 56, 4, 0x00, 19, 56, 8, 0x48, 27, 56, 9, 0x00, 36, 56, 1, 0x08, 37, 56, 18, 0x00
    .word 55, 56, 2, 0x48, 57, 56, 3, 0x00, 60, 56, 1, 0x08, 61, 56, 8, 0x48, 69, 56, 1, 0x08, 70, 56, 6, 0x00, 76, 56, 1, 0x09, 77, 56, 2, 0x08
    .word 79, 56, 1, 0x59, 80, 56, 1, 0x53, 81, 56, 3, 0x0a, 84, 56, 1, 0x0b, 85, 56, 1, 0x49, 86, 56, 1, 0x0e, 87, 56, 2, 0x48, 89, 56, 1, 0x51
    .word 90, 56, 1, 0x64, 91, 56, 1, 0x0a, 92, 56, 2, 0x54, 94, 56, 1, 0x40, 95, 56, 1, 0x00, 96, 56, 1, 0x09, 97, 56, 7, 0x00, 104, 56, 1, 0x49
    .word 105, 56, 1, 0x09, 106, 56, 1, 0x0a, 107, 56, 5, 0x00, 112, 56, 2, 0x4b, 114, 56, 12, 0x00, 126, 56, 1, 0x0a, 127, 56, 12, 0x00, 139, 56, 2, 0x0a
    .word 141, 56, 11, 0x00, 152, 56, 2, 0x09, 154, 56, 3, 0x00, 157, 56, 10, 0x48, 167, 56, 14, 0x00, 181, 56, 1, 0x0a, 182, 56, 2, 0x09, 184, 56, 11, 0x00
    .word 195, 56, 1, 0x01, 196, 56, 1, 0x09, 197, 56, 12, 0x00, 209, 56, 1, 0x0a, 210, 56, 1, 0x09, 211, 56, 4, 0x00, 215, 56, 2, 0x09, 217, 56, 10, 0x00
    .word 227, 56, 2, 0x01, 229, 56, 2, 0x00, 231, 56, 1, 0x01, 232, 56, 2, 0x5d, 234, 56, 1, 0x48, 235, 56, 1, 0x12, 236, 56, 1, 0x49, 237, 56, 2, 0x4b
    .word 239, 56, 2, 0x0b, 241, 56, 1, 0x0a, 242, 56, 2, 0x0b, 244, 56, 1, 0x10, 245, 56, 1, 0x48, 246, 56, 1, 0x4a, 247, 56, 18, 0x00, 265, 56, 2, 0x0a
    .word 267, 56, 2, 0x01, 269, 56, 25, 0x00, 294, 56, 1, 0x5a, 295, 56, 1, 0x51, 296, 56, 8, 0x00, 304, 56, 2, 0x48, 306, 56, 1, 0x50, 307, 56, 4, 0x48
    .word 311, 56, 1, 0x08, 312, 56, 8, 0x00, 0, 57, 2, 0x00, 2, 57, 4, 0x09, 6, 57, 1, 0x0a, 7, 57, 4, 0x0b, 11, 57, 1, 0x0c, 12, 57, 3, 0x15
    .word 15, 57, 9, 0x00, 24, 57, 7, 0x48, 31, 57, 4, 0x00, 35, 57, 4, 0x08, 39, 57, 16, 0x00, 55, 57, 2, 0x48, 57, 57, 8, 0x00, 65, 57, 1, 0x48
    .word 66, 57, 1, 0x08, 67, 57, 9, 0x00, 76, 57, 1, 0x08, 77, 57, 2, 0x51, 79, 57, 1, 0x09, 80, 57, 1, 0x00, 81, 57, 1, 0x09, 82, 57, 2, 0x4a
    .word 84, 57, 1, 0x49, 85, 57, 1, 0x01, 86, 57, 1, 0x0c, 87, 57, 3, 0x48, 90, 57, 1, 0x5a, 91, 57, 1, 0x0b, 92, 57, 2, 0x00, 94, 57, 1, 0x0a
    .word 95, 57, 1, 0x01, 96, 57, 1, 0x00, 97, 57, 2, 0x01, 99, 57, 23, 0x00, 122, 57, 2, 0x08, 124, 57, 1, 0x00, 125, 57, 1, 0x08, 126, 57, 1, 0x00
    .word 127, 57, 3, 0x08, 130, 57, 1, 0x00, 131, 57, 10, 0x08, 141, 57, 4, 0x00, 145, 57, 1, 0x08, 146, 57, 5, 0x48, 151, 57, 3, 0x00, 154, 57, 1, 0x08
    .word 155, 57, 1, 0x48, 156, 57, 13, 0x00, 169, 57, 3, 0x48, 172, 57, 2, 0x08, 174, 57, 1, 0x00, 175, 57, 1, 0x48, 176, 57, 1, 0x08, 177, 57, 2, 0x48
    .word 179, 57, 1, 0x08, 180, 57, 4, 0x00, 184, 57, 5, 0x08, 189, 57, 1, 0x48, 190, 57, 4, 0x08, 194, 57, 2, 0x00, 196, 57, 1, 0x08, 197, 57, 4, 0x00
    .word 201, 57, 3, 0x08, 204, 57, 21, 0x00, 225, 57, 1, 0x01, 226, 57, 3, 0x00, 229, 57, 1, 0x16, 230, 57, 1, 0x09, 231, 57, 1, 0x4a, 232, 57, 2, 0x5e
    .word 234, 57, 1, 0x48, 235, 57, 1, 0x53, 236, 57, 3, 0x49, 239, 57, 2, 0x0a, 241, 57, 1, 0x09, 242, 57, 2, 0x00, 244, 57, 1, 0x52, 245, 57, 1, 0x10
    .word 246, 57, 1, 0x08, 247, 57, 18, 0x00, 265, 57, 1, 0x4b, 266, 57, 5, 0x0a, 271, 57, 1, 0x01, 272, 57, 22, 0x00, 294, 57, 1, 0x59, 295, 57, 1, 0x51
    .word 296, 57, 4, 0x00, 300, 57, 6, 0x48, 306, 57, 1, 0x08, 307, 57, 13, 0x00, 0, 58, 2, 0x00, 2, 58, 5, 0x09, 7, 58, 4, 0x0b, 11, 58, 1, 0x0c
    .word 12, 58, 2, 0x0d, 14, 58, 1, 0x15, 15, 58, 12, 0x00, 27, 58, 5, 0x48, 32, 58, 2, 0x00, 34, 58, 5, 0x08, 39, 58, 16, 0x00, 55, 58, 2, 0x50
    .word 57, 58, 8, 0x00, 65, 58, 1, 0x48, 66, 58, 1, 0x08, 67, 58, 8, 0x00, 75, 58, 2, 0x08, 77, 58, 7, 0x00, 84, 58, 1, 0x09, 85, 58, 1, 0x4b
    .word 86, 58, 1, 0x01, 87, 58, 2, 0x48, 89, 58, 1, 0x1b, 90, 58, 1, 0x5c, 91, 58, 1, 0x0c, 92, 58, 2, 0x48, 94, 58, 1, 0x0c, 95, 58, 1, 0x0a
    .word 96, 58, 1, 0x09, 97, 58, 3, 0x01, 100, 58, 21, 0x00, 121, 58, 6, 0x08, 127, 58, 13, 0x00, 140, 58, 4, 0x08, 144, 58, 1, 0x00, 145, 58, 11, 0x08
    .word 156, 58, 13, 0x00, 169, 58, 3, 0x48, 172, 58, 2, 0x00, 174, 58, 1, 0x48, 175, 58, 5, 0x08, 180, 58, 4, 0x00, 184, 58, 3, 0x08, 187, 58, 2, 0x00
    .word 189, 58, 6, 0x08, 195, 58, 30, 0x00, 225, 58, 1, 0x01, 226, 58, 1, 0x4b, 227, 58, 2, 0x09, 229, 58, 1, 0x0a, 230, 58, 1, 0x49, 231, 58, 1, 0x0a
    .word 232, 58, 2, 0x54, 234, 58, 1, 0x08, 235, 58, 1, 0x48, 236, 58, 1, 0x54, 237, 58, 2, 0x09, 239, 58, 1, 0x4a, 240, 58, 6, 0x00, 246, 58, 1, 0x09
    .word 247, 58, 2, 0x08, 249, 58, 16, 0x00, 265, 58, 1, 0x4c, 266, 58, 1, 0x0a, 267, 58, 2, 0x09, 269, 58, 2, 0x0a, 271, 58, 1, 0x09, 272, 58, 22, 0x00
    .word 294, 58, 1, 0x5a, 295, 58, 1, 0x51, 296, 58, 5, 0x48, 301, 58, 19, 0x00, 0, 59, 2, 0x00, 2, 59, 5, 0x09, 7, 59, 4, 0x0b, 11, 59, 1, 0x0c
    .word 12, 59, 2, 0x0d, 14, 59, 1, 0x15, 15, 59, 12, 0x00, 27, 59, 5, 0x48, 32, 59, 2, 0x00, 34, 59, 5, 0x08, 39, 59, 16, 0x00, 55, 59, 2, 0x50
    .word 57, 59, 8, 0x00, 65, 59, 1, 0x48, 66, 59, 1, 0x08, 67, 59, 8, 0x00, 75, 59, 2, 0x08, 77, 59, 7, 0x00, 84, 59, 1, 0x09, 85, 59, 1, 0x4b
    .word 86, 59, 1, 0x01, 87, 59, 2, 0x48, 89, 59, 1, 0x1b, 90, 59, 1, 0x5c, 91, 59, 1, 0x0c, 92, 59, 2, 0x48, 94, 59, 1, 0x0c, 95, 59, 1, 0x0a
    .word 96, 59, 1, 0x09, 97, 59, 3, 0x01, 100, 59, 21, 0x00, 121, 59, 6, 0x08, 127, 59, 13, 0x00, 140, 59, 4, 0x08, 144, 59, 1, 0x00, 145, 59, 11, 0x08
    .word 156, 59, 13, 0x00, 169, 59, 3, 0x48, 172, 59, 2, 0x00, 174, 59, 1, 0x48, 175, 59, 5, 0x08, 180, 59, 4, 0x00, 184, 59, 3, 0x08, 187, 59, 2, 0x00
    .word 189, 59, 6, 0x08, 195, 59, 30, 0x00, 225, 59, 1, 0x01, 226, 59, 1, 0x4b, 227, 59, 2, 0x09, 229, 59, 1, 0x0a, 230, 59, 1, 0x49, 231, 59, 1, 0x0a
    .word 232, 59, 2, 0x54, 234, 59, 1, 0x08, 235, 59, 1, 0x48, 236, 59, 1, 0x54, 237, 59, 2, 0x09, 239, 59, 1, 0x4a, 240, 59, 6, 0x00, 246, 59, 1, 0x09
    .word 247, 59, 2, 0x08, 249, 59, 16, 0x00, 265, 59, 1, 0x4c, 266, 59, 1, 0x0a, 267, 59, 2, 0x09, 269, 59, 2, 0x0a, 271, 59, 1, 0x09, 272, 59, 22, 0x00
    .word 294, 59, 1, 0x5a, 295, 59, 1, 0x51, 296, 59, 5, 0x48, 301, 59, 19, 0x00, 0, 60, 4, 0x00, 4, 60, 1, 0x09, 5, 60, 1, 0x4a, 6, 60, 1, 0x0a
    .word 7, 60, 4, 0x0b, 11, 60, 1, 0x0c, 12, 60, 2, 0x0d, 14, 60, 1, 0x15, 15, 60, 16, 0x00, 31, 60, 1, 0x48, 32, 60, 2, 0x00, 34, 60, 3, 0x08
    .word 37, 60, 2, 0x48, 39, 60, 16, 0x00, 55, 60, 2, 0x50, 57, 60, 29, 0x00, 86, 60, 1, 0x48, 87, 60, 2, 0x50, 89, 60, 1, 0x66, 90, 60, 2, 0x09
    .word 92, 60, 2, 0x4a, 94, 60, 1, 0x0c, 95, 60, 1, 0x0a, 96, 60, 4, 0x09, 100, 60, 17, 0x00, 117, 60, 3, 0x08, 120, 60, 1, 0x00, 121, 60, 3, 0x08
    .word 124, 60, 1, 0x48, 125, 60, 6, 0x08, 131, 60, 1, 0x00, 132, 60, 2, 0x08, 134, 60, 5, 0x49, 139, 60, 1, 0x51, 140, 60, 1, 0x49, 141, 60, 3, 0x51
    .word 144, 60, 2, 0x00, 146, 60, 10, 0x48, 156, 60, 3, 0x00, 159, 60, 7, 0x48, 166, 60, 1, 0x00, 167, 60, 2, 0x48, 169, 60, 3, 0x50, 172, 60, 8, 0x48
    .word 180, 60, 2, 0x00, 182, 60, 2, 0x48, 184, 60, 7, 0x49, 191, 60, 3, 0x48, 194, 60, 1, 0x08, 195, 60, 1, 0x00, 196, 60, 8, 0x08, 204, 60, 2, 0x00
    .word 206, 60, 3, 0x08, 209, 60, 15, 0x00, 224, 60, 1, 0x09, 225, 60, 1, 0x4a, 226, 60, 1, 0x4c, 227, 60, 2, 0x4a, 229, 60, 1, 0x0a, 230, 60, 1, 0x49
    .word 231, 60, 1, 0x0b, 232, 60, 2, 0x09, 234, 60, 1, 0x1c, 235, 60, 1, 0x48, 236, 60, 3, 0x09, 239, 60, 1, 0x08, 240, 60, 25, 0x00, 265, 60, 1, 0x0c
    .word 266, 60, 1, 0x4b, 267, 60, 5, 0x09, 272, 60, 20, 0x00, 292, 60, 2, 0x48, 294, 60, 1, 0x59, 295, 60, 1, 0x51, 296, 60, 3, 0x48, 299, 60, 1, 0x08
    .word 300, 60, 20, 0x00, 0, 61, 4, 0x00, 4, 61, 1, 0x09, 5, 61, 1, 0x4a, 6, 61, 1, 0x0a, 7, 61, 4, 0x0b, 11, 61, 1, 0x0c, 12, 61, 2, 0x0d
    .word 14, 61, 1, 0x15, 15, 61, 16, 0x00, 31, 61, 1, 0x48, 32, 61, 2, 0x00, 34, 61, 3, 0x08, 37, 61, 2, 0x48, 39, 61, 16, 0x00, 55, 61, 2, 0x50
    .word 57, 61, 29, 0x00, 86, 61, 1, 0x48, 87, 61, 2, 0x50, 89, 61, 1, 0x66, 90, 61, 2, 0x09, 92, 61, 2, 0x4a, 94, 61, 1, 0x0c, 95, 61, 1, 0x0a
    .word 96, 61, 4, 0x09, 100, 61, 17, 0x00, 117, 61, 3, 0x08, 120, 61, 1, 0x00, 121, 61, 3, 0x08, 124, 61, 1, 0x48, 125, 61, 6, 0x08, 131, 61, 1, 0x00
    .word 132, 61, 2, 0x08, 134, 61, 5, 0x49, 139, 61, 1, 0x51, 140, 61, 1, 0x49, 141, 61, 3, 0x51, 144, 61, 2, 0x00, 146, 61, 10, 0x48, 156, 61, 3, 0x00
    .word 159, 61, 7, 0x48, 166, 61, 1, 0x00, 167, 61, 2, 0x48, 169, 61, 3, 0x50, 172, 61, 8, 0x48, 180, 61, 2, 0x00, 182, 61, 2, 0x48, 184, 61, 7, 0x49
    .word 191, 61, 3, 0x48, 194, 61, 1, 0x08, 195, 61, 1, 0x00, 196, 61, 8, 0x08, 204, 61, 2, 0x00, 206, 61, 3, 0x08, 209, 61, 15, 0x00, 224, 61, 1, 0x09
    .word 225, 61, 1, 0x4a, 226, 61, 1, 0x4c, 227, 61, 2, 0x4a, 229, 61, 1, 0x0a, 230, 61, 1, 0x49, 231, 61, 1, 0x0b, 232, 61, 2, 0x09, 234, 61, 1, 0x1c
    .word 235, 61, 1, 0x48, 236, 61, 3, 0x09, 239, 61, 1, 0x08, 240, 61, 25, 0x00, 265, 61, 1, 0x0c, 266, 61, 1, 0x4b, 267, 61, 5, 0x09, 272, 61, 20, 0x00
    .word 292, 61, 2, 0x48, 294, 61, 1, 0x59, 295, 61, 1, 0x51, 296, 61, 3, 0x48, 299, 61, 1, 0x08, 300, 61, 20, 0x00, 0, 62, 1, 0x00, 1, 62, 1, 0x49
    .word 2, 62, 2, 0x09, 4, 62, 2, 0x00, 6, 62, 1, 0x4b, 7, 62, 4, 0x0b, 11, 62, 1, 0x0c, 12, 62, 3, 0x0d, 15, 62, 22, 0x00, 37, 62, 4, 0x48
    .word 41, 62, 1, 0x08, 42, 62, 13, 0x00, 55, 62, 1, 0x50, 56, 62, 29, 0x00, 85, 62, 2, 0x08, 87, 62, 2, 0x53, 89, 62, 1, 0x01, 90, 62, 1, 0x08
    .word 91, 62, 1, 0x48, 92, 62, 2, 0x0c, 94, 62, 1, 0x48, 95, 62, 1, 0x0b, 96, 62, 1, 0x00, 97, 62, 3, 0x0a, 100, 62, 1, 0x09, 101, 62, 5, 0x00
    .word 106, 62, 3, 0x08, 109, 62, 3, 0x00, 112, 62, 8, 0x08, 120, 62, 1, 0x00, 121, 62, 1, 0x08, 122, 62, 4, 0x48, 126, 62, 5, 0x00, 131, 62, 13, 0x51
    .word 144, 62, 2, 0x00, 146, 62, 11, 0x48, 157, 62, 2, 0x00, 159, 62, 7, 0x48, 166, 62, 1, 0x00, 167, 62, 2, 0x08, 169, 62, 3, 0x50, 172, 62, 8, 0x48
    .word 180, 62, 2, 0x00, 182, 62, 4, 0x49, 186, 62, 1, 0x51, 187, 62, 2, 0x49, 189, 62, 6, 0x51, 195, 62, 5, 0x00, 200, 62, 4, 0x48, 204, 62, 2, 0x00
    .word 206, 62, 4, 0x08, 210, 62, 1, 0x48, 211, 62, 3, 0x08, 214, 62, 10, 0x00, 224, 62, 1, 0x4a, 225, 62, 1, 0x0a, 226, 62, 1, 0x0d, 227, 62, 2, 0x00
    .word 229, 62, 1, 0x55, 230, 62, 1, 0x01, 231, 62, 1, 0x09, 232, 62, 2, 0x49, 234, 62, 1, 0x09, 235, 62, 1, 0x51, 236, 62, 1, 0x48, 237, 62, 2, 0x08
    .word 239, 62, 26, 0x00, 265, 62, 2, 0x4c, 267, 62, 2, 0x0a, 269, 62, 3, 0x09, 272, 62, 2, 0x0a, 274, 62, 1, 0x01, 275, 62, 14, 0x00, 289, 62, 3, 0x48
    .word 292, 62, 2, 0x00, 294, 62, 1, 0x59, 295, 62, 1, 0x51, 296, 62, 14, 0x00, 310, 62, 2, 0x48, 312, 62, 8, 0x00, 0, 63, 1, 0x08, 1, 63, 1, 0x09
    .word 2, 63, 2, 0x0a, 4, 63, 1, 0x4b, 5, 63, 1, 0x08, 6, 63, 1, 0x00, 7, 63, 2, 0x49, 9, 63, 1, 0x4b, 10, 63, 5, 0x0c, 15, 63, 26, 0x00
    .word 41, 63, 5, 0x08, 46, 63, 9, 0x00, 55, 63, 1, 0x50, 56, 63, 29, 0x00, 85, 63, 1, 0x49, 86, 63, 5, 0x00, 91, 63, 1, 0x01, 92, 63, 2, 0x00
    .word 94, 63, 1, 0x08, 95, 63, 1, 0x09, 96, 63, 3, 0x0a, 99, 63, 2, 0x09, 101, 63, 5, 0x00, 106, 63, 9, 0x08, 115, 63, 4, 0x48, 119, 63, 1, 0x08
    .word 120, 63, 1, 0x00, 121, 63, 4, 0x48, 125, 63, 2, 0x00, 127, 63, 2, 0x51, 129, 63, 2, 0x00, 131, 63, 5, 0x51, 136, 63, 1, 0x9a, 137, 63, 2, 0x51
    .word 139, 63, 3, 0x49, 142, 63, 2, 0x51, 144, 63, 1, 0x49, 145, 63, 1, 0x00, 146, 63, 11, 0x48, 157, 63, 2, 0x00, 159, 63, 7, 0x48, 166, 63, 1, 0x00
    .word 167, 63, 2, 0x08, 169, 63, 3, 0x50, 172, 63, 7, 0x48, 179, 63, 1, 0x08, 180, 63, 1, 0x00, 181, 63, 6, 0x49, 187, 63, 3, 0x9a, 190, 63, 4, 0x49
    .word 194, 63, 1, 0x51, 195, 63, 2, 0x00, 197, 63, 2, 0x48, 199, 63, 2, 0x00, 201, 63, 3, 0x48, 204, 63, 2, 0x00, 206, 63, 6, 0x48, 212, 63, 7, 0x08
    .word 219, 63, 3, 0x00, 222, 63, 3, 0x09, 225, 63, 1, 0x0a, 226, 63, 1, 0x09, 227, 63, 2, 0x00, 229, 63, 1, 0x09, 230, 63, 1, 0x54, 231, 63, 5, 0x00
    .word 236, 63, 4, 0x08, 240, 63, 25, 0x00, 265, 63, 1, 0x0d, 266, 63, 3, 0x0b, 269, 63, 5, 0x09, 274, 63, 1, 0x01, 275, 63, 9, 0x00, 284, 63, 3, 0x08
    .word 287, 63, 7, 0x00, 294, 63, 1, 0x5a, 295, 63, 1, 0x51, 296, 63, 14, 0x00, 310, 63, 2, 0x48, 312, 63, 8, 0x00, 0, 64, 1, 0x08, 1, 64, 1, 0x09
    .word 2, 64, 2, 0x0a, 4, 64, 1, 0x4b, 5, 64, 1, 0x08, 6, 64, 1, 0x00, 7, 64, 2, 0x49, 9, 64, 1, 0x4b, 10, 64, 5, 0x0c, 15, 64, 26, 0x00
    .word 41, 64, 5, 0x08, 46, 64, 9, 0x00, 55, 64, 1, 0x50, 56, 64, 29, 0x00, 85, 64, 1, 0x49, 86, 64, 5, 0x00, 91, 64, 1, 0x01, 92, 64, 2, 0x00
    .word 94, 64, 1, 0x08, 95, 64, 1, 0x09, 96, 64, 3, 0x0a, 99, 64, 2, 0x09, 101, 64, 5, 0x00, 106, 64, 9, 0x08, 115, 64, 4, 0x48, 119, 64, 1, 0x08
    .word 120, 64, 1, 0x00, 121, 64, 4, 0x48, 125, 64, 2, 0x00, 127, 64, 2, 0x51, 129, 64, 2, 0x00, 131, 64, 5, 0x51, 136, 64, 1, 0x9a, 137, 64, 2, 0x51
    .word 139, 64, 3, 0x49, 142, 64, 2, 0x51, 144, 64, 1, 0x49, 145, 64, 1, 0x00, 146, 64, 11, 0x48, 157, 64, 2, 0x00, 159, 64, 7, 0x48, 166, 64, 1, 0x00
    .word 167, 64, 2, 0x08, 169, 64, 3, 0x50, 172, 64, 7, 0x48, 179, 64, 1, 0x08, 180, 64, 1, 0x00, 181, 64, 6, 0x49, 187, 64, 3, 0x9a, 190, 64, 4, 0x49
    .word 194, 64, 1, 0x51, 195, 64, 2, 0x00, 197, 64, 2, 0x48, 199, 64, 2, 0x00, 201, 64, 3, 0x48, 204, 64, 2, 0x00, 206, 64, 6, 0x48, 212, 64, 7, 0x08
    .word 219, 64, 3, 0x00, 222, 64, 3, 0x09, 225, 64, 1, 0x0a, 226, 64, 1, 0x09, 227, 64, 2, 0x00, 229, 64, 1, 0x09, 230, 64, 1, 0x54, 231, 64, 5, 0x00
    .word 236, 64, 4, 0x08, 240, 64, 25, 0x00, 265, 64, 1, 0x0d, 266, 64, 3, 0x0b, 269, 64, 5, 0x09, 274, 64, 1, 0x01, 275, 64, 9, 0x00, 284, 64, 3, 0x08
    .word 287, 64, 7, 0x00, 294, 64, 1, 0x5a, 295, 64, 1, 0x51, 296, 64, 14, 0x00, 310, 64, 2, 0x48, 312, 64, 8, 0x00, 0, 65, 1, 0x00, 1, 65, 1, 0x0a
    .word 2, 65, 3, 0x4b, 5, 65, 1, 0x0a, 6, 65, 1, 0x09, 7, 65, 2, 0x08, 9, 65, 2, 0x00, 11, 65, 3, 0x0b, 14, 65, 32, 0x00, 46, 65, 4, 0x08
    .word 50, 65, 5, 0x00, 55, 65, 1, 0x58, 56, 65, 28, 0x00, 84, 65, 3, 0x09, 87, 65, 2, 0x00, 89, 65, 1, 0x08, 90, 65, 1, 0x09, 91, 65, 5, 0x00
    .word 96, 65, 1, 0x01, 97, 65, 2, 0x0a, 99, 65, 2, 0x09, 101, 65, 5, 0x00, 106, 65, 9, 0x08, 115, 65, 4, 0x48, 119, 65, 1, 0x08, 120, 65, 1, 0x00
    .word 121, 65, 3, 0x48, 124, 65, 1, 0x00, 125, 65, 1, 0x08, 126, 65, 3, 0x51, 129, 65, 1, 0x08, 130, 65, 1, 0x00, 131, 65, 1, 0x08, 132, 65, 7, 0x51
    .word 139, 65, 1, 0x49, 140, 65, 5, 0x51, 145, 65, 2, 0x00, 147, 65, 10, 0x48, 157, 65, 2, 0x00, 159, 65, 7, 0x48, 166, 65, 1, 0x00, 167, 65, 2, 0x08
    .word 169, 65, 3, 0x50, 172, 65, 7, 0x48, 179, 65, 2, 0x00, 181, 65, 3, 0x51, 184, 65, 1, 0x49, 185, 65, 1, 0x50, 186, 65, 8, 0x51, 194, 65, 2, 0x00
    .word 196, 65, 1, 0x49, 197, 65, 3, 0x51, 200, 65, 2, 0x00, 202, 65, 2, 0x48, 204, 65, 2, 0x00, 206, 65, 5, 0x48, 211, 65, 4, 0x08, 215, 65, 1, 0x48
    .word 216, 65, 3, 0x08, 219, 65, 5, 0x00, 224, 65, 1, 0x09, 225, 65, 1, 0x4a, 226, 65, 1, 0x09, 227, 65, 5, 0x00, 232, 65, 2, 0x09, 234, 65, 31, 0x00
    .word 265, 65, 1, 0x0c, 266, 65, 3, 0x0b, 269, 65, 1, 0x0a, 270, 65, 5, 0x09, 275, 65, 7, 0x00, 282, 65, 4, 0x08, 286, 65, 8, 0x00, 294, 65, 1, 0x9a
    .word 295, 65, 1, 0x51, 296, 65, 24, 0x00, 0, 66, 1, 0x00, 1, 66, 1, 0x0a, 2, 66, 3, 0x4b, 5, 66, 1, 0x0a, 6, 66, 1, 0x09, 7, 66, 2, 0x08
    .word 9, 66, 2, 0x00, 11, 66, 3, 0x0b, 14, 66, 32, 0x00, 46, 66, 4, 0x08, 50, 66, 5, 0x00, 55, 66, 1, 0x58, 56, 66, 28, 0x00, 84, 66, 3, 0x09
    .word 87, 66, 2, 0x00, 89, 66, 1, 0x08, 90, 66, 1, 0x09, 91, 66, 5, 0x00, 96, 66, 1, 0x01, 97, 66, 2, 0x0a, 99, 66, 2, 0x09, 101, 66, 5, 0x00
    .word 106, 66, 9, 0x08, 115, 66, 4, 0x48, 119, 66, 1, 0x08, 120, 66, 1, 0x00, 121, 66, 3, 0x48, 124, 66, 1, 0x00, 125, 66, 1, 0x08, 126, 66, 3, 0x51
    .word 129, 66, 1, 0x08, 130, 66, 1, 0x00, 131, 66, 1, 0x08, 132, 66, 7, 0x51, 139, 66, 1, 0x49, 140, 66, 5, 0x51, 145, 66, 2, 0x00, 147, 66, 10, 0x48
    .word 157, 66, 2, 0x00, 159, 66, 7, 0x48, 166, 66, 1, 0x00, 167, 66, 2, 0x08, 169, 66, 3, 0x50, 172, 66, 7, 0x48, 179, 66, 2, 0x00, 181, 66, 3, 0x51
    .word 184, 66, 1, 0x49, 185, 66, 1, 0x50, 186, 66, 8, 0x51, 194, 66, 2, 0x00, 196, 66, 1, 0x49, 197, 66, 3, 0x51, 200, 66, 2, 0x00, 202, 66, 2, 0x48
    .word 204, 66, 2, 0x00, 206, 66, 5, 0x48, 211, 66, 4, 0x08, 215, 66, 1, 0x48, 216, 66, 3, 0x08, 219, 66, 5, 0x00, 224, 66, 1, 0x09, 225, 66, 1, 0x4a
    .word 226, 66, 1, 0x09, 227, 66, 5, 0x00, 232, 66, 2, 0x09, 234, 66, 31, 0x00, 265, 66, 1, 0x0c, 266, 66, 3, 0x0b, 269, 66, 1, 0x0a, 270, 66, 5, 0x09
    .word 275, 66, 7, 0x00, 282, 66, 4, 0x08, 286, 66, 8, 0x00, 294, 66, 1, 0x9a, 295, 66, 1, 0x51, 296, 66, 24, 0x00, 0, 67, 1, 0x00, 1, 67, 1, 0x4b
    .word 2, 67, 5, 0x0b, 7, 67, 2, 0x08, 9, 67, 2, 0x00, 11, 67, 1, 0x09, 12, 67, 2, 0x4b, 14, 67, 33, 0x00, 47, 67, 4, 0x08, 51, 67, 4, 0x00
    .word 55, 67, 1, 0x58, 56, 67, 28, 0x00, 84, 67, 2, 0x09, 86, 67, 1, 0x49, 87, 67, 5, 0x00, 92, 67, 2, 0x09, 94, 67, 3, 0x01, 97, 67, 2, 0x00
    .word 99, 67, 1, 0x01, 100, 67, 6, 0x00, 106, 67, 8, 0x08, 114, 67, 5, 0x48, 119, 67, 1, 0x08, 120, 67, 1, 0x00, 121, 67, 3, 0x48, 124, 67, 1, 0x00
    .word 125, 67, 1, 0x49, 126, 67, 3, 0x51, 129, 67, 1, 0x48, 130, 67, 2, 0x00, 132, 67, 3, 0x49, 135, 67, 5, 0x51, 140, 67, 1, 0x9a, 141, 67, 4, 0x51
    .word 145, 67, 1, 0x49, 146, 67, 1, 0x00, 147, 67, 10, 0x48, 157, 67, 2, 0x00, 159, 67, 7, 0x48, 166, 67, 1, 0x00, 167, 67, 2, 0x48, 169, 67, 3, 0x50
    .word 172, 67, 7, 0x48, 179, 67, 1, 0x00, 180, 67, 1, 0x48, 181, 67, 3, 0x51, 184, 67, 1, 0x49, 185, 67, 1, 0x9a, 186, 67, 8, 0x51, 194, 67, 2, 0x00
    .word 196, 67, 5, 0x51, 201, 67, 5, 0x00, 206, 67, 6, 0x48, 212, 67, 7, 0x08, 219, 67, 5, 0x00, 224, 67, 2, 0x01, 226, 67, 39, 0x00, 265, 67, 1, 0xb4
    .word 266, 67, 1, 0x4c, 267, 67, 2, 0x0b, 269, 67, 1, 0x4b, 270, 67, 1, 0x4a, 271, 67, 1, 0x09, 272, 67, 2, 0x0a, 274, 67, 1, 0x09, 275, 67, 5, 0x00
    .word 280, 67, 1, 0x08, 281, 67, 13, 0x00, 294, 67, 1, 0x9a, 295, 67, 1, 0x51, 296, 67, 24, 0x00, 0, 68, 1, 0x00, 1, 68, 3, 0x4b, 4, 68, 5, 0x0b
    .word 9, 68, 1, 0x0a, 10, 68, 1, 0x01, 11, 68, 44, 0x00, 55, 68, 1, 0x61, 56, 68, 28, 0x00, 84, 68, 1, 0x49, 85, 68, 2, 0x09, 87, 68, 8, 0x00
    .word 95, 68, 1, 0x01, 96, 68, 10, 0x00, 106, 68, 6, 0x08, 112, 68, 7, 0x48, 119, 68, 1, 0x08, 120, 68, 4, 0x00, 124, 68, 7, 0x51, 131, 68, 3, 0x00
    .word 134, 68, 2, 0x51, 136, 68, 1, 0x49, 137, 68, 2, 0x51, 139, 68, 1, 0x49, 140, 68, 2, 0x51, 142, 68, 2, 0x59, 144, 68, 1, 0x51, 145, 68, 1, 0x49
    .word 146, 68, 13, 0x00, 159, 68, 7, 0x08, 166, 68, 3, 0x00, 169, 68, 2, 0x50, 171, 68, 1, 0x08, 172, 68, 8, 0x00, 180, 68, 1, 0x48, 181, 68, 1, 0x51
    .word 182, 68, 2, 0x59, 184, 68, 1, 0x9a, 185, 68, 7, 0x51, 192, 68, 3, 0x00, 195, 68, 7, 0x51, 202, 68, 4, 0x00, 206, 68, 6, 0x48, 212, 68, 7, 0x08
    .word 219, 68, 7, 0x00, 226, 68, 1, 0x01, 227, 68, 2, 0x08, 229, 68, 36, 0x00, 265, 68, 1, 0x74, 266, 68, 1, 0x0c, 267, 68, 3, 0x0b, 270, 68, 1, 0x4b
    .word 271, 68, 1, 0x09, 272, 68, 3, 0x01, 275, 68, 19, 0x00, 294, 68, 1, 0x59, 295, 68, 1, 0x51, 296, 68, 21, 0x00, 317, 68, 3, 0x08, 0, 69, 1, 0x00
    .word 1, 69, 3, 0x4b, 4, 69, 5, 0x0b, 9, 69, 1, 0x0a, 10, 69, 1, 0x01, 11, 69, 44, 0x00, 55, 69, 1, 0x61, 56, 69, 28, 0x00, 84, 69, 1, 0x49
    .word 85, 69, 2, 0x09, 87, 69, 8, 0x00, 95, 69, 1, 0x01, 96, 69, 10, 0x00, 106, 69, 6, 0x08, 112, 69, 7, 0x48, 119, 69, 1, 0x08, 120, 69, 4, 0x00
    .word 124, 69, 7, 0x51, 131, 69, 3, 0x00, 134, 69, 2, 0x51, 136, 69, 1, 0x49, 137, 69, 2, 0x51, 139, 69, 1, 0x49, 140, 69, 2, 0x51, 142, 69, 2, 0x59
    .word 144, 69, 1, 0x51, 145, 69, 1, 0x49, 146, 69, 13, 0x00, 159, 69, 7, 0x08, 166, 69, 3, 0x00, 169, 69, 2, 0x50, 171, 69, 1, 0x08, 172, 69, 8, 0x00
    .word 180, 69, 1, 0x48, 181, 69, 1, 0x51, 182, 69, 2, 0x59, 184, 69, 1, 0x9a, 185, 69, 7, 0x51, 192, 69, 3, 0x00, 195, 69, 7, 0x51, 202, 69, 4, 0x00
    .word 206, 69, 6, 0x48, 212, 69, 7, 0x08, 219, 69, 7, 0x00, 226, 69, 1, 0x01, 227, 69, 2, 0x08, 229, 69, 36, 0x00, 265, 69, 1, 0x74, 266, 69, 1, 0x0c
    .word 267, 69, 3, 0x0b, 270, 69, 1, 0x4b, 271, 69, 1, 0x09, 272, 69, 3, 0x01, 275, 69, 19, 0x00, 294, 69, 1, 0x59, 295, 69, 1, 0x51, 296, 69, 21, 0x00
    .word 317, 69, 3, 0x08, 0, 70, 1, 0x00, 1, 70, 1, 0x09, 2, 70, 4, 0x4b, 6, 70, 1, 0x4a, 7, 70, 2, 0x0a, 9, 70, 2, 0x09, 11, 70, 1, 0x01
    .word 12, 70, 2, 0x08, 14, 70, 41, 0x00, 55, 70, 1, 0x61, 56, 70, 3, 0x00, 59, 70, 3, 0x08, 62, 70, 22, 0x00, 84, 70, 1, 0x4a, 85, 70, 2, 0x4b
    .word 87, 70, 19, 0x00, 106, 70, 1, 0x08, 107, 70, 7, 0x48, 114, 70, 5, 0x49, 119, 70, 1, 0x48, 120, 70, 2, 0x00, 122, 70, 3, 0x51, 125, 70, 1, 0x59
    .word 126, 70, 5, 0x51, 131, 70, 1, 0x49, 132, 70, 2, 0x00, 134, 70, 1, 0x08, 135, 70, 7, 0x51, 142, 70, 4, 0x48, 146, 70, 23, 0x00, 169, 70, 2, 0x50
    .word 171, 70, 1, 0x08, 172, 70, 7, 0x00, 179, 70, 1, 0x08, 180, 70, 5, 0x48, 185, 70, 6, 0x51, 191, 70, 1, 0x08, 192, 70, 2, 0x00, 194, 70, 1, 0x49
    .word 195, 70, 5, 0x51, 200, 70, 1, 0x9a, 201, 70, 3, 0x51, 204, 70, 2, 0x00, 206, 70, 6, 0x49, 212, 70, 4, 0x48, 216, 70, 3, 0x08, 219, 70, 5, 0x00
    .word 224, 70, 2, 0x48, 226, 70, 1, 0x08, 227, 70, 28, 0x00, 255, 70, 1, 0x48, 256, 70, 9, 0x00, 265, 70, 1, 0x0c, 266, 70, 1, 0x0d, 267, 70, 2, 0x0b
    .word 269, 70, 2, 0x4b, 271, 70, 3, 0x09, 274, 70, 20, 0x00, 294, 70, 1, 0x9a, 295, 70, 1, 0x51, 296, 70, 9, 0x00, 305, 70, 1, 0x48, 306, 70, 4, 0x00
    .word 310, 70, 1, 0x08, 311, 70, 8, 0x00, 319, 70, 1, 0x08, 0, 71, 1, 0x00, 1, 71, 1, 0x09, 2, 71, 4, 0x4b, 6, 71, 1, 0x4a, 7, 71, 2, 0x0a
    .word 9, 71, 2, 0x09, 11, 71, 1, 0x01, 12, 71, 2, 0x08, 14, 71, 41, 0x00, 55, 71, 1, 0x61, 56, 71, 3, 0x00, 59, 71, 3, 0x08, 62, 71, 22, 0x00
    .word 84, 71, 1, 0x4a, 85, 71, 2, 0x4b, 87, 71, 19, 0x00, 106, 71, 1, 0x08, 107, 71, 7, 0x48, 114, 71, 5, 0x49, 119, 71, 1, 0x48, 120, 71, 2, 0x00
    .word 122, 71, 3, 0x51, 125, 71, 1, 0x59, 126, 71, 5, 0x51, 131, 71, 1, 0x49, 132, 71, 2, 0x00, 134, 71, 1, 0x08, 135, 71, 7, 0x51, 142, 71, 4, 0x48
    .word 146, 71, 23, 0x00, 169, 71, 2, 0x50, 171, 71, 1, 0x08, 172, 71, 7, 0x00, 179, 71, 1, 0x08, 180, 71, 5, 0x48, 185, 71, 6, 0x51, 191, 71, 1, 0x08
    .word 192, 71, 2, 0x00, 194, 71, 1, 0x49, 195, 71, 5, 0x51, 200, 71, 1, 0x9a, 201, 71, 3, 0x51, 204, 71, 2, 0x00, 206, 71, 6, 0x49, 212, 71, 4, 0x48
    .word 216, 71, 3, 0x08, 219, 71, 5, 0x00, 224, 71, 2, 0x48, 226, 71, 1, 0x08, 227, 71, 28, 0x00, 255, 71, 1, 0x48, 256, 71, 9, 0x00, 265, 71, 1, 0x0c
    .word 266, 71, 1, 0x0d, 267, 71, 2, 0x0b, 269, 71, 2, 0x4b, 271, 71, 3, 0x09, 274, 71, 20, 0x00, 294, 71, 1, 0x9a, 295, 71, 1, 0x51, 296, 71, 9, 0x00
    .word 305, 71, 1, 0x48, 306, 71, 4, 0x00, 310, 71, 1, 0x08, 311, 71, 8, 0x00, 319, 71, 1, 0x08, 0, 72, 1, 0x00, 1, 72, 1, 0x08, 2, 72, 2, 0x4a
    .word 4, 72, 7, 0x09, 11, 72, 3, 0x08, 14, 72, 15, 0x00, 29, 72, 1, 0x08, 30, 72, 25, 0x00, 55, 72, 1, 0x61, 56, 72, 6, 0x00, 62, 72, 2, 0x08
    .word 64, 72, 7, 0x00, 71, 72, 1, 0x48, 72, 72, 2, 0x00, 74, 72, 2, 0x48, 76, 72, 8, 0x00, 84, 72, 1, 0x0a, 85, 72, 1, 0x0d, 86, 72, 1, 0x4d
    .word 87, 72, 19, 0x00, 106, 72, 5, 0x48, 111, 72, 8, 0x49, 119, 72, 2, 0x00, 121, 72, 3, 0x51, 124, 72, 1, 0x9a, 125, 72, 1, 0x51, 126, 72, 1, 0xa2
    .word 127, 72, 5, 0x51, 132, 72, 3, 0x00, 135, 72, 4, 0x51, 139, 72, 2, 0x08, 141, 72, 1, 0x48, 142, 72, 5, 0x08, 147, 72, 23, 0x00, 170, 72, 1, 0x58
    .word 171, 72, 8, 0x00, 179, 72, 5, 0x48, 184, 72, 2, 0x08, 186, 72, 1, 0x49, 187, 72, 4, 0x51, 191, 72, 3, 0x00, 194, 72, 7, 0x51, 201, 72, 1, 0x59
    .word 202, 72, 3, 0x51, 205, 72, 2, 0x48, 207, 72, 7, 0x49, 214, 72, 5, 0x48, 219, 72, 5, 0x00, 224, 72, 3, 0x48, 227, 72, 28, 0x00, 255, 72, 1, 0x48
    .word 256, 72, 9, 0x00, 265, 72, 1, 0x01, 266, 72, 3, 0x09, 269, 72, 3, 0x01, 272, 72, 22, 0x00, 294, 72, 1, 0x9a, 295, 72, 1, 0x51, 296, 72, 5, 0x00
    .word 301, 72, 1, 0x08, 302, 72, 4, 0x48, 306, 72, 1, 0x08, 307, 72, 3, 0x00, 310, 72, 4, 0x08, 314, 72, 6, 0x00, 0, 73, 2, 0x00, 2, 73, 7, 0x09
    .word 9, 73, 2, 0x00, 11, 73, 4, 0x08, 15, 73, 20, 0x00, 35, 73, 1, 0x08, 36, 73, 19, 0x00, 55, 73, 1, 0x08, 56, 73, 13, 0x00, 69, 73, 1, 0x48
    .word 70, 73, 1, 0x00, 71, 73, 1, 0x48, 72, 73, 2, 0x00, 74, 73, 2, 0x48, 76, 73, 5, 0x00, 81, 73, 3, 0x09, 84, 73, 1, 0x0b, 85, 73, 1, 0x0d
    .word 86, 73, 1, 0x4c, 87, 73, 9, 0x00, 96, 73, 3, 0x48, 99, 73, 7, 0x00, 106, 73, 1, 0x08, 107, 73, 2, 0x48, 109, 73, 1, 0x08, 110, 73, 1, 0x48
    .word 111, 73, 6, 0x49, 117, 73, 2, 0x00, 119, 73, 1, 0x48, 120, 73, 1, 0x51, 121, 73, 1, 0x50, 122, 73, 2, 0x99, 124, 73, 1, 0x51, 125, 73, 1, 0x9a
    .word 126, 73, 1, 0x49, 127, 73, 7, 0x51, 134, 73, 3, 0x00, 137, 73, 8, 0x08, 145, 73, 25, 0x00, 170, 73, 1, 0x58, 171, 73, 10, 0x00, 181, 73, 1, 0x08
    .word 182, 73, 2, 0x48, 184, 73, 3, 0x08, 187, 73, 2, 0x00, 189, 73, 1, 0x49, 190, 73, 2, 0x00, 192, 73, 8, 0x51, 200, 73, 1, 0xa3, 201, 73, 1, 0x51
    .word 202, 73, 2, 0x99, 204, 73, 2, 0x51, 206, 73, 1, 0x48, 207, 73, 2, 0x00, 209, 73, 1, 0x48, 210, 73, 4, 0x49, 214, 73, 5, 0x48, 219, 73, 5, 0x00
    .word 224, 73, 3, 0x48, 227, 73, 28, 0x00, 255, 73, 1, 0x48, 256, 73, 3, 0x00, 259, 73, 3, 0x48, 262, 73, 2, 0x08, 264, 73, 1, 0x01, 265, 73, 1, 0x40
    .word 266, 73, 1, 0x01, 267, 73, 4, 0x48, 271, 73, 21, 0x00, 292, 73, 2, 0x48, 294, 73, 1, 0x59, 295, 73, 1, 0x51, 296, 73, 8, 0x48, 304, 73, 1, 0x08
    .word 305, 73, 1, 0x48, 306, 73, 5, 0x00, 311, 73, 1, 0x08, 312, 73, 8, 0x00, 0, 74, 2, 0x00, 2, 74, 7, 0x09, 9, 74, 2, 0x00, 11, 74, 4, 0x08
    .word 15, 74, 20, 0x00, 35, 74, 1, 0x08, 36, 74, 19, 0x00, 55, 74, 1, 0x08, 56, 74, 13, 0x00, 69, 74, 1, 0x48, 70, 74, 1, 0x00, 71, 74, 1, 0x48
    .word 72, 74, 2, 0x00, 74, 74, 2, 0x48, 76, 74, 5, 0x00, 81, 74, 3, 0x09, 84, 74, 1, 0x0b, 85, 74, 1, 0x0d, 86, 74, 1, 0x4c, 87, 74, 9, 0x00
    .word 96, 74, 3, 0x48, 99, 74, 7, 0x00, 106, 74, 1, 0x08, 107, 74, 2, 0x48, 109, 74, 1, 0x08, 110, 74, 1, 0x48, 111, 74, 6, 0x49, 117, 74, 2, 0x00
    .word 119, 74, 1, 0x48, 120, 74, 1, 0x51, 121, 74, 1, 0x50, 122, 74, 2, 0x99, 124, 74, 1, 0x51, 125, 74, 1, 0x9a, 126, 74, 1, 0x49, 127, 74, 7, 0x51
    .word 134, 74, 3, 0x00, 137, 74, 8, 0x08, 145, 74, 25, 0x00, 170, 74, 1, 0x58, 171, 74, 10, 0x00, 181, 74, 1, 0x08, 182, 74, 2, 0x48, 184, 74, 3, 0x08
    .word 187, 74, 2, 0x00, 189, 74, 1, 0x49, 190, 74, 2, 0x00, 192, 74, 8, 0x51, 200, 74, 1, 0xa3, 201, 74, 1, 0x51, 202, 74, 2, 0x99, 204, 74, 2, 0x51
    .word 206, 74, 1, 0x48, 207, 74, 2, 0x00, 209, 74, 1, 0x48, 210, 74, 4, 0x49, 214, 74, 5, 0x48, 219, 74, 5, 0x00, 224, 74, 3, 0x48, 227, 74, 28, 0x00
    .word 255, 74, 1, 0x48, 256, 74, 3, 0x00, 259, 74, 3, 0x48, 262, 74, 2, 0x08, 264, 74, 1, 0x01, 265, 74, 1, 0x40, 266, 74, 1, 0x01, 267, 74, 4, 0x48
    .word 271, 74, 21, 0x00, 292, 74, 2, 0x48, 294, 74, 1, 0x59, 295, 74, 1, 0x51, 296, 74, 8, 0x48, 304, 74, 1, 0x08, 305, 74, 1, 0x48, 306, 74, 5, 0x00
    .word 311, 74, 1, 0x08, 312, 74, 8, 0x00, 0, 75, 2, 0x00, 2, 75, 5, 0x09, 7, 75, 2, 0x00, 9, 75, 6, 0x08, 15, 75, 11, 0x00, 26, 75, 3, 0x08
    .word 29, 75, 8, 0x00, 37, 75, 5, 0x08, 42, 75, 27, 0x00, 69, 75, 1, 0x08, 70, 75, 6, 0x48, 76, 75, 4, 0x00, 80, 75, 1, 0x01, 81, 75, 1, 0x0a
    .word 82, 75, 2, 0x4b, 84, 75, 1, 0x0d, 85, 75, 1, 0x0c, 86, 75, 11, 0x00, 97, 75, 2, 0x48, 99, 75, 7, 0x00, 106, 75, 4, 0x48, 110, 75, 6, 0x49
    .word 116, 75, 1, 0x00, 117, 75, 2, 0x48, 119, 75, 5, 0x51, 124, 75, 1, 0xa2, 125, 75, 9, 0x51, 134, 75, 1, 0x48, 135, 75, 2, 0x00, 137, 75, 4, 0x08
    .word 141, 75, 29, 0x00, 170, 75, 1, 0x58, 171, 75, 13, 0x00, 184, 75, 3, 0x08, 187, 75, 4, 0x00, 191, 75, 10, 0x51, 201, 75, 1, 0xa2, 202, 75, 5, 0x51
    .word 207, 75, 2, 0x00, 209, 75, 1, 0x08, 210, 75, 5, 0x49, 215, 75, 4, 0x48, 219, 75, 5, 0x00, 224, 75, 3, 0x50, 227, 75, 28, 0x00, 255, 75, 6, 0x48
    .word 261, 75, 1, 0x08, 262, 75, 2, 0x00, 264, 75, 1, 0x0d, 265, 75, 2, 0x5e, 267, 75, 2, 0x4c, 269, 75, 2, 0x0b, 271, 75, 1, 0x4c, 272, 75, 2, 0x0a
    .word 274, 75, 1, 0x09, 275, 75, 15, 0x00, 290, 75, 1, 0x48, 291, 75, 1, 0x49, 292, 75, 2, 0x48, 294, 75, 1, 0x5a, 295, 75, 1, 0x51, 296, 75, 5, 0x48
    .word 301, 75, 1, 0x08, 302, 75, 4, 0x48, 306, 75, 1, 0x00, 307, 75, 3, 0x08, 310, 75, 10, 0x00, 0, 76, 2, 0x00, 2, 76, 5, 0x09, 7, 76, 2, 0x00
    .word 9, 76, 6, 0x08, 15, 76, 11, 0x00, 26, 76, 3, 0x08, 29, 76, 8, 0x00, 37, 76, 5, 0x08, 42, 76, 27, 0x00, 69, 76, 1, 0x08, 70, 76, 6, 0x48
    .word 76, 76, 4, 0x00, 80, 76, 1, 0x01, 81, 76, 1, 0x0a, 82, 76, 2, 0x4b, 84, 76, 1, 0x0d, 85, 76, 1, 0x0c, 86, 76, 11, 0x00, 97, 76, 2, 0x48
    .word 99, 76, 7, 0x00, 106, 76, 4, 0x48, 110, 76, 6, 0x49, 116, 76, 1, 0x00, 117, 76, 2, 0x48, 119, 76, 5, 0x51, 124, 76, 1, 0xa2, 125, 76, 9, 0x51
    .word 134, 76, 1, 0x48, 135, 76, 2, 0x00, 137, 76, 4, 0x08, 141, 76, 29, 0x00, 170, 76, 1, 0x58, 171, 76, 13, 0x00, 184, 76, 3, 0x08, 187, 76, 4, 0x00
    .word 191, 76, 10, 0x51, 201, 76, 1, 0xa2, 202, 76, 5, 0x51, 207, 76, 2, 0x00, 209, 76, 1, 0x08, 210, 76, 5, 0x49, 215, 76, 4, 0x48, 219, 76, 5, 0x00
    .word 224, 76, 3, 0x50, 227, 76, 28, 0x00, 255, 76, 6, 0x48, 261, 76, 1, 0x08, 262, 76, 2, 0x00, 264, 76, 1, 0x0d, 265, 76, 2, 0x5e, 267, 76, 2, 0x4c
    .word 269, 76, 2, 0x0b, 271, 76, 1, 0x4c, 272, 76, 2, 0x0a, 274, 76, 1, 0x09, 275, 76, 15, 0x00, 290, 76, 1, 0x48, 291, 76, 1, 0x49, 292, 76, 2, 0x48
    .word 294, 76, 1, 0x5a, 295, 76, 1, 0x51, 296, 76, 5, 0x48, 301, 76, 1, 0x08, 302, 76, 4, 0x48, 306, 76, 1, 0x00, 307, 76, 3, 0x08, 310, 76, 10, 0x00
    .word 0, 77, 4, 0x00, 4, 77, 5, 0x08, 9, 77, 3, 0x00, 12, 77, 5, 0x08, 17, 77, 9, 0x00, 26, 77, 6, 0x08, 32, 77, 5, 0x00, 37, 77, 5, 0x08
    .word 42, 77, 3, 0x00, 45, 77, 1, 0x08, 46, 77, 23, 0x00, 69, 77, 1, 0x48, 70, 77, 1, 0x08, 71, 77, 3, 0x00, 74, 77, 1, 0x08, 75, 77, 2, 0x48
    .word 77, 77, 2, 0x00, 79, 77, 2, 0x0a, 81, 77, 1, 0x0c, 82, 77, 2, 0x0d, 84, 77, 1, 0x4c, 85, 77, 12, 0x00, 97, 77, 2, 0x48, 99, 77, 18, 0x00
    .word 117, 77, 7, 0x51, 124, 77, 1, 0x49, 125, 77, 7, 0x51, 132, 77, 3, 0x48, 135, 77, 1, 0x08, 136, 77, 34, 0x00, 170, 77, 1, 0x58, 171, 77, 19, 0x00
    .word 190, 77, 1, 0x08, 191, 77, 3, 0x48, 194, 77, 15, 0x51, 209, 77, 16, 0x00, 225, 77, 2, 0x50, 227, 77, 25, 0x00, 252, 77, 2, 0x08, 254, 77, 3, 0x48
    .word 257, 77, 7, 0x00, 264, 77, 3, 0x0b, 267, 77, 5, 0x4b, 272, 77, 2, 0x4a, 274, 77, 1, 0x09, 275, 77, 10, 0x00, 285, 77, 1, 0x08, 286, 77, 1, 0x00
    .word 287, 77, 2, 0x48, 289, 77, 1, 0x00, 290, 77, 2, 0x48, 292, 77, 2, 0x49, 294, 77, 1, 0x59, 295, 77, 1, 0x51, 296, 77, 1, 0x48, 297, 77, 2, 0x08
    .word 299, 77, 2, 0x48, 301, 77, 5, 0x08, 306, 77, 1, 0x00, 307, 77, 3, 0x48, 310, 77, 1, 0x00, 311, 77, 3, 0x08, 314, 77, 6, 0x00, 0, 78, 6, 0x08
    .word 6, 78, 1, 0x00, 7, 78, 2, 0x08, 9, 78, 2, 0x00, 11, 78, 1, 0x08, 12, 78, 2, 0x00, 14, 78, 1, 0x08, 15, 78, 1, 0x00, 16, 78, 1, 0x08
    .word 17, 78, 8, 0x00, 25, 78, 2, 0x48, 27, 78, 2, 0x08, 29, 78, 2, 0x48, 31, 78, 1, 0x08, 32, 78, 3, 0x48, 35, 78, 6, 0x00, 41, 78, 1, 0x08
    .word 42, 78, 3, 0x00, 45, 78, 6, 0x08, 51, 78, 16, 0x00, 67, 78, 4, 0x48, 71, 78, 6, 0x00, 77, 78, 3, 0x0a, 80, 78, 1, 0x4c, 81, 78, 3, 0x0c
    .word 84, 78, 13, 0x00, 97, 78, 2, 0x48, 99, 78, 7, 0x00, 106, 78, 9, 0x48, 115, 78, 1, 0x08, 116, 78, 3, 0x00, 119, 78, 11, 0x51, 130, 78, 1, 0x9a
    .word 131, 78, 5, 0x48, 136, 78, 1, 0x08, 137, 78, 32, 0x00, 169, 78, 1, 0x08, 170, 78, 1, 0x60, 171, 78, 18, 0x00, 189, 78, 2, 0x08, 191, 78, 4, 0x48
    .word 195, 78, 1, 0x9a, 196, 78, 11, 0x51, 207, 78, 4, 0x00, 211, 78, 1, 0x48, 212, 78, 2, 0x49, 214, 78, 6, 0x48, 220, 78, 5, 0x00, 225, 78, 2, 0x50
    .word 227, 78, 28, 0x00, 255, 78, 1, 0x50, 256, 78, 6, 0x00, 262, 78, 2, 0x51, 264, 78, 2, 0xa1, 266, 78, 1, 0xa2, 267, 78, 2, 0x61, 269, 78, 2, 0x59
    .word 271, 78, 1, 0x62, 272, 78, 2, 0x59, 274, 78, 3, 0x48, 277, 78, 8, 0x00, 285, 78, 1, 0x08, 286, 78, 1, 0x00, 287, 78, 2, 0x48, 289, 78, 1, 0x00
    .word 290, 78, 4, 0x48, 294, 78, 1, 0x59, 295, 78, 1, 0x51, 296, 78, 4, 0x48, 300, 78, 1, 0x08, 301, 78, 1, 0x48, 302, 78, 2, 0x08, 304, 78, 2, 0x48
    .word 306, 78, 14, 0x00, 0, 79, 6, 0x08, 6, 79, 1, 0x00, 7, 79, 2, 0x08, 9, 79, 2, 0x00, 11, 79, 1, 0x08, 12, 79, 2, 0x00, 14, 79, 1, 0x08
    .word 15, 79, 1, 0x00, 16, 79, 1, 0x08, 17, 79, 8, 0x00, 25, 79, 2, 0x48, 27, 79, 2, 0x08, 29, 79, 2, 0x48, 31, 79, 1, 0x08, 32, 79, 3, 0x48
    .word 35, 79, 6, 0x00, 41, 79, 1, 0x08, 42, 79, 3, 0x00, 45, 79, 6, 0x08, 51, 79, 16, 0x00, 67, 79, 4, 0x48, 71, 79, 6, 0x00, 77, 79, 3, 0x0a
    .word 80, 79, 1, 0x4c, 81, 79, 3, 0x0c, 84, 79, 13, 0x00, 97, 79, 2, 0x48, 99, 79, 7, 0x00, 106, 79, 9, 0x48, 115, 79, 1, 0x08, 116, 79, 3, 0x00
    .word 119, 79, 11, 0x51, 130, 79, 1, 0x9a, 131, 79, 5, 0x48, 136, 79, 1, 0x08, 137, 79, 32, 0x00, 169, 79, 1, 0x08, 170, 79, 1, 0x60, 171, 79, 18, 0x00
    .word 189, 79, 2, 0x08, 191, 79, 4, 0x48, 195, 79, 1, 0x9a, 196, 79, 11, 0x51, 207, 79, 4, 0x00, 211, 79, 1, 0x48, 212, 79, 2, 0x49, 214, 79, 6, 0x48
    .word 220, 79, 5, 0x00, 225, 79, 2, 0x50, 227, 79, 28, 0x00, 255, 79, 1, 0x50, 256, 79, 6, 0x00, 262, 79, 2, 0x51, 264, 79, 2, 0xa1, 266, 79, 1, 0xa2
    .word 267, 79, 2, 0x61, 269, 79, 2, 0x59, 271, 79, 1, 0x62, 272, 79, 2, 0x59, 274, 79, 3, 0x48, 277, 79, 8, 0x00, 285, 79, 1, 0x08, 286, 79, 1, 0x00
    .word 287, 79, 2, 0x48, 289, 79, 1, 0x00, 290, 79, 4, 0x48, 294, 79, 1, 0x59, 295, 79, 1, 0x51, 296, 79, 4, 0x48, 300, 79, 1, 0x08, 301, 79, 1, 0x48
    .word 302, 79, 2, 0x08, 304, 79, 2, 0x48, 306, 79, 14, 0x00, 0, 80, 4, 0x08, 4, 80, 7, 0x00, 11, 80, 1, 0x08, 12, 80, 2, 0x00, 14, 80, 3, 0x08
    .word 17, 80, 8, 0x00, 25, 80, 2, 0x48, 27, 80, 5, 0x08, 32, 80, 3, 0x48, 35, 80, 6, 0x00, 41, 80, 1, 0x08, 42, 80, 3, 0x00, 45, 80, 5, 0x08
    .word 50, 80, 17, 0x00, 67, 80, 2, 0x48, 69, 80, 7, 0x00, 76, 80, 1, 0x09, 77, 80, 2, 0x0a, 79, 80, 1, 0x4b, 80, 80, 1, 0x4c, 81, 80, 1, 0x0c
    .word 82, 80, 2, 0x01, 84, 80, 13, 0x00, 97, 80, 2, 0x48, 99, 80, 7, 0x00, 106, 80, 9, 0x49, 115, 80, 1, 0x48, 116, 80, 3, 0x00, 119, 80, 1, 0x08
    .word 120, 80, 1, 0x49, 121, 80, 8, 0x51, 129, 80, 1, 0x9a, 130, 80, 5, 0x48, 135, 80, 1, 0x08, 136, 80, 33, 0x00, 169, 80, 1, 0x08, 170, 80, 1, 0x60
    .word 171, 80, 19, 0x00, 190, 80, 1, 0x08, 191, 80, 5, 0x48, 196, 80, 9, 0x51, 205, 80, 1, 0x48, 206, 80, 4, 0x00, 210, 80, 1, 0x48, 211, 80, 5, 0x49
    .word 216, 80, 5, 0x48, 221, 80, 4, 0x00, 225, 80, 1, 0x50, 226, 80, 29, 0x00, 255, 80, 1, 0x50, 256, 80, 6, 0x00, 262, 80, 2, 0x51, 264, 80, 1, 0xa1
    .word 265, 80, 1, 0x99, 266, 80, 8, 0x50, 274, 80, 3, 0x48, 277, 80, 8, 0x00, 285, 80, 1, 0x08, 286, 80, 1, 0x00, 287, 80, 2, 0x48, 289, 80, 1, 0x00
    .word 290, 80, 2, 0x48, 292, 80, 2, 0x49, 294, 80, 1, 0x9a, 295, 80, 1, 0x51, 296, 80, 3, 0x49, 299, 80, 1, 0x48, 300, 80, 1, 0x08, 301, 80, 1, 0x48
    .word 302, 80, 4, 0x08, 306, 80, 14, 0x00, 0, 81, 4, 0x08, 4, 81, 7, 0x00, 11, 81, 1, 0x08, 12, 81, 2, 0x00, 14, 81, 3, 0x08, 17, 81, 8, 0x00
    .word 25, 81, 2, 0x48, 27, 81, 5, 0x08, 32, 81, 3, 0x48, 35, 81, 6, 0x00, 41, 81, 1, 0x08, 42, 81, 3, 0x00, 45, 81, 5, 0x08, 50, 81, 17, 0x00
    .word 67, 81, 2, 0x48, 69, 81, 7, 0x00, 76, 81, 1, 0x09, 77, 81, 2, 0x0a, 79, 81, 1, 0x4b, 80, 81, 1, 0x4c, 81, 81, 1, 0x0c, 82, 81, 2, 0x01
    .word 84, 81, 13, 0x00, 97, 81, 2, 0x48, 99, 81, 7, 0x00, 106, 81, 9, 0x49, 115, 81, 1, 0x48, 116, 81, 3, 0x00, 119, 81, 1, 0x08, 120, 81, 1, 0x49
    .word 121, 81, 8, 0x51, 129, 81, 1, 0x9a, 130, 81, 5, 0x48, 135, 81, 1, 0x08, 136, 81, 33, 0x00, 169, 81, 1, 0x08, 170, 81, 1, 0x60, 171, 81, 19, 0x00
    .word 190, 81, 1, 0x08, 191, 81, 5, 0x48, 196, 81, 9, 0x51, 205, 81, 1, 0x48, 206, 81, 4, 0x00, 210, 81, 1, 0x48, 211, 81, 5, 0x49, 216, 81, 5, 0x48
    .word 221, 81, 4, 0x00, 225, 81, 1, 0x50, 226, 81, 29, 0x00, 255, 81, 1, 0x50, 256, 81, 6, 0x00, 262, 81, 2, 0x51, 264, 81, 1, 0xa1, 265, 81, 1, 0x99
    .word 266, 81, 8, 0x50, 274, 81, 3, 0x48, 277, 81, 8, 0x00, 285, 81, 1, 0x08, 286, 81, 1, 0x00, 287, 81, 2, 0x48, 289, 81, 1, 0x00, 290, 81, 2, 0x48
    .word 292, 81, 2, 0x49, 294, 81, 1, 0x9a, 295, 81, 1, 0x51, 296, 81, 3, 0x49, 299, 81, 1, 0x48, 300, 81, 1, 0x08, 301, 81, 1, 0x48, 302, 81, 4, 0x08
    .word 306, 81, 14, 0x00, 0, 82, 1, 0x00, 1, 82, 3, 0x08, 4, 82, 6, 0x00, 10, 82, 9, 0x08, 19, 82, 6, 0x00, 25, 82, 1, 0x48, 26, 82, 9, 0x08
    .word 35, 82, 5, 0x00, 40, 82, 1, 0x08, 41, 82, 4, 0x00, 45, 82, 9, 0x08, 54, 82, 3, 0x00, 57, 82, 2, 0x08, 59, 82, 3, 0x00, 62, 82, 2, 0x01
    .word 64, 82, 2, 0x4a, 66, 82, 1, 0x00, 67, 82, 2, 0x49, 69, 82, 6, 0x00, 75, 82, 1, 0x09, 76, 82, 1, 0x02, 77, 82, 2, 0x0c, 79, 82, 1, 0x0d
    .word 80, 82, 1, 0x4d, 81, 82, 16, 0x00, 97, 82, 2, 0x50, 99, 82, 7, 0x00, 106, 82, 8, 0x49, 114, 82, 3, 0x51, 117, 82, 5, 0x00, 122, 82, 5, 0x51
    .word 127, 82, 5, 0x48, 132, 82, 3, 0x08, 135, 82, 35, 0x00, 170, 82, 1, 0x08, 171, 82, 20, 0x00, 191, 82, 1, 0x08, 192, 82, 5, 0x48, 197, 82, 2, 0x9a
    .word 199, 82, 5, 0x51, 204, 82, 3, 0x00, 207, 82, 2, 0x08, 209, 82, 2, 0x51, 211, 82, 5, 0x49, 216, 82, 1, 0x48, 217, 82, 3, 0x49, 220, 82, 1, 0x48
    .word 221, 82, 4, 0x00, 225, 82, 1, 0x50, 226, 82, 29, 0x00, 255, 82, 1, 0x50, 256, 82, 8, 0x00, 264, 82, 2, 0x14, 266, 82, 1, 0x15, 267, 82, 2, 0x0c
    .word 269, 82, 1, 0x4b, 270, 82, 1, 0x4c, 271, 82, 1, 0x4b, 272, 82, 2, 0x0a, 274, 82, 11, 0x00, 285, 82, 1, 0x08, 286, 82, 1, 0x00, 287, 82, 2, 0x48
    .word 289, 82, 3, 0x49, 292, 82, 2, 0x48, 294, 82, 1, 0x59, 295, 82, 1, 0x51, 296, 82, 3, 0x49, 299, 82, 5, 0x08, 304, 82, 2, 0x48, 306, 82, 1, 0x08
    .word 307, 82, 4, 0x00, 311, 82, 3, 0x08, 314, 82, 5, 0x00, 319, 82, 1, 0x08, 0, 83, 6, 0x00, 6, 83, 1, 0x08, 7, 83, 4, 0x00, 11, 83, 6, 0x08
    .word 17, 83, 7, 0x00, 24, 83, 8, 0x08, 32, 83, 2, 0x48, 34, 83, 7, 0x00, 41, 83, 1, 0x08, 42, 83, 3, 0x00, 45, 83, 9, 0x08, 54, 83, 3, 0x00
    .word 57, 83, 2, 0x08, 59, 83, 3, 0x00, 62, 83, 2, 0x02, 64, 83, 1, 0x0a, 65, 83, 1, 0x09, 66, 83, 1, 0x00, 67, 83, 2, 0x02, 69, 83, 1, 0x01
    .word 70, 83, 4, 0x00, 74, 83, 1, 0x09, 75, 83, 1, 0x0a, 76, 83, 1, 0x4b, 77, 83, 3, 0x0c, 80, 83, 1, 0x01, 81, 83, 16, 0x00, 97, 83, 2, 0x50
    .word 99, 83, 7, 0x00, 106, 83, 1, 0x49, 107, 83, 3, 0x51, 110, 83, 1, 0x49, 111, 83, 1, 0x51, 112, 83, 3, 0x49, 115, 83, 4, 0x51, 119, 83, 2, 0x48
    .word 121, 83, 1, 0x00, 122, 83, 2, 0x48, 124, 83, 3, 0x51, 127, 83, 5, 0x48, 132, 83, 2, 0x08, 134, 83, 60, 0x00, 194, 83, 1, 0x48, 195, 83, 2, 0x08
    .word 197, 83, 2, 0x48, 199, 83, 3, 0x51, 202, 83, 2, 0x08, 204, 83, 2, 0x00, 206, 83, 5, 0x51, 211, 83, 5, 0x49, 216, 83, 3, 0x51, 219, 83, 1, 0x49
    .word 220, 83, 1, 0x48, 221, 83, 4, 0x00, 225, 83, 1, 0x50, 226, 83, 29, 0x00, 255, 83, 1, 0x48, 256, 83, 8, 0x00, 264, 83, 2, 0x16, 266, 83, 1, 0x1e
    .word 267, 83, 2, 0x15, 269, 83, 3, 0x0c, 272, 83, 2, 0x0b, 274, 83, 1, 0x01, 275, 83, 10, 0x00, 285, 83, 1, 0x08, 286, 83, 1, 0x00, 287, 83, 4, 0x48
    .word 291, 83, 3, 0x49, 294, 83, 1, 0x59, 295, 83, 1, 0x51, 296, 83, 3, 0x49, 299, 83, 5, 0x08, 304, 83, 2, 0x48, 306, 83, 1, 0x08, 307, 83, 4, 0x00
    .word 311, 83, 3, 0x08, 314, 83, 6, 0x00, 0, 84, 6, 0x00, 6, 84, 1, 0x08, 7, 84, 4, 0x00, 11, 84, 6, 0x08, 17, 84, 7, 0x00, 24, 84, 8, 0x08
    .word 32, 84, 2, 0x48, 34, 84, 7, 0x00, 41, 84, 1, 0x08, 42, 84, 3, 0x00, 45, 84, 9, 0x08, 54, 84, 3, 0x00, 57, 84, 2, 0x08, 59, 84, 3, 0x00
    .word 62, 84, 2, 0x02, 64, 84, 1, 0x0a, 65, 84, 1, 0x09, 66, 84, 1, 0x00, 67, 84, 2, 0x02, 69, 84, 1, 0x01, 70, 84, 4, 0x00, 74, 84, 1, 0x09
    .word 75, 84, 1, 0x0a, 76, 84, 1, 0x4b, 77, 84, 3, 0x0c, 80, 84, 1, 0x01, 81, 84, 16, 0x00, 97, 84, 2, 0x50, 99, 84, 7, 0x00, 106, 84, 1, 0x49
    .word 107, 84, 3, 0x51, 110, 84, 1, 0x49, 111, 84, 1, 0x51, 112, 84, 3, 0x49, 115, 84, 4, 0x51, 119, 84, 2, 0x48, 121, 84, 1, 0x00, 122, 84, 2, 0x48
    .word 124, 84, 3, 0x51, 127, 84, 5, 0x48, 132, 84, 2, 0x08, 134, 84, 60, 0x00, 194, 84, 1, 0x48, 195, 84, 2, 0x08, 197, 84, 2, 0x48, 199, 84, 3, 0x51
    .word 202, 84, 2, 0x08, 204, 84, 2, 0x00, 206, 84, 5, 0x51, 211, 84, 5, 0x49, 216, 84, 3, 0x51, 219, 84, 1, 0x49, 220, 84, 1, 0x48, 221, 84, 4, 0x00
    .word 225, 84, 1, 0x50, 226, 84, 29, 0x00, 255, 84, 1, 0x48, 256, 84, 8, 0x00, 264, 84, 2, 0x16, 266, 84, 1, 0x1e, 267, 84, 2, 0x15, 269, 84, 3, 0x0c
    .word 272, 84, 2, 0x0b, 274, 84, 1, 0x01, 275, 84, 10, 0x00, 285, 84, 1, 0x08, 286, 84, 1, 0x00, 287, 84, 4, 0x48, 291, 84, 3, 0x49, 294, 84, 1, 0x59
    .word 295, 84, 1, 0x51, 296, 84, 3, 0x49, 299, 84, 5, 0x08, 304, 84, 2, 0x48, 306, 84, 1, 0x08, 307, 84, 4, 0x00, 311, 84, 3, 0x08, 314, 84, 6, 0x00
    .word 0, 85, 16, 0x00, 16, 85, 1, 0x08, 17, 85, 9, 0x00, 26, 85, 6, 0x08, 32, 85, 2, 0x48, 34, 85, 1, 0x08, 35, 85, 6, 0x00, 41, 85, 1, 0x08
    .word 42, 85, 3, 0x00, 45, 85, 9, 0x08, 54, 85, 7, 0x00, 61, 85, 1, 0x09, 62, 85, 2, 0x4b, 64, 85, 8, 0x00, 72, 85, 3, 0x09, 75, 85, 1, 0x0b
    .word 76, 85, 3, 0x0c, 79, 85, 27, 0x00, 106, 85, 1, 0x49, 107, 85, 2, 0x48, 109, 85, 1, 0x49, 110, 85, 1, 0x51, 111, 85, 1, 0x59, 112, 85, 2, 0x49
    .word 114, 85, 2, 0x51, 116, 85, 1, 0x50, 117, 85, 5, 0x51, 122, 85, 5, 0x00, 127, 85, 2, 0x08, 129, 85, 1, 0x48, 130, 85, 2, 0x08, 132, 85, 63, 0x00
    .word 195, 85, 2, 0x08, 197, 85, 7, 0x00, 204, 85, 5, 0x51, 209, 85, 1, 0x9a, 210, 85, 1, 0x99, 211, 85, 1, 0x51, 212, 85, 2, 0x49, 214, 85, 2, 0x51
    .word 216, 85, 1, 0x48, 217, 85, 3, 0x49, 220, 85, 1, 0x48, 221, 85, 4, 0x00, 225, 85, 1, 0x50, 226, 85, 34, 0x00, 260, 85, 2, 0x08, 262, 85, 2, 0x48
    .word 264, 85, 1, 0x08, 265, 85, 2, 0x00, 267, 85, 2, 0x01, 269, 85, 2, 0x08, 271, 85, 14, 0x00, 285, 85, 1, 0x08, 286, 85, 1, 0x00, 287, 85, 7, 0x48
    .word 294, 85, 1, 0x9a, 295, 85, 1, 0x51, 296, 85, 3, 0x49, 299, 85, 6, 0x08, 305, 85, 15, 0x00, 0, 86, 16, 0x00, 16, 86, 1, 0x08, 17, 86, 9, 0x00
    .word 26, 86, 6, 0x08, 32, 86, 2, 0x48, 34, 86, 1, 0x08, 35, 86, 6, 0x00, 41, 86, 1, 0x08, 42, 86, 3, 0x00, 45, 86, 9, 0x08, 54, 86, 7, 0x00
    .word 61, 86, 1, 0x09, 62, 86, 2, 0x4b, 64, 86, 8, 0x00, 72, 86, 3, 0x09, 75, 86, 1, 0x0b, 76, 86, 3, 0x0c, 79, 86, 27, 0x00, 106, 86, 1, 0x49
    .word 107, 86, 2, 0x48, 109, 86, 1, 0x49, 110, 86, 1, 0x51, 111, 86, 1, 0x59, 112, 86, 2, 0x49, 114, 86, 2, 0x51, 116, 86, 1, 0x50, 117, 86, 5, 0x51
    .word 122, 86, 5, 0x00, 127, 86, 2, 0x08, 129, 86, 1, 0x48, 130, 86, 2, 0x08, 132, 86, 63, 0x00, 195, 86, 2, 0x08, 197, 86, 7, 0x00, 204, 86, 5, 0x51
    .word 209, 86, 1, 0x9a, 210, 86, 1, 0x99, 211, 86, 1, 0x51, 212, 86, 2, 0x49, 214, 86, 2, 0x51, 216, 86, 1, 0x48, 217, 86, 3, 0x49, 220, 86, 1, 0x48
    .word 221, 86, 4, 0x00, 225, 86, 1, 0x50, 226, 86, 34, 0x00, 260, 86, 2, 0x08, 262, 86, 2, 0x48, 264, 86, 1, 0x08, 265, 86, 2, 0x00, 267, 86, 2, 0x01
    .word 269, 86, 2, 0x08, 271, 86, 14, 0x00, 285, 86, 1, 0x08, 286, 86, 1, 0x00, 287, 86, 7, 0x48, 294, 86, 1, 0x9a, 295, 86, 1, 0x51, 296, 86, 3, 0x49
    .word 299, 86, 6, 0x08, 305, 86, 15, 0x00, 0, 87, 4, 0x48, 4, 87, 25, 0x00, 29, 87, 5, 0x08, 34, 87, 11, 0x00, 45, 87, 9, 0x08, 54, 87, 1, 0x00
    .word 55, 87, 1, 0x48, 56, 87, 5, 0x00, 61, 87, 1, 0x09, 62, 87, 2, 0x01, 64, 87, 6, 0x00, 70, 87, 1, 0x09, 71, 87, 1, 0x00, 72, 87, 2, 0x09
    .word 74, 87, 1, 0x02, 75, 87, 1, 0x0b, 76, 87, 1, 0x0c, 77, 87, 2, 0x48, 79, 87, 2, 0x49, 81, 87, 25, 0x00, 106, 87, 8, 0x49, 114, 87, 1, 0xa2
    .word 115, 87, 1, 0x49, 116, 87, 8, 0x51, 124, 87, 1, 0x9a, 125, 87, 1, 0x48, 126, 87, 74, 0x00, 200, 87, 1, 0x48, 201, 87, 1, 0x9a, 202, 87, 5, 0x51
    .word 207, 87, 2, 0xa2, 209, 87, 6, 0x51, 215, 87, 5, 0x49, 220, 87, 1, 0x48, 221, 87, 4, 0x00, 225, 87, 1, 0x50, 226, 87, 26, 0x00, 252, 87, 3, 0x48
    .word 255, 87, 1, 0x49, 256, 87, 1, 0x00, 257, 87, 7, 0x08, 264, 87, 1, 0x4c, 265, 87, 2, 0x54, 267, 87, 4, 0x4b, 271, 87, 1, 0x4a, 272, 87, 3, 0x0a
    .word 275, 87, 1, 0x01, 276, 87, 9, 0x00, 285, 87, 1, 0x08, 286, 87, 3, 0x00, 289, 87, 3, 0x48, 292, 87, 2, 0x49, 294, 87, 1, 0x59, 295, 87, 1, 0x51
    .word 296, 87, 3, 0x49, 299, 87, 6, 0x08, 305, 87, 2, 0x00, 307, 87, 2, 0x08, 309, 87, 11, 0x00, 0, 88, 1, 0x49, 1, 88, 3, 0x48, 4, 88, 2, 0x00
    .word 6, 88, 6, 0x08, 12, 88, 3, 0x00, 15, 88, 1, 0x48, 16, 88, 15, 0x00, 31, 88, 1, 0x08, 32, 88, 9, 0x00, 41, 88, 1, 0x08, 42, 88, 3, 0x00
    .word 45, 88, 2, 0x08, 47, 88, 8, 0x00, 55, 88, 1, 0x48, 56, 88, 5, 0x00, 61, 88, 1, 0x4b, 62, 88, 2, 0x4c, 64, 88, 6, 0x00, 70, 88, 1, 0x49
    .word 71, 88, 3, 0x00, 74, 88, 2, 0x09, 76, 88, 1, 0x0a, 77, 88, 2, 0x00, 79, 88, 5, 0x48, 84, 88, 22, 0x00, 106, 88, 4, 0x49, 110, 88, 1, 0x51
    .word 111, 88, 3, 0x49, 114, 88, 1, 0x51, 115, 88, 1, 0x48, 116, 88, 1, 0xa3, 117, 88, 8, 0x51, 125, 88, 1, 0x48, 126, 88, 1, 0x08, 127, 88, 72, 0x00
    .word 199, 88, 2, 0x48, 201, 88, 8, 0x51, 209, 88, 2, 0x50, 211, 88, 1, 0x51, 212, 88, 2, 0x49, 214, 88, 1, 0x48, 215, 88, 1, 0x51, 216, 88, 1, 0x49
    .word 217, 88, 4, 0x48, 221, 88, 29, 0x00, 250, 88, 1, 0x48, 251, 88, 1, 0x49, 252, 88, 3, 0x48, 255, 88, 1, 0x49, 256, 88, 1, 0x00, 257, 88, 5, 0x08
    .word 262, 88, 2, 0x40, 264, 88, 2, 0x00, 266, 88, 1, 0x01, 267, 88, 17, 0x00, 284, 88, 2, 0x08, 286, 88, 3, 0x00, 289, 88, 2, 0x48, 291, 88, 1, 0x49
    .word 292, 88, 2, 0x48, 294, 88, 1, 0x59, 295, 88, 1, 0x51, 296, 88, 3, 0x49, 299, 88, 6, 0x08, 305, 88, 15, 0x00, 0, 89, 1, 0x49, 1, 89, 3, 0x48
    .word 4, 89, 2, 0x00, 6, 89, 6, 0x08, 12, 89, 3, 0x00, 15, 89, 1, 0x48, 16, 89, 15, 0x00, 31, 89, 1, 0x08, 32, 89, 9, 0x00, 41, 89, 1, 0x08
    .word 42, 89, 3, 0x00, 45, 89, 2, 0x08, 47, 89, 8, 0x00, 55, 89, 1, 0x48, 56, 89, 5, 0x00, 61, 89, 1, 0x4b, 62, 89, 2, 0x4c, 64, 89, 6, 0x00
    .word 70, 89, 1, 0x49, 71, 89, 3, 0x00, 74, 89, 2, 0x09, 76, 89, 1, 0x0a, 77, 89, 2, 0x00, 79, 89, 5, 0x48, 84, 89, 22, 0x00, 106, 89, 4, 0x49
    .word 110, 89, 1, 0x51, 111, 89, 3, 0x49, 114, 89, 1, 0x51, 115, 89, 1, 0x48, 116, 89, 1, 0xa3, 117, 89, 8, 0x51, 125, 89, 1, 0x48, 126, 89, 1, 0x08
    .word 127, 89, 72, 0x00, 199, 89, 2, 0x48, 201, 89, 8, 0x51, 209, 89, 2, 0x50, 211, 89, 1, 0x51, 212, 89, 2, 0x49, 214, 89, 1, 0x48, 215, 89, 1, 0x51
    .word 216, 89, 1, 0x49, 217, 89, 4, 0x48, 221, 89, 29, 0x00, 250, 89, 1, 0x48, 251, 89, 1, 0x49, 252, 89, 3, 0x48, 255, 89, 1, 0x49, 256, 89, 1, 0x00
    .word 257, 89, 5, 0x08, 262, 89, 2, 0x40, 264, 89, 2, 0x00, 266, 89, 1, 0x01, 267, 89, 17, 0x00, 284, 89, 2, 0x08, 286, 89, 3, 0x00, 289, 89, 2, 0x48
    .word 291, 89, 1, 0x49, 292, 89, 2, 0x48, 294, 89, 1, 0x59, 295, 89, 1, 0x51, 296, 89, 3, 0x49, 299, 89, 6, 0x08, 305, 89, 15, 0x00, 0, 90, 1, 0x48
    .word 1, 90, 3, 0x49, 4, 90, 2, 0x00, 6, 90, 9, 0x08, 15, 90, 1, 0x48, 16, 90, 3, 0x49, 19, 90, 2, 0x48, 21, 90, 3, 0x51, 24, 90, 2, 0x48
    .word 26, 90, 19, 0x00, 45, 90, 4, 0x08, 49, 90, 1, 0x00, 50, 90, 2, 0x08, 52, 90, 3, 0x00, 55, 90, 1, 0x48, 56, 90, 1, 0x08, 57, 90, 2, 0x00
    .word 59, 90, 1, 0x48, 60, 90, 1, 0x00, 61, 90, 1, 0x4c, 62, 90, 2, 0x0c, 64, 90, 6, 0x00, 70, 90, 1, 0x09, 71, 90, 1, 0x00, 72, 90, 2, 0x09
    .word 74, 90, 2, 0x0b, 76, 90, 1, 0x4c, 77, 90, 2, 0x00, 79, 90, 1, 0x48, 80, 90, 4, 0x49, 84, 90, 1, 0x48, 85, 90, 1, 0x08, 86, 90, 20, 0x00
    .word 106, 90, 1, 0x48, 107, 90, 2, 0x08, 109, 90, 5, 0x48, 114, 90, 1, 0x49, 115, 90, 1, 0x48, 116, 90, 6, 0x51, 122, 90, 2, 0x9a, 124, 90, 3, 0x48
    .word 127, 90, 2, 0x08, 129, 90, 68, 0x00, 197, 90, 5, 0x48, 202, 90, 2, 0x9a, 204, 90, 6, 0x51, 210, 90, 1, 0x50, 211, 90, 1, 0x51, 212, 90, 3, 0x49
    .word 215, 90, 4, 0x08, 219, 90, 1, 0x48, 220, 90, 1, 0x08, 221, 90, 26, 0x00, 247, 90, 3, 0x08, 250, 90, 1, 0x48, 251, 90, 5, 0x49, 256, 90, 1, 0x00
    .word 257, 90, 2, 0x48, 259, 90, 5, 0x08, 264, 90, 1, 0x00, 265, 90, 1, 0x15, 266, 90, 1, 0x0d, 267, 90, 2, 0x4d, 269, 90, 1, 0x4c, 270, 90, 2, 0x4b
    .word 272, 90, 2, 0x49, 274, 90, 1, 0x09, 275, 90, 7, 0x00, 282, 90, 2, 0x08, 284, 90, 5, 0x00, 289, 90, 1, 0x49, 290, 90, 1, 0x48, 291, 90, 1, 0x49
    .word 292, 90, 2, 0x48, 294, 90, 1, 0xa1, 295, 90, 1, 0x59, 296, 90, 19, 0x00, 315, 90, 2, 0x48, 317, 90, 2, 0x49, 319, 90, 1, 0x51, 0, 91, 1, 0x48
    .word 1, 91, 3, 0x49, 4, 91, 2, 0x00, 6, 91, 9, 0x08, 15, 91, 1, 0x48, 16, 91, 3, 0x49, 19, 91, 2, 0x48, 21, 91, 3, 0x51, 24, 91, 2, 0x48
    .word 26, 91, 19, 0x00, 45, 91, 4, 0x08, 49, 91, 1, 0x00, 50, 91, 2, 0x08, 52, 91, 3, 0x00, 55, 91, 1, 0x48, 56, 91, 1, 0x08, 57, 91, 2, 0x00
    .word 59, 91, 1, 0x48, 60, 91, 1, 0x00, 61, 91, 1, 0x4c, 62, 91, 2, 0x0c, 64, 91, 6, 0x00, 70, 91, 1, 0x09, 71, 91, 1, 0x00, 72, 91, 2, 0x09
    .word 74, 91, 2, 0x0b, 76, 91, 1, 0x4c, 77, 91, 2, 0x00, 79, 91, 1, 0x48, 80, 91, 4, 0x49, 84, 91, 1, 0x48, 85, 91, 1, 0x08, 86, 91, 20, 0x00
    .word 106, 91, 1, 0x48, 107, 91, 2, 0x08, 109, 91, 5, 0x48, 114, 91, 1, 0x49, 115, 91, 1, 0x48, 116, 91, 6, 0x51, 122, 91, 2, 0x9a, 124, 91, 3, 0x48
    .word 127, 91, 2, 0x08, 129, 91, 68, 0x00, 197, 91, 5, 0x48, 202, 91, 2, 0x9a, 204, 91, 6, 0x51, 210, 91, 1, 0x50, 211, 91, 1, 0x51, 212, 91, 3, 0x49
    .word 215, 91, 4, 0x08, 219, 91, 1, 0x48, 220, 91, 1, 0x08, 221, 91, 26, 0x00, 247, 91, 3, 0x08, 250, 91, 1, 0x48, 251, 91, 5, 0x49, 256, 91, 1, 0x00
    .word 257, 91, 2, 0x48, 259, 91, 5, 0x08, 264, 91, 1, 0x00, 265, 91, 1, 0x15, 266, 91, 1, 0x0d, 267, 91, 2, 0x4d, 269, 91, 1, 0x4c, 270, 91, 2, 0x4b
    .word 272, 91, 2, 0x49, 274, 91, 1, 0x09, 275, 91, 7, 0x00, 282, 91, 2, 0x08, 284, 91, 5, 0x00, 289, 91, 1, 0x49, 290, 91, 1, 0x48, 291, 91, 1, 0x49
    .word 292, 91, 2, 0x48, 294, 91, 1, 0xa1, 295, 91, 1, 0x59, 296, 91, 19, 0x00, 315, 91, 2, 0x48, 317, 91, 2, 0x49, 319, 91, 1, 0x51, 0, 92, 4, 0x48
    .word 4, 92, 2, 0x00, 6, 92, 5, 0x08, 11, 92, 4, 0x48, 15, 92, 6, 0x49, 21, 92, 1, 0x48, 22, 92, 3, 0x49, 25, 92, 4, 0x48, 29, 92, 2, 0x00
    .word 31, 92, 1, 0x58, 32, 92, 2, 0x61, 34, 92, 13, 0x00, 47, 92, 2, 0x49, 49, 92, 3, 0x48, 52, 92, 2, 0x49, 54, 92, 3, 0x00, 57, 92, 2, 0x08
    .word 59, 92, 1, 0x48, 60, 92, 1, 0x00, 61, 92, 1, 0x4c, 62, 92, 2, 0x0c, 64, 92, 6, 0x00, 70, 92, 1, 0x09, 71, 92, 1, 0x00, 72, 92, 2, 0x09
    .word 74, 92, 3, 0x0b, 77, 92, 2, 0x49, 79, 92, 2, 0x48, 81, 92, 1, 0x49, 82, 92, 2, 0x48, 84, 92, 2, 0x08, 86, 92, 20, 0x00, 106, 92, 8, 0x08
    .word 114, 92, 1, 0x48, 115, 92, 1, 0x9a, 116, 92, 8, 0x51, 124, 92, 3, 0x48, 127, 92, 70, 0x00, 197, 92, 2, 0x08, 199, 92, 3, 0x48, 202, 92, 2, 0x59
    .word 204, 92, 5, 0x51, 209, 92, 2, 0x9a, 211, 92, 1, 0x48, 212, 92, 7, 0x08, 219, 92, 28, 0x00, 247, 92, 3, 0x08, 250, 92, 5, 0x48, 255, 92, 1, 0x49
    .word 256, 92, 1, 0x00, 257, 92, 2, 0x49, 259, 92, 2, 0x48, 261, 92, 3, 0x08, 264, 92, 1, 0x00, 265, 92, 2, 0x48, 267, 92, 27, 0x00, 294, 92, 1, 0x61
    .word 295, 92, 1, 0x58, 296, 92, 8, 0x00, 304, 92, 2, 0x08, 306, 92, 8, 0x48, 314, 92, 1, 0x00, 315, 92, 1, 0x51, 316, 92, 4, 0x49, 0, 93, 4, 0x48
    .word 4, 93, 2, 0x00, 6, 93, 5, 0x08, 11, 93, 1, 0x48, 12, 93, 9, 0x49, 21, 93, 1, 0x48, 22, 93, 2, 0x49, 24, 93, 1, 0x48, 25, 93, 4, 0x49
    .word 29, 93, 2, 0x00, 31, 93, 1, 0x50, 32, 93, 2, 0x61, 34, 93, 3, 0x48, 37, 93, 14, 0x00, 51, 93, 3, 0x48, 54, 93, 5, 0x00, 59, 93, 1, 0x49
    .word 60, 93, 1, 0x00, 61, 93, 1, 0x4c, 62, 93, 2, 0x0d, 64, 93, 6, 0x00, 70, 93, 1, 0x09, 71, 93, 1, 0x00, 72, 93, 2, 0x09, 74, 93, 3, 0x0b
    .word 77, 93, 4, 0x48, 81, 93, 3, 0x49, 84, 93, 2, 0x08, 86, 93, 21, 0x00, 107, 93, 7, 0x08, 114, 93, 1, 0x48, 115, 93, 1, 0x9a, 116, 93, 5, 0x51
    .word 121, 93, 1, 0x9a, 122, 93, 5, 0x48, 127, 93, 72, 0x00, 199, 93, 1, 0x08, 200, 93, 4, 0x48, 204, 93, 1, 0x9a, 205, 93, 6, 0x51, 211, 93, 1, 0x48
    .word 212, 93, 7, 0x08, 219, 93, 28, 0x00, 247, 93, 3, 0x08, 250, 93, 1, 0x48, 251, 93, 1, 0x49, 252, 93, 3, 0x48, 255, 93, 1, 0x49, 256, 93, 1, 0x00
    .word 257, 93, 2, 0x49, 259, 93, 2, 0x48, 261, 93, 1, 0x08, 262, 93, 3, 0x00, 265, 93, 1, 0x54, 266, 93, 1, 0x55, 267, 93, 4, 0x0c, 271, 93, 1, 0x4b
    .word 272, 93, 3, 0x09, 275, 93, 19, 0x00, 294, 93, 1, 0x61, 295, 93, 1, 0x58, 296, 93, 1, 0x00, 297, 93, 4, 0x48, 301, 93, 3, 0x00, 304, 93, 2, 0x48
    .word 306, 93, 5, 0x08, 311, 93, 1, 0x49, 312, 93, 2, 0x48, 314, 93, 1, 0x00, 315, 93, 1, 0x51, 316, 93, 3, 0x48, 319, 93, 1, 0x49, 0, 94, 4, 0x48
    .word 4, 94, 2, 0x00, 6, 94, 5, 0x08, 11, 94, 1, 0x48, 12, 94, 9, 0x49, 21, 94, 1, 0x48, 22, 94, 2, 0x49, 24, 94, 1, 0x48, 25, 94, 4, 0x49
    .word 29, 94, 2, 0x00, 31, 94, 1, 0x50, 32, 94, 2, 0x61, 34, 94, 3, 0x48, 37, 94, 14, 0x00, 51, 94, 3, 0x48, 54, 94, 5, 0x00, 59, 94, 1, 0x49
    .word 60, 94, 1, 0x00, 61, 94, 1, 0x4c, 62, 94, 2, 0x0d, 64, 94, 6, 0x00, 70, 94, 1, 0x09, 71, 94, 1, 0x00, 72, 94, 2, 0x09, 74, 94, 3, 0x0b
    .word 77, 94, 4, 0x48, 81, 94, 3, 0x49, 84, 94, 2, 0x08, 86, 94, 21, 0x00, 107, 94, 7, 0x08, 114, 94, 1, 0x48, 115, 94, 1, 0x9a, 116, 94, 5, 0x51
    .word 121, 94, 1, 0x9a, 122, 94, 5, 0x48, 127, 94, 72, 0x00, 199, 94, 1, 0x08, 200, 94, 4, 0x48, 204, 94, 1, 0x9a, 205, 94, 6, 0x51, 211, 94, 1, 0x48
    .word 212, 94, 7, 0x08, 219, 94, 28, 0x00, 247, 94, 3, 0x08, 250, 94, 1, 0x48, 251, 94, 1, 0x49, 252, 94, 3, 0x48, 255, 94, 1, 0x49, 256, 94, 1, 0x00
    .word 257, 94, 2, 0x49, 259, 94, 2, 0x48, 261, 94, 1, 0x08, 262, 94, 3, 0x00, 265, 94, 1, 0x54, 266, 94, 1, 0x55, 267, 94, 4, 0x0c, 271, 94, 1, 0x4b
    .word 272, 94, 3, 0x09, 275, 94, 19, 0x00, 294, 94, 1, 0x61, 295, 94, 1, 0x58, 296, 94, 1, 0x00, 297, 94, 4, 0x48, 301, 94, 3, 0x00, 304, 94, 2, 0x48
    .word 306, 94, 5, 0x08, 311, 94, 1, 0x49, 312, 94, 2, 0x48, 314, 94, 1, 0x00, 315, 94, 1, 0x51, 316, 94, 3, 0x48, 319, 94, 1, 0x49, 0, 95, 2, 0x48
    .word 2, 95, 2, 0x49, 4, 95, 2, 0x00, 6, 95, 3, 0x08, 9, 95, 2, 0x48, 11, 95, 1, 0x49, 12, 95, 3, 0x48, 15, 95, 10, 0x49, 25, 95, 1, 0x48
    .word 26, 95, 3, 0x49, 29, 95, 2, 0x00, 31, 95, 1, 0x50, 32, 95, 2, 0x61, 34, 95, 2, 0x49, 36, 95, 4, 0x48, 40, 95, 7, 0x49, 47, 95, 14, 0x00
    .word 61, 95, 1, 0x4c, 62, 95, 2, 0x0c, 64, 95, 8, 0x00, 72, 95, 2, 0x09, 74, 95, 2, 0x4b, 76, 95, 1, 0x0b, 77, 95, 5, 0x48, 82, 95, 2, 0x51
    .word 84, 95, 2, 0x08, 86, 95, 21, 0x00, 107, 95, 7, 0x08, 114, 95, 1, 0x48, 115, 95, 6, 0x51, 121, 95, 1, 0x59, 122, 95, 3, 0x48, 125, 95, 1, 0x08
    .word 126, 95, 73, 0x00, 199, 95, 1, 0x08, 200, 95, 1, 0x48, 201, 95, 3, 0x08, 204, 95, 7, 0x51, 211, 95, 1, 0x48, 212, 95, 7, 0x08, 219, 95, 28, 0x00
    .word 247, 95, 3, 0x08, 250, 95, 2, 0x48, 252, 95, 4, 0x49, 256, 95, 1, 0x00, 257, 95, 2, 0x49, 259, 95, 2, 0x48, 261, 95, 3, 0x08, 264, 95, 1, 0x00
    .word 265, 95, 2, 0x55, 267, 95, 2, 0x54, 269, 95, 2, 0x4c, 271, 95, 1, 0x4b, 272, 95, 2, 0x49, 274, 95, 1, 0x09, 275, 95, 10, 0x00, 285, 95, 1, 0x08
    .word 286, 95, 8, 0x48, 294, 95, 1, 0x61, 295, 95, 1, 0x58, 296, 95, 1, 0x00, 297, 95, 4, 0x48, 301, 95, 1, 0x00, 302, 95, 2, 0x08, 304, 95, 2, 0x48
    .word 306, 95, 5, 0x08, 311, 95, 3, 0x49, 314, 95, 1, 0x00, 315, 95, 1, 0x51, 316, 95, 1, 0x48, 317, 95, 3, 0x49, 0, 96, 2, 0x48, 2, 96, 2, 0x49
    .word 4, 96, 2, 0x00, 6, 96, 3, 0x08, 9, 96, 2, 0x48, 11, 96, 1, 0x49, 12, 96, 3, 0x48, 15, 96, 10, 0x49, 25, 96, 1, 0x48, 26, 96, 3, 0x49
    .word 29, 96, 2, 0x00, 31, 96, 1, 0x50, 32, 96, 2, 0x61, 34, 96, 2, 0x49, 36, 96, 4, 0x48, 40, 96, 7, 0x49, 47, 96, 14, 0x00, 61, 96, 1, 0x4c
    .word 62, 96, 2, 0x0c, 64, 96, 8, 0x00, 72, 96, 2, 0x09, 74, 96, 2, 0x4b, 76, 96, 1, 0x0b, 77, 96, 5, 0x48, 82, 96, 2, 0x51, 84, 96, 2, 0x08
    .word 86, 96, 21, 0x00, 107, 96, 7, 0x08, 114, 96, 1, 0x48, 115, 96, 6, 0x51, 121, 96, 1, 0x59, 122, 96, 3, 0x48, 125, 96, 1, 0x08, 126, 96, 73, 0x00
    .word 199, 96, 1, 0x08, 200, 96, 1, 0x48, 201, 96, 3, 0x08, 204, 96, 7, 0x51, 211, 96, 1, 0x48, 212, 96, 7, 0x08, 219, 96, 28, 0x00, 247, 96, 3, 0x08
    .word 250, 96, 2, 0x48, 252, 96, 4, 0x49, 256, 96, 1, 0x00, 257, 96, 2, 0x49, 259, 96, 2, 0x48, 261, 96, 3, 0x08, 264, 96, 1, 0x00, 265, 96, 2, 0x55
    .word 267, 96, 2, 0x54, 269, 96, 2, 0x4c, 271, 96, 1, 0x4b, 272, 96, 2, 0x49, 274, 96, 1, 0x09, 275, 96, 10, 0x00, 285, 96, 1, 0x08, 286, 96, 8, 0x48
    .word 294, 96, 1, 0x61, 295, 96, 1, 0x58, 296, 96, 1, 0x00, 297, 96, 4, 0x48, 301, 96, 1, 0x00, 302, 96, 2, 0x08, 304, 96, 2, 0x48, 306, 96, 5, 0x08
    .word 311, 96, 3, 0x49, 314, 96, 1, 0x00, 315, 96, 1, 0x51, 316, 96, 1, 0x48, 317, 96, 3, 0x49, 0, 97, 1, 0x48, 1, 97, 3, 0x49, 4, 97, 2, 0x00
    .word 6, 97, 3, 0x08, 9, 97, 2, 0x48, 11, 97, 1, 0x51, 12, 97, 2, 0x48, 14, 97, 1, 0x49, 15, 97, 1, 0x48, 16, 97, 10, 0x49, 26, 97, 1, 0x51
    .word 27, 97, 2, 0x49, 29, 97, 2, 0x00, 31, 97, 1, 0x50, 32, 97, 2, 0x69, 34, 97, 11, 0x49, 45, 97, 1, 0x48, 46, 97, 1, 0x51, 47, 97, 2, 0x48
    .word 49, 97, 2, 0x49, 51, 97, 1, 0x48, 52, 97, 9, 0x00, 61, 97, 1, 0x4c, 62, 97, 2, 0x0c, 64, 97, 8, 0x00, 72, 97, 2, 0x4a, 74, 97, 1, 0x4c
    .word 75, 97, 1, 0x54, 76, 97, 1, 0x4d, 77, 97, 4, 0x48, 81, 97, 3, 0x49, 84, 97, 2, 0x08, 86, 97, 23, 0x00, 109, 97, 1, 0x51, 110, 97, 1, 0x48
    .word 111, 97, 3, 0x08, 114, 97, 1, 0x48, 115, 97, 1, 0x59, 116, 97, 1, 0x51, 117, 97, 4, 0x59, 121, 97, 1, 0x08, 122, 97, 2, 0x48, 124, 97, 1, 0x08
    .word 125, 97, 1, 0x48, 126, 97, 75, 0x00, 201, 97, 3, 0x08, 204, 97, 1, 0x48, 205, 97, 1, 0x51, 206, 97, 1, 0x99, 207, 97, 3, 0x59, 210, 97, 1, 0x51
    .word 211, 97, 1, 0x48, 212, 97, 3, 0x08, 215, 97, 2, 0x48, 217, 97, 30, 0x00, 247, 97, 2, 0x08, 249, 97, 1, 0x48, 250, 97, 1, 0x08, 251, 97, 1, 0x49
    .word 252, 97, 2, 0x48, 254, 97, 2, 0x49, 256, 97, 1, 0x00, 257, 97, 5, 0x48, 262, 97, 3, 0x00, 265, 97, 1, 0x01, 266, 97, 5, 0x4a, 271, 97, 1, 0x09
    .word 272, 97, 7, 0x00, 279, 97, 15, 0x48, 294, 97, 1, 0x72, 295, 97, 1, 0x61, 296, 97, 1, 0x08, 297, 97, 2, 0x49, 299, 97, 2, 0x48, 301, 97, 1, 0x00
    .word 302, 97, 2, 0x48, 304, 97, 3, 0x08, 307, 97, 3, 0x48, 310, 97, 2, 0x49, 312, 97, 2, 0x48, 314, 97, 1, 0x00, 315, 97, 1, 0x49, 316, 97, 3, 0x48
    .word 319, 97, 1, 0x49, 0, 98, 4, 0x49, 4, 98, 2, 0x00, 6, 98, 1, 0x08, 7, 98, 5, 0x48, 12, 98, 3, 0x49, 15, 98, 1, 0x51, 16, 98, 1, 0x48
    .word 17, 98, 2, 0x49, 19, 98, 6, 0x48, 25, 98, 1, 0x49, 26, 98, 1, 0x50, 27, 98, 2, 0x48, 29, 98, 2, 0x00, 31, 98, 1, 0x48, 32, 98, 2, 0x69
    .word 34, 98, 2, 0x49, 36, 98, 3, 0x48, 39, 98, 3, 0x49, 42, 98, 2, 0x48, 44, 98, 1, 0x49, 45, 98, 5, 0x48, 50, 98, 1, 0x49, 51, 98, 1, 0x48
    .word 52, 98, 8, 0x08, 60, 98, 1, 0x00, 61, 98, 1, 0x4c, 62, 98, 2, 0x0c, 64, 98, 5, 0x00, 69, 98, 2, 0x48, 71, 98, 1, 0x49, 72, 98, 2, 0x4a
    .word 74, 98, 1, 0x52, 75, 98, 1, 0x14, 76, 98, 1, 0x15, 77, 98, 2, 0x49, 79, 98, 1, 0x00, 80, 98, 1, 0x40, 81, 98, 3, 0x00, 84, 98, 2, 0x08
    .word 86, 98, 19, 0x00, 105, 98, 2, 0x48, 107, 98, 8, 0x49, 115, 98, 2, 0x48, 117, 98, 2, 0x49, 119, 98, 2, 0x9a, 121, 98, 1, 0x59, 122, 98, 2, 0x48
    .word 124, 98, 51, 0x00, 175, 98, 1, 0x08, 176, 98, 25, 0x00, 201, 98, 1, 0x08, 202, 98, 2, 0x48, 204, 98, 1, 0x9a, 205, 98, 1, 0xa3, 206, 98, 1, 0x48
    .word 207, 98, 12, 0x49, 219, 98, 2, 0x48, 221, 98, 26, 0x00, 247, 98, 3, 0x08, 250, 98, 5, 0x00, 255, 98, 1, 0x49, 256, 98, 9, 0x00, 265, 98, 1, 0x49
    .word 266, 98, 4, 0x0c, 270, 98, 1, 0x0b, 271, 98, 1, 0x4a, 272, 98, 2, 0x09, 274, 98, 5, 0x00, 279, 98, 1, 0x48, 280, 98, 1, 0xa2, 281, 98, 1, 0xab
    .word 282, 98, 2, 0xa3, 284, 98, 1, 0xa2, 285, 98, 1, 0x59, 286, 98, 3, 0x51, 289, 98, 3, 0x48, 292, 98, 2, 0x08, 294, 98, 1, 0x69, 295, 98, 1, 0x58
    .word 296, 98, 1, 0x00, 297, 98, 2, 0x49, 299, 98, 2, 0x48, 301, 98, 1, 0x00, 302, 98, 3, 0x48, 305, 98, 4, 0x08, 309, 98, 1, 0x49, 310, 98, 4, 0x48
    .word 314, 98, 1, 0x00, 315, 98, 5, 0x48, 0, 99, 4, 0x49, 4, 99, 2, 0x00, 6, 99, 1, 0x08, 7, 99, 5, 0x48, 12, 99, 3, 0x49, 15, 99, 1, 0x51
    .word 16, 99, 1, 0x48, 17, 99, 2, 0x49, 19, 99, 6, 0x48, 25, 99, 1, 0x49, 26, 99, 1, 0x50, 27, 99, 2, 0x48, 29, 99, 2, 0x00, 31, 99, 1, 0x48
    .word 32, 99, 2, 0x69, 34, 99, 2, 0x49, 36, 99, 3, 0x48, 39, 99, 3, 0x49, 42, 99, 2, 0x48, 44, 99, 1, 0x49, 45, 99, 5, 0x48, 50, 99, 1, 0x49
    .word 51, 99, 1, 0x48, 52, 99, 8, 0x08, 60, 99, 1, 0x00, 61, 99, 1, 0x4c, 62, 99, 2, 0x0c, 64, 99, 5, 0x00, 69, 99, 2, 0x48, 71, 99, 1, 0x49
    .word 72, 99, 2, 0x4a, 74, 99, 1, 0x52, 75, 99, 1, 0x14, 76, 99, 1, 0x15, 77, 99, 2, 0x49, 79, 99, 1, 0x00, 80, 99, 1, 0x40, 81, 99, 3, 0x00
    .word 84, 99, 2, 0x08, 86, 99, 19, 0x00, 105, 99, 2, 0x48, 107, 99, 8, 0x49, 115, 99, 2, 0x48, 117, 99, 2, 0x49, 119, 99, 2, 0x9a, 121, 99, 1, 0x59
    .word 122, 99, 2, 0x48, 124, 99, 51, 0x00, 175, 99, 1, 0x08, 176, 99, 25, 0x00, 201, 99, 1, 0x08, 202, 99, 2, 0x48, 204, 99, 1, 0x9a, 205, 99, 1, 0xa3
    .word 206, 99, 1, 0x48, 207, 99, 12, 0x49, 219, 99, 2, 0x48, 221, 99, 26, 0x00, 247, 99, 3, 0x08, 250, 99, 5, 0x00, 255, 99, 1, 0x49, 256, 99, 9, 0x00
    .word 265, 99, 1, 0x49, 266, 99, 4, 0x0c, 270, 99, 1, 0x0b, 271, 99, 1, 0x4a, 272, 99, 2, 0x09, 274, 99, 5, 0x00, 279, 99, 1, 0x48, 280, 99, 1, 0xa2
    .word 281, 99, 1, 0xab, 282, 99, 2, 0xa3, 284, 99, 1, 0xa2, 285, 99, 1, 0x59, 286, 99, 3, 0x51, 289, 99, 3, 0x48, 292, 99, 2, 0x08, 294, 99, 1, 0x69
    .word 295, 99, 1, 0x58, 296, 99, 1, 0x00, 297, 99, 2, 0x49, 299, 99, 2, 0x48, 301, 99, 1, 0x00, 302, 99, 3, 0x48, 305, 99, 4, 0x08, 309, 99, 1, 0x49
    .word 310, 99, 4, 0x48, 314, 99, 1, 0x00, 315, 99, 5, 0x48, 0, 100, 4, 0x49, 4, 100, 2, 0x00, 6, 100, 1, 0x08, 7, 100, 4, 0x48, 11, 100, 3, 0x51
    .word 14, 100, 1, 0x49, 15, 100, 1, 0x51, 16, 100, 1, 0x49, 17, 100, 9, 0x48, 26, 100, 1, 0x51, 27, 100, 2, 0x49, 29, 100, 2, 0x00, 31, 100, 1, 0x48
    .word 32, 100, 2, 0x6b, 34, 100, 1, 0x49, 35, 100, 2, 0x48, 37, 100, 2, 0x49, 39, 100, 5, 0x48, 44, 100, 2, 0x49, 46, 100, 1, 0x51, 47, 100, 4, 0x49
    .word 51, 100, 3, 0x08, 54, 100, 1, 0x48, 55, 100, 5, 0x08, 60, 100, 1, 0x00, 61, 100, 1, 0x4c, 62, 100, 2, 0x0c, 64, 100, 2, 0x00, 66, 100, 3, 0x48
    .word 69, 100, 6, 0x51, 75, 100, 1, 0x2f, 76, 100, 1, 0x26, 77, 100, 4, 0x2f, 81, 100, 24, 0x00, 105, 100, 2, 0x48, 107, 100, 12, 0x49, 119, 100, 1, 0xab
    .word 120, 100, 1, 0xf4, 121, 100, 1, 0x51, 122, 100, 3, 0x48, 125, 100, 76, 0x00, 201, 100, 3, 0x48, 204, 100, 1, 0x99, 205, 100, 1, 0xf4, 206, 100, 1, 0x48
    .word 207, 100, 12, 0x49, 219, 100, 2, 0x48, 221, 100, 1, 0x00, 222, 100, 3, 0x08, 225, 100, 30, 0x00, 255, 100, 1, 0x51, 256, 100, 1, 0x00, 257, 100, 4, 0x49
    .word 261, 100, 1, 0x48, 262, 100, 2, 0x00, 264, 100, 1, 0x48, 265, 100, 1, 0x4a, 266, 100, 1, 0x0d, 267, 100, 2, 0x4c, 269, 100, 2, 0x0b, 271, 100, 1, 0x4a
    .word 272, 100, 2, 0x09, 274, 100, 2, 0x00, 276, 100, 1, 0x08, 277, 100, 2, 0x48, 279, 100, 6, 0x59, 285, 100, 2, 0x48, 287, 100, 2, 0x50, 289, 100, 5, 0x48
    .word 294, 100, 1, 0x69, 295, 100, 1, 0x60, 296, 100, 1, 0x08, 297, 100, 3, 0x49, 300, 100, 1, 0x48, 301, 100, 1, 0x00, 302, 100, 3, 0x48, 305, 100, 1, 0x08
    .word 306, 100, 4, 0x48, 310, 100, 1, 0x51, 311, 100, 1, 0xa3, 312, 100, 2, 0x51, 314, 100, 1, 0x49, 315, 100, 4, 0x51, 319, 100, 1, 0x48, 0, 101, 4, 0x49
    .word 4, 101, 2, 0x00, 6, 101, 1, 0x08, 7, 101, 4, 0x48, 11, 101, 3, 0x51, 14, 101, 1, 0x49, 15, 101, 1, 0x51, 16, 101, 1, 0x49, 17, 101, 9, 0x48
    .word 26, 101, 1, 0x51, 27, 101, 2, 0x49, 29, 101, 2, 0x00, 31, 101, 1, 0x48, 32, 101, 2, 0x6b, 34, 101, 1, 0x49, 35, 101, 2, 0x48, 37, 101, 2, 0x49
    .word 39, 101, 5, 0x48, 44, 101, 2, 0x49, 46, 101, 1, 0x51, 47, 101, 4, 0x49, 51, 101, 3, 0x08, 54, 101, 1, 0x48, 55, 101, 5, 0x08, 60, 101, 1, 0x00
    .word 61, 101, 1, 0x4c, 62, 101, 2, 0x0c, 64, 101, 2, 0x00, 66, 101, 3, 0x48, 69, 101, 6, 0x51, 75, 101, 1, 0x2f, 76, 101, 1, 0x26, 77, 101, 4, 0x2f
    .word 81, 101, 24, 0x00, 105, 101, 2, 0x48, 107, 101, 12, 0x49, 119, 101, 1, 0xab, 120, 101, 1, 0xf4, 121, 101, 1, 0x51, 122, 101, 3, 0x48, 125, 101, 76, 0x00
    .word 201, 101, 3, 0x48, 204, 101, 1, 0x99, 205, 101, 1, 0xf4, 206, 101, 1, 0x48, 207, 101, 12, 0x49, 219, 101, 2, 0x48, 221, 101, 1, 0x00, 222, 101, 3, 0x08
    .word 225, 101, 30, 0x00, 255, 101, 1, 0x51, 256, 101, 1, 0x00, 257, 101, 4, 0x49, 261, 101, 1, 0x48, 262, 101, 2, 0x00, 264, 101, 1, 0x48, 265, 101, 1, 0x4a
    .word 266, 101, 1, 0x0d, 267, 101, 2, 0x4c, 269, 101, 2, 0x0b, 271, 101, 1, 0x4a, 272, 101, 2, 0x09, 274, 101, 2, 0x00, 276, 101, 1, 0x08, 277, 101, 2, 0x48
    .word 279, 101, 6, 0x59, 285, 101, 2, 0x48, 287, 101, 2, 0x50, 289, 101, 5, 0x48, 294, 101, 1, 0x69, 295, 101, 1, 0x60, 296, 101, 1, 0x08, 297, 101, 3, 0x49
    .word 300, 101, 1, 0x48, 301, 101, 1, 0x00, 302, 101, 3, 0x48, 305, 101, 1, 0x08, 306, 101, 4, 0x48, 310, 101, 1, 0x51, 311, 101, 1, 0xa3, 312, 101, 2, 0x51
    .word 314, 101, 1, 0x49, 315, 101, 4, 0x51, 319, 101, 1, 0x48, 0, 102, 4, 0x49, 4, 102, 2, 0x00, 6, 102, 1, 0x08, 7, 102, 2, 0x48, 9, 102, 1, 0x51
    .word 10, 102, 4, 0x48, 14, 102, 1, 0x49, 15, 102, 1, 0x51, 16, 102, 3, 0x49, 19, 102, 2, 0x48, 21, 102, 1, 0x49, 22, 102, 5, 0x48, 27, 102, 2, 0x49
    .word 29, 102, 2, 0x00, 31, 102, 1, 0x08, 32, 102, 2, 0x61, 34, 102, 1, 0x49, 35, 102, 4, 0x48, 39, 102, 2, 0x51, 41, 102, 1, 0x49, 42, 102, 2, 0x51
    .word 44, 102, 3, 0x49, 47, 102, 2, 0x48, 49, 102, 1, 0x49, 50, 102, 1, 0x48, 51, 102, 1, 0x08, 52, 102, 2, 0x48, 54, 102, 3, 0x08, 57, 102, 3, 0x48
    .word 60, 102, 1, 0x00, 61, 102, 1, 0x09, 62, 102, 2, 0x4a, 64, 102, 2, 0x00, 66, 102, 3, 0x48, 69, 102, 6, 0x51, 75, 102, 1, 0x2f, 76, 102, 8, 0x48
    .word 84, 102, 1, 0x08, 85, 102, 20, 0x00, 105, 102, 2, 0x48, 107, 102, 10, 0x49, 117, 102, 2, 0x48, 119, 102, 1, 0xa3, 120, 102, 1, 0xf4, 121, 102, 1, 0x51
    .word 122, 102, 3, 0x48, 125, 102, 76, 0x00, 201, 102, 3, 0x48, 204, 102, 1, 0x99, 205, 102, 1, 0xf4, 206, 102, 1, 0x48, 207, 102, 12, 0x49, 219, 102, 2, 0x48
    .word 221, 102, 1, 0x00, 222, 102, 3, 0x08, 225, 102, 24, 0x00, 249, 102, 5, 0x08, 254, 102, 1, 0x00, 255, 102, 1, 0x51, 256, 102, 1, 0x08, 257, 102, 2, 0x48
    .word 259, 102, 1, 0x49, 260, 102, 2, 0x48, 262, 102, 2, 0x00, 264, 102, 1, 0x48, 265, 102, 1, 0x4a, 266, 102, 1, 0x0d, 267, 102, 3, 0x0c, 270, 102, 1, 0x4c
    .word 271, 102, 1, 0x0b, 272, 102, 2, 0x0c, 274, 102, 2, 0x00, 276, 102, 3, 0x48, 279, 102, 1, 0x53, 280, 102, 2, 0x54, 282, 102, 2, 0x55, 284, 102, 1, 0x59
    .word 285, 102, 1, 0x50, 286, 102, 4, 0x48, 290, 102, 1, 0x08, 291, 102, 3, 0x48, 294, 102, 1, 0x69, 295, 102, 1, 0x61, 296, 102, 1, 0x08, 297, 102, 3, 0x48
    .word 300, 102, 1, 0x49, 301, 102, 1, 0x00, 302, 102, 2, 0x48, 304, 102, 1, 0x08, 305, 102, 4, 0x48, 309, 102, 1, 0x51, 310, 102, 1, 0x9a, 311, 102, 3, 0x48
    .word 314, 102, 1, 0x40, 315, 102, 2, 0x48, 317, 102, 2, 0x9a, 319, 102, 1, 0x48, 0, 103, 4, 0x49, 4, 103, 2, 0x00, 6, 103, 3, 0x48, 9, 103, 1, 0x51
    .word 10, 103, 4, 0x48, 14, 103, 2, 0x49, 16, 103, 14, 0x48, 30, 103, 1, 0x00, 31, 103, 1, 0x08, 32, 103, 2, 0x61, 34, 103, 1, 0x49, 35, 103, 4, 0x48
    .word 39, 103, 1, 0x49, 40, 103, 1, 0x48, 41, 103, 1, 0x49, 42, 103, 3, 0x48, 45, 103, 1, 0x49, 46, 103, 5, 0x48, 51, 103, 1, 0x08, 52, 103, 2, 0x48
    .word 54, 103, 2, 0x08, 56, 103, 4, 0x48, 60, 103, 1, 0x00, 61, 103, 1, 0x49, 62, 103, 2, 0x09, 64, 103, 2, 0x00, 66, 103, 3, 0x48, 69, 103, 6, 0x51
    .word 75, 103, 1, 0x2f, 76, 103, 6, 0x48, 82, 103, 5, 0x08, 87, 103, 18, 0x00, 105, 103, 2, 0x48, 107, 103, 10, 0x49, 117, 103, 2, 0x48, 119, 103, 1, 0xa3
    .word 120, 103, 1, 0xf4, 121, 103, 1, 0x59, 122, 103, 3, 0x48, 125, 103, 76, 0x00, 201, 103, 3, 0x48, 204, 103, 1, 0x99, 205, 103, 1, 0xf4, 206, 103, 1, 0x48
    .word 207, 103, 12, 0x49, 219, 103, 2, 0x48, 221, 103, 1, 0x00, 222, 103, 3, 0x08, 225, 103, 21, 0x00, 246, 103, 8, 0x08, 254, 103, 1, 0x00, 255, 103, 1, 0x51
    .word 256, 103, 1, 0x08, 257, 103, 4, 0x49, 261, 103, 1, 0x48, 262, 103, 2, 0x00, 264, 103, 1, 0x48, 265, 103, 1, 0x4a, 266, 103, 1, 0x0d, 267, 103, 4, 0x0c
    .word 271, 103, 1, 0x4b, 272, 103, 2, 0x0c, 274, 103, 2, 0x00, 276, 103, 3, 0x08, 279, 103, 1, 0x5b, 280, 103, 1, 0x13, 281, 103, 3, 0x52, 284, 103, 1, 0x59
    .word 285, 103, 9, 0x48, 294, 103, 1, 0x69, 295, 103, 1, 0x61, 296, 103, 1, 0x08, 297, 103, 3, 0x48, 300, 103, 2, 0x00, 302, 103, 5, 0x48, 307, 103, 2, 0x49
    .word 309, 103, 1, 0x50, 310, 103, 1, 0xa2, 311, 103, 3, 0x48, 314, 103, 1, 0x00, 315, 103, 2, 0x48, 317, 103, 2, 0x5a, 319, 103, 1, 0x48, 0, 104, 4, 0x49
    .word 4, 104, 2, 0x00, 6, 104, 3, 0x48, 9, 104, 1, 0x51, 10, 104, 4, 0x48, 14, 104, 2, 0x49, 16, 104, 14, 0x48, 30, 104, 1, 0x00, 31, 104, 1, 0x08
    .word 32, 104, 2, 0x61, 34, 104, 1, 0x49, 35, 104, 4, 0x48, 39, 104, 1, 0x49, 40, 104, 1, 0x48, 41, 104, 1, 0x49, 42, 104, 3, 0x48, 45, 104, 1, 0x49
    .word 46, 104, 5, 0x48, 51, 104, 1, 0x08, 52, 104, 2, 0x48, 54, 104, 2, 0x08, 56, 104, 4, 0x48, 60, 104, 1, 0x00, 61, 104, 1, 0x49, 62, 104, 2, 0x09
    .word 64, 104, 2, 0x00, 66, 104, 3, 0x48, 69, 104, 6, 0x51, 75, 104, 1, 0x2f, 76, 104, 6, 0x48, 82, 104, 5, 0x08, 87, 104, 18, 0x00, 105, 104, 2, 0x48
    .word 107, 104, 10, 0x49, 117, 104, 2, 0x48, 119, 104, 1, 0xa3, 120, 104, 1, 0xf4, 121, 104, 1, 0x59, 122, 104, 3, 0x48, 125, 104, 76, 0x00, 201, 104, 3, 0x48
    .word 204, 104, 1, 0x99, 205, 104, 1, 0xf4, 206, 104, 1, 0x48, 207, 104, 12, 0x49, 219, 104, 2, 0x48, 221, 104, 1, 0x00, 222, 104, 3, 0x08, 225, 104, 21, 0x00
    .word 246, 104, 8, 0x08, 254, 104, 1, 0x00, 255, 104, 1, 0x51, 256, 104, 1, 0x08, 257, 104, 4, 0x49, 261, 104, 1, 0x48, 262, 104, 2, 0x00, 264, 104, 1, 0x48
    .word 265, 104, 1, 0x4a, 266, 104, 1, 0x0d, 267, 104, 4, 0x0c, 271, 104, 1, 0x4b, 272, 104, 2, 0x0c, 274, 104, 2, 0x00, 276, 104, 3, 0x08, 279, 104, 1, 0x5b
    .word 280, 104, 1, 0x13, 281, 104, 3, 0x52, 284, 104, 1, 0x59, 285, 104, 9, 0x48, 294, 104, 1, 0x69, 295, 104, 1, 0x61, 296, 104, 1, 0x08, 297, 104, 3, 0x48
    .word 300, 104, 2, 0x00, 302, 104, 5, 0x48, 307, 104, 2, 0x49, 309, 104, 1, 0x50, 310, 104, 1, 0xa2, 311, 104, 3, 0x48, 314, 104, 1, 0x00, 315, 104, 2, 0x48
    .word 317, 104, 2, 0x5a, 319, 104, 1, 0x48, 0, 105, 1, 0x48, 1, 105, 3, 0x49, 4, 105, 2, 0x00, 6, 105, 4, 0x48, 10, 105, 1, 0x51, 11, 105, 1, 0x49
    .word 12, 105, 2, 0x00, 14, 105, 2, 0x49, 16, 105, 3, 0x48, 19, 105, 1, 0x49, 20, 105, 6, 0x48, 26, 105, 1, 0x51, 27, 105, 3, 0x49, 30, 105, 1, 0x48
    .word 31, 105, 1, 0x08, 32, 105, 2, 0x61, 34, 105, 5, 0x48, 39, 105, 2, 0x49, 41, 105, 1, 0x48, 42, 105, 2, 0x49, 44, 105, 1, 0x48, 45, 105, 1, 0x49
    .word 46, 105, 10, 0x48, 56, 105, 4, 0x49, 60, 105, 1, 0x00, 61, 105, 1, 0x4c, 62, 105, 2, 0x0c, 64, 105, 2, 0x00, 66, 105, 3, 0x48, 69, 105, 5, 0x51
    .word 74, 105, 1, 0x50, 75, 105, 1, 0x2f, 76, 105, 1, 0x48, 77, 105, 2, 0x40, 79, 105, 3, 0x48, 82, 105, 5, 0x08, 87, 105, 18, 0x00, 105, 105, 2, 0x48
    .word 107, 105, 10, 0x49, 117, 105, 2, 0x48, 119, 105, 1, 0xab, 120, 105, 1, 0xac, 121, 105, 1, 0x59, 122, 105, 3, 0x48, 125, 105, 76, 0x00, 201, 105, 3, 0x48
    .word 204, 105, 1, 0x99, 205, 105, 1, 0xb5, 206, 105, 1, 0x51, 207, 105, 12, 0x49, 219, 105, 2, 0x48, 221, 105, 1, 0x00, 222, 105, 3, 0x08, 225, 105, 21, 0x00
    .word 246, 105, 6, 0x08, 252, 105, 2, 0x48, 254, 105, 1, 0x00, 255, 105, 1, 0x51, 256, 105, 1, 0x08, 257, 105, 4, 0x49, 261, 105, 1, 0x48, 262, 105, 2, 0x00
    .word 264, 105, 1, 0x48, 265, 105, 1, 0x4a, 266, 105, 1, 0x0d, 267, 105, 4, 0x0c, 271, 105, 1, 0x4b, 272, 105, 3, 0x09, 275, 105, 1, 0x00, 276, 105, 1, 0x08
    .word 277, 105, 2, 0x48, 279, 105, 6, 0x59, 285, 105, 9, 0x48, 294, 105, 2, 0x61, 296, 105, 1, 0x08, 297, 105, 2, 0x48, 299, 105, 1, 0x49, 300, 105, 2, 0x00
    .word 302, 105, 3, 0x48, 305, 105, 1, 0x51, 306, 105, 3, 0x48, 309, 105, 1, 0x51, 310, 105, 1, 0x5a, 311, 105, 3, 0x48, 314, 105, 1, 0x08, 315, 105, 2, 0x48
    .word 317, 105, 2, 0x52, 319, 105, 1, 0x48, 0, 106, 1, 0x48, 1, 106, 3, 0x49, 4, 106, 2, 0x00, 6, 106, 4, 0x48, 10, 106, 1, 0x51, 11, 106, 1, 0x49
    .word 12, 106, 2, 0x00, 14, 106, 2, 0x49, 16, 106, 3, 0x48, 19, 106, 1, 0x49, 20, 106, 6, 0x48, 26, 106, 1, 0x51, 27, 106, 3, 0x49, 30, 106, 1, 0x48
    .word 31, 106, 1, 0x08, 32, 106, 2, 0x61, 34, 106, 5, 0x48, 39, 106, 2, 0x49, 41, 106, 1, 0x48, 42, 106, 2, 0x49, 44, 106, 1, 0x48, 45, 106, 1, 0x49
    .word 46, 106, 10, 0x48, 56, 106, 4, 0x49, 60, 106, 1, 0x00, 61, 106, 1, 0x4c, 62, 106, 2, 0x0c, 64, 106, 2, 0x00, 66, 106, 3, 0x48, 69, 106, 5, 0x51
    .word 74, 106, 1, 0x50, 75, 106, 1, 0x2f, 76, 106, 1, 0x48, 77, 106, 2, 0x40, 79, 106, 3, 0x48, 82, 106, 5, 0x08, 87, 106, 18, 0x00, 105, 106, 2, 0x48
    .word 107, 106, 10, 0x49, 117, 106, 2, 0x48, 119, 106, 1, 0xab, 120, 106, 1, 0xac, 121, 106, 1, 0x59, 122, 106, 3, 0x48, 125, 106, 76, 0x00, 201, 106, 3, 0x48
    .word 204, 106, 1, 0x99, 205, 106, 1, 0xb5, 206, 106, 1, 0x51, 207, 106, 12, 0x49, 219, 106, 2, 0x48, 221, 106, 1, 0x00, 222, 106, 3, 0x08, 225, 106, 21, 0x00
    .word 246, 106, 6, 0x08, 252, 106, 2, 0x48, 254, 106, 1, 0x00, 255, 106, 1, 0x51, 256, 106, 1, 0x08, 257, 106, 4, 0x49, 261, 106, 1, 0x48, 262, 106, 2, 0x00
    .word 264, 106, 1, 0x48, 265, 106, 1, 0x4a, 266, 106, 1, 0x0d, 267, 106, 4, 0x0c, 271, 106, 1, 0x4b, 272, 106, 3, 0x09, 275, 106, 1, 0x00, 276, 106, 1, 0x08
    .word 277, 106, 2, 0x48, 279, 106, 6, 0x59, 285, 106, 9, 0x48, 294, 106, 2, 0x61, 296, 106, 1, 0x08, 297, 106, 2, 0x48, 299, 106, 1, 0x49, 300, 106, 2, 0x00
    .word 302, 106, 3, 0x48, 305, 106, 1, 0x51, 306, 106, 3, 0x48, 309, 106, 1, 0x51, 310, 106, 1, 0x5a, 311, 106, 3, 0x48, 314, 106, 1, 0x08, 315, 106, 2, 0x48
    .word 317, 106, 2, 0x52, 319, 106, 1, 0x48, 0, 107, 1, 0x48, 1, 107, 3, 0x49, 4, 107, 2, 0x00, 6, 107, 1, 0x48, 7, 107, 2, 0x51, 9, 107, 1, 0x48
    .word 10, 107, 1, 0x49, 11, 107, 1, 0x48, 12, 107, 4, 0x00, 16, 107, 3, 0x48, 19, 107, 1, 0x49, 20, 107, 1, 0x48, 21, 107, 1, 0x49, 22, 107, 4, 0x48
    .word 26, 107, 1, 0x49, 27, 107, 2, 0x48, 29, 107, 1, 0x49, 30, 107, 1, 0x48, 31, 107, 1, 0x08, 32, 107, 2, 0x61, 34, 107, 1, 0x08, 35, 107, 4, 0x48
    .word 39, 107, 1, 0x49, 40, 107, 1, 0x48, 41, 107, 1, 0x49, 42, 107, 3, 0x48, 45, 107, 1, 0x49, 46, 107, 1, 0x48, 47, 107, 3, 0x49, 50, 107, 1, 0x48
    .word 51, 107, 1, 0x00, 52, 107, 2, 0x48, 54, 107, 5, 0x49, 59, 107, 1, 0x48, 60, 107, 1, 0x00, 61, 107, 1, 0x4c, 62, 107, 2, 0x0c, 64, 107, 2, 0x00
    .word 66, 107, 5, 0x48, 71, 107, 3, 0x51, 74, 107, 1, 0x50, 75, 107, 1, 0x2f, 76, 107, 1, 0x48, 77, 107, 2, 0x50, 79, 107, 3, 0x48, 82, 107, 5, 0x08
    .word 87, 107, 18, 0x00, 105, 107, 6, 0x48, 111, 107, 6, 0x49, 117, 107, 2, 0x48, 119, 107, 2, 0x63, 121, 107, 1, 0x59, 122, 107, 3, 0x48, 125, 107, 76, 0x00
    .word 201, 107, 3, 0x48, 204, 107, 1, 0x99, 205, 107, 1, 0x6c, 206, 107, 1, 0x51, 207, 107, 10, 0x49, 217, 107, 4, 0x48, 221, 107, 1, 0x00, 222, 107, 3, 0x08
    .word 225, 107, 21, 0x00, 246, 107, 8, 0x08, 254, 107, 1, 0x00, 255, 107, 1, 0x51, 256, 107, 1, 0x08, 257, 107, 3, 0x49, 260, 107, 2, 0x48, 262, 107, 2, 0x00
    .word 264, 107, 1, 0x48, 265, 107, 1, 0x4a, 266, 107, 1, 0x0d, 267, 107, 2, 0x0c, 269, 107, 1, 0x0d, 270, 107, 1, 0x0c, 271, 107, 1, 0x4b, 272, 107, 2, 0x0a
    .word 274, 107, 1, 0x01, 275, 107, 2, 0x00, 277, 107, 2, 0x48, 279, 107, 6, 0x59, 285, 107, 9, 0x48, 294, 107, 1, 0x61, 295, 107, 1, 0x59, 296, 107, 3, 0x48
    .word 299, 107, 1, 0x49, 300, 107, 2, 0x00, 302, 107, 3, 0x48, 305, 107, 1, 0x51, 306, 107, 1, 0x49, 307, 107, 2, 0x48, 309, 107, 2, 0x51, 311, 107, 3, 0x48
    .word 314, 107, 1, 0x08, 315, 107, 2, 0x48, 317, 107, 3, 0x49, 0, 108, 7, 0x00, 7, 108, 2, 0x48, 9, 108, 2, 0x51, 11, 108, 1, 0x49, 12, 108, 4, 0x00
    .word 16, 108, 1, 0x49, 17, 108, 5, 0x48, 22, 108, 2, 0x49, 24, 108, 1, 0x48, 25, 108, 5, 0x49, 30, 108, 1, 0x48, 31, 108, 1, 0x00, 32, 108, 2, 0x61
    .word 34, 108, 2, 0x00, 36, 108, 1, 0x49, 37, 108, 5, 0x48, 42, 108, 2, 0x08, 44, 108, 7, 0x48, 51, 108, 1, 0x00, 52, 108, 2, 0x48, 54, 108, 1, 0x49
    .word 55, 108, 2, 0x48, 57, 108, 2, 0x49, 59, 108, 1, 0x48, 60, 108, 1, 0x00, 61, 108, 1, 0x4c, 62, 108, 2, 0x0c, 64, 108, 2, 0x00, 66, 108, 3, 0x48
    .word 69, 108, 1, 0x50, 70, 108, 4, 0x51, 74, 108, 1, 0x50, 75, 108, 1, 0x2f, 76, 108, 1, 0x48, 77, 108, 2, 0x50, 79, 108, 1, 0x51, 80, 108, 1, 0x48
    .word 81, 108, 6, 0x08, 87, 108, 18, 0x00, 105, 108, 12, 0x48, 117, 108, 2, 0x50, 119, 108, 2, 0x48, 121, 108, 1, 0x51, 122, 108, 3, 0x48, 125, 108, 76, 0x00
    .word 201, 108, 3, 0x48, 204, 108, 1, 0x50, 205, 108, 1, 0x48, 206, 108, 1, 0x51, 207, 108, 14, 0x48, 221, 108, 1, 0x00, 222, 108, 3, 0x08, 225, 108, 21, 0x00
    .word 246, 108, 6, 0x08, 252, 108, 2, 0x48, 254, 108, 1, 0x00, 255, 108, 1, 0x51, 256, 108, 1, 0x08, 257, 108, 5, 0x48, 262, 108, 2, 0x00, 264, 108, 1, 0x48
    .word 265, 108, 1, 0x4a, 266, 108, 1, 0x15, 267, 108, 2, 0x0d, 269, 108, 2, 0x0c, 271, 108, 1, 0x0b, 272, 108, 2, 0x0a, 274, 108, 1, 0x01, 275, 108, 1, 0x00
    .word 276, 108, 1, 0x02, 277, 108, 2, 0x01, 279, 108, 1, 0x56, 280, 108, 1, 0x0c, 281, 108, 1, 0x4a, 282, 108, 2, 0x54, 284, 108, 1, 0x59, 285, 108, 1, 0x50
    .word 286, 108, 3, 0x48, 289, 108, 1, 0x08, 290, 108, 1, 0x48, 291, 108, 1, 0x08, 292, 108, 3, 0x48, 295, 108, 1, 0x51, 296, 108, 3, 0x48, 299, 108, 3, 0x00
    .word 302, 108, 7, 0x48, 309, 108, 1, 0x1d, 310, 108, 1, 0x15, 311, 108, 1, 0x0a, 312, 108, 4, 0x48, 316, 108, 1, 0x53, 317, 108, 2, 0x5d, 319, 108, 1, 0x0a
    .word 0, 109, 7, 0x00, 7, 109, 2, 0x48, 9, 109, 2, 0x51, 11, 109, 1, 0x49, 12, 109, 4, 0x00, 16, 109, 1, 0x49, 17, 109, 5, 0x48, 22, 109, 2, 0x49
    .word 24, 109, 1, 0x48, 25, 109, 5, 0x49, 30, 109, 1, 0x48, 31, 109, 1, 0x00, 32, 109, 2, 0x61, 34, 109, 2, 0x00, 36, 109, 1, 0x49, 37, 109, 5, 0x48
    .word 42, 109, 2, 0x08, 44, 109, 7, 0x48, 51, 109, 1, 0x00, 52, 109, 2, 0x48, 54, 109, 1, 0x49, 55, 109, 2, 0x48, 57, 109, 2, 0x49, 59, 109, 1, 0x48
    .word 60, 109, 1, 0x00, 61, 109, 1, 0x4c, 62, 109, 2, 0x0c, 64, 109, 2, 0x00, 66, 109, 3, 0x48, 69, 109, 1, 0x50, 70, 109, 4, 0x51, 74, 109, 1, 0x50
    .word 75, 109, 1, 0x2f, 76, 109, 1, 0x48, 77, 109, 2, 0x50, 79, 109, 1, 0x51, 80, 109, 1, 0x48, 81, 109, 6, 0x08, 87, 109, 18, 0x00, 105, 109, 12, 0x48
    .word 117, 109, 2, 0x50, 119, 109, 2, 0x48, 121, 109, 1, 0x51, 122, 109, 3, 0x48, 125, 109, 76, 0x00, 201, 109, 3, 0x48, 204, 109, 1, 0x50, 205, 109, 1, 0x48
    .word 206, 109, 1, 0x51, 207, 109, 14, 0x48, 221, 109, 1, 0x00, 222, 109, 3, 0x08, 225, 109, 21, 0x00, 246, 109, 6, 0x08, 252, 109, 2, 0x48, 254, 109, 1, 0x00
    .word 255, 109, 1, 0x51, 256, 109, 1, 0x08, 257, 109, 5, 0x48, 262, 109, 2, 0x00, 264, 109, 1, 0x48, 265, 109, 1, 0x4a, 266, 109, 1, 0x15, 267, 109, 2, 0x0d
    .word 269, 109, 2, 0x0c, 271, 109, 1, 0x0b, 272, 109, 2, 0x0a, 274, 109, 1, 0x01, 275, 109, 1, 0x00, 276, 109, 1, 0x02, 277, 109, 2, 0x01, 279, 109, 1, 0x56
    .word 280, 109, 1, 0x0c, 281, 109, 1, 0x4a, 282, 109, 2, 0x54, 284, 109, 1, 0x59, 285, 109, 1, 0x50, 286, 109, 3, 0x48, 289, 109, 1, 0x08, 290, 109, 1, 0x48
    .word 291, 109, 1, 0x08, 292, 109, 3, 0x48, 295, 109, 1, 0x51, 296, 109, 3, 0x48, 299, 109, 3, 0x00, 302, 109, 7, 0x48, 309, 109, 1, 0x1d, 310, 109, 1, 0x15
    .word 311, 109, 1, 0x0a, 312, 109, 4, 0x48, 316, 109, 1, 0x53, 317, 109, 2, 0x5d, 319, 109, 1, 0x0a, 0, 110, 2, 0x00, 2, 110, 2, 0x08, 4, 110, 1, 0x59
    .word 5, 110, 1, 0x61, 6, 110, 26, 0x00, 32, 110, 2, 0x59, 34, 110, 16, 0x00, 50, 110, 1, 0x08, 51, 110, 1, 0x00, 52, 110, 3, 0x48, 55, 110, 1, 0x49
    .word 56, 110, 3, 0x48, 59, 110, 1, 0x49, 60, 110, 1, 0x00, 61, 110, 1, 0x4c, 62, 110, 2, 0x0c, 64, 110, 2, 0x00, 66, 110, 3, 0x48, 69, 110, 5, 0x51
    .word 74, 110, 1, 0x50, 75, 110, 1, 0x2f, 76, 110, 1, 0x48, 77, 110, 2, 0x91, 79, 110, 1, 0x51, 80, 110, 1, 0x48, 81, 110, 6, 0x08, 87, 110, 135, 0x00
    .word 222, 110, 3, 0x08, 225, 110, 21, 0x00, 246, 110, 6, 0x08, 252, 110, 2, 0x49, 254, 110, 1, 0x00, 255, 110, 1, 0x51, 256, 110, 1, 0x08, 257, 110, 5, 0x48
    .word 262, 110, 2, 0x00, 264, 110, 1, 0x48, 265, 110, 1, 0x49, 266, 110, 3, 0x0d, 269, 110, 1, 0x0c, 270, 110, 1, 0x0d, 271, 110, 1, 0x0b, 272, 110, 2, 0x0a
    .word 274, 110, 1, 0x01, 275, 110, 1, 0x00, 276, 110, 1, 0x4a, 277, 110, 2, 0x00, 279, 110, 1, 0x01, 280, 110, 1, 0x4c, 281, 110, 3, 0x00, 284, 110, 1, 0x51
    .word 285, 110, 1, 0x50, 286, 110, 3, 0x48, 289, 110, 5, 0x08, 294, 110, 1, 0x48, 295, 110, 1, 0x51, 296, 110, 14, 0x00, 310, 110, 1, 0x01, 311, 110, 9, 0x00
    .word 0, 111, 2, 0x00, 2, 111, 2, 0x08, 4, 111, 1, 0x59, 5, 111, 1, 0x61, 6, 111, 26, 0x00, 32, 111, 2, 0x59, 34, 111, 16, 0x00, 50, 111, 1, 0x08
    .word 51, 111, 1, 0x00, 52, 111, 3, 0x48, 55, 111, 1, 0x49, 56, 111, 3, 0x48, 59, 111, 1, 0x49, 60, 111, 1, 0x00, 61, 111, 1, 0x4c, 62, 111, 2, 0x0c
    .word 64, 111, 2, 0x00, 66, 111, 3, 0x48, 69, 111, 5, 0x51, 74, 111, 1, 0x50, 75, 111, 1, 0x2f, 76, 111, 1, 0x48, 77, 111, 2, 0x91, 79, 111, 1, 0x51
    .word 80, 111, 1, 0x48, 81, 111, 6, 0x08, 87, 111, 135, 0x00, 222, 111, 3, 0x08, 225, 111, 21, 0x00, 246, 111, 6, 0x08, 252, 111, 2, 0x49, 254, 111, 1, 0x00
    .word 255, 111, 1, 0x51, 256, 111, 1, 0x08, 257, 111, 5, 0x48, 262, 111, 2, 0x00, 264, 111, 1, 0x48, 265, 111, 1, 0x49, 266, 111, 3, 0x0d, 269, 111, 1, 0x0c
    .word 270, 111, 1, 0x0d, 271, 111, 1, 0x0b, 272, 111, 2, 0x0a, 274, 111, 1, 0x01, 275, 111, 1, 0x00, 276, 111, 1, 0x4a, 277, 111, 2, 0x00, 279, 111, 1, 0x01
    .word 280, 111, 1, 0x4c, 281, 111, 3, 0x00, 284, 111, 1, 0x51, 285, 111, 1, 0x50, 286, 111, 3, 0x48, 289, 111, 5, 0x08, 294, 111, 1, 0x48, 295, 111, 1, 0x51
    .word 296, 111, 14, 0x00, 310, 111, 1, 0x01, 311, 111, 9, 0x00, 0, 112, 2, 0x00, 2, 112, 2, 0x48, 4, 112, 1, 0x6a, 5, 112, 1, 0x61, 6, 112, 45, 0x00
    .word 51, 112, 1, 0x08, 52, 112, 9, 0x00, 61, 112, 1, 0x4c, 62, 112, 2, 0x0c, 64, 112, 2, 0x00, 66, 112, 3, 0x48, 69, 112, 5, 0x51, 74, 112, 1, 0x50
    .word 75, 112, 1, 0x2f, 76, 112, 1, 0x48, 77, 112, 2, 0x99, 79, 112, 1, 0x91, 80, 112, 1, 0x48, 81, 112, 1, 0x00, 82, 112, 5, 0x08, 87, 112, 19, 0x00
    .word 106, 112, 13, 0x48, 119, 112, 1, 0x5a, 120, 112, 1, 0xa2, 121, 112, 1, 0x48, 122, 112, 79, 0x00, 201, 112, 3, 0x08, 204, 112, 1, 0x48, 205, 112, 1, 0xa2
    .word 206, 112, 1, 0x51, 207, 112, 12, 0x48, 219, 112, 1, 0x08, 220, 112, 26, 0x00, 246, 112, 4, 0x08, 250, 112, 5, 0x00, 255, 112, 1, 0x51, 256, 112, 1, 0x08
    .word 257, 112, 2, 0x49, 259, 112, 3, 0x48, 262, 112, 3, 0x00, 265, 112, 1, 0x4a, 266, 112, 1, 0x15, 267, 112, 4, 0x0d, 271, 112, 3, 0x0b, 274, 112, 1, 0x01
    .word 275, 112, 1, 0x08, 276, 112, 4, 0x00, 280, 112, 1, 0x01, 281, 112, 3, 0x00, 284, 112, 7, 0x48, 291, 112, 3, 0x08, 294, 112, 1, 0x48, 295, 112, 1, 0x51
    .word 296, 112, 13, 0x00, 309, 112, 1, 0x49, 310, 112, 1, 0x09, 311, 112, 1, 0x01, 312, 112, 4, 0x00, 316, 112, 4, 0x49, 0, 113, 2, 0x49, 2, 113, 2, 0x48
    .word 4, 113, 1, 0xbc, 5, 113, 1, 0x61, 6, 113, 6, 0x49, 12, 113, 3, 0x48, 15, 113, 1, 0x49, 16, 113, 3, 0x48, 19, 113, 1, 0x00, 20, 113, 1, 0x51
    .word 21, 113, 1, 0x48, 22, 113, 2, 0x51, 24, 113, 1, 0x9a, 25, 113, 2, 0x48, 27, 113, 2, 0x08, 29, 113, 2, 0x48, 31, 113, 1, 0x00, 32, 113, 4, 0x48
    .word 36, 113, 15, 0x00, 51, 113, 1, 0x61, 52, 113, 7, 0x48, 59, 113, 2, 0x00, 61, 113, 1, 0x0a, 62, 113, 2, 0x03, 64, 113, 2, 0x00, 66, 113, 3, 0x48
    .word 69, 113, 6, 0x51, 75, 113, 1, 0x2f, 76, 113, 1, 0x48, 77, 113, 2, 0x51, 79, 113, 3, 0x48, 82, 113, 24, 0x00, 106, 113, 11, 0x48, 117, 113, 2, 0x49
    .word 119, 113, 1, 0xac, 120, 113, 1, 0xf5, 121, 113, 1, 0x51, 122, 113, 3, 0x48, 125, 113, 76, 0x00, 201, 113, 3, 0x48, 204, 113, 1, 0x51, 205, 113, 1, 0xeb
    .word 206, 113, 1, 0x9a, 207, 113, 2, 0x49, 209, 113, 1, 0x48, 210, 113, 2, 0x49, 212, 113, 8, 0x48, 220, 113, 35, 0x00, 255, 113, 1, 0x59, 256, 113, 9, 0x00
    .word 265, 113, 1, 0x4a, 266, 113, 1, 0x15, 267, 113, 2, 0x0d, 269, 113, 2, 0x0c, 271, 113, 1, 0x0b, 272, 113, 2, 0x0a, 274, 113, 1, 0x01, 275, 113, 4, 0x00
    .word 279, 113, 2, 0x09, 281, 113, 3, 0x00, 284, 113, 6, 0x48, 290, 113, 4, 0x08, 294, 113, 1, 0xab, 295, 113, 1, 0x50, 296, 113, 1, 0x00, 297, 113, 3, 0x48
    .word 300, 113, 4, 0x49, 304, 113, 1, 0x00, 305, 113, 2, 0x48, 307, 113, 3, 0x0c, 310, 113, 1, 0x0b, 311, 113, 1, 0x03, 312, 113, 2, 0x09, 314, 113, 1, 0x00
    .word 315, 113, 1, 0x03, 316, 113, 1, 0x0c, 317, 113, 2, 0x0b, 319, 113, 1, 0x02, 0, 114, 2, 0x49, 2, 114, 2, 0x48, 4, 114, 1, 0xbc, 5, 114, 1, 0x61
    .word 6, 114, 6, 0x49, 12, 114, 3, 0x48, 15, 114, 1, 0x49, 16, 114, 3, 0x48, 19, 114, 1, 0x00, 20, 114, 1, 0x51, 21, 114, 1, 0x48, 22, 114, 2, 0x51
    .word 24, 114, 1, 0x9a, 25, 114, 2, 0x48, 27, 114, 2, 0x08, 29, 114, 2, 0x48, 31, 114, 1, 0x00, 32, 114, 4, 0x48, 36, 114, 15, 0x00, 51, 114, 1, 0x61
    .word 52, 114, 7, 0x48, 59, 114, 2, 0x00, 61, 114, 1, 0x0a, 62, 114, 2, 0x03, 64, 114, 2, 0x00, 66, 114, 3, 0x48, 69, 114, 6, 0x51, 75, 114, 1, 0x2f
    .word 76, 114, 1, 0x48, 77, 114, 2, 0x51, 79, 114, 3, 0x48, 82, 114, 24, 0x00, 106, 114, 11, 0x48, 117, 114, 2, 0x49, 119, 114, 1, 0xac, 120, 114, 1, 0xf5
    .word 121, 114, 1, 0x51, 122, 114, 3, 0x48, 125, 114, 76, 0x00, 201, 114, 3, 0x48, 204, 114, 1, 0x51, 205, 114, 1, 0xeb, 206, 114, 1, 0x9a, 207, 114, 2, 0x49
    .word 209, 114, 1, 0x48, 210, 114, 2, 0x49, 212, 114, 8, 0x48, 220, 114, 35, 0x00, 255, 114, 1, 0x59, 256, 114, 9, 0x00, 265, 114, 1, 0x4a, 266, 114, 1, 0x15
    .word 267, 114, 2, 0x0d, 269, 114, 2, 0x0c, 271, 114, 1, 0x0b, 272, 114, 2, 0x0a, 274, 114, 1, 0x01, 275, 114, 4, 0x00, 279, 114, 2, 0x09, 281, 114, 3, 0x00
    .word 284, 114, 6, 0x48, 290, 114, 4, 0x08, 294, 114, 1, 0xab, 295, 114, 1, 0x50, 296, 114, 1, 0x00, 297, 114, 3, 0x48, 300, 114, 4, 0x49, 304, 114, 1, 0x00
    .word 305, 114, 2, 0x48, 307, 114, 3, 0x0c, 310, 114, 1, 0x0b, 311, 114, 1, 0x03, 312, 114, 2, 0x09, 314, 114, 1, 0x00, 315, 114, 1, 0x03, 316, 114, 1, 0x0c
    .word 317, 114, 2, 0x0b, 319, 114, 1, 0x02, 0, 115, 1, 0x48, 1, 115, 1, 0x49, 2, 115, 2, 0x48, 4, 115, 1, 0xb4, 5, 115, 1, 0x61, 6, 115, 8, 0x49
    .word 14, 115, 2, 0x48, 16, 115, 3, 0x49, 19, 115, 1, 0x00, 20, 115, 2, 0x49, 22, 115, 3, 0x48, 25, 115, 4, 0x49, 29, 115, 1, 0x48, 30, 115, 2, 0x49
    .word 32, 115, 2, 0x48, 34, 115, 2, 0x49, 36, 115, 1, 0x48, 37, 115, 2, 0x00, 39, 115, 2, 0x49, 41, 115, 3, 0x00, 44, 115, 1, 0x51, 45, 115, 5, 0x49
    .word 50, 115, 1, 0x48, 51, 115, 1, 0xb3, 52, 115, 2, 0x50, 54, 115, 2, 0x49, 56, 115, 1, 0x48, 57, 115, 2, 0x49, 59, 115, 1, 0x48, 60, 115, 2, 0x00
    .word 62, 115, 3, 0x09, 65, 115, 1, 0x00, 66, 115, 3, 0x48, 69, 115, 6, 0x51, 75, 115, 1, 0x2f, 76, 115, 3, 0x00, 79, 115, 1, 0x6e, 80, 115, 1, 0x25
    .word 81, 115, 5, 0x48, 86, 115, 20, 0x00, 106, 115, 6, 0x48, 112, 115, 2, 0x49, 114, 115, 1, 0x48, 115, 115, 4, 0x51, 119, 115, 1, 0xf4, 120, 115, 1, 0xf5
    .word 121, 115, 1, 0x51, 122, 115, 3, 0x48, 125, 115, 76, 0x00, 201, 115, 3, 0x48, 204, 115, 1, 0x51, 205, 115, 1, 0xf4, 206, 115, 1, 0xa2, 207, 115, 2, 0x51
    .word 209, 115, 1, 0x49, 210, 115, 1, 0x51, 211, 115, 4, 0x49, 215, 115, 5, 0x48, 220, 115, 32, 0x00, 252, 115, 2, 0x48, 254, 115, 1, 0x49, 255, 115, 1, 0x99
    .word 256, 115, 1, 0x49, 257, 115, 5, 0x00, 262, 115, 3, 0x48, 265, 115, 1, 0x4a, 266, 115, 3, 0x0d, 269, 115, 2, 0x0c, 271, 115, 1, 0x0b, 272, 115, 2, 0x0a
    .word 274, 115, 1, 0x01, 275, 115, 6, 0x00, 281, 115, 8, 0x48, 289, 115, 1, 0x58, 290, 115, 2, 0x61, 292, 115, 2, 0x6a, 294, 115, 1, 0x59, 295, 115, 2, 0x48
    .word 297, 115, 5, 0x49, 302, 115, 2, 0x51, 304, 115, 1, 0x00, 305, 115, 2, 0x49, 307, 115, 3, 0x0d, 310, 115, 1, 0x05, 311, 115, 1, 0x04, 312, 115, 2, 0x01
    .word 314, 115, 1, 0x00, 315, 115, 2, 0x04, 317, 115, 2, 0x05, 319, 115, 1, 0x02, 0, 116, 1, 0x48, 1, 116, 1, 0x49, 2, 116, 2, 0x48, 4, 116, 1, 0xb4
    .word 5, 116, 1, 0x61, 6, 116, 8, 0x49, 14, 116, 2, 0x48, 16, 116, 3, 0x49, 19, 116, 1, 0x00, 20, 116, 2, 0x49, 22, 116, 3, 0x48, 25, 116, 4, 0x49
    .word 29, 116, 1, 0x48, 30, 116, 2, 0x49, 32, 116, 2, 0x48, 34, 116, 2, 0x49, 36, 116, 1, 0x48, 37, 116, 2, 0x00, 39, 116, 2, 0x49, 41, 116, 3, 0x00
    .word 44, 116, 1, 0x51, 45, 116, 5, 0x49, 50, 116, 1, 0x48, 51, 116, 1, 0xb3, 52, 116, 2, 0x50, 54, 116, 2, 0x49, 56, 116, 1, 0x48, 57, 116, 2, 0x49
    .word 59, 116, 1, 0x48, 60, 116, 2, 0x00, 62, 116, 3, 0x09, 65, 116, 1, 0x00, 66, 116, 3, 0x48, 69, 116, 6, 0x51, 75, 116, 1, 0x2f, 76, 116, 3, 0x00
    .word 79, 116, 1, 0x6e, 80, 116, 1, 0x25, 81, 116, 5, 0x48, 86, 116, 20, 0x00, 106, 116, 6, 0x48, 112, 116, 2, 0x49, 114, 116, 1, 0x48, 115, 116, 4, 0x51
    .word 119, 116, 1, 0xf4, 120, 116, 1, 0xf5, 121, 116, 1, 0x51, 122, 116, 3, 0x48, 125, 116, 76, 0x00, 201, 116, 3, 0x48, 204, 116, 1, 0x51, 205, 116, 1, 0xf4
    .word 206, 116, 1, 0xa2, 207, 116, 2, 0x51, 209, 116, 1, 0x49, 210, 116, 1, 0x51, 211, 116, 4, 0x49, 215, 116, 5, 0x48, 220, 116, 32, 0x00, 252, 116, 2, 0x48
    .word 254, 116, 1, 0x49, 255, 116, 1, 0x99, 256, 116, 1, 0x49, 257, 116, 5, 0x00, 262, 116, 3, 0x48, 265, 116, 1, 0x4a, 266, 116, 3, 0x0d, 269, 116, 2, 0x0c
    .word 271, 116, 1, 0x0b, 272, 116, 2, 0x0a, 274, 116, 1, 0x01, 275, 116, 6, 0x00, 281, 116, 8, 0x48, 289, 116, 1, 0x58, 290, 116, 2, 0x61, 292, 116, 2, 0x6a
    .word 294, 116, 1, 0x59, 295, 116, 2, 0x48, 297, 116, 5, 0x49, 302, 116, 2, 0x51, 304, 116, 1, 0x00, 305, 116, 2, 0x49, 307, 116, 3, 0x0d, 310, 116, 1, 0x05
    .word 311, 116, 1, 0x04, 312, 116, 2, 0x01, 314, 116, 1, 0x00, 315, 116, 2, 0x04, 317, 116, 2, 0x05, 319, 116, 1, 0x02, 0, 117, 2, 0x49, 2, 117, 2, 0x50
    .word 4, 117, 1, 0xbc, 5, 117, 1, 0x61, 6, 117, 1, 0x49, 7, 117, 2, 0x48, 9, 117, 2, 0x49, 11, 117, 1, 0x48, 12, 117, 4, 0x49, 16, 117, 1, 0x48
    .word 17, 117, 2, 0x49, 19, 117, 1, 0x00, 20, 117, 2, 0x49, 22, 117, 2, 0x51, 24, 117, 1, 0x48, 25, 117, 1, 0x49, 26, 117, 1, 0x48, 27, 117, 2, 0x49
    .word 29, 117, 3, 0x48, 32, 117, 2, 0x49, 34, 117, 1, 0x48, 35, 117, 1, 0x49, 36, 117, 5, 0x48, 41, 117, 3, 0x00, 44, 117, 1, 0x51, 45, 117, 4, 0x49
    .word 49, 117, 2, 0x48, 51, 117, 1, 0x6b, 52, 117, 2, 0x50, 54, 117, 2, 0x49, 56, 117, 1, 0x48, 57, 117, 4, 0x49, 61, 117, 3, 0x00, 64, 117, 1, 0x09
    .word 65, 117, 1, 0x00, 66, 117, 3, 0x48, 69, 117, 1, 0x50, 70, 117, 2, 0x51, 72, 117, 2, 0x50, 74, 117, 1, 0x51, 75, 117, 1, 0x1a, 76, 117, 1, 0x25
    .word 77, 117, 2, 0x65, 79, 117, 2, 0x25, 81, 117, 5, 0x48, 86, 117, 20, 0x00, 106, 117, 8, 0x48, 114, 117, 1, 0x9a, 115, 117, 4, 0x51, 119, 117, 1, 0xa2
    .word 120, 117, 1, 0xf5, 121, 117, 1, 0x51, 122, 117, 3, 0x48, 125, 117, 76, 0x00, 201, 117, 3, 0x48, 204, 117, 1, 0x51, 205, 117, 1, 0xf4, 206, 117, 3, 0x9a
    .word 209, 117, 3, 0x51, 212, 117, 2, 0x50, 214, 117, 6, 0x48, 220, 117, 1, 0x00, 221, 117, 9, 0x08, 230, 117, 17, 0x00, 247, 117, 2, 0x49, 249, 117, 2, 0x48
    .word 251, 117, 1, 0x00, 252, 117, 2, 0x48, 254, 117, 1, 0x49, 255, 117, 1, 0x99, 256, 117, 1, 0x48, 257, 117, 2, 0x00, 259, 117, 2, 0x08, 261, 117, 3, 0x48
    .word 264, 117, 1, 0x49, 265, 117, 1, 0x4a, 266, 117, 3, 0x0d, 269, 117, 2, 0x0c, 271, 117, 3, 0x0a, 274, 117, 1, 0x01, 275, 117, 1, 0x00, 276, 117, 3, 0x48
    .word 279, 117, 2, 0x49, 281, 117, 6, 0x00, 287, 117, 2, 0x50, 289, 117, 6, 0x61, 295, 117, 1, 0x08, 296, 117, 3, 0x48, 299, 117, 2, 0x49, 301, 117, 1, 0x48
    .word 302, 117, 2, 0x51, 304, 117, 1, 0x00, 305, 117, 2, 0x49, 307, 117, 2, 0x65, 309, 117, 1, 0x06, 310, 117, 2, 0x04, 312, 117, 2, 0x01, 314, 117, 1, 0x00
    .word 315, 117, 1, 0x4c, 316, 117, 1, 0xae, 317, 117, 2, 0x05, 319, 117, 1, 0x02, 0, 118, 1, 0x48, 1, 118, 1, 0x49, 2, 118, 2, 0x48, 4, 118, 2, 0x61
    .word 6, 118, 4, 0x49, 10, 118, 2, 0x48, 12, 118, 7, 0x49, 19, 118, 1, 0x00, 20, 118, 2, 0x49, 22, 118, 2, 0x51, 24, 118, 3, 0x48, 27, 118, 2, 0x49
    .word 29, 118, 3, 0x48, 32, 118, 2, 0x49, 34, 118, 3, 0x48, 37, 118, 4, 0x49, 41, 118, 3, 0x00, 44, 118, 1, 0x51, 45, 118, 1, 0x49, 46, 118, 1, 0x48
    .word 47, 118, 2, 0x49, 49, 118, 2, 0x48, 51, 118, 1, 0x61, 52, 118, 2, 0x58, 54, 118, 1, 0x48, 55, 118, 1, 0x49, 56, 118, 3, 0x48, 59, 118, 1, 0x51
    .word 60, 118, 1, 0x49, 61, 118, 18, 0x00, 79, 118, 2, 0x49, 81, 118, 5, 0x48, 86, 118, 21, 0x00, 107, 118, 7, 0x48, 114, 118, 2, 0x00, 116, 118, 4, 0x51
    .word 120, 118, 1, 0xa3, 121, 118, 84, 0x00, 205, 118, 2, 0x51, 207, 118, 3, 0x48, 210, 118, 1, 0x08, 211, 118, 1, 0x48, 212, 118, 2, 0x00, 214, 118, 3, 0x48
    .word 217, 118, 4, 0x00, 221, 118, 9, 0x08, 230, 118, 17, 0x00, 247, 118, 4, 0x48, 251, 118, 1, 0x00, 252, 118, 3, 0x48, 255, 118, 1, 0xa2, 256, 118, 1, 0x48
    .word 257, 118, 2, 0x08, 259, 118, 6, 0x48, 265, 118, 1, 0x4a, 266, 118, 5, 0x0c, 271, 118, 3, 0x0a, 274, 118, 1, 0x01, 275, 118, 1, 0x00, 276, 118, 3, 0x48
    .word 279, 118, 2, 0x49, 281, 118, 5, 0x00, 286, 118, 1, 0x51, 287, 118, 8, 0x61, 295, 118, 2, 0x48, 297, 118, 5, 0x49, 302, 118, 2, 0x51, 304, 118, 1, 0x00
    .word 305, 118, 1, 0x48, 306, 118, 1, 0x49, 307, 118, 2, 0xac, 309, 118, 1, 0x0e, 310, 118, 2, 0x04, 312, 118, 2, 0x01, 314, 118, 1, 0x00, 315, 118, 1, 0x53
    .word 316, 118, 1, 0xad, 317, 118, 2, 0x05, 319, 118, 1, 0x02, 0, 119, 1, 0x48, 1, 119, 1, 0x49, 2, 119, 2, 0x48, 4, 119, 2, 0x61, 6, 119, 4, 0x49
    .word 10, 119, 2, 0x48, 12, 119, 7, 0x49, 19, 119, 1, 0x00, 20, 119, 2, 0x49, 22, 119, 2, 0x51, 24, 119, 3, 0x48, 27, 119, 2, 0x49, 29, 119, 3, 0x48
    .word 32, 119, 2, 0x49, 34, 119, 3, 0x48, 37, 119, 4, 0x49, 41, 119, 3, 0x00, 44, 119, 1, 0x51, 45, 119, 1, 0x49, 46, 119, 1, 0x48, 47, 119, 2, 0x49
    .word 49, 119, 2, 0x48, 51, 119, 1, 0x61, 52, 119, 2, 0x58, 54, 119, 1, 0x48, 55, 119, 1, 0x49, 56, 119, 3, 0x48, 59, 119, 1, 0x51, 60, 119, 1, 0x49
    .word 61, 119, 18, 0x00, 79, 119, 2, 0x49, 81, 119, 5, 0x48, 86, 119, 21, 0x00, 107, 119, 7, 0x48, 114, 119, 2, 0x00, 116, 119, 4, 0x51, 120, 119, 1, 0xa3
    .word 121, 119, 84, 0x00, 205, 119, 2, 0x51, 207, 119, 3, 0x48, 210, 119, 1, 0x08, 211, 119, 1, 0x48, 212, 119, 2, 0x00, 214, 119, 3, 0x48, 217, 119, 4, 0x00
    .word 221, 119, 9, 0x08, 230, 119, 17, 0x00, 247, 119, 4, 0x48, 251, 119, 1, 0x00, 252, 119, 3, 0x48, 255, 119, 1, 0xa2, 256, 119, 1, 0x48, 257, 119, 2, 0x08
    .word 259, 119, 6, 0x48, 265, 119, 1, 0x4a, 266, 119, 5, 0x0c, 271, 119, 3, 0x0a, 274, 119, 1, 0x01, 275, 119, 1, 0x00, 276, 119, 3, 0x48, 279, 119, 2, 0x49
    .word 281, 119, 5, 0x00, 286, 119, 1, 0x51, 287, 119, 8, 0x61, 295, 119, 2, 0x48, 297, 119, 5, 0x49, 302, 119, 2, 0x51, 304, 119, 1, 0x00, 305, 119, 1, 0x48
    .word 306, 119, 1, 0x49, 307, 119, 2, 0xac, 309, 119, 1, 0x0e, 310, 119, 2, 0x04, 312, 119, 2, 0x01, 314, 119, 1, 0x00, 315, 119, 1, 0x53, 316, 119, 1, 0xad
    .word 317, 119, 2, 0x05, 319, 119, 1, 0x02, 0, 120, 4, 0x49, 4, 120, 2, 0x61, 6, 120, 1, 0x49, 7, 120, 2, 0x48, 9, 120, 10, 0x49, 19, 120, 1, 0x00
    .word 20, 120, 1, 0x49, 21, 120, 3, 0x48, 24, 120, 1, 0x49, 25, 120, 4, 0x48, 29, 120, 1, 0x49, 30, 120, 1, 0x48, 31, 120, 4, 0x49, 35, 120, 2, 0x48
    .word 37, 120, 4, 0x49, 41, 120, 3, 0x00, 44, 120, 1, 0x51, 45, 120, 2, 0x49, 47, 120, 4, 0x48, 51, 120, 1, 0x61, 52, 120, 2, 0x58, 54, 120, 2, 0x49
    .word 56, 120, 3, 0x48, 59, 120, 1, 0x51, 60, 120, 1, 0x49, 61, 120, 1, 0x08, 62, 120, 17, 0x00, 79, 120, 2, 0x49, 81, 120, 5, 0x48, 86, 120, 36, 0x00
    .word 122, 120, 2, 0x08, 124, 120, 78, 0x00, 202, 120, 3, 0x08, 205, 120, 16, 0x00, 221, 120, 9, 0x08, 230, 120, 17, 0x00, 247, 120, 4, 0x48, 251, 120, 1, 0x00
    .word 252, 120, 3, 0x48, 255, 120, 1, 0x9a, 256, 120, 1, 0x51, 257, 120, 8, 0x48, 265, 120, 1, 0x4a, 266, 120, 1, 0x0d, 267, 120, 2, 0x0c, 269, 120, 5, 0x0a
    .word 274, 120, 1, 0x01, 275, 120, 1, 0x00, 276, 120, 3, 0x48, 279, 120, 1, 0x49, 280, 120, 1, 0x48, 281, 120, 1, 0x08, 282, 120, 2, 0x48, 284, 120, 2, 0x00
    .word 286, 120, 1, 0x48, 287, 120, 8, 0x61, 295, 120, 2, 0x48, 297, 120, 5, 0x49, 302, 120, 2, 0x51, 304, 120, 1, 0x00, 305, 120, 1, 0x48, 306, 120, 1, 0x49
    .word 307, 120, 2, 0xac, 309, 120, 1, 0x0e, 310, 120, 2, 0x04, 312, 120, 3, 0x00, 315, 120, 1, 0x53, 316, 120, 1, 0xad, 317, 120, 2, 0x06, 319, 120, 1, 0x02
    .word 0, 121, 4, 0x49, 4, 121, 2, 0x61, 6, 121, 1, 0x49, 7, 121, 2, 0x48, 9, 121, 10, 0x49, 19, 121, 1, 0x00, 20, 121, 1, 0x49, 21, 121, 3, 0x48
    .word 24, 121, 1, 0x49, 25, 121, 4, 0x48, 29, 121, 1, 0x49, 30, 121, 1, 0x48, 31, 121, 4, 0x49, 35, 121, 2, 0x48, 37, 121, 4, 0x49, 41, 121, 3, 0x00
    .word 44, 121, 1, 0x51, 45, 121, 2, 0x49, 47, 121, 4, 0x48, 51, 121, 1, 0x61, 52, 121, 2, 0x58, 54, 121, 2, 0x49, 56, 121, 3, 0x48, 59, 121, 1, 0x51
    .word 60, 121, 1, 0x49, 61, 121, 1, 0x08, 62, 121, 17, 0x00, 79, 121, 2, 0x49, 81, 121, 5, 0x48, 86, 121, 36, 0x00, 122, 121, 2, 0x08, 124, 121, 78, 0x00
    .word 202, 121, 3, 0x08, 205, 121, 16, 0x00, 221, 121, 9, 0x08, 230, 121, 17, 0x00, 247, 121, 4, 0x48, 251, 121, 1, 0x00, 252, 121, 3, 0x48, 255, 121, 1, 0x9a
    .word 256, 121, 1, 0x51, 257, 121, 8, 0x48, 265, 121, 1, 0x4a, 266, 121, 1, 0x0d, 267, 121, 2, 0x0c, 269, 121, 5, 0x0a, 274, 121, 1, 0x01, 275, 121, 1, 0x00
    .word 276, 121, 3, 0x48, 279, 121, 1, 0x49, 280, 121, 1, 0x48, 281, 121, 1, 0x08, 282, 121, 2, 0x48, 284, 121, 2, 0x00, 286, 121, 1, 0x48, 287, 121, 8, 0x61
    .word 295, 121, 2, 0x48, 297, 121, 5, 0x49, 302, 121, 2, 0x51, 304, 121, 1, 0x00, 305, 121, 1, 0x48, 306, 121, 1, 0x49, 307, 121, 2, 0xac, 309, 121, 1, 0x0e
    .word 310, 121, 2, 0x04, 312, 121, 3, 0x00, 315, 121, 1, 0x53, 316, 121, 1, 0xad, 317, 121, 2, 0x06, 319, 121, 1, 0x02, 0, 122, 2, 0x48, 2, 122, 2, 0x49
    .word 4, 122, 2, 0x61, 6, 122, 10, 0x49, 16, 122, 1, 0x48, 17, 122, 2, 0x49, 19, 122, 1, 0x00, 20, 122, 2, 0x49, 22, 122, 2, 0x48, 24, 122, 2, 0x51
    .word 26, 122, 4, 0x48, 30, 122, 5, 0x49, 35, 122, 1, 0x48, 36, 122, 3, 0x49, 39, 122, 2, 0x48, 41, 122, 3, 0x00, 44, 122, 1, 0x51, 45, 122, 5, 0x49
    .word 50, 122, 1, 0x48, 51, 122, 1, 0x61, 52, 122, 2, 0x58, 54, 122, 3, 0x49, 57, 122, 2, 0x48, 59, 122, 1, 0x51, 60, 122, 1, 0x49, 61, 122, 1, 0x48
    .word 62, 122, 7, 0x00, 69, 122, 1, 0x01, 70, 122, 1, 0x00, 71, 122, 1, 0x49, 72, 122, 4, 0x09, 76, 122, 1, 0x4c, 77, 122, 2, 0x55, 79, 122, 1, 0x48
    .word 80, 122, 2, 0x49, 82, 122, 2, 0x48, 84, 122, 1, 0x49, 85, 122, 1, 0x48, 86, 122, 20, 0x00, 106, 122, 5, 0x48, 111, 122, 1, 0x51, 112, 122, 7, 0x49
    .word 119, 122, 1, 0x99, 120, 122, 1, 0x59, 121, 122, 1, 0x51, 122, 122, 3, 0x48, 125, 122, 76, 0x00, 201, 122, 4, 0x48, 205, 122, 2, 0x99, 207, 122, 7, 0x49
    .word 214, 122, 1, 0x51, 215, 122, 5, 0x48, 220, 122, 1, 0x00, 221, 122, 9, 0x08, 230, 122, 17, 0x00, 247, 122, 4, 0x48, 251, 122, 1, 0x00, 252, 122, 4, 0x48
    .word 256, 122, 1, 0x51, 257, 122, 2, 0x49, 259, 122, 6, 0x48, 265, 122, 1, 0x4a, 266, 122, 1, 0x55, 267, 122, 2, 0x0b, 269, 122, 1, 0x0a, 270, 122, 1, 0x4b
    .word 271, 122, 3, 0x0a, 274, 122, 1, 0x01, 275, 122, 1, 0x00, 276, 122, 3, 0x48, 279, 122, 5, 0x49, 284, 122, 2, 0x00, 286, 122, 1, 0x48, 287, 122, 8, 0x61
    .word 295, 122, 2, 0x48, 297, 122, 5, 0x49, 302, 122, 2, 0x51, 304, 122, 1, 0x00, 305, 122, 2, 0x49, 307, 122, 2, 0xad, 309, 122, 1, 0x0e, 310, 122, 2, 0x04
    .word 312, 122, 2, 0x01, 314, 122, 1, 0x00, 315, 122, 4, 0x0d, 319, 122, 1, 0x02, 0, 123, 1, 0x48, 1, 123, 1, 0x49, 2, 123, 2, 0x48, 4, 123, 2, 0x61
    .word 6, 123, 6, 0x48, 12, 123, 7, 0x49, 19, 123, 1, 0x00, 20, 123, 1, 0x49, 21, 123, 3, 0x48, 24, 123, 1, 0x51, 25, 123, 6, 0x48, 31, 123, 4, 0x49
    .word 35, 123, 2, 0x48, 37, 123, 2, 0x49, 39, 123, 2, 0x48, 41, 123, 3, 0x00, 44, 123, 1, 0x51, 45, 123, 5, 0x49, 50, 123, 1, 0x48, 51, 123, 1, 0x61
    .word 52, 123, 2, 0x58, 54, 123, 2, 0x49, 56, 123, 3, 0x48, 59, 123, 2, 0x49, 61, 123, 1, 0x48, 62, 123, 7, 0x00, 69, 123, 1, 0x01, 70, 123, 1, 0x00
    .word 71, 123, 3, 0x09, 74, 123, 1, 0x0b, 75, 123, 1, 0x0c, 76, 123, 1, 0x15, 77, 123, 2, 0x14, 79, 123, 1, 0x49, 80, 123, 4, 0x48, 84, 123, 1, 0x49
    .word 85, 123, 1, 0x48, 86, 123, 20, 0x00, 106, 123, 4, 0x48, 110, 123, 2, 0x51, 112, 123, 5, 0x49, 117, 123, 2, 0x48, 119, 123, 2, 0x59, 121, 123, 1, 0x51
    .word 122, 123, 3, 0x48, 125, 123, 76, 0x00, 201, 123, 4, 0x48, 205, 123, 1, 0x99, 206, 123, 1, 0x59, 207, 123, 7, 0x49, 214, 123, 1, 0x48, 215, 123, 1, 0x51
    .word 216, 123, 4, 0x48, 220, 123, 1, 0x00, 221, 123, 9, 0x08, 230, 123, 1, 0x00, 231, 123, 3, 0x08, 234, 123, 13, 0x00, 247, 123, 3, 0x48, 250, 123, 1, 0x49
    .word 251, 123, 1, 0x00, 252, 123, 2, 0x49, 254, 123, 3, 0x48, 257, 123, 2, 0x00, 259, 123, 1, 0x08, 260, 123, 4, 0x48, 264, 123, 1, 0x08, 265, 123, 1, 0x4a
    .word 266, 123, 1, 0x0c, 267, 123, 2, 0x0b, 269, 123, 1, 0x0a, 270, 123, 1, 0x4a, 271, 123, 3, 0x0a, 274, 123, 1, 0x01, 275, 123, 1, 0x00, 276, 123, 3, 0x48
    .word 279, 123, 1, 0x49, 280, 123, 2, 0x48, 282, 123, 2, 0x49, 284, 123, 2, 0x00, 286, 123, 1, 0x48, 287, 123, 2, 0x50, 289, 123, 6, 0x61, 295, 123, 1, 0x50
    .word 296, 123, 6, 0x48, 302, 123, 2, 0x9a, 304, 123, 1, 0x00, 305, 123, 1, 0x48, 306, 123, 1, 0x49, 307, 123, 2, 0x05, 309, 123, 1, 0x0e, 310, 123, 1, 0x05
    .word 311, 123, 1, 0x04, 312, 123, 3, 0x00, 315, 123, 4, 0x0d, 319, 123, 1, 0x02, 0, 124, 1, 0x48, 1, 124, 1, 0x49, 2, 124, 2, 0x48, 4, 124, 2, 0x61
    .word 6, 124, 6, 0x48, 12, 124, 7, 0x49, 19, 124, 1, 0x00, 20, 124, 1, 0x49, 21, 124, 3, 0x48, 24, 124, 1, 0x51, 25, 124, 6, 0x48, 31, 124, 4, 0x49
    .word 35, 124, 2, 0x48, 37, 124, 2, 0x49, 39, 124, 2, 0x48, 41, 124, 3, 0x00, 44, 124, 1, 0x51, 45, 124, 5, 0x49, 50, 124, 1, 0x48, 51, 124, 1, 0x61
    .word 52, 124, 2, 0x58, 54, 124, 2, 0x49, 56, 124, 3, 0x48, 59, 124, 2, 0x49, 61, 124, 1, 0x48, 62, 124, 7, 0x00, 69, 124, 1, 0x01, 70, 124, 1, 0x00
    .word 71, 124, 3, 0x09, 74, 124, 1, 0x0b, 75, 124, 1, 0x0c, 76, 124, 1, 0x15, 77, 124, 2, 0x14, 79, 124, 1, 0x49, 80, 124, 4, 0x48, 84, 124, 1, 0x49
    .word 85, 124, 1, 0x48, 86, 124, 20, 0x00, 106, 124, 4, 0x48, 110, 124, 2, 0x51, 112, 124, 5, 0x49, 117, 124, 2, 0x48, 119, 124, 2, 0x59, 121, 124, 1, 0x51
    .word 122, 124, 3, 0x48, 125, 124, 76, 0x00, 201, 124, 4, 0x48, 205, 124, 1, 0x99, 206, 124, 1, 0x59, 207, 124, 7, 0x49, 214, 124, 1, 0x48, 215, 124, 1, 0x51
    .word 216, 124, 4, 0x48, 220, 124, 1, 0x00, 221, 124, 9, 0x08, 230, 124, 1, 0x00, 231, 124, 3, 0x08, 234, 124, 13, 0x00, 247, 124, 3, 0x48, 250, 124, 1, 0x49
    .word 251, 124, 1, 0x00, 252, 124, 2, 0x49, 254, 124, 3, 0x48, 257, 124, 2, 0x00, 259, 124, 1, 0x08, 260, 124, 4, 0x48, 264, 124, 1, 0x08, 265, 124, 1, 0x4a
    .word 266, 124, 1, 0x0c, 267, 124, 2, 0x0b, 269, 124, 1, 0x0a, 270, 124, 1, 0x4a, 271, 124, 3, 0x0a, 274, 124, 1, 0x01, 275, 124, 1, 0x00, 276, 124, 3, 0x48
    .word 279, 124, 1, 0x49, 280, 124, 2, 0x48, 282, 124, 2, 0x49, 284, 124, 2, 0x00, 286, 124, 1, 0x48, 287, 124, 2, 0x50, 289, 124, 6, 0x61, 295, 124, 1, 0x50
    .word 296, 124, 6, 0x48, 302, 124, 2, 0x9a, 304, 124, 1, 0x00, 305, 124, 1, 0x48, 306, 124, 1, 0x49, 307, 124, 2, 0x05, 309, 124, 1, 0x0e, 310, 124, 1, 0x05
    .word 311, 124, 1, 0x04, 312, 124, 3, 0x00, 315, 124, 4, 0x0d, 319, 124, 1, 0x02, 0, 125, 1, 0x48, 1, 125, 1, 0x49, 2, 125, 2, 0x48, 4, 125, 1, 0x61
    .word 5, 125, 6, 0x48, 11, 125, 8, 0x49, 19, 125, 1, 0x00, 20, 125, 2, 0x49, 22, 125, 2, 0x48, 24, 125, 2, 0x49, 26, 125, 3, 0x48, 29, 125, 2, 0x49
    .word 31, 125, 5, 0x48, 36, 125, 3, 0x49, 39, 125, 2, 0x48, 41, 125, 3, 0x00, 44, 125, 1, 0x51, 45, 125, 4, 0x49, 49, 125, 2, 0x48, 51, 125, 1, 0x61
    .word 52, 125, 2, 0x59, 54, 125, 1, 0x48, 55, 125, 2, 0x49, 57, 125, 5, 0x48, 62, 125, 14, 0x00, 76, 125, 6, 0x49, 82, 125, 3, 0x48, 85, 125, 1, 0x49
    .word 86, 125, 20, 0x00, 106, 125, 3, 0x48, 109, 125, 1, 0x50, 110, 125, 1, 0x51, 111, 125, 6, 0x49, 117, 125, 2, 0x48, 119, 125, 2, 0x59, 121, 125, 1, 0x51
    .word 122, 125, 3, 0x48, 125, 125, 76, 0x00, 201, 125, 4, 0x48, 205, 125, 1, 0x99, 206, 125, 1, 0x59, 207, 125, 9, 0x49, 216, 125, 4, 0x48, 220, 125, 1, 0x00
    .word 221, 125, 9, 0x08, 230, 125, 1, 0x00, 231, 125, 3, 0x08, 234, 125, 13, 0x00, 247, 125, 2, 0x08, 249, 125, 1, 0x49, 250, 125, 1, 0x48, 251, 125, 1, 0x00
    .word 252, 125, 2, 0x49, 254, 125, 3, 0x48, 257, 125, 2, 0x00, 259, 125, 1, 0x08, 260, 125, 1, 0x48, 261, 125, 1, 0x08, 262, 125, 5, 0x48, 267, 125, 5, 0x08
    .word 272, 125, 4, 0x00, 276, 125, 3, 0x48, 279, 125, 2, 0x49, 281, 125, 3, 0x48, 284, 125, 2, 0x00, 286, 125, 1, 0x49, 287, 125, 2, 0x58, 289, 125, 6, 0x61
    .word 295, 125, 5, 0x48, 300, 125, 1, 0x49, 301, 125, 1, 0x51, 302, 125, 2, 0x9a, 304, 125, 1, 0x00, 305, 125, 2, 0x48, 307, 125, 2, 0x0c, 309, 125, 2, 0x03
    .word 311, 125, 1, 0x0a, 312, 125, 3, 0x00, 315, 125, 1, 0x4c, 316, 125, 3, 0x0c, 319, 125, 1, 0x02, 0, 126, 1, 0x48, 1, 126, 1, 0x49, 2, 126, 2, 0x48
    .word 4, 126, 1, 0x61, 5, 126, 6, 0x48, 11, 126, 8, 0x49, 19, 126, 1, 0x00, 20, 126, 2, 0x49, 22, 126, 2, 0x48, 24, 126, 2, 0x49, 26, 126, 3, 0x48
    .word 29, 126, 2, 0x49, 31, 126, 5, 0x48, 36, 126, 3, 0x49, 39, 126, 2, 0x48, 41, 126, 3, 0x00, 44, 126, 1, 0x51, 45, 126, 4, 0x49, 49, 126, 2, 0x48
    .word 51, 126, 1, 0x61, 52, 126, 2, 0x59, 54, 126, 1, 0x48, 55, 126, 2, 0x49, 57, 126, 5, 0x48, 62, 126, 14, 0x00, 76, 126, 6, 0x49, 82, 126, 3, 0x48
    .word 85, 126, 1, 0x49, 86, 126, 20, 0x00, 106, 126, 3, 0x48, 109, 126, 1, 0x50, 110, 126, 1, 0x51, 111, 126, 6, 0x49, 117, 126, 2, 0x48, 119, 126, 2, 0x59
    .word 121, 126, 1, 0x51, 122, 126, 3, 0x48, 125, 126, 76, 0x00, 201, 126, 4, 0x48, 205, 126, 1, 0x99, 206, 126, 1, 0x59, 207, 126, 9, 0x49, 216, 126, 4, 0x48
    .word 220, 126, 1, 0x00, 221, 126, 9, 0x08, 230, 126, 1, 0x00, 231, 126, 3, 0x08, 234, 126, 13, 0x00, 247, 126, 2, 0x08, 249, 126, 1, 0x49, 250, 126, 1, 0x48
    .word 251, 126, 1, 0x00, 252, 126, 2, 0x49, 254, 126, 3, 0x48, 257, 126, 2, 0x00, 259, 126, 1, 0x08, 260, 126, 1, 0x48, 261, 126, 1, 0x08, 262, 126, 5, 0x48
    .word 267, 126, 5, 0x08, 272, 126, 4, 0x00, 276, 126, 3, 0x48, 279, 126, 2, 0x49, 281, 126, 3, 0x48, 284, 126, 2, 0x00, 286, 126, 1, 0x49, 287, 126, 2, 0x58
    .word 289, 126, 6, 0x61, 295, 126, 5, 0x48, 300, 126, 1, 0x49, 301, 126, 1, 0x51, 302, 126, 2, 0x9a, 304, 126, 1, 0x00, 305, 126, 2, 0x48, 307, 126, 2, 0x0c
    .word 309, 126, 2, 0x03, 311, 126, 1, 0x0a, 312, 126, 3, 0x00, 315, 126, 1, 0x4c, 316, 126, 3, 0x0c, 319, 126, 1, 0x02, 0, 127, 4, 0x48, 4, 127, 1, 0x61
    .word 5, 127, 6, 0x48, 11, 127, 5, 0x49, 16, 127, 3, 0x48, 19, 127, 1, 0x00, 20, 127, 21, 0x48, 41, 127, 3, 0x00, 44, 127, 1, 0x51, 45, 127, 4, 0x49
    .word 49, 127, 2, 0x48, 51, 127, 3, 0x50, 54, 127, 1, 0x49, 55, 127, 1, 0x48, 56, 127, 3, 0x00, 59, 127, 3, 0x48, 62, 127, 10, 0x00, 72, 127, 2, 0x08
    .word 74, 127, 1, 0x01, 75, 127, 1, 0x09, 76, 127, 5, 0x49, 81, 127, 4, 0x48, 85, 127, 21, 0x00, 106, 127, 5, 0x48, 111, 127, 6, 0x49, 117, 127, 2, 0x48
    .word 119, 127, 1, 0x59, 120, 127, 1, 0x99, 121, 127, 1, 0x51, 122, 127, 2, 0x48, 124, 127, 1, 0x08, 125, 127, 77, 0x00, 202, 127, 2, 0x08, 204, 127, 1, 0x50
    .word 205, 127, 1, 0x99, 206, 127, 1, 0x59, 207, 127, 8, 0x49, 215, 127, 5, 0x48, 220, 127, 1, 0x00, 221, 127, 9, 0x08, 230, 127, 22, 0x00, 252, 127, 4, 0x49
    .word 256, 127, 1, 0x48, 257, 127, 5, 0x00, 262, 127, 2, 0x08, 264, 127, 1, 0x48, 265, 127, 1, 0x08, 266, 127, 10, 0x00, 276, 127, 3, 0x48, 279, 127, 2, 0x49
    .word 281, 127, 1, 0x48, 282, 127, 3, 0x00, 285, 127, 1, 0x48, 286, 127, 1, 0x49, 287, 127, 2, 0x50, 289, 127, 6, 0x61, 295, 127, 4, 0x48, 299, 127, 1, 0x51
    .word 300, 127, 2, 0x49, 302, 127, 2, 0x9a, 304, 127, 1, 0x00, 305, 127, 2, 0x48, 307, 127, 2, 0x61, 309, 127, 2, 0x59, 311, 127, 3, 0x48, 314, 127, 1, 0x00
    .word 315, 127, 1, 0x58, 316, 127, 3, 0x59, 319, 127, 1, 0x50, 0, 128, 1, 0x49, 1, 128, 3, 0x08, 4, 128, 1, 0x58, 5, 128, 6, 0x48, 11, 128, 1, 0x49
    .word 12, 128, 2, 0x48, 14, 128, 1, 0x49, 15, 128, 1, 0x48, 16, 128, 4, 0x00, 20, 128, 16, 0x48, 36, 128, 4, 0x08, 40, 128, 1, 0x48, 41, 128, 3, 0x00
    .word 44, 128, 1, 0x51, 45, 128, 4, 0x48, 49, 128, 1, 0x49, 50, 128, 6, 0x48, 56, 128, 15, 0x00, 71, 128, 5, 0x09, 76, 128, 30, 0x00, 106, 128, 9, 0x48
    .word 115, 128, 4, 0x49, 119, 128, 1, 0x59, 120, 128, 1, 0x99, 121, 128, 1, 0x51, 122, 128, 2, 0x48, 124, 128, 78, 0x00, 202, 128, 2, 0x08, 204, 128, 1, 0x50
    .word 205, 128, 1, 0x99, 206, 128, 1, 0x59, 207, 128, 2, 0x48, 209, 128, 5, 0x49, 214, 128, 6, 0x48, 220, 128, 36, 0x00, 256, 128, 1, 0x48, 257, 128, 8, 0x00
    .word 265, 128, 1, 0x01, 266, 128, 1, 0x0b, 267, 128, 2, 0x0a, 269, 128, 6, 0x09, 275, 128, 1, 0x08, 276, 128, 1, 0x00, 277, 128, 3, 0x48, 280, 128, 1, 0x08
    .word 281, 128, 4, 0x00, 285, 128, 4, 0x48, 289, 128, 6, 0x61, 295, 128, 6, 0x48, 301, 128, 1, 0x49, 302, 128, 2, 0x48, 304, 128, 1, 0x00, 305, 128, 1, 0x49
    .word 306, 128, 4, 0x48, 310, 128, 10, 0x00, 0, 129, 1, 0x49, 1, 129, 3, 0x08, 4, 129, 1, 0x58, 5, 129, 6, 0x48, 11, 129, 1, 0x49, 12, 129, 2, 0x48
    .word 14, 129, 1, 0x49, 15, 129, 1, 0x48, 16, 129, 4, 0x00, 20, 129, 16, 0x48, 36, 129, 4, 0x08, 40, 129, 1, 0x48, 41, 129, 3, 0x00, 44, 129, 1, 0x51
    .word 45, 129, 4, 0x48, 49, 129, 1, 0x49, 50, 129, 6, 0x48, 56, 129, 15, 0x00, 71, 129, 5, 0x09, 76, 129, 30, 0x00, 106, 129, 9, 0x48, 115, 129, 4, 0x49
    .word 119, 129, 1, 0x59, 120, 129, 1, 0x99, 121, 129, 1, 0x51, 122, 129, 2, 0x48, 124, 129, 78, 0x00, 202, 129, 2, 0x08, 204, 129, 1, 0x50, 205, 129, 1, 0x99
    .word 206, 129, 1, 0x59, 207, 129, 2, 0x48, 209, 129, 5, 0x49, 214, 129, 6, 0x48, 220, 129, 36, 0x00, 256, 129, 1, 0x48, 257, 129, 8, 0x00, 265, 129, 1, 0x01
    .word 266, 129, 1, 0x0b, 267, 129, 2, 0x0a, 269, 129, 6, 0x09, 275, 129, 1, 0x08, 276, 129, 1, 0x00, 277, 129, 3, 0x48, 280, 129, 1, 0x08, 281, 129, 4, 0x00
    .word 285, 129, 4, 0x48, 289, 129, 6, 0x61, 295, 129, 6, 0x48, 301, 129, 1, 0x49, 302, 129, 2, 0x48, 304, 129, 1, 0x00, 305, 129, 1, 0x49, 306, 129, 4, 0x48
    .word 310, 129, 10, 0x00, 0, 130, 2, 0x48, 2, 130, 4, 0x08, 6, 130, 1, 0x48, 7, 130, 4, 0x08, 11, 130, 3, 0x48, 14, 130, 2, 0x49, 16, 130, 1, 0x48
    .word 17, 130, 2, 0x08, 19, 130, 1, 0x00, 20, 130, 4, 0x48, 24, 130, 1, 0x08, 25, 130, 5, 0x48, 30, 130, 41, 0x00, 71, 130, 3, 0x09, 74, 130, 1, 0x0a
    .word 75, 130, 1, 0x0b, 76, 130, 5, 0x00, 81, 130, 3, 0x51, 84, 130, 3, 0x48, 87, 130, 159, 0x00, 246, 130, 1, 0x08, 247, 130, 4, 0x48, 251, 130, 3, 0x51
    .word 254, 130, 1, 0x00, 255, 130, 1, 0x08, 256, 130, 1, 0x6a, 257, 130, 2, 0x69, 259, 130, 1, 0x61, 260, 130, 1, 0x50, 261, 130, 4, 0x00, 265, 130, 1, 0x0a
    .word 266, 130, 3, 0x0d, 269, 130, 5, 0x0a, 274, 130, 1, 0x09, 275, 130, 1, 0x08, 276, 130, 13, 0x00, 289, 130, 1, 0x08, 290, 130, 1, 0x10, 291, 130, 4, 0x61
    .word 295, 130, 1, 0x59, 296, 130, 6, 0x48, 302, 130, 2, 0x49, 304, 130, 1, 0x00, 305, 130, 1, 0x08, 306, 130, 3, 0x48, 309, 130, 1, 0x08, 310, 130, 10, 0x00
    .word 0, 131, 2, 0x48, 2, 131, 4, 0x08, 6, 131, 1, 0x48, 7, 131, 4, 0x08, 11, 131, 3, 0x48, 14, 131, 2, 0x49, 16, 131, 1, 0x48, 17, 131, 2, 0x08
    .word 19, 131, 1, 0x00, 20, 131, 4, 0x48, 24, 131, 1, 0x08, 25, 131, 5, 0x48, 30, 131, 41, 0x00, 71, 131, 3, 0x09, 74, 131, 1, 0x0a, 75, 131, 1, 0x0b
    .word 76, 131, 5, 0x00, 81, 131, 3, 0x51, 84, 131, 3, 0x48, 87, 131, 159, 0x00, 246, 131, 1, 0x08, 247, 131, 4, 0x48, 251, 131, 3, 0x51, 254, 131, 1, 0x00
    .word 255, 131, 1, 0x08, 256, 131, 1, 0x6a, 257, 131, 2, 0x69, 259, 131, 1, 0x61, 260, 131, 1, 0x50, 261, 131, 4, 0x00, 265, 131, 1, 0x0a, 266, 131, 3, 0x0d
    .word 269, 131, 5, 0x0a, 274, 131, 1, 0x09, 275, 131, 1, 0x08, 276, 131, 13, 0x00, 289, 131, 1, 0x08, 290, 131, 1, 0x10, 291, 131, 4, 0x61, 295, 131, 1, 0x59
    .word 296, 131, 6, 0x48, 302, 131, 2, 0x49, 304, 131, 1, 0x00, 305, 131, 1, 0x08, 306, 131, 3, 0x48, 309, 131, 1, 0x08, 310, 131, 10, 0x00, 0, 132, 4, 0x48
    .word 4, 132, 1, 0x08, 5, 132, 4, 0x00, 9, 132, 1, 0x48, 10, 132, 1, 0x08, 11, 132, 3, 0x48, 14, 132, 2, 0x49, 16, 132, 24, 0x00, 40, 132, 1, 0x08
    .word 41, 132, 13, 0x00, 54, 132, 2, 0x9a, 56, 132, 1, 0x99, 57, 132, 3, 0x6a, 60, 132, 1, 0x61, 61, 132, 3, 0x6a, 64, 132, 1, 0x48, 65, 132, 6, 0x00
    .word 71, 132, 1, 0x09, 72, 132, 2, 0x0a, 74, 132, 1, 0x0c, 75, 132, 1, 0x0d, 76, 132, 4, 0x48, 80, 132, 1, 0x51, 81, 132, 1, 0x00, 82, 132, 2, 0x48
    .word 84, 132, 3, 0x08, 87, 132, 18, 0x00, 105, 132, 1, 0x51, 106, 132, 1, 0xa2, 107, 132, 2, 0xab, 109, 132, 2, 0xeb, 111, 132, 1, 0xec, 112, 132, 3, 0xf4
    .word 115, 132, 1, 0xa3, 116, 132, 1, 0xf4, 117, 132, 2, 0xa2, 119, 132, 1, 0x50, 120, 132, 1, 0x51, 121, 132, 1, 0x99, 122, 132, 3, 0x48, 125, 132, 76, 0x00
    .word 201, 132, 3, 0x48, 204, 132, 1, 0x51, 205, 132, 1, 0x9a, 206, 132, 1, 0x51, 207, 132, 3, 0xa3, 210, 132, 1, 0xab, 211, 132, 1, 0xec, 212, 132, 2, 0xf4
    .word 214, 132, 2, 0xab, 216, 132, 1, 0xeb, 217, 132, 2, 0xf4, 219, 132, 2, 0x51, 221, 132, 25, 0x00, 246, 132, 5, 0x08, 251, 132, 3, 0x48, 254, 132, 1, 0x00
    .word 255, 132, 1, 0x48, 256, 132, 1, 0x61, 257, 132, 2, 0x10, 259, 132, 1, 0x48, 260, 132, 1, 0x00, 261, 132, 1, 0x48, 262, 132, 2, 0x51, 264, 132, 1, 0x48
    .word 265, 132, 1, 0x08, 266, 132, 3, 0x0d, 269, 132, 1, 0x0b, 270, 132, 4, 0x0a, 274, 132, 2, 0x09, 276, 132, 6, 0x00, 282, 132, 2, 0x60, 284, 132, 1, 0x59
    .word 285, 132, 5, 0x00, 290, 132, 1, 0x08, 291, 132, 3, 0x61, 294, 132, 1, 0x50, 295, 132, 1, 0x58, 296, 132, 9, 0x00, 305, 132, 1, 0x40, 306, 132, 1, 0x48
    .word 307, 132, 13, 0x00, 0, 133, 31, 0x00, 31, 133, 1, 0x08, 32, 133, 7, 0x00, 39, 133, 2, 0x61, 41, 133, 1, 0x00, 42, 133, 3, 0x48, 45, 133, 2, 0x00
    .word 47, 133, 10, 0x48, 57, 133, 3, 0x69, 60, 133, 1, 0x61, 61, 133, 1, 0x69, 62, 133, 2, 0x61, 64, 133, 1, 0x48, 65, 133, 6, 0x00, 71, 133, 1, 0x09
    .word 72, 133, 2, 0x0a, 74, 133, 2, 0x0c, 76, 133, 4, 0x48, 80, 133, 1, 0x08, 81, 133, 1, 0x00, 82, 133, 2, 0x48, 84, 133, 3, 0x08, 87, 133, 18, 0x00
    .word 105, 133, 1, 0x49, 106, 133, 1, 0x48, 107, 133, 2, 0xa2, 109, 133, 1, 0x9a, 110, 133, 2, 0x51, 112, 133, 2, 0xa2, 114, 133, 1, 0x9a, 115, 133, 1, 0x51
    .word 116, 133, 1, 0xab, 117, 133, 2, 0x51, 119, 133, 1, 0x48, 120, 133, 2, 0x51, 122, 133, 3, 0x48, 125, 133, 76, 0x00, 201, 133, 3, 0x48, 204, 133, 1, 0x51
    .word 205, 133, 1, 0x99, 206, 133, 1, 0x48, 207, 133, 2, 0x9a, 209, 133, 1, 0xa3, 210, 133, 1, 0x9a, 211, 133, 1, 0x59, 212, 133, 2, 0xac, 214, 133, 3, 0x51
    .word 217, 133, 2, 0xec, 219, 133, 2, 0x49, 221, 133, 25, 0x00, 246, 133, 5, 0x08, 251, 133, 3, 0x48, 254, 133, 1, 0x00, 255, 133, 1, 0x48, 256, 133, 1, 0x61
    .word 257, 133, 2, 0x10, 259, 133, 1, 0x48, 260, 133, 1, 0x00, 261, 133, 3, 0x48, 264, 133, 2, 0x08, 266, 133, 3, 0x0d, 269, 133, 1, 0x0c, 270, 133, 1, 0x0b
    .word 271, 133, 3, 0x0a, 274, 133, 3, 0x01, 277, 133, 2, 0x08, 279, 133, 3, 0x00, 282, 133, 2, 0x6a, 284, 133, 1, 0x59, 285, 133, 5, 0x00, 290, 133, 1, 0x08
    .word 291, 133, 4, 0x61, 295, 133, 1, 0x58, 296, 133, 24, 0x00, 0, 134, 31, 0x00, 31, 134, 1, 0x08, 32, 134, 7, 0x00, 39, 134, 2, 0x61, 41, 134, 1, 0x00
    .word 42, 134, 3, 0x48, 45, 134, 2, 0x00, 47, 134, 10, 0x48, 57, 134, 3, 0x69, 60, 134, 1, 0x61, 61, 134, 1, 0x69, 62, 134, 2, 0x61, 64, 134, 1, 0x48
    .word 65, 134, 6, 0x00, 71, 134, 1, 0x09, 72, 134, 2, 0x0a, 74, 134, 2, 0x0c, 76, 134, 4, 0x48, 80, 134, 1, 0x08, 81, 134, 1, 0x00, 82, 134, 2, 0x48
    .word 84, 134, 3, 0x08, 87, 134, 18, 0x00, 105, 134, 1, 0x49, 106, 134, 1, 0x48, 107, 134, 2, 0xa2, 109, 134, 1, 0x9a, 110, 134, 2, 0x51, 112, 134, 2, 0xa2
    .word 114, 134, 1, 0x9a, 115, 134, 1, 0x51, 116, 134, 1, 0xab, 117, 134, 2, 0x51, 119, 134, 1, 0x48, 120, 134, 2, 0x51, 122, 134, 3, 0x48, 125, 134, 76, 0x00
    .word 201, 134, 3, 0x48, 204, 134, 1, 0x51, 205, 134, 1, 0x99, 206, 134, 1, 0x48, 207, 134, 2, 0x9a, 209, 134, 1, 0xa3, 210, 134, 1, 0x9a, 211, 134, 1, 0x59
    .word 212, 134, 2, 0xac, 214, 134, 3, 0x51, 217, 134, 2, 0xec, 219, 134, 2, 0x49, 221, 134, 25, 0x00, 246, 134, 5, 0x08, 251, 134, 3, 0x48, 254, 134, 1, 0x00
    .word 255, 134, 1, 0x48, 256, 134, 1, 0x61, 257, 134, 2, 0x10, 259, 134, 1, 0x48, 260, 134, 1, 0x00, 261, 134, 3, 0x48, 264, 134, 2, 0x08, 266, 134, 3, 0x0d
    .word 269, 134, 1, 0x0c, 270, 134, 1, 0x0b, 271, 134, 3, 0x0a, 274, 134, 3, 0x01, 277, 134, 2, 0x08, 279, 134, 3, 0x00, 282, 134, 2, 0x6a, 284, 134, 1, 0x59
    .word 285, 134, 5, 0x00, 290, 134, 1, 0x08, 291, 134, 4, 0x61, 295, 134, 1, 0x58, 296, 134, 24, 0x00, 0, 135, 21, 0x00, 21, 135, 3, 0x48, 24, 135, 1, 0x51
    .word 25, 135, 5, 0x00, 30, 135, 1, 0x59, 31, 135, 1, 0x72, 32, 135, 2, 0xb3, 34, 135, 2, 0xab, 36, 135, 4, 0xb3, 40, 135, 1, 0x6b, 41, 135, 1, 0x49
    .word 42, 135, 2, 0x48, 44, 135, 2, 0x49, 46, 135, 1, 0x00, 47, 135, 2, 0x51, 49, 135, 2, 0x48, 51, 135, 5, 0x08, 56, 135, 1, 0x48, 57, 135, 2, 0x69
    .word 59, 135, 5, 0x61, 64, 135, 1, 0x48, 65, 135, 6, 0x00, 71, 135, 1, 0x09, 72, 135, 2, 0x4a, 74, 135, 1, 0x0c, 75, 135, 1, 0x0d, 76, 135, 4, 0x48
    .word 80, 135, 1, 0x08, 81, 135, 1, 0x00, 82, 135, 5, 0x08, 87, 135, 18, 0x00, 105, 135, 4, 0x49, 109, 135, 1, 0x51, 110, 135, 1, 0x48, 111, 135, 4, 0x49
    .word 115, 135, 1, 0x48, 116, 135, 1, 0x51, 117, 135, 2, 0x49, 119, 135, 1, 0x48, 120, 135, 2, 0x51, 122, 135, 3, 0x48, 125, 135, 76, 0x00, 201, 135, 3, 0x48
    .word 204, 135, 2, 0x59, 206, 135, 3, 0x49, 209, 135, 1, 0xa3, 210, 135, 1, 0x51, 211, 135, 1, 0x48, 212, 135, 2, 0x51, 214, 135, 2, 0x48, 216, 135, 1, 0x51
    .word 217, 135, 2, 0x48, 219, 135, 2, 0x49, 221, 135, 25, 0x00, 246, 135, 6, 0x08, 252, 135, 3, 0x00, 255, 135, 1, 0x48, 256, 135, 1, 0x61, 257, 135, 2, 0x50
    .word 259, 135, 1, 0x48, 260, 135, 1, 0x00, 261, 135, 1, 0x08, 262, 135, 2, 0x48, 264, 135, 1, 0x08, 265, 135, 1, 0x48, 266, 135, 1, 0x4a, 267, 135, 3, 0x0c
    .word 270, 135, 1, 0x4c, 271, 135, 3, 0x0a, 274, 135, 1, 0x4a, 275, 135, 1, 0x09, 276, 135, 3, 0x01, 279, 135, 3, 0x00, 282, 135, 2, 0x69, 284, 135, 6, 0x48
    .word 290, 135, 1, 0x08, 291, 135, 4, 0x61, 295, 135, 1, 0x58, 296, 135, 4, 0x00, 300, 135, 4, 0x48, 304, 135, 2, 0x00, 306, 135, 1, 0x10, 307, 135, 13, 0x00
    .word 0, 136, 21, 0x00, 21, 136, 3, 0x48, 24, 136, 1, 0x51, 25, 136, 5, 0x00, 30, 136, 1, 0x59, 31, 136, 1, 0x72, 32, 136, 2, 0xb3, 34, 136, 2, 0xab
    .word 36, 136, 4, 0xb3, 40, 136, 1, 0x6b, 41, 136, 1, 0x49, 42, 136, 2, 0x48, 44, 136, 2, 0x49, 46, 136, 1, 0x00, 47, 136, 2, 0x51, 49, 136, 2, 0x48
    .word 51, 136, 5, 0x08, 56, 136, 1, 0x48, 57, 136, 2, 0x69, 59, 136, 5, 0x61, 64, 136, 1, 0x48, 65, 136, 6, 0x00, 71, 136, 1, 0x09, 72, 136, 2, 0x4a
    .word 74, 136, 1, 0x0c, 75, 136, 1, 0x0d, 76, 136, 4, 0x48, 80, 136, 1, 0x08, 81, 136, 1, 0x00, 82, 136, 5, 0x08, 87, 136, 18, 0x00, 105, 136, 4, 0x49
    .word 109, 136, 1, 0x51, 110, 136, 1, 0x48, 111, 136, 4, 0x49, 115, 136, 1, 0x48, 116, 136, 1, 0x51, 117, 136, 2, 0x49, 119, 136, 1, 0x48, 120, 136, 2, 0x51
    .word 122, 136, 3, 0x48, 125, 136, 76, 0x00, 201, 136, 3, 0x48, 204, 136, 2, 0x59, 206, 136, 3, 0x49, 209, 136, 1, 0xa3, 210, 136, 1, 0x51, 211, 136, 1, 0x48
    .word 212, 136, 2, 0x51, 214, 136, 2, 0x48, 216, 136, 1, 0x51, 217, 136, 2, 0x48, 219, 136, 2, 0x49, 221, 136, 25, 0x00, 246, 136, 6, 0x08, 252, 136, 3, 0x00
    .word 255, 136, 1, 0x48, 256, 136, 1, 0x61, 257, 136, 2, 0x50, 259, 136, 1, 0x48, 260, 136, 1, 0x00, 261, 136, 1, 0x08, 262, 136, 2, 0x48, 264, 136, 1, 0x08
    .word 265, 136, 1, 0x48, 266, 136, 1, 0x4a, 267, 136, 3, 0x0c, 270, 136, 1, 0x4c, 271, 136, 3, 0x0a, 274, 136, 1, 0x4a, 275, 136, 1, 0x09, 276, 136, 3, 0x01
    .word 279, 136, 3, 0x00, 282, 136, 2, 0x69, 284, 136, 6, 0x48, 290, 136, 1, 0x08, 291, 136, 4, 0x61, 295, 136, 1, 0x58, 296, 136, 4, 0x00, 300, 136, 4, 0x48
    .word 304, 136, 2, 0x00, 306, 136, 1, 0x10, 307, 136, 13, 0x00, 0, 137, 7, 0x00, 7, 137, 2, 0x08, 9, 137, 1, 0x73, 10, 137, 1, 0x6b, 11, 137, 1, 0xab
    .word 12, 137, 4, 0x00, 16, 137, 1, 0x6a, 17, 137, 2, 0xaa, 19, 137, 1, 0xab, 20, 137, 1, 0xaa, 21, 137, 1, 0x61, 22, 137, 3, 0x48, 25, 137, 1, 0x00
    .word 26, 137, 1, 0x08, 27, 137, 4, 0x00, 31, 137, 1, 0x58, 32, 137, 5, 0x61, 37, 137, 2, 0x6a, 39, 137, 1, 0x69, 40, 137, 1, 0x61, 41, 137, 1, 0x49
    .word 42, 137, 4, 0x48, 46, 137, 1, 0x00, 47, 137, 2, 0x48, 49, 137, 7, 0x08, 56, 137, 1, 0x48, 57, 137, 2, 0x69, 59, 137, 1, 0x48, 60, 137, 1, 0x50
    .word 61, 137, 3, 0x61, 64, 137, 1, 0x48, 65, 137, 6, 0x00, 71, 137, 1, 0x09, 72, 137, 3, 0x4a, 75, 137, 1, 0x4b, 76, 137, 1, 0x08, 77, 137, 3, 0x48
    .word 80, 137, 1, 0x08, 81, 137, 3, 0x00, 84, 137, 3, 0x08, 87, 137, 8, 0x00, 95, 137, 1, 0x08, 96, 137, 9, 0x00, 105, 137, 5, 0x49, 110, 137, 1, 0x9a
    .word 111, 137, 1, 0x48, 112, 137, 3, 0x49, 115, 137, 1, 0x51, 116, 137, 3, 0x49, 119, 137, 1, 0x48, 120, 137, 2, 0x51, 122, 137, 3, 0x48, 125, 137, 76, 0x00
    .word 201, 137, 3, 0x48, 204, 137, 1, 0x59, 205, 137, 1, 0x99, 206, 137, 4, 0x49, 210, 137, 1, 0x48, 211, 137, 4, 0x49, 215, 137, 1, 0x51, 216, 137, 3, 0x49
    .word 219, 137, 1, 0x48, 220, 137, 1, 0x49, 221, 137, 13, 0x00, 234, 137, 3, 0x08, 237, 137, 9, 0x00, 246, 137, 6, 0x08, 252, 137, 2, 0x00, 254, 137, 1, 0x08
    .word 255, 137, 1, 0x48, 256, 137, 1, 0x61, 257, 137, 2, 0x50, 259, 137, 1, 0x48, 260, 137, 1, 0x00, 261, 137, 4, 0x08, 265, 137, 1, 0x48, 266, 137, 1, 0x08
    .word 267, 137, 7, 0x0a, 274, 137, 1, 0x01, 275, 137, 1, 0x00, 276, 137, 3, 0x01, 279, 137, 3, 0x00, 282, 137, 2, 0x69, 284, 137, 2, 0x08, 286, 137, 1, 0x48
    .word 287, 137, 2, 0x49, 289, 137, 1, 0x00, 290, 137, 1, 0x08, 291, 137, 4, 0x61, 295, 137, 2, 0x00, 297, 137, 2, 0x08, 299, 137, 6, 0x48, 305, 137, 1, 0x50
    .word 306, 137, 1, 0xaa, 307, 137, 8, 0x9a, 315, 137, 5, 0x00, 0, 138, 2, 0xa2, 2, 138, 2, 0x9a, 4, 138, 1, 0x00, 5, 138, 2, 0x08, 7, 138, 2, 0x00
    .word 9, 138, 1, 0x61, 10, 138, 1, 0xb3, 11, 138, 1, 0x62, 12, 138, 2, 0x48, 14, 138, 2, 0x00, 16, 138, 1, 0x48, 17, 138, 4, 0x61, 21, 138, 1, 0x69
    .word 22, 138, 2, 0x48, 24, 138, 1, 0x49, 25, 138, 2, 0x48, 27, 138, 4, 0x00, 31, 138, 1, 0x58, 32, 138, 2, 0x61, 34, 138, 1, 0x50, 35, 138, 6, 0x61
    .word 41, 138, 5, 0x48, 46, 138, 1, 0x00, 47, 138, 8, 0x08, 55, 138, 1, 0x48, 56, 138, 1, 0x08, 57, 138, 2, 0x61, 59, 138, 2, 0x48, 61, 138, 3, 0x61
    .word 64, 138, 1, 0x48, 65, 138, 6, 0x00, 71, 138, 1, 0x09, 72, 138, 2, 0x4b, 74, 138, 2, 0x0c, 76, 138, 1, 0x48, 77, 138, 2, 0x08, 79, 138, 26, 0x00
    .word 105, 138, 1, 0x49, 106, 138, 1, 0x48, 107, 138, 5, 0x49, 112, 138, 2, 0x48, 114, 138, 5, 0x49, 119, 138, 1, 0x48, 120, 138, 2, 0x51, 122, 138, 3, 0x48
    .word 125, 138, 76, 0x00, 201, 138, 3, 0x48, 204, 138, 1, 0x51, 205, 138, 1, 0x59, 206, 138, 1, 0x48, 207, 138, 9, 0x49, 216, 138, 3, 0x48, 219, 138, 2, 0x49
    .word 221, 138, 13, 0x00, 234, 138, 1, 0x48, 235, 138, 2, 0x08, 237, 138, 18, 0x00, 255, 138, 1, 0x08, 256, 138, 1, 0x61, 257, 138, 2, 0x50, 259, 138, 1, 0x48
    .word 260, 138, 1, 0x00, 261, 138, 1, 0x48, 262, 138, 5, 0x08, 267, 138, 2, 0x00, 269, 138, 1, 0x09, 270, 138, 1, 0x4a, 271, 138, 1, 0x01, 272, 138, 3, 0x00
    .word 275, 138, 2, 0x01, 277, 138, 5, 0x00, 282, 138, 2, 0x69, 284, 138, 1, 0x08, 285, 138, 1, 0x48, 286, 138, 5, 0x08, 291, 138, 4, 0x61, 295, 138, 2, 0x00
    .word 297, 138, 8, 0x48, 305, 138, 1, 0x08, 306, 138, 1, 0x61, 307, 138, 2, 0x48, 309, 138, 1, 0x49, 310, 138, 10, 0x48, 0, 139, 2, 0xa2, 2, 139, 2, 0x9a
    .word 4, 139, 1, 0x00, 5, 139, 2, 0x08, 7, 139, 2, 0x00, 9, 139, 1, 0x61, 10, 139, 1, 0xb3, 11, 139, 1, 0x62, 12, 139, 2, 0x48, 14, 139, 2, 0x00
    .word 16, 139, 1, 0x48, 17, 139, 4, 0x61, 21, 139, 1, 0x69, 22, 139, 2, 0x48, 24, 139, 1, 0x49, 25, 139, 2, 0x48, 27, 139, 4, 0x00, 31, 139, 1, 0x58
    .word 32, 139, 2, 0x61, 34, 139, 1, 0x50, 35, 139, 6, 0x61, 41, 139, 5, 0x48, 46, 139, 1, 0x00, 47, 139, 8, 0x08, 55, 139, 1, 0x48, 56, 139, 1, 0x08
    .word 57, 139, 2, 0x61, 59, 139, 2, 0x48, 61, 139, 3, 0x61, 64, 139, 1, 0x48, 65, 139, 6, 0x00, 71, 139, 1, 0x09, 72, 139, 2, 0x4b, 74, 139, 2, 0x0c
    .word 76, 139, 1, 0x48, 77, 139, 2, 0x08, 79, 139, 26, 0x00, 105, 139, 1, 0x49, 106, 139, 1, 0x48, 107, 139, 5, 0x49, 112, 139, 2, 0x48, 114, 139, 5, 0x49
    .word 119, 139, 1, 0x48, 120, 139, 2, 0x51, 122, 139, 3, 0x48, 125, 139, 76, 0x00, 201, 139, 3, 0x48, 204, 139, 1, 0x51, 205, 139, 1, 0x59, 206, 139, 1, 0x48
    .word 207, 139, 9, 0x49, 216, 139, 3, 0x48, 219, 139, 2, 0x49, 221, 139, 13, 0x00, 234, 139, 1, 0x48, 235, 139, 2, 0x08, 237, 139, 18, 0x00, 255, 139, 1, 0x08
    .word 256, 139, 1, 0x61, 257, 139, 2, 0x50, 259, 139, 1, 0x48, 260, 139, 1, 0x00, 261, 139, 1, 0x48, 262, 139, 5, 0x08, 267, 139, 2, 0x00, 269, 139, 1, 0x09
    .word 270, 139, 1, 0x4a, 271, 139, 1, 0x01, 272, 139, 3, 0x00, 275, 139, 2, 0x01, 277, 139, 5, 0x00, 282, 139, 2, 0x69, 284, 139, 1, 0x08, 285, 139, 1, 0x48
    .word 286, 139, 5, 0x08, 291, 139, 4, 0x61, 295, 139, 2, 0x00, 297, 139, 8, 0x48, 305, 139, 1, 0x08, 306, 139, 1, 0x61, 307, 139, 2, 0x48, 309, 139, 1, 0x49
    .word 310, 139, 10, 0x48, 0, 140, 1, 0x48, 1, 140, 3, 0x51, 4, 140, 1, 0x00, 5, 140, 4, 0x08, 9, 140, 1, 0x58, 10, 140, 2, 0x61, 12, 140, 2, 0x08
    .word 14, 140, 2, 0x00, 16, 140, 1, 0x48, 17, 140, 5, 0x61, 22, 140, 4, 0x48, 26, 140, 1, 0x08, 27, 140, 4, 0x00, 31, 140, 1, 0x58, 32, 140, 2, 0x61
    .word 34, 140, 1, 0x50, 35, 140, 6, 0x61, 41, 140, 5, 0x48, 46, 140, 1, 0x00, 47, 140, 10, 0x08, 57, 140, 2, 0x61, 59, 140, 2, 0x48, 61, 140, 3, 0x61
    .word 64, 140, 1, 0x48, 65, 140, 6, 0x00, 71, 140, 1, 0x09, 72, 140, 2, 0x0b, 74, 140, 2, 0x0d, 76, 140, 29, 0x00, 105, 140, 4, 0x48, 109, 140, 7, 0x49
    .word 116, 140, 1, 0x48, 117, 140, 2, 0x49, 119, 140, 1, 0x48, 120, 140, 2, 0x51, 122, 140, 3, 0x48, 125, 140, 76, 0x00, 201, 140, 1, 0x08, 202, 140, 2, 0x48
    .word 204, 140, 1, 0x51, 205, 140, 1, 0x59, 206, 140, 1, 0x48, 207, 140, 9, 0x49, 216, 140, 5, 0x48, 221, 140, 13, 0x00, 234, 140, 3, 0x08, 237, 140, 19, 0x00
    .word 256, 140, 1, 0x61, 257, 140, 2, 0x50, 259, 140, 1, 0x48, 260, 140, 1, 0x00, 261, 140, 9, 0x08, 270, 140, 4, 0x00, 274, 140, 1, 0x08, 275, 140, 2, 0x09
    .word 277, 140, 5, 0x00, 282, 140, 2, 0x08, 284, 140, 2, 0x48, 286, 140, 3, 0x08, 289, 140, 1, 0x40, 290, 140, 1, 0x08, 291, 140, 4, 0x61, 295, 140, 2, 0x00
    .word 297, 140, 8, 0x48, 305, 140, 1, 0x08, 306, 140, 1, 0x61, 307, 140, 2, 0x48, 309, 140, 1, 0x49, 310, 140, 1, 0x48, 311, 140, 1, 0x49, 312, 140, 2, 0x48
    .word 314, 140, 1, 0x49, 315, 140, 1, 0x48, 316, 140, 1, 0x49, 317, 140, 3, 0x48, 0, 141, 1, 0x48, 1, 141, 3, 0x51, 4, 141, 1, 0x00, 5, 141, 4, 0x08
    .word 9, 141, 1, 0x58, 10, 141, 2, 0x61, 12, 141, 2, 0x08, 14, 141, 2, 0x00, 16, 141, 1, 0x48, 17, 141, 5, 0x61, 22, 141, 4, 0x48, 26, 141, 1, 0x08
    .word 27, 141, 4, 0x00, 31, 141, 1, 0x58, 32, 141, 2, 0x61, 34, 141, 1, 0x50, 35, 141, 6, 0x61, 41, 141, 5, 0x48, 46, 141, 1, 0x00, 47, 141, 10, 0x08
    .word 57, 141, 2, 0x61, 59, 141, 2, 0x48, 61, 141, 3, 0x61, 64, 141, 1, 0x48, 65, 141, 6, 0x00, 71, 141, 1, 0x09, 72, 141, 2, 0x0b, 74, 141, 2, 0x0d
    .word 76, 141, 29, 0x00, 105, 141, 4, 0x48, 109, 141, 7, 0x49, 116, 141, 1, 0x48, 117, 141, 2, 0x49, 119, 141, 1, 0x48, 120, 141, 2, 0x51, 122, 141, 3, 0x48
    .word 125, 141, 76, 0x00, 201, 141, 1, 0x08, 202, 141, 2, 0x48, 204, 141, 1, 0x51, 205, 141, 1, 0x59, 206, 141, 1, 0x48, 207, 141, 9, 0x49, 216, 141, 5, 0x48
    .word 221, 141, 13, 0x00, 234, 141, 3, 0x08, 237, 141, 19, 0x00, 256, 141, 1, 0x61, 257, 141, 2, 0x50, 259, 141, 1, 0x48, 260, 141, 1, 0x00, 261, 141, 9, 0x08
    .word 270, 141, 4, 0x00, 274, 141, 1, 0x08, 275, 141, 2, 0x09, 277, 141, 5, 0x00, 282, 141, 2, 0x08, 284, 141, 2, 0x48, 286, 141, 3, 0x08, 289, 141, 1, 0x40
    .word 290, 141, 1, 0x08, 291, 141, 4, 0x61, 295, 141, 2, 0x00, 297, 141, 8, 0x48, 305, 141, 1, 0x08, 306, 141, 1, 0x61, 307, 141, 2, 0x48, 309, 141, 1, 0x49
    .word 310, 141, 1, 0x48, 311, 141, 1, 0x49, 312, 141, 2, 0x48, 314, 141, 1, 0x49, 315, 141, 1, 0x48, 316, 141, 1, 0x49, 317, 141, 3, 0x48, 0, 142, 1, 0x48
    .word 1, 142, 1, 0x51, 2, 142, 2, 0x48, 4, 142, 1, 0x00, 5, 142, 2, 0x08, 7, 142, 2, 0x00, 9, 142, 1, 0x58, 10, 142, 2, 0x61, 12, 142, 2, 0x08
    .word 14, 142, 2, 0x00, 16, 142, 1, 0x48, 17, 142, 2, 0x61, 19, 142, 2, 0xab, 21, 142, 1, 0x61, 22, 142, 2, 0x48, 24, 142, 3, 0x08, 27, 142, 4, 0x00
    .word 31, 142, 1, 0x50, 32, 142, 2, 0x61, 34, 142, 1, 0x50, 35, 142, 4, 0x61, 39, 142, 3, 0x48, 42, 142, 2, 0x08, 44, 142, 2, 0x48, 46, 142, 1, 0x00
    .word 47, 142, 10, 0x08, 57, 142, 2, 0x48, 59, 142, 1, 0x08, 60, 142, 1, 0x48, 61, 142, 3, 0x61, 64, 142, 7, 0x00, 71, 142, 1, 0x09, 72, 142, 2, 0x0b
    .word 74, 142, 2, 0x0d, 76, 142, 5, 0x00, 81, 142, 3, 0x51, 84, 142, 1, 0x48, 85, 142, 21, 0x00, 106, 142, 10, 0x08, 116, 142, 4, 0x48, 120, 142, 1, 0x08
    .word 121, 142, 83, 0x00, 204, 142, 1, 0x48, 205, 142, 1, 0x08, 206, 142, 5, 0x48, 211, 142, 1, 0x08, 212, 142, 4, 0x48, 216, 142, 5, 0x08, 221, 142, 25, 0x00
    .word 246, 142, 1, 0x08, 247, 142, 2, 0x00, 249, 142, 5, 0x51, 254, 142, 2, 0x00, 256, 142, 1, 0x61, 257, 142, 2, 0x50, 259, 142, 1, 0x48, 260, 142, 19, 0x00
    .word 279, 142, 1, 0x08, 280, 142, 2, 0x48, 282, 142, 2, 0x08, 284, 142, 1, 0x48, 285, 142, 4, 0x08, 289, 142, 1, 0x48, 290, 142, 1, 0x00, 291, 142, 1, 0xb4
    .word 292, 142, 2, 0x69, 294, 142, 1, 0x50, 295, 142, 2, 0x00, 297, 142, 2, 0x08, 299, 142, 7, 0x48, 306, 142, 1, 0x61, 307, 142, 5, 0x49, 312, 142, 2, 0x48
    .word 314, 142, 1, 0x49, 315, 142, 1, 0x48, 316, 142, 1, 0x49, 317, 142, 3, 0x48, 0, 143, 1, 0x49, 1, 143, 1, 0x48, 2, 143, 3, 0x00, 5, 143, 1, 0x48
    .word 6, 143, 1, 0x08, 7, 143, 2, 0x00, 9, 143, 1, 0x50, 10, 143, 1, 0x58, 11, 143, 3, 0x08, 14, 143, 2, 0x00, 16, 143, 1, 0x48, 17, 143, 5, 0x61
    .word 22, 143, 5, 0x08, 27, 143, 4, 0x00, 31, 143, 1, 0x58, 32, 143, 2, 0x61, 34, 143, 1, 0x50, 35, 143, 4, 0x61, 39, 143, 6, 0x48, 45, 143, 1, 0x08
    .word 46, 143, 1, 0x00, 47, 143, 7, 0x08, 54, 143, 7, 0x00, 61, 143, 3, 0x61, 64, 143, 7, 0x00, 71, 143, 1, 0x01, 72, 143, 2, 0x0b, 74, 143, 2, 0x0d
    .word 76, 143, 3, 0x49, 79, 143, 6, 0x48, 85, 143, 39, 0x00, 124, 143, 1, 0x48, 125, 143, 76, 0x00, 201, 143, 1, 0x48, 202, 143, 44, 0x00, 246, 143, 1, 0x08
    .word 247, 143, 2, 0x00, 249, 143, 2, 0x49, 251, 143, 1, 0x48, 252, 143, 4, 0x49, 256, 143, 1, 0x61, 257, 143, 2, 0x50, 259, 143, 2, 0x48, 261, 143, 1, 0x49
    .word 262, 143, 2, 0x51, 264, 143, 1, 0x48, 265, 143, 15, 0x00, 280, 143, 1, 0x08, 281, 143, 3, 0x48, 284, 143, 5, 0x08, 289, 143, 1, 0x48, 290, 143, 1, 0x08
    .word 291, 143, 3, 0x69, 294, 143, 1, 0x50, 295, 143, 1, 0x00, 296, 143, 5, 0x08, 301, 143, 5, 0x48, 306, 143, 1, 0x61, 307, 143, 5, 0x48, 312, 143, 3, 0x49
    .word 315, 143, 5, 0x48, 0, 144, 1, 0x49, 1, 144, 1, 0x48, 2, 144, 3, 0x00, 5, 144, 1, 0x48, 6, 144, 1, 0x08, 7, 144, 2, 0x00, 9, 144, 1, 0x50
    .word 10, 144, 1, 0x58, 11, 144, 3, 0x08, 14, 144, 2, 0x00, 16, 144, 1, 0x48, 17, 144, 5, 0x61, 22, 144, 5, 0x08, 27, 144, 4, 0x00, 31, 144, 1, 0x58
    .word 32, 144, 2, 0x61, 34, 144, 1, 0x50, 35, 144, 4, 0x61, 39, 144, 6, 0x48, 45, 144, 1, 0x08, 46, 144, 1, 0x00, 47, 144, 7, 0x08, 54, 144, 7, 0x00
    .word 61, 144, 3, 0x61, 64, 144, 7, 0x00, 71, 144, 1, 0x01, 72, 144, 2, 0x0b, 74, 144, 2, 0x0d, 76, 144, 3, 0x49, 79, 144, 6, 0x48, 85, 144, 39, 0x00
    .word 124, 144, 1, 0x48, 125, 144, 76, 0x00, 201, 144, 1, 0x48, 202, 144, 44, 0x00, 246, 144, 1, 0x08, 247, 144, 2, 0x00, 249, 144, 2, 0x49, 251, 144, 1, 0x48
    .word 252, 144, 4, 0x49, 256, 144, 1, 0x61, 257, 144, 2, 0x50, 259, 144, 2, 0x48, 261, 144, 1, 0x49, 262, 144, 2, 0x51, 264, 144, 1, 0x48, 265, 144, 15, 0x00
    .word 280, 144, 1, 0x08, 281, 144, 3, 0x48, 284, 144, 5, 0x08, 289, 144, 1, 0x48, 290, 144, 1, 0x08, 291, 144, 3, 0x69, 294, 144, 1, 0x50, 295, 144, 1, 0x00
    .word 296, 144, 5, 0x08, 301, 144, 5, 0x48, 306, 144, 1, 0x61, 307, 144, 5, 0x48, 312, 144, 3, 0x49, 315, 144, 5, 0x48, 0, 145, 2, 0x08, 2, 145, 3, 0x00
    .word 5, 145, 1, 0x48, 6, 145, 4, 0x08, 10, 145, 1, 0x00, 11, 145, 3, 0x08, 14, 145, 2, 0x00, 16, 145, 1, 0x48, 17, 145, 5, 0x61, 22, 145, 5, 0x08
    .word 27, 145, 4, 0x00, 31, 145, 1, 0x50, 32, 145, 7, 0x61, 39, 145, 1, 0x48, 40, 145, 21, 0x00, 61, 145, 3, 0x61, 64, 145, 1, 0x49, 65, 145, 6, 0x00
    .word 71, 145, 1, 0x09, 72, 145, 2, 0x0b, 74, 145, 2, 0x0d, 76, 145, 1, 0x49, 77, 145, 8, 0x48, 85, 145, 7, 0x00, 92, 145, 13, 0x08, 105, 145, 1, 0x00
    .word 106, 145, 5, 0x48, 111, 145, 1, 0x00, 112, 145, 7, 0x48, 119, 145, 1, 0x51, 120, 145, 1, 0x99, 121, 145, 1, 0x51, 122, 145, 3, 0x48, 125, 145, 76, 0x00
    .word 201, 145, 3, 0x48, 204, 145, 1, 0x51, 205, 145, 1, 0x9a, 206, 145, 1, 0x51, 207, 145, 7, 0x48, 214, 145, 1, 0x00, 215, 145, 4, 0x48, 219, 145, 2, 0x00
    .word 221, 145, 1, 0x08, 222, 145, 4, 0x48, 226, 145, 5, 0x08, 231, 145, 1, 0x48, 232, 145, 5, 0x08, 237, 145, 9, 0x00, 246, 145, 1, 0x08, 247, 145, 2, 0x00
    .word 249, 145, 1, 0x48, 250, 145, 5, 0x49, 255, 145, 1, 0x48, 256, 145, 1, 0x61, 257, 145, 2, 0x50, 259, 145, 1, 0x00, 260, 145, 4, 0x48, 264, 145, 1, 0x49
    .word 265, 145, 1, 0x48, 266, 145, 1, 0x49, 267, 145, 3, 0x00, 270, 145, 1, 0x48, 271, 145, 14, 0x00, 285, 145, 5, 0x08, 290, 145, 1, 0x00, 291, 145, 3, 0x61
    .word 294, 145, 1, 0x50, 295, 145, 1, 0x00, 296, 145, 6, 0x08, 302, 145, 4, 0x48, 306, 145, 1, 0x61, 307, 145, 2, 0x48, 309, 145, 1, 0x49, 310, 145, 2, 0x48
    .word 312, 145, 3, 0x49, 315, 145, 5, 0x48, 0, 146, 2, 0x08, 2, 146, 3, 0x00, 5, 146, 1, 0x48, 6, 146, 4, 0x08, 10, 146, 1, 0x00, 11, 146, 3, 0x08
    .word 14, 146, 2, 0x00, 16, 146, 1, 0x48, 17, 146, 5, 0x61, 22, 146, 5, 0x08, 27, 146, 4, 0x00, 31, 146, 1, 0x50, 32, 146, 7, 0x61, 39, 146, 1, 0x48
    .word 40, 146, 21, 0x00, 61, 146, 3, 0x61, 64, 146, 1, 0x49, 65, 146, 6, 0x00, 71, 146, 1, 0x09, 72, 146, 2, 0x0b, 74, 146, 2, 0x0d, 76, 146, 1, 0x49
    .word 77, 146, 8, 0x48, 85, 146, 7, 0x00, 92, 146, 13, 0x08, 105, 146, 1, 0x00, 106, 146, 5, 0x48, 111, 146, 1, 0x00, 112, 146, 7, 0x48, 119, 146, 1, 0x51
    .word 120, 146, 1, 0x99, 121, 146, 1, 0x51, 122, 146, 3, 0x48, 125, 146, 76, 0x00, 201, 146, 3, 0x48, 204, 146, 1, 0x51, 205, 146, 1, 0x9a, 206, 146, 1, 0x51
    .word 207, 146, 7, 0x48, 214, 146, 1, 0x00, 215, 146, 4, 0x48, 219, 146, 2, 0x00, 221, 146, 1, 0x08, 222, 146, 4, 0x48, 226, 146, 5, 0x08, 231, 146, 1, 0x48
    .word 232, 146, 5, 0x08, 237, 146, 9, 0x00, 246, 146, 1, 0x08, 247, 146, 2, 0x00, 249, 146, 1, 0x48, 250, 146, 5, 0x49, 255, 146, 1, 0x48, 256, 146, 1, 0x61
    .word 257, 146, 2, 0x50, 259, 146, 1, 0x00, 260, 146, 4, 0x48, 264, 146, 1, 0x49, 265, 146, 1, 0x48, 266, 146, 1, 0x49, 267, 146, 3, 0x00, 270, 146, 1, 0x48
    .word 271, 146, 14, 0x00, 285, 146, 5, 0x08, 290, 146, 1, 0x00, 291, 146, 3, 0x61, 294, 146, 1, 0x50, 295, 146, 1, 0x00, 296, 146, 6, 0x08, 302, 146, 4, 0x48
    .word 306, 146, 1, 0x61, 307, 146, 2, 0x48, 309, 146, 1, 0x49, 310, 146, 2, 0x48, 312, 146, 3, 0x49, 315, 146, 5, 0x48, 0, 147, 1, 0x08, 1, 147, 4, 0x00
    .word 5, 147, 1, 0x48, 6, 147, 8, 0x08, 14, 147, 2, 0x00, 16, 147, 1, 0x48, 17, 147, 5, 0x61, 22, 147, 5, 0x08, 27, 147, 4, 0x00, 31, 147, 1, 0x50
    .word 32, 147, 7, 0x61, 39, 147, 17, 0x00, 56, 147, 1, 0x08, 57, 147, 2, 0x51, 59, 147, 2, 0x00, 61, 147, 3, 0x61, 64, 147, 1, 0x48, 65, 147, 6, 0x00
    .word 71, 147, 1, 0x09, 72, 147, 2, 0x4b, 74, 147, 2, 0x0d, 76, 147, 1, 0x49, 77, 147, 3, 0x48, 80, 147, 1, 0x49, 81, 147, 1, 0x48, 82, 147, 2, 0x49
    .word 84, 147, 1, 0x48, 85, 147, 9, 0x00, 94, 147, 11, 0x08, 105, 147, 1, 0x00, 106, 147, 5, 0x48, 111, 147, 3, 0x08, 114, 147, 5, 0x48, 119, 147, 1, 0x51
    .word 120, 147, 1, 0x9a, 121, 147, 1, 0x51, 122, 147, 3, 0x48, 125, 147, 76, 0x00, 201, 147, 3, 0x48, 204, 147, 1, 0x51, 205, 147, 1, 0x99, 206, 147, 1, 0x51
    .word 207, 147, 7, 0x48, 214, 147, 1, 0x00, 215, 147, 4, 0x48, 219, 147, 2, 0x00, 221, 147, 14, 0x08, 235, 147, 15, 0x00, 250, 147, 5, 0x49, 255, 147, 1, 0x48
    .word 256, 147, 1, 0x61, 257, 147, 2, 0x48, 259, 147, 1, 0x00, 260, 147, 1, 0x48, 261, 147, 3, 0x49, 264, 147, 1, 0x48, 265, 147, 1, 0x49, 266, 147, 3, 0x48
    .word 269, 147, 1, 0x00, 270, 147, 1, 0x48, 271, 147, 3, 0x08, 274, 147, 17, 0x00, 291, 147, 3, 0x61, 294, 147, 1, 0x50, 295, 147, 1, 0x00, 296, 147, 6, 0x08
    .word 302, 147, 4, 0x48, 306, 147, 1, 0x58, 307, 147, 2, 0x48, 309, 147, 1, 0x49, 310, 147, 2, 0x48, 312, 147, 3, 0x49, 315, 147, 1, 0x08, 316, 147, 4, 0x48
    .word 0, 148, 1, 0x08, 1, 148, 4, 0x00, 5, 148, 9, 0x08, 14, 148, 2, 0x00, 16, 148, 1, 0x48, 17, 148, 5, 0x61, 22, 148, 2, 0x48, 24, 148, 3, 0x08
    .word 27, 148, 4, 0x00, 31, 148, 1, 0x50, 32, 148, 7, 0x61, 39, 148, 5, 0x00, 44, 148, 1, 0x51, 45, 148, 2, 0x00, 47, 148, 4, 0x48, 51, 148, 1, 0x00
    .word 52, 148, 2, 0x48, 54, 148, 1, 0x08, 55, 148, 4, 0x48, 59, 148, 2, 0x00, 61, 148, 3, 0x61, 64, 148, 1, 0x48, 65, 148, 6, 0x00, 71, 148, 1, 0x01
    .word 72, 148, 2, 0x4b, 74, 148, 2, 0x0d, 76, 148, 1, 0x48, 77, 148, 2, 0x49, 79, 148, 2, 0x00, 81, 148, 1, 0x48, 82, 148, 13, 0x00, 95, 148, 10, 0x08
    .word 105, 148, 1, 0x00, 106, 148, 5, 0x48, 111, 148, 3, 0x08, 114, 148, 5, 0x48, 119, 148, 1, 0x51, 120, 148, 1, 0x99, 121, 148, 1, 0x51, 122, 148, 3, 0x48
    .word 125, 148, 76, 0x00, 201, 148, 3, 0x48, 204, 148, 1, 0x51, 205, 148, 1, 0x9a, 206, 148, 1, 0x51, 207, 148, 7, 0x48, 214, 148, 1, 0x00, 215, 148, 4, 0x48
    .word 219, 148, 2, 0x00, 221, 148, 14, 0x08, 235, 148, 17, 0x00, 252, 148, 2, 0x48, 254, 148, 2, 0x49, 256, 148, 1, 0x61, 257, 148, 2, 0x48, 259, 148, 1, 0x00
    .word 260, 148, 1, 0x48, 261, 148, 1, 0x49, 262, 148, 2, 0x48, 264, 148, 1, 0x49, 265, 148, 1, 0x48, 266, 148, 3, 0x49, 269, 148, 1, 0x00, 270, 148, 1, 0x48
    .word 271, 148, 5, 0x08, 276, 148, 8, 0x00, 284, 148, 1, 0x99, 285, 148, 6, 0x00, 291, 148, 3, 0x61, 294, 148, 1, 0x50, 295, 148, 5, 0x00, 300, 148, 4, 0x08
    .word 304, 148, 3, 0x48, 307, 148, 2, 0x49, 309, 148, 5, 0x48, 314, 148, 2, 0x08, 316, 148, 4, 0x48, 0, 149, 1, 0x08, 1, 149, 4, 0x00, 5, 149, 9, 0x08
    .word 14, 149, 2, 0x00, 16, 149, 1, 0x48, 17, 149, 5, 0x61, 22, 149, 2, 0x48, 24, 149, 3, 0x08, 27, 149, 4, 0x00, 31, 149, 1, 0x50, 32, 149, 7, 0x61
    .word 39, 149, 5, 0x00, 44, 149, 1, 0x51, 45, 149, 2, 0x00, 47, 149, 4, 0x48, 51, 149, 1, 0x00, 52, 149, 2, 0x48, 54, 149, 1, 0x08, 55, 149, 4, 0x48
    .word 59, 149, 2, 0x00, 61, 149, 3, 0x61, 64, 149, 1, 0x48, 65, 149, 6, 0x00, 71, 149, 1, 0x01, 72, 149, 2, 0x4b, 74, 149, 2, 0x0d, 76, 149, 1, 0x48
    .word 77, 149, 2, 0x49, 79, 149, 2, 0x00, 81, 149, 1, 0x48, 82, 149, 13, 0x00, 95, 149, 10, 0x08, 105, 149, 1, 0x00, 106, 149, 5, 0x48, 111, 149, 3, 0x08
    .word 114, 149, 5, 0x48, 119, 149, 1, 0x51, 120, 149, 1, 0x99, 121, 149, 1, 0x51, 122, 149, 3, 0x48, 125, 149, 76, 0x00, 201, 149, 3, 0x48, 204, 149, 1, 0x51
    .word 205, 149, 1, 0x9a, 206, 149, 1, 0x51, 207, 149, 7, 0x48, 214, 149, 1, 0x00, 215, 149, 4, 0x48, 219, 149, 2, 0x00, 221, 149, 14, 0x08, 235, 149, 17, 0x00
    .word 252, 149, 2, 0x48, 254, 149, 2, 0x49, 256, 149, 1, 0x61, 257, 149, 2, 0x48, 259, 149, 1, 0x00, 260, 149, 1, 0x48, 261, 149, 1, 0x49, 262, 149, 2, 0x48
    .word 264, 149, 1, 0x49, 265, 149, 1, 0x48, 266, 149, 3, 0x49, 269, 149, 1, 0x00, 270, 149, 1, 0x48, 271, 149, 5, 0x08, 276, 149, 8, 0x00, 284, 149, 1, 0x99
    .word 285, 149, 6, 0x00, 291, 149, 3, 0x61, 294, 149, 1, 0x50, 295, 149, 5, 0x00, 300, 149, 4, 0x08, 304, 149, 3, 0x48, 307, 149, 2, 0x49, 309, 149, 5, 0x48
    .word 314, 149, 2, 0x08, 316, 149, 4, 0x48, 0, 150, 2, 0x08, 2, 150, 3, 0x00, 5, 150, 9, 0x08, 14, 150, 2, 0x00, 16, 150, 1, 0x48, 17, 150, 5, 0x61
    .word 22, 150, 9, 0x00, 31, 150, 1, 0x50, 32, 150, 4, 0x61, 36, 150, 1, 0x48, 37, 150, 2, 0x61, 39, 150, 1, 0x48, 40, 150, 4, 0x51, 44, 150, 1, 0x49
    .word 45, 150, 5, 0x48, 50, 150, 1, 0x49, 51, 150, 3, 0x00, 54, 150, 5, 0x48, 59, 150, 2, 0x00, 61, 150, 1, 0x50, 62, 150, 2, 0x61, 64, 150, 1, 0x49
    .word 65, 150, 1, 0x09, 66, 150, 5, 0x00, 71, 150, 1, 0x4a, 72, 150, 2, 0x0c, 74, 150, 2, 0x0d, 76, 150, 5, 0x00, 81, 150, 1, 0x51, 82, 150, 2, 0x99
    .word 84, 150, 1, 0x49, 85, 150, 1, 0x48, 86, 150, 1, 0x08, 87, 150, 8, 0x00, 95, 150, 10, 0x08, 105, 150, 1, 0x00, 106, 150, 5, 0x48, 111, 150, 3, 0x08
    .word 114, 150, 5, 0x48, 119, 150, 1, 0x51, 120, 150, 1, 0x99, 121, 150, 1, 0x51, 122, 150, 3, 0x48, 125, 150, 76, 0x00, 201, 150, 3, 0x48, 204, 150, 1, 0x51
    .word 205, 150, 1, 0x9a, 206, 150, 1, 0x51, 207, 150, 7, 0x48, 214, 150, 1, 0x00, 215, 150, 4, 0x48, 219, 150, 2, 0x00, 221, 150, 13, 0x08, 234, 150, 11, 0x00
    .word 245, 150, 4, 0x48, 249, 150, 1, 0x49, 250, 150, 1, 0x48, 251, 150, 9, 0x00, 260, 150, 1, 0x48, 261, 150, 4, 0x49, 265, 150, 1, 0x48, 266, 150, 3, 0x49
    .word 269, 150, 1, 0x00, 270, 150, 1, 0x48, 271, 150, 5, 0x08, 276, 150, 1, 0x00, 277, 150, 5, 0x49, 282, 150, 2, 0x48, 284, 150, 1, 0x51, 285, 150, 2, 0x49
    .word 287, 150, 2, 0x50, 289, 150, 1, 0x48, 290, 150, 1, 0x08, 291, 150, 3, 0x61, 294, 150, 1, 0x50, 295, 150, 11, 0x00, 306, 150, 1, 0x48, 307, 150, 2, 0x49
    .word 309, 150, 1, 0x48, 310, 150, 1, 0x49, 311, 150, 3, 0x48, 314, 150, 2, 0x08, 316, 150, 4, 0x48, 0, 151, 2, 0x08, 2, 151, 3, 0x00, 5, 151, 9, 0x08
    .word 14, 151, 2, 0x00, 16, 151, 1, 0x48, 17, 151, 5, 0x61, 22, 151, 9, 0x00, 31, 151, 1, 0x50, 32, 151, 4, 0x61, 36, 151, 1, 0x48, 37, 151, 2, 0x61
    .word 39, 151, 1, 0x48, 40, 151, 4, 0x51, 44, 151, 1, 0x49, 45, 151, 5, 0x48, 50, 151, 1, 0x49, 51, 151, 3, 0x00, 54, 151, 5, 0x48, 59, 151, 2, 0x00
    .word 61, 151, 1, 0x50, 62, 151, 2, 0x61, 64, 151, 1, 0x49, 65, 151, 1, 0x09, 66, 151, 5, 0x00, 71, 151, 1, 0x4a, 72, 151, 2, 0x0c, 74, 151, 2, 0x0d
    .word 76, 151, 5, 0x00, 81, 151, 1, 0x51, 82, 151, 2, 0x99, 84, 151, 1, 0x49, 85, 151, 1, 0x48, 86, 151, 1, 0x08, 87, 151, 8, 0x00, 95, 151, 10, 0x08
    .word 105, 151, 1, 0x00, 106, 151, 5, 0x48, 111, 151, 3, 0x08, 114, 151, 5, 0x48, 119, 151, 1, 0x51, 120, 151, 1, 0x99, 121, 151, 1, 0x51, 122, 151, 3, 0x48
    .word 125, 151, 76, 0x00, 201, 151, 3, 0x48, 204, 151, 1, 0x51, 205, 151, 1, 0x9a, 206, 151, 1, 0x51, 207, 151, 7, 0x48, 214, 151, 1, 0x00, 215, 151, 4, 0x48
    .word 219, 151, 2, 0x00, 221, 151, 13, 0x08, 234, 151, 11, 0x00, 245, 151, 4, 0x48, 249, 151, 1, 0x49, 250, 151, 1, 0x48, 251, 151, 9, 0x00, 260, 151, 1, 0x48
    .word 261, 151, 4, 0x49, 265, 151, 1, 0x48, 266, 151, 3, 0x49, 269, 151, 1, 0x00, 270, 151, 1, 0x48, 271, 151, 5, 0x08, 276, 151, 1, 0x00, 277, 151, 5, 0x49
    .word 282, 151, 2, 0x48, 284, 151, 1, 0x51, 285, 151, 2, 0x49, 287, 151, 2, 0x50, 289, 151, 1, 0x48, 290, 151, 1, 0x08, 291, 151, 3, 0x61, 294, 151, 1, 0x50
    .word 295, 151, 11, 0x00, 306, 151, 1, 0x48, 307, 151, 2, 0x49, 309, 151, 1, 0x48, 310, 151, 1, 0x49, 311, 151, 3, 0x48, 314, 151, 2, 0x08, 316, 151, 4, 0x48
    .word 0, 152, 2, 0x48, 2, 152, 14, 0x00, 16, 152, 1, 0x48, 17, 152, 5, 0x61, 22, 152, 9, 0x00, 31, 152, 1, 0x50, 32, 152, 3, 0x61, 35, 152, 1, 0x59
    .word 36, 152, 1, 0x48, 37, 152, 2, 0x61, 39, 152, 1, 0x48, 40, 152, 2, 0x49, 42, 152, 3, 0x48, 45, 152, 1, 0x49, 46, 152, 5, 0x48, 51, 152, 1, 0x08
    .word 52, 152, 2, 0x00, 54, 152, 5, 0x48, 59, 152, 1, 0x08, 60, 152, 1, 0x00, 61, 152, 1, 0x50, 62, 152, 2, 0x48, 64, 152, 1, 0x49, 65, 152, 1, 0x00
    .word 66, 152, 3, 0x01, 69, 152, 1, 0x09, 70, 152, 1, 0x0a, 71, 152, 1, 0x4a, 72, 152, 2, 0x0b, 74, 152, 1, 0x0d, 75, 152, 1, 0x0b, 76, 152, 1, 0x08
    .word 77, 152, 2, 0x48, 79, 152, 2, 0x49, 81, 152, 1, 0x51, 82, 152, 2, 0x49, 84, 152, 2, 0x48, 86, 152, 20, 0x00, 106, 152, 5, 0x48, 111, 152, 3, 0x08
    .word 114, 152, 5, 0x48, 119, 152, 1, 0x51, 120, 152, 1, 0x99, 121, 152, 1, 0x51, 122, 152, 2, 0x48, 124, 152, 2, 0x51, 126, 152, 73, 0x00, 199, 152, 1, 0x08
    .word 200, 152, 1, 0x51, 201, 152, 1, 0x9a, 202, 152, 2, 0x48, 204, 152, 1, 0x50, 205, 152, 1, 0x99, 206, 152, 1, 0x51, 207, 152, 7, 0x48, 214, 152, 1, 0x00
    .word 215, 152, 4, 0x48, 219, 152, 26, 0x00, 245, 152, 1, 0x08, 246, 152, 5, 0x48, 251, 152, 1, 0x51, 252, 152, 2, 0x5a, 254, 152, 1, 0x00, 255, 152, 1, 0x48
    .word 256, 152, 5, 0x00, 261, 152, 1, 0x48, 262, 152, 7, 0x49, 269, 152, 1, 0x00, 270, 152, 1, 0x48, 271, 152, 5, 0x08, 276, 152, 1, 0x00, 277, 152, 4, 0x48
    .word 281, 152, 1, 0x49, 282, 152, 9, 0x48, 291, 152, 3, 0x61, 294, 152, 1, 0x50, 295, 152, 1, 0x00, 296, 152, 3, 0x9a, 299, 152, 21, 0x00, 0, 153, 16, 0x00
    .word 16, 153, 1, 0x48, 17, 153, 5, 0x61, 22, 153, 3, 0xa2, 25, 153, 1, 0x9a, 26, 153, 1, 0x51, 27, 153, 2, 0x48, 29, 153, 1, 0x08, 30, 153, 1, 0x00
    .word 31, 153, 1, 0x50, 32, 153, 3, 0x61, 35, 153, 1, 0x48, 36, 153, 1, 0x49, 37, 153, 9, 0x48, 46, 153, 1, 0x49, 47, 153, 4, 0x48, 51, 153, 1, 0x08
    .word 52, 153, 2, 0x00, 54, 153, 5, 0x48, 59, 153, 1, 0x08, 60, 153, 2, 0x00, 62, 153, 2, 0x01, 64, 153, 1, 0x09, 65, 153, 1, 0x00, 66, 153, 5, 0x0a
    .word 71, 153, 1, 0x0b, 72, 153, 2, 0x0c, 74, 153, 1, 0x0b, 75, 153, 1, 0x00, 76, 153, 1, 0x48, 77, 153, 4, 0x49, 81, 153, 1, 0x51, 82, 153, 4, 0x48
    .word 86, 153, 19, 0x00, 105, 153, 4, 0x48, 109, 153, 1, 0x51, 110, 153, 4, 0x9a, 114, 153, 7, 0xa2, 121, 153, 1, 0xeb, 122, 153, 2, 0xa2, 124, 153, 2, 0x48
    .word 126, 153, 73, 0x00, 199, 153, 3, 0x48, 202, 153, 2, 0x50, 204, 153, 1, 0xa3, 205, 153, 1, 0xab, 206, 153, 3, 0xa3, 209, 153, 5, 0xa2, 214, 153, 2, 0x9a
    .word 216, 153, 1, 0x51, 217, 153, 4, 0x48, 221, 153, 26, 0x00, 247, 153, 2, 0x08, 249, 153, 5, 0x48, 254, 153, 1, 0x00, 255, 153, 2, 0x49, 257, 153, 2, 0x50
    .word 259, 153, 1, 0x61, 260, 153, 1, 0x59, 261, 153, 5, 0x00, 266, 153, 1, 0x48, 267, 153, 3, 0x00, 270, 153, 6, 0x08, 276, 153, 1, 0x00, 277, 153, 2, 0x48
    .word 279, 153, 3, 0x49, 282, 153, 2, 0x48, 284, 153, 1, 0x49, 285, 153, 1, 0x48, 286, 153, 3, 0x49, 289, 153, 1, 0x48, 290, 153, 1, 0x49, 291, 153, 3, 0x61
    .word 294, 153, 1, 0x50, 295, 153, 1, 0x00, 296, 153, 1, 0x48, 297, 153, 2, 0x50, 299, 153, 1, 0x51, 300, 153, 20, 0x00, 0, 154, 16, 0x00, 16, 154, 1, 0x48
    .word 17, 154, 5, 0x61, 22, 154, 3, 0xa2, 25, 154, 1, 0x9a, 26, 154, 1, 0x51, 27, 154, 2, 0x48, 29, 154, 1, 0x08, 30, 154, 1, 0x00, 31, 154, 1, 0x50
    .word 32, 154, 3, 0x61, 35, 154, 1, 0x48, 36, 154, 1, 0x49, 37, 154, 9, 0x48, 46, 154, 1, 0x49, 47, 154, 4, 0x48, 51, 154, 1, 0x08, 52, 154, 2, 0x00
    .word 54, 154, 5, 0x48, 59, 154, 1, 0x08, 60, 154, 2, 0x00, 62, 154, 2, 0x01, 64, 154, 1, 0x09, 65, 154, 1, 0x00, 66, 154, 5, 0x0a, 71, 154, 1, 0x0b
    .word 72, 154, 2, 0x0c, 74, 154, 1, 0x0b, 75, 154, 1, 0x00, 76, 154, 1, 0x48, 77, 154, 4, 0x49, 81, 154, 1, 0x51, 82, 154, 4, 0x48, 86, 154, 19, 0x00
    .word 105, 154, 4, 0x48, 109, 154, 1, 0x51, 110, 154, 4, 0x9a, 114, 154, 7, 0xa2, 121, 154, 1, 0xeb, 122, 154, 2, 0xa2, 124, 154, 2, 0x48, 126, 154, 73, 0x00
    .word 199, 154, 3, 0x48, 202, 154, 2, 0x50, 204, 154, 1, 0xa3, 205, 154, 1, 0xab, 206, 154, 3, 0xa3, 209, 154, 5, 0xa2, 214, 154, 2, 0x9a, 216, 154, 1, 0x51
    .word 217, 154, 4, 0x48, 221, 154, 26, 0x00, 247, 154, 2, 0x08, 249, 154, 5, 0x48, 254, 154, 1, 0x00, 255, 154, 2, 0x49, 257, 154, 2, 0x50, 259, 154, 1, 0x61
    .word 260, 154, 1, 0x59, 261, 154, 5, 0x00, 266, 154, 1, 0x48, 267, 154, 3, 0x00, 270, 154, 6, 0x08, 276, 154, 1, 0x00, 277, 154, 2, 0x48, 279, 154, 3, 0x49
    .word 282, 154, 2, 0x48, 284, 154, 1, 0x49, 285, 154, 1, 0x48, 286, 154, 3, 0x49, 289, 154, 1, 0x48, 290, 154, 1, 0x49, 291, 154, 3, 0x61, 294, 154, 1, 0x50
    .word 295, 154, 1, 0x00, 296, 154, 1, 0x48, 297, 154, 2, 0x50, 299, 154, 1, 0x51, 300, 154, 20, 0x00, 0, 155, 11, 0x00, 11, 155, 3, 0x48, 14, 155, 1, 0x51
    .word 15, 155, 2, 0x48, 17, 155, 5, 0x61, 22, 155, 4, 0x48, 26, 155, 3, 0x49, 29, 155, 1, 0x48, 30, 155, 1, 0x00, 31, 155, 1, 0x50, 32, 155, 3, 0x61
    .word 35, 155, 1, 0x48, 36, 155, 1, 0x49, 37, 155, 5, 0x48, 42, 155, 8, 0x49, 50, 155, 1, 0x48, 51, 155, 3, 0x00, 54, 155, 5, 0x48, 59, 155, 3, 0x00
    .word 62, 155, 2, 0x01, 64, 155, 2, 0x00, 66, 155, 8, 0x09, 74, 155, 1, 0x49, 75, 155, 1, 0x00, 76, 155, 1, 0x48, 77, 155, 3, 0x49, 80, 155, 4, 0x48
    .word 84, 155, 20, 0x00, 104, 155, 1, 0x08, 105, 155, 7, 0x48, 112, 155, 2, 0x51, 114, 155, 3, 0x48, 117, 155, 3, 0x08, 120, 155, 1, 0x00, 121, 155, 1, 0xab
    .word 122, 155, 2, 0x51, 124, 155, 2, 0x48, 126, 155, 73, 0x00, 199, 155, 5, 0x48, 204, 155, 1, 0xa3, 205, 155, 1, 0x48, 206, 155, 1, 0x08, 207, 155, 14, 0x48
    .word 221, 155, 1, 0x08, 222, 155, 29, 0x00, 251, 155, 3, 0x48, 254, 155, 1, 0x00, 255, 155, 4, 0x49, 259, 155, 1, 0x48, 260, 155, 2, 0x62, 262, 155, 2, 0x51
    .word 264, 155, 2, 0x00, 266, 155, 1, 0x51, 267, 155, 7, 0x00, 274, 155, 2, 0x08, 276, 155, 3, 0x00, 279, 155, 1, 0x48, 280, 155, 1, 0x49, 281, 155, 4, 0x48
    .word 285, 155, 6, 0x49, 291, 155, 3, 0x61, 294, 155, 1, 0x50, 295, 155, 1, 0x00, 296, 155, 8, 0x49, 304, 155, 2, 0x51, 306, 155, 3, 0x49, 309, 155, 11, 0x00
    .word 0, 156, 11, 0x00, 11, 156, 3, 0x48, 14, 156, 1, 0x51, 15, 156, 2, 0x48, 17, 156, 5, 0x61, 22, 156, 4, 0x48, 26, 156, 3, 0x49, 29, 156, 1, 0x48
    .word 30, 156, 1, 0x00, 31, 156, 1, 0x50, 32, 156, 3, 0x61, 35, 156, 1, 0x48, 36, 156, 1, 0x49, 37, 156, 5, 0x48, 42, 156, 8, 0x49, 50, 156, 1, 0x48
    .word 51, 156, 3, 0x00, 54, 156, 5, 0x48, 59, 156, 3, 0x00, 62, 156, 2, 0x01, 64, 156, 2, 0x00, 66, 156, 8, 0x09, 74, 156, 1, 0x49, 75, 156, 1, 0x00
    .word 76, 156, 1, 0x48, 77, 156, 3, 0x49, 80, 156, 4, 0x48, 84, 156, 20, 0x00, 104, 156, 1, 0x08, 105, 156, 7, 0x48, 112, 156, 2, 0x51, 114, 156, 3, 0x48
    .word 117, 156, 3, 0x08, 120, 156, 1, 0x00, 121, 156, 1, 0xab, 122, 156, 2, 0x51, 124, 156, 2, 0x48, 126, 156, 73, 0x00, 199, 156, 5, 0x48, 204, 156, 1, 0xa3
    .word 205, 156, 1, 0x48, 206, 156, 1, 0x08, 207, 156, 14, 0x48, 221, 156, 1, 0x08, 222, 156, 29, 0x00, 251, 156, 3, 0x48, 254, 156, 1, 0x00, 255, 156, 4, 0x49
    .word 259, 156, 1, 0x48, 260, 156, 2, 0x62, 262, 156, 2, 0x51, 264, 156, 2, 0x00, 266, 156, 1, 0x51, 267, 156, 7, 0x00, 274, 156, 2, 0x08, 276, 156, 3, 0x00
    .word 279, 156, 1, 0x48, 280, 156, 1, 0x49, 281, 156, 4, 0x48, 285, 156, 6, 0x49, 291, 156, 3, 0x61, 294, 156, 1, 0x50, 295, 156, 1, 0x00, 296, 156, 8, 0x49
    .word 304, 156, 2, 0x51, 306, 156, 3, 0x49, 309, 156, 11, 0x00, 0, 157, 2, 0xa2, 2, 157, 2, 0x51, 4, 157, 1, 0x08, 5, 157, 4, 0x00, 9, 157, 5, 0x49
    .word 14, 157, 3, 0x48, 17, 157, 5, 0x61, 22, 157, 2, 0x49, 24, 157, 1, 0x48, 25, 157, 1, 0x49, 26, 157, 1, 0x48, 27, 157, 2, 0x49, 29, 157, 1, 0x48
    .word 30, 157, 1, 0x00, 31, 157, 1, 0x50, 32, 157, 3, 0x61, 35, 157, 2, 0x48, 37, 157, 2, 0x49, 39, 157, 5, 0x48, 44, 157, 1, 0x49, 45, 157, 4, 0x48
    .word 49, 157, 1, 0x08, 50, 157, 6, 0x00, 56, 157, 1, 0x08, 57, 157, 2, 0x10, 59, 157, 1, 0x08, 60, 157, 2, 0x61, 62, 157, 2, 0x08, 64, 157, 3, 0x00
    .word 67, 157, 4, 0x01, 71, 157, 1, 0x09, 72, 157, 3, 0x49, 75, 157, 1, 0x00, 76, 157, 1, 0x48, 77, 157, 2, 0x49, 79, 157, 3, 0x48, 82, 157, 22, 0x00
    .word 104, 157, 1, 0x08, 105, 157, 14, 0x48, 119, 157, 2, 0x50, 121, 157, 1, 0xa2, 122, 157, 2, 0xa3, 124, 157, 2, 0x48, 126, 157, 74, 0x00, 200, 157, 2, 0x48
    .word 202, 157, 3, 0xa2, 205, 157, 16, 0x48, 221, 157, 1, 0x08, 222, 157, 29, 0x00, 251, 157, 1, 0x08, 252, 157, 2, 0x48, 254, 157, 1, 0x00, 255, 157, 5, 0x49
    .word 260, 157, 1, 0x48, 261, 157, 1, 0x49, 262, 157, 2, 0x48, 264, 157, 2, 0x00, 266, 157, 1, 0x51, 267, 157, 3, 0x9a, 270, 157, 1, 0x49, 271, 157, 8, 0x00
    .word 279, 157, 1, 0x08, 280, 157, 4, 0x48, 284, 157, 7, 0x49, 291, 157, 1, 0x61, 292, 157, 2, 0x58, 294, 157, 1, 0x08, 295, 157, 1, 0x00, 296, 157, 4, 0x49
    .word 300, 157, 5, 0x48, 305, 157, 4, 0x49, 309, 157, 3, 0x48, 312, 157, 4, 0x00, 316, 157, 1, 0xa2, 317, 157, 3, 0x9a, 0, 158, 2, 0x48, 2, 158, 8, 0x49
    .word 10, 158, 4, 0x48, 14, 158, 1, 0x49, 15, 158, 1, 0x48, 16, 158, 1, 0x08, 17, 158, 4, 0x61, 21, 158, 1, 0x48, 22, 158, 7, 0x49, 29, 158, 1, 0x48
    .word 30, 158, 1, 0x00, 31, 158, 1, 0x48, 32, 158, 3, 0x61, 35, 158, 1, 0x08, 36, 158, 4, 0x48, 40, 158, 1, 0x49, 41, 158, 5, 0x48, 46, 158, 9, 0x00
    .word 55, 158, 1, 0x51, 56, 158, 4, 0x6a, 60, 158, 1, 0x59, 61, 158, 3, 0x48, 64, 158, 1, 0x00, 65, 158, 1, 0x08, 66, 158, 1, 0x48, 67, 158, 2, 0x08
    .word 69, 158, 1, 0x00, 70, 158, 1, 0x49, 71, 158, 3, 0x48, 74, 158, 1, 0x49, 75, 158, 1, 0x00, 76, 158, 1, 0x48, 77, 158, 2, 0x08, 79, 158, 1, 0x48
    .word 80, 158, 1, 0x49, 81, 158, 23, 0x00, 104, 158, 1, 0x08, 105, 158, 16, 0x48, 121, 158, 1, 0x9a, 122, 158, 2, 0x50, 124, 158, 2, 0x48, 126, 158, 74, 0x00
    .word 200, 158, 4, 0x48, 204, 158, 1, 0x9a, 205, 158, 16, 0x48, 221, 158, 31, 0x00, 252, 158, 2, 0x08, 254, 158, 1, 0x00, 255, 158, 1, 0x48, 256, 158, 8, 0x49
    .word 264, 158, 2, 0x00, 266, 158, 1, 0x49, 267, 158, 2, 0x51, 269, 158, 1, 0x49, 270, 158, 1, 0x48, 271, 158, 3, 0x49, 274, 158, 10, 0x00, 284, 158, 1, 0x49
    .word 285, 158, 6, 0x48, 291, 158, 1, 0x10, 292, 158, 2, 0x48, 294, 158, 1, 0x00, 295, 158, 1, 0x08, 296, 158, 3, 0x49, 299, 158, 1, 0x48, 300, 158, 2, 0x49
    .word 302, 158, 2, 0x48, 304, 158, 1, 0x49, 305, 158, 1, 0x48, 306, 158, 1, 0x49, 307, 158, 5, 0x48, 312, 158, 2, 0x08, 314, 158, 2, 0x00, 316, 158, 1, 0x48
    .word 317, 158, 2, 0x49, 319, 158, 1, 0x48, 0, 159, 2, 0x48, 2, 159, 8, 0x49, 10, 159, 4, 0x48, 14, 159, 1, 0x49, 15, 159, 1, 0x48, 16, 159, 1, 0x08
    .word 17, 159, 4, 0x61, 21, 159, 1, 0x48, 22, 159, 7, 0x49, 29, 159, 1, 0x48, 30, 159, 1, 0x00, 31, 159, 1, 0x48, 32, 159, 3, 0x61, 35, 159, 1, 0x08
    .word 36, 159, 4, 0x48, 40, 159, 1, 0x49, 41, 159, 5, 0x48, 46, 159, 9, 0x00, 55, 159, 1, 0x51, 56, 159, 4, 0x6a, 60, 159, 1, 0x59, 61, 159, 3, 0x48
    .word 64, 159, 1, 0x00, 65, 159, 1, 0x08, 66, 159, 1, 0x48, 67, 159, 2, 0x08, 69, 159, 1, 0x00, 70, 159, 1, 0x49, 71, 159, 3, 0x48, 74, 159, 1, 0x49
    .word 75, 159, 1, 0x00, 76, 159, 1, 0x48, 77, 159, 2, 0x08, 79, 159, 1, 0x48, 80, 159, 1, 0x49, 81, 159, 23, 0x00, 104, 159, 1, 0x08, 105, 159, 16, 0x48
    .word 121, 159, 1, 0x9a, 122, 159, 2, 0x50, 124, 159, 2, 0x48, 126, 159, 74, 0x00, 200, 159, 4, 0x48, 204, 159, 1, 0x9a, 205, 159, 16, 0x48, 221, 159, 31, 0x00
    .word 252, 159, 2, 0x08, 254, 159, 1, 0x00, 255, 159, 1, 0x48, 256, 159, 8, 0x49, 264, 159, 2, 0x00, 266, 159, 1, 0x49, 267, 159, 2, 0x51, 269, 159, 1, 0x49
    .word 270, 159, 1, 0x48, 271, 159, 3, 0x49, 274, 159, 10, 0x00, 284, 159, 1, 0x49, 285, 159, 6, 0x48, 291, 159, 1, 0x10, 292, 159, 2, 0x48, 294, 159, 1, 0x00
    .word 295, 159, 1, 0x08, 296, 159, 3, 0x49, 299, 159, 1, 0x48, 300, 159, 2, 0x49, 302, 159, 2, 0x48, 304, 159, 1, 0x49, 305, 159, 1, 0x48, 306, 159, 1, 0x49
    .word 307, 159, 5, 0x48, 312, 159, 2, 0x08, 314, 159, 2, 0x00, 316, 159, 1, 0x48, 317, 159, 2, 0x49, 319, 159, 1, 0x48, 0, 160, 15, 0x49, 15, 160, 1, 0x48
    .word 16, 160, 1, 0x08, 17, 160, 2, 0x50, 19, 160, 2, 0x61, 21, 160, 1, 0x48, 22, 160, 7, 0x49, 29, 160, 1, 0x48, 30, 160, 2, 0x08, 32, 160, 2, 0x58
    .word 34, 160, 1, 0x60, 35, 160, 1, 0x08, 36, 160, 4, 0x48, 40, 160, 1, 0x49, 41, 160, 3, 0x48, 44, 160, 1, 0x08, 45, 160, 5, 0x00, 50, 160, 2, 0x48
    .word 52, 160, 2, 0x9a, 54, 160, 1, 0x00, 55, 160, 1, 0x51, 56, 160, 1, 0x59, 57, 160, 2, 0x51, 59, 160, 1, 0x6a, 60, 160, 5, 0x48, 65, 160, 1, 0x08
    .word 66, 160, 1, 0x48, 67, 160, 2, 0x08, 69, 160, 1, 0x00, 70, 160, 1, 0x49, 71, 160, 3, 0x48, 74, 160, 1, 0x49, 75, 160, 1, 0x00, 76, 160, 1, 0x48
    .word 77, 160, 2, 0x00, 79, 160, 1, 0x48, 80, 160, 1, 0x08, 81, 160, 23, 0x00, 104, 160, 1, 0x08, 105, 160, 16, 0x48, 121, 160, 1, 0x9a, 122, 160, 2, 0x51
    .word 124, 160, 2, 0x48, 126, 160, 74, 0x00, 200, 160, 4, 0x48, 204, 160, 1, 0x9a, 205, 160, 16, 0x48, 221, 160, 31, 0x00, 252, 160, 2, 0x08, 254, 160, 1, 0x00
    .word 255, 160, 1, 0x48, 256, 160, 8, 0x49, 264, 160, 2, 0x00, 266, 160, 3, 0x48, 269, 160, 5, 0x49, 274, 160, 1, 0x48, 275, 160, 2, 0x51, 277, 160, 8, 0x00
    .word 285, 160, 1, 0x48, 286, 160, 1, 0x49, 287, 160, 4, 0x48, 291, 160, 1, 0x08, 292, 160, 2, 0x48, 294, 160, 1, 0x00, 295, 160, 1, 0x08, 296, 160, 11, 0x49
    .word 307, 160, 3, 0x48, 310, 160, 1, 0x49, 311, 160, 1, 0x48, 312, 160, 2, 0x08, 314, 160, 2, 0x00, 316, 160, 1, 0x48, 317, 160, 3, 0x49, 0, 161, 15, 0x49
    .word 15, 161, 1, 0x48, 16, 161, 1, 0x08, 17, 161, 2, 0x50, 19, 161, 2, 0x61, 21, 161, 1, 0x48, 22, 161, 7, 0x49, 29, 161, 1, 0x48, 30, 161, 2, 0x08
    .word 32, 161, 2, 0x58, 34, 161, 1, 0x60, 35, 161, 1, 0x08, 36, 161, 4, 0x48, 40, 161, 1, 0x49, 41, 161, 3, 0x48, 44, 161, 1, 0x08, 45, 161, 5, 0x00
    .word 50, 161, 2, 0x48, 52, 161, 2, 0x9a, 54, 161, 1, 0x00, 55, 161, 1, 0x51, 56, 161, 1, 0x59, 57, 161, 2, 0x51, 59, 161, 1, 0x6a, 60, 161, 5, 0x48
    .word 65, 161, 1, 0x08, 66, 161, 1, 0x48, 67, 161, 2, 0x08, 69, 161, 1, 0x00, 70, 161, 1, 0x49, 71, 161, 3, 0x48, 74, 161, 1, 0x49, 75, 161, 1, 0x00
    .word 76, 161, 1, 0x48, 77, 161, 2, 0x00, 79, 161, 1, 0x48, 80, 161, 1, 0x08, 81, 161, 23, 0x00, 104, 161, 1, 0x08, 105, 161, 16, 0x48, 121, 161, 1, 0x9a
    .word 122, 161, 2, 0x51, 124, 161, 2, 0x48, 126, 161, 74, 0x00, 200, 161, 4, 0x48, 204, 161, 1, 0x9a, 205, 161, 16, 0x48, 221, 161, 31, 0x00, 252, 161, 2, 0x08
    .word 254, 161, 1, 0x00, 255, 161, 1, 0x48, 256, 161, 8, 0x49, 264, 161, 2, 0x00, 266, 161, 3, 0x48, 269, 161, 5, 0x49, 274, 161, 1, 0x48, 275, 161, 2, 0x51
    .word 277, 161, 8, 0x00, 285, 161, 1, 0x48, 286, 161, 1, 0x49, 287, 161, 4, 0x48, 291, 161, 1, 0x08, 292, 161, 2, 0x48, 294, 161, 1, 0x00, 295, 161, 1, 0x08
    .word 296, 161, 11, 0x49, 307, 161, 3, 0x48, 310, 161, 1, 0x49, 311, 161, 1, 0x48, 312, 161, 2, 0x08, 314, 161, 2, 0x00, 316, 161, 1, 0x48, 317, 161, 3, 0x49
    .word 0, 162, 1, 0x48, 1, 162, 14, 0x49, 15, 162, 4, 0x48, 19, 162, 2, 0x50, 21, 162, 5, 0x49, 26, 162, 4, 0x48, 30, 162, 4, 0x08, 34, 162, 13, 0x00
    .word 47, 162, 3, 0x48, 50, 162, 1, 0x51, 51, 162, 3, 0x48, 54, 162, 1, 0x00, 55, 162, 4, 0x48, 59, 162, 1, 0x49, 60, 162, 1, 0x48, 61, 162, 1, 0x49
    .word 62, 162, 2, 0x48, 64, 162, 3, 0x49, 67, 162, 2, 0x48, 69, 162, 1, 0x08, 70, 162, 4, 0x48, 74, 162, 1, 0x49, 75, 162, 30, 0x00, 105, 162, 2, 0x08
    .word 107, 162, 14, 0x48, 121, 162, 1, 0x9a, 122, 162, 2, 0x51, 124, 162, 2, 0x48, 126, 162, 74, 0x00, 200, 162, 4, 0x48, 204, 162, 1, 0x9a, 205, 162, 12, 0x48
    .word 217, 162, 4, 0x08, 221, 162, 34, 0x00, 255, 162, 1, 0x48, 256, 162, 1, 0x58, 257, 162, 2, 0x50, 259, 162, 1, 0x48, 260, 162, 4, 0x49, 264, 162, 2, 0x00
    .word 266, 162, 8, 0x49, 274, 162, 1, 0x48, 275, 162, 6, 0x49, 281, 162, 1, 0x48, 282, 162, 14, 0x00, 296, 162, 3, 0x48, 299, 162, 2, 0x49, 301, 162, 1, 0x48
    .word 302, 162, 5, 0x49, 307, 162, 3, 0x48, 310, 162, 1, 0x49, 311, 162, 1, 0x48, 312, 162, 2, 0x08, 314, 162, 2, 0x00, 316, 162, 1, 0x48, 317, 162, 3, 0x49
    .word 0, 163, 15, 0x49, 15, 163, 9, 0x48, 24, 163, 1, 0x00, 25, 163, 4, 0x48, 29, 163, 7, 0x00, 36, 163, 1, 0x10, 37, 163, 2, 0x00, 39, 163, 1, 0x48
    .word 40, 163, 1, 0xa2, 41, 163, 1, 0x51, 42, 163, 2, 0x00, 44, 163, 3, 0x48, 47, 163, 3, 0x49, 50, 163, 4, 0x48, 54, 163, 1, 0x00, 55, 163, 1, 0x08
    .word 56, 163, 13, 0x48, 69, 163, 1, 0x00, 70, 163, 2, 0x48, 72, 163, 14, 0x00, 86, 163, 1, 0x08, 87, 163, 4, 0x48, 91, 163, 5, 0x00, 96, 163, 3, 0x48
    .word 99, 163, 1, 0x08, 100, 163, 9, 0x00, 109, 163, 12, 0x48, 121, 163, 1, 0x9a, 122, 163, 2, 0x51, 124, 163, 1, 0x48, 125, 163, 76, 0x00, 201, 163, 3, 0x48
    .word 204, 163, 1, 0x9a, 205, 163, 11, 0x48, 216, 163, 5, 0x08, 221, 163, 5, 0x00, 226, 163, 1, 0x08, 227, 163, 4, 0x00, 231, 163, 3, 0x08, 234, 163, 3, 0x48
    .word 237, 163, 17, 0x00, 254, 163, 1, 0x08, 255, 163, 1, 0x50, 256, 163, 1, 0x61, 257, 163, 2, 0x50, 259, 163, 2, 0x48, 261, 163, 3, 0x49, 264, 163, 2, 0x00
    .word 266, 163, 1, 0x48, 267, 163, 2, 0x49, 269, 163, 1, 0x48, 270, 163, 1, 0x49, 271, 163, 1, 0x48, 272, 163, 2, 0x49, 274, 163, 6, 0x48, 280, 163, 2, 0x49
    .word 282, 163, 3, 0x48, 285, 163, 1, 0x00, 286, 163, 1, 0xa3, 287, 163, 2, 0x51, 289, 163, 1, 0x49, 290, 163, 1, 0x00, 291, 163, 1, 0x5a, 292, 163, 7, 0x00
    .word 299, 163, 1, 0x08, 300, 163, 5, 0x48, 305, 163, 1, 0x49, 306, 163, 3, 0x48, 309, 163, 2, 0x49, 311, 163, 3, 0x08, 314, 163, 2, 0x00, 316, 163, 1, 0x48
    .word 317, 163, 3, 0x49, 0, 164, 15, 0x49, 15, 164, 9, 0x48, 24, 164, 1, 0x00, 25, 164, 4, 0x48, 29, 164, 7, 0x00, 36, 164, 1, 0x10, 37, 164, 2, 0x00
    .word 39, 164, 1, 0x48, 40, 164, 1, 0xa2, 41, 164, 1, 0x51, 42, 164, 2, 0x00, 44, 164, 3, 0x48, 47, 164, 3, 0x49, 50, 164, 4, 0x48, 54, 164, 1, 0x00
    .word 55, 164, 1, 0x08, 56, 164, 13, 0x48, 69, 164, 1, 0x00, 70, 164, 2, 0x48, 72, 164, 14, 0x00, 86, 164, 1, 0x08, 87, 164, 4, 0x48, 91, 164, 5, 0x00
    .word 96, 164, 3, 0x48, 99, 164, 1, 0x08, 100, 164, 9, 0x00, 109, 164, 12, 0x48, 121, 164, 1, 0x9a, 122, 164, 2, 0x51, 124, 164, 1, 0x48, 125, 164, 76, 0x00
    .word 201, 164, 3, 0x48, 204, 164, 1, 0x9a, 205, 164, 11, 0x48, 216, 164, 5, 0x08, 221, 164, 5, 0x00, 226, 164, 1, 0x08, 227, 164, 4, 0x00, 231, 164, 3, 0x08
    .word 234, 164, 3, 0x48, 237, 164, 17, 0x00, 254, 164, 1, 0x08, 255, 164, 1, 0x50, 256, 164, 1, 0x61, 257, 164, 2, 0x50, 259, 164, 2, 0x48, 261, 164, 3, 0x49
    .word 264, 164, 2, 0x00, 266, 164, 1, 0x48, 267, 164, 2, 0x49, 269, 164, 1, 0x48, 270, 164, 1, 0x49, 271, 164, 1, 0x48, 272, 164, 2, 0x49, 274, 164, 6, 0x48
    .word 280, 164, 2, 0x49, 282, 164, 3, 0x48, 285, 164, 1, 0x00, 286, 164, 1, 0xa3, 287, 164, 2, 0x51, 289, 164, 1, 0x49, 290, 164, 1, 0x00, 291, 164, 1, 0x5a
    .word 292, 164, 7, 0x00, 299, 164, 1, 0x08, 300, 164, 5, 0x48, 305, 164, 1, 0x49, 306, 164, 3, 0x48, 309, 164, 2, 0x49, 311, 164, 3, 0x08, 314, 164, 2, 0x00
    .word 316, 164, 1, 0x48, 317, 164, 3, 0x49, 0, 165, 14, 0x49, 14, 165, 5, 0x48, 19, 165, 1, 0x00, 20, 165, 1, 0x48, 21, 165, 1, 0x49, 22, 165, 10, 0x00
    .word 32, 165, 2, 0x08, 34, 165, 1, 0x61, 35, 165, 2, 0x6a, 37, 165, 2, 0x62, 39, 165, 1, 0x48, 40, 165, 2, 0x49, 42, 165, 2, 0x00, 44, 165, 1, 0x08
    .word 45, 165, 2, 0x48, 47, 165, 7, 0x49, 54, 165, 1, 0x00, 55, 165, 1, 0x08, 56, 165, 4, 0x49, 60, 165, 1, 0x48, 61, 165, 3, 0x50, 64, 165, 1, 0x60
    .word 65, 165, 1, 0x6a, 66, 165, 1, 0x51, 67, 165, 3, 0x00, 70, 165, 1, 0x48, 71, 165, 11, 0x00, 82, 165, 2, 0x08, 84, 165, 20, 0x48, 104, 165, 5, 0x00
    .word 109, 165, 1, 0x08, 110, 165, 11, 0x48, 121, 165, 1, 0x99, 122, 165, 2, 0x48, 124, 165, 6, 0x00, 130, 165, 5, 0x48, 135, 165, 1, 0x08, 136, 165, 68, 0x00
    .word 204, 165, 1, 0x59, 205, 165, 11, 0x48, 216, 165, 5, 0x08, 221, 165, 1, 0x00, 222, 165, 4, 0x08, 226, 165, 19, 0x48, 245, 165, 1, 0x08, 246, 165, 1, 0x48
    .word 247, 165, 7, 0x00, 254, 165, 1, 0x69, 255, 165, 1, 0x61, 256, 165, 3, 0x50, 259, 165, 1, 0x08, 260, 165, 6, 0x00, 266, 165, 1, 0x08, 267, 165, 4, 0x49
    .word 271, 165, 3, 0x51, 274, 165, 8, 0x49, 282, 165, 2, 0x48, 284, 165, 1, 0x08, 285, 165, 1, 0x00, 286, 165, 1, 0x48, 287, 165, 3, 0x59, 290, 165, 1, 0xa2
    .word 291, 165, 1, 0x73, 292, 165, 2, 0xb2, 294, 165, 1, 0x08, 295, 165, 11, 0x00, 306, 165, 1, 0x49, 307, 165, 5, 0x48, 312, 165, 2, 0x08, 314, 165, 2, 0x00
    .word 316, 165, 1, 0x48, 317, 165, 3, 0x49, 0, 166, 14, 0x49, 14, 166, 5, 0x48, 19, 166, 1, 0x00, 20, 166, 1, 0x48, 21, 166, 1, 0x49, 22, 166, 10, 0x00
    .word 32, 166, 2, 0x08, 34, 166, 1, 0x61, 35, 166, 2, 0x6a, 37, 166, 2, 0x62, 39, 166, 1, 0x48, 40, 166, 2, 0x49, 42, 166, 2, 0x00, 44, 166, 1, 0x08
    .word 45, 166, 2, 0x48, 47, 166, 7, 0x49, 54, 166, 1, 0x00, 55, 166, 1, 0x08, 56, 166, 4, 0x49, 60, 166, 1, 0x48, 61, 166, 3, 0x50, 64, 166, 1, 0x60
    .word 65, 166, 1, 0x6a, 66, 166, 1, 0x51, 67, 166, 3, 0x00, 70, 166, 1, 0x48, 71, 166, 11, 0x00, 82, 166, 2, 0x08, 84, 166, 20, 0x48, 104, 166, 5, 0x00
    .word 109, 166, 1, 0x08, 110, 166, 11, 0x48, 121, 166, 1, 0x99, 122, 166, 2, 0x48, 124, 166, 6, 0x00, 130, 166, 5, 0x48, 135, 166, 1, 0x08, 136, 166, 68, 0x00
    .word 204, 166, 1, 0x59, 205, 166, 11, 0x48, 216, 166, 5, 0x08, 221, 166, 1, 0x00, 222, 166, 4, 0x08, 226, 166, 19, 0x48, 245, 166, 1, 0x08, 246, 166, 1, 0x48
    .word 247, 166, 7, 0x00, 254, 166, 1, 0x69, 255, 166, 1, 0x61, 256, 166, 3, 0x50, 259, 166, 1, 0x08, 260, 166, 6, 0x00, 266, 166, 1, 0x08, 267, 166, 4, 0x49
    .word 271, 166, 3, 0x51, 274, 166, 8, 0x49, 282, 166, 2, 0x48, 284, 166, 1, 0x08, 285, 166, 1, 0x00, 286, 166, 1, 0x48, 287, 166, 3, 0x59, 290, 166, 1, 0xa2
    .word 291, 166, 1, 0x73, 292, 166, 2, 0xb2, 294, 166, 1, 0x08, 295, 166, 11, 0x00, 306, 166, 1, 0x49, 307, 166, 5, 0x48, 312, 166, 2, 0x08, 314, 166, 2, 0x00
    .word 316, 166, 1, 0x48, 317, 166, 3, 0x49, 0, 167, 1, 0x48, 1, 167, 13, 0x49, 14, 167, 2, 0x48, 16, 167, 10, 0x00, 26, 167, 1, 0x51, 27, 167, 7, 0x61
    .word 34, 167, 1, 0x69, 35, 167, 1, 0xb3, 36, 167, 1, 0x50, 37, 167, 5, 0x49, 42, 167, 2, 0x00, 44, 167, 1, 0x08, 45, 167, 4, 0x48, 49, 167, 2, 0x49
    .word 51, 167, 1, 0x48, 52, 167, 2, 0x49, 54, 167, 1, 0x00, 55, 167, 5, 0x48, 60, 167, 4, 0x50, 64, 167, 1, 0x61, 65, 167, 2, 0x6a, 67, 167, 2, 0x51
    .word 69, 167, 10, 0x00, 79, 167, 13, 0x48, 92, 167, 2, 0x08, 94, 167, 3, 0x48, 97, 167, 2, 0x08, 99, 167, 1, 0x00, 100, 167, 4, 0x08, 104, 167, 23, 0x00
    .word 127, 167, 2, 0x50, 129, 167, 7, 0x48, 136, 167, 1, 0x50, 137, 167, 2, 0x48, 139, 167, 2, 0x50, 141, 167, 1, 0x48, 142, 167, 4, 0x00, 146, 167, 1, 0x08
    .word 147, 167, 2, 0x00, 149, 167, 7, 0x08, 156, 167, 3, 0x00, 159, 167, 2, 0x08, 161, 167, 9, 0x00, 170, 167, 4, 0x08, 174, 167, 3, 0x48, 177, 167, 3, 0x50
    .word 180, 167, 1, 0x48, 181, 167, 3, 0x50, 184, 167, 2, 0x48, 186, 167, 36, 0x00, 222, 167, 3, 0x48, 225, 167, 2, 0x50, 227, 167, 17, 0x48, 244, 167, 2, 0x08
    .word 246, 167, 1, 0x48, 247, 167, 2, 0x50, 249, 167, 1, 0x48, 250, 167, 1, 0x50, 251, 167, 1, 0x61, 252, 167, 2, 0x6a, 254, 167, 1, 0x58, 255, 167, 4, 0x50
    .word 259, 167, 2, 0x48, 261, 167, 6, 0x00, 267, 167, 2, 0x48, 269, 167, 2, 0x49, 271, 167, 3, 0x48, 274, 167, 6, 0x49, 280, 167, 2, 0x51, 282, 167, 2, 0x48
    .word 284, 167, 1, 0x08, 285, 167, 1, 0x00, 286, 167, 5, 0x48, 291, 167, 1, 0xab, 292, 167, 2, 0x62, 294, 167, 2, 0x6a, 296, 167, 3, 0x61, 299, 167, 1, 0x69
    .word 300, 167, 1, 0x61, 301, 167, 8, 0x00, 309, 167, 1, 0x08, 310, 167, 2, 0x48, 312, 167, 2, 0x08, 314, 167, 2, 0x00, 316, 167, 1, 0x48, 317, 167, 3, 0x49
    .word 0, 168, 6, 0x48, 6, 168, 1, 0x00, 7, 168, 4, 0x49, 11, 168, 3, 0x48, 14, 168, 6, 0x00, 20, 168, 1, 0x48, 21, 168, 3, 0xa3, 24, 168, 2, 0x00
    .word 26, 168, 1, 0x50, 27, 168, 2, 0x6a, 29, 168, 2, 0x50, 31, 168, 4, 0x49, 35, 168, 2, 0x48, 37, 168, 5, 0x49, 42, 168, 2, 0x00, 44, 168, 3, 0x08
    .word 47, 168, 2, 0x48, 49, 168, 2, 0x49, 51, 168, 3, 0x48, 54, 168, 1, 0x00, 55, 168, 2, 0x48, 57, 168, 2, 0x00, 59, 168, 1, 0x48, 60, 168, 4, 0x50
    .word 64, 168, 1, 0x61, 65, 168, 1, 0x69, 66, 168, 1, 0x6a, 67, 168, 2, 0x59, 69, 168, 1, 0x6a, 70, 168, 1, 0x72, 71, 168, 5, 0x00, 76, 168, 5, 0x48
    .word 81, 168, 1, 0x08, 82, 168, 2, 0x48, 84, 168, 1, 0x08, 85, 168, 1, 0x48, 86, 168, 1, 0x08, 87, 168, 2, 0x48, 89, 168, 1, 0x08, 90, 168, 5, 0x48
    .word 95, 168, 2, 0x08, 97, 168, 5, 0x00, 102, 168, 3, 0x08, 105, 168, 2, 0x48, 107, 168, 3, 0x08, 110, 168, 2, 0x48, 112, 168, 3, 0x08, 115, 168, 7, 0x00
    .word 122, 168, 17, 0x48, 139, 168, 1, 0x08, 140, 168, 4, 0x00, 144, 168, 7, 0x08, 151, 168, 38, 0x00, 189, 168, 2, 0x48, 191, 168, 10, 0x00, 201, 168, 1, 0x08
    .word 202, 168, 19, 0x00, 221, 168, 5, 0x08, 226, 168, 1, 0x50, 227, 168, 5, 0x48, 232, 168, 2, 0x08, 234, 168, 2, 0x48, 236, 168, 3, 0x08, 239, 168, 1, 0x48
    .word 240, 168, 1, 0x08, 241, 168, 1, 0x48, 242, 168, 3, 0x08, 245, 168, 1, 0x6a, 246, 168, 1, 0x58, 247, 168, 2, 0x50, 249, 168, 1, 0x08, 250, 168, 1, 0x58
    .word 251, 168, 1, 0x60, 252, 168, 2, 0x61, 254, 168, 3, 0x50, 257, 168, 3, 0x48, 260, 168, 1, 0x50, 261, 168, 10, 0x00, 271, 168, 1, 0x48, 272, 168, 2, 0x49
    .word 274, 168, 3, 0x48, 277, 168, 2, 0x49, 279, 168, 2, 0x48, 281, 168, 1, 0x49, 282, 168, 3, 0x08, 285, 168, 1, 0x00, 286, 168, 5, 0x48, 291, 168, 1, 0x49
    .word 292, 168, 2, 0x48, 294, 168, 1, 0x50, 295, 168, 2, 0x48, 297, 168, 2, 0x58, 299, 168, 1, 0x6a, 300, 168, 1, 0x61, 301, 168, 1, 0x48, 302, 168, 2, 0x00
    .word 304, 168, 1, 0xa3, 305, 168, 1, 0x9a, 306, 168, 10, 0x00, 316, 168, 1, 0x48, 317, 168, 3, 0x49, 0, 169, 6, 0x48, 6, 169, 1, 0x00, 7, 169, 4, 0x49
    .word 11, 169, 3, 0x48, 14, 169, 6, 0x00, 20, 169, 1, 0x48, 21, 169, 3, 0xa3, 24, 169, 2, 0x00, 26, 169, 1, 0x50, 27, 169, 2, 0x6a, 29, 169, 2, 0x50
    .word 31, 169, 4, 0x49, 35, 169, 2, 0x48, 37, 169, 5, 0x49, 42, 169, 2, 0x00, 44, 169, 3, 0x08, 47, 169, 2, 0x48, 49, 169, 2, 0x49, 51, 169, 3, 0x48
    .word 54, 169, 1, 0x00, 55, 169, 2, 0x48, 57, 169, 2, 0x00, 59, 169, 1, 0x48, 60, 169, 4, 0x50, 64, 169, 1, 0x61, 65, 169, 1, 0x69, 66, 169, 1, 0x6a
    .word 67, 169, 2, 0x59, 69, 169, 1, 0x6a, 70, 169, 1, 0x72, 71, 169, 5, 0x00, 76, 169, 5, 0x48, 81, 169, 1, 0x08, 82, 169, 2, 0x48, 84, 169, 1, 0x08
    .word 85, 169, 1, 0x48, 86, 169, 1, 0x08, 87, 169, 2, 0x48, 89, 169, 1, 0x08, 90, 169, 5, 0x48, 95, 169, 2, 0x08, 97, 169, 5, 0x00, 102, 169, 3, 0x08
    .word 105, 169, 2, 0x48, 107, 169, 3, 0x08, 110, 169, 2, 0x48, 112, 169, 3, 0x08, 115, 169, 7, 0x00, 122, 169, 17, 0x48, 139, 169, 1, 0x08, 140, 169, 4, 0x00
    .word 144, 169, 7, 0x08, 151, 169, 38, 0x00, 189, 169, 2, 0x48, 191, 169, 10, 0x00, 201, 169, 1, 0x08, 202, 169, 19, 0x00, 221, 169, 5, 0x08, 226, 169, 1, 0x50
    .word 227, 169, 5, 0x48, 232, 169, 2, 0x08, 234, 169, 2, 0x48, 236, 169, 3, 0x08, 239, 169, 1, 0x48, 240, 169, 1, 0x08, 241, 169, 1, 0x48, 242, 169, 3, 0x08
    .word 245, 169, 1, 0x6a, 246, 169, 1, 0x58, 247, 169, 2, 0x50, 249, 169, 1, 0x08, 250, 169, 1, 0x58, 251, 169, 1, 0x60, 252, 169, 2, 0x61, 254, 169, 3, 0x50
    .word 257, 169, 3, 0x48, 260, 169, 1, 0x50, 261, 169, 10, 0x00, 271, 169, 1, 0x48, 272, 169, 2, 0x49, 274, 169, 3, 0x48, 277, 169, 2, 0x49, 279, 169, 2, 0x48
    .word 281, 169, 1, 0x49, 282, 169, 3, 0x08, 285, 169, 1, 0x00, 286, 169, 5, 0x48, 291, 169, 1, 0x49, 292, 169, 2, 0x48, 294, 169, 1, 0x50, 295, 169, 2, 0x48
    .word 297, 169, 2, 0x58, 299, 169, 1, 0x6a, 300, 169, 1, 0x61, 301, 169, 1, 0x48, 302, 169, 2, 0x00, 304, 169, 1, 0xa3, 305, 169, 1, 0x9a, 306, 169, 10, 0x00
    .word 316, 169, 1, 0x48, 317, 169, 3, 0x49, 0, 170, 5, 0x48, 5, 170, 10, 0x00, 15, 170, 1, 0x51, 16, 170, 1, 0x9a, 17, 170, 2, 0x99, 19, 170, 1, 0x91
    .word 20, 170, 1, 0x49, 21, 170, 1, 0x50, 22, 170, 2, 0x51, 24, 170, 2, 0x00, 26, 170, 1, 0x49, 27, 170, 2, 0x50, 29, 170, 13, 0x49, 42, 170, 2, 0x00
    .word 44, 170, 5, 0x08, 49, 170, 3, 0x00, 52, 170, 2, 0x48, 54, 170, 1, 0x08, 55, 170, 4, 0x00, 59, 170, 6, 0x50, 65, 170, 2, 0x58, 67, 170, 4, 0x6a
    .word 71, 170, 1, 0x69, 72, 170, 2, 0x60, 74, 170, 1, 0x08, 75, 170, 1, 0x50, 76, 170, 1, 0x58, 77, 170, 2, 0x08, 79, 170, 1, 0x48, 80, 170, 1, 0x08
    .word 81, 170, 8, 0x50, 89, 170, 1, 0x08, 90, 170, 1, 0x48, 91, 170, 4, 0x08, 95, 170, 1, 0x00, 96, 170, 1, 0x08, 97, 170, 20, 0x50, 117, 170, 7, 0x48
    .word 124, 170, 1, 0x08, 125, 170, 16, 0x00, 141, 170, 5, 0x08, 146, 170, 8, 0x00, 154, 170, 1, 0x08, 155, 170, 7, 0x00, 162, 170, 2, 0x08, 164, 170, 15, 0x00
    .word 179, 170, 6, 0x08, 185, 170, 14, 0x00, 199, 170, 3, 0x08, 202, 170, 4, 0x48, 206, 170, 25, 0x00, 231, 170, 1, 0x08, 232, 170, 12, 0x50, 244, 170, 1, 0x60
    .word 245, 170, 1, 0x61, 246, 170, 1, 0x50, 247, 170, 3, 0x58, 250, 170, 1, 0x60, 251, 170, 1, 0x58, 252, 170, 5, 0x50, 257, 170, 2, 0x48, 259, 170, 8, 0x00
    .word 267, 170, 2, 0xa2, 269, 170, 1, 0x99, 270, 170, 1, 0x59, 271, 170, 6, 0x00, 277, 170, 2, 0x08, 279, 170, 2, 0x48, 281, 170, 3, 0x08, 284, 170, 1, 0x48
    .word 285, 170, 1, 0x00, 286, 170, 1, 0x48, 287, 170, 2, 0x49, 289, 170, 1, 0x48, 290, 170, 9, 0x49, 299, 170, 1, 0x10, 300, 170, 1, 0x49, 301, 170, 1, 0x48
    .word 302, 170, 2, 0x00, 304, 170, 5, 0x51, 309, 170, 10, 0x00, 319, 170, 1, 0x48, 0, 171, 5, 0x48, 5, 171, 10, 0x00, 15, 171, 1, 0x51, 16, 171, 1, 0x9a
    .word 17, 171, 2, 0x99, 19, 171, 1, 0x91, 20, 171, 1, 0x49, 21, 171, 1, 0x50, 22, 171, 2, 0x51, 24, 171, 2, 0x00, 26, 171, 1, 0x49, 27, 171, 2, 0x50
    .word 29, 171, 13, 0x49, 42, 171, 2, 0x00, 44, 171, 5, 0x08, 49, 171, 3, 0x00, 52, 171, 2, 0x48, 54, 171, 1, 0x08, 55, 171, 4, 0x00, 59, 171, 6, 0x50
    .word 65, 171, 2, 0x58, 67, 171, 4, 0x6a, 71, 171, 1, 0x69, 72, 171, 2, 0x60, 74, 171, 1, 0x08, 75, 171, 1, 0x50, 76, 171, 1, 0x58, 77, 171, 2, 0x08
    .word 79, 171, 1, 0x48, 80, 171, 1, 0x08, 81, 171, 8, 0x50, 89, 171, 1, 0x08, 90, 171, 1, 0x48, 91, 171, 4, 0x08, 95, 171, 1, 0x00, 96, 171, 1, 0x08
    .word 97, 171, 20, 0x50, 117, 171, 7, 0x48, 124, 171, 1, 0x08, 125, 171, 16, 0x00, 141, 171, 5, 0x08, 146, 171, 8, 0x00, 154, 171, 1, 0x08, 155, 171, 7, 0x00
    .word 162, 171, 2, 0x08, 164, 171, 15, 0x00, 179, 171, 6, 0x08, 185, 171, 14, 0x00, 199, 171, 3, 0x08, 202, 171, 4, 0x48, 206, 171, 25, 0x00, 231, 171, 1, 0x08
    .word 232, 171, 12, 0x50, 244, 171, 1, 0x60, 245, 171, 1, 0x61, 246, 171, 1, 0x50, 247, 171, 3, 0x58, 250, 171, 1, 0x60, 251, 171, 1, 0x58, 252, 171, 5, 0x50
    .word 257, 171, 2, 0x48, 259, 171, 8, 0x00, 267, 171, 2, 0xa2, 269, 171, 1, 0x99, 270, 171, 1, 0x59, 271, 171, 6, 0x00, 277, 171, 2, 0x08, 279, 171, 2, 0x48
    .word 281, 171, 3, 0x08, 284, 171, 1, 0x48, 285, 171, 1, 0x00, 286, 171, 1, 0x48, 287, 171, 2, 0x49, 289, 171, 1, 0x48, 290, 171, 9, 0x49, 299, 171, 1, 0x10
    .word 300, 171, 1, 0x49, 301, 171, 1, 0x48, 302, 171, 2, 0x00, 304, 171, 5, 0x51, 309, 171, 10, 0x00, 319, 171, 1, 0x48, 0, 172, 6, 0x00, 6, 172, 1, 0x08
    .word 7, 172, 2, 0xa3, 9, 172, 2, 0xa2, 11, 172, 1, 0x00, 12, 172, 2, 0x08, 14, 172, 7, 0x49, 21, 172, 3, 0x48, 24, 172, 2, 0x00, 26, 172, 3, 0x49
    .word 29, 172, 1, 0x48, 30, 172, 1, 0x49, 31, 172, 1, 0x48, 32, 172, 2, 0x49, 34, 172, 1, 0x48, 35, 172, 1, 0x49, 36, 172, 1, 0x48, 37, 172, 5, 0x49
    .word 42, 172, 2, 0x00, 44, 172, 3, 0x08, 47, 172, 5, 0x00, 52, 172, 2, 0x48, 54, 172, 1, 0x51, 55, 172, 1, 0x59, 56, 172, 3, 0x00, 59, 172, 2, 0x50
    .word 61, 172, 1, 0x48, 62, 172, 4, 0x50, 66, 172, 1, 0x58, 67, 172, 3, 0x61, 70, 172, 1, 0x60, 71, 172, 1, 0x69, 72, 172, 2, 0x61, 74, 172, 1, 0x08
    .word 75, 172, 1, 0x50, 76, 172, 1, 0x60, 77, 172, 2, 0x6a, 79, 172, 1, 0x18, 80, 172, 5, 0x08, 85, 172, 4, 0x00, 89, 172, 2, 0x08, 91, 172, 8, 0x00
    .word 99, 172, 3, 0x08, 102, 172, 15, 0x00, 117, 172, 3, 0x08, 120, 172, 4, 0x48, 124, 172, 2, 0x00, 126, 172, 3, 0x08, 129, 172, 1, 0x00, 130, 172, 7, 0x08
    .word 137, 172, 3, 0x00, 140, 172, 2, 0x08, 142, 172, 2, 0x00, 144, 172, 3, 0x08, 147, 172, 8, 0x00, 155, 172, 2, 0x48, 157, 172, 7, 0x00, 164, 172, 1, 0x50
    .word 165, 172, 4, 0x58, 169, 172, 7, 0x50, 176, 172, 1, 0x48, 177, 172, 9, 0x00, 186, 172, 8, 0x48, 194, 172, 3, 0x51, 197, 172, 15, 0x48, 212, 172, 22, 0x00
    .word 234, 172, 1, 0x08, 235, 172, 2, 0x50, 237, 172, 3, 0x58, 240, 172, 9, 0x50, 249, 172, 2, 0x58, 251, 172, 4, 0x50, 255, 172, 1, 0x48, 256, 172, 3, 0x08
    .word 259, 172, 7, 0x00, 266, 172, 1, 0x51, 267, 172, 2, 0x9a, 269, 172, 1, 0x51, 270, 172, 1, 0x48, 271, 172, 10, 0x00, 281, 172, 3, 0x08, 284, 172, 1, 0x48
    .word 285, 172, 1, 0x00, 286, 172, 1, 0x48, 287, 172, 5, 0x49, 292, 172, 2, 0x48, 294, 172, 7, 0x49, 301, 172, 1, 0x48, 302, 172, 2, 0x00, 304, 172, 1, 0x49
    .word 305, 172, 1, 0x48, 306, 172, 3, 0x51, 309, 172, 1, 0x50, 310, 172, 2, 0x48, 312, 172, 2, 0x49, 314, 172, 1, 0x51, 315, 172, 1, 0x49, 316, 172, 1, 0x59
    .word 317, 172, 3, 0x00, 0, 173, 6, 0x00, 6, 173, 1, 0xa2, 7, 173, 2, 0x51, 9, 173, 2, 0x9a, 11, 173, 1, 0x08, 12, 173, 2, 0x51, 14, 173, 10, 0x48
    .word 24, 173, 2, 0x00, 26, 173, 3, 0x49, 29, 173, 5, 0x48, 34, 173, 1, 0x49, 35, 173, 2, 0x48, 37, 173, 5, 0x49, 42, 173, 3, 0x00, 45, 173, 1, 0x08
    .word 46, 173, 6, 0x00, 52, 173, 2, 0x48, 54, 173, 2, 0x59, 56, 173, 1, 0x48, 57, 173, 2, 0x00, 59, 173, 1, 0x50, 60, 173, 2, 0x08, 62, 173, 4, 0x50
    .word 66, 173, 5, 0x58, 71, 173, 3, 0x69, 74, 173, 2, 0x50, 76, 173, 1, 0x58, 77, 173, 3, 0x6a, 80, 173, 2, 0x58, 82, 173, 4, 0x08, 86, 173, 20, 0x00
    .word 106, 173, 13, 0x08, 119, 173, 3, 0x48, 122, 173, 2, 0x00, 124, 173, 1, 0x08, 125, 173, 1, 0x48, 126, 173, 14, 0x08, 140, 173, 12, 0x48, 152, 173, 2, 0x08
    .word 154, 173, 1, 0x00, 155, 173, 10, 0x48, 165, 173, 2, 0x58, 167, 173, 3, 0x50, 170, 173, 1, 0x48, 171, 173, 5, 0x50, 176, 173, 1, 0x48, 177, 173, 7, 0x00
    .word 184, 173, 1, 0x08, 185, 173, 4, 0x48, 189, 173, 2, 0xec, 191, 173, 1, 0x59, 192, 173, 2, 0x51, 194, 173, 1, 0xa3, 195, 173, 2, 0xac, 197, 173, 7, 0x48
    .word 204, 173, 1, 0x49, 205, 173, 7, 0x48, 212, 173, 10, 0x08, 222, 173, 2, 0x00, 224, 173, 1, 0x08, 225, 173, 9, 0x00, 234, 173, 1, 0x08, 235, 173, 1, 0x50
    .word 236, 173, 3, 0x58, 239, 173, 17, 0x50, 256, 173, 8, 0x00, 264, 173, 1, 0x08, 265, 173, 2, 0x9a, 267, 173, 2, 0x99, 269, 173, 1, 0x51, 270, 173, 1, 0x48
    .word 271, 173, 13, 0x00, 284, 173, 1, 0x08, 285, 173, 1, 0x00, 286, 173, 3, 0x48, 289, 173, 3, 0x49, 292, 173, 2, 0x48, 294, 173, 7, 0x49, 301, 173, 1, 0x48
    .word 302, 173, 2, 0x00, 304, 173, 1, 0x49, 305, 173, 1, 0x48, 306, 173, 8, 0x49, 314, 173, 1, 0x51, 315, 173, 1, 0x49, 316, 173, 1, 0xaa, 317, 173, 3, 0x00
    .word 0, 174, 6, 0x00, 6, 174, 1, 0xa2, 7, 174, 2, 0x51, 9, 174, 2, 0x9a, 11, 174, 1, 0x08, 12, 174, 2, 0x51, 14, 174, 10, 0x48, 24, 174, 2, 0x00
    .word 26, 174, 3, 0x49, 29, 174, 5, 0x48, 34, 174, 1, 0x49, 35, 174, 2, 0x48, 37, 174, 5, 0x49, 42, 174, 3, 0x00, 45, 174, 1, 0x08, 46, 174, 6, 0x00
    .word 52, 174, 2, 0x48, 54, 174, 2, 0x59, 56, 174, 1, 0x48, 57, 174, 2, 0x00, 59, 174, 1, 0x50, 60, 174, 2, 0x08, 62, 174, 4, 0x50, 66, 174, 5, 0x58
    .word 71, 174, 3, 0x69, 74, 174, 2, 0x50, 76, 174, 1, 0x58, 77, 174, 3, 0x6a, 80, 174, 2, 0x58, 82, 174, 4, 0x08, 86, 174, 20, 0x00, 106, 174, 13, 0x08
    .word 119, 174, 3, 0x48, 122, 174, 2, 0x00, 124, 174, 1, 0x08, 125, 174, 1, 0x48, 126, 174, 14, 0x08, 140, 174, 12, 0x48, 152, 174, 2, 0x08, 154, 174, 1, 0x00
    .word 155, 174, 10, 0x48, 165, 174, 2, 0x58, 167, 174, 3, 0x50, 170, 174, 1, 0x48, 171, 174, 5, 0x50, 176, 174, 1, 0x48, 177, 174, 7, 0x00, 184, 174, 1, 0x08
    .word 185, 174, 4, 0x48, 189, 174, 2, 0xec, 191, 174, 1, 0x59, 192, 174, 2, 0x51, 194, 174, 1, 0xa3, 195, 174, 2, 0xac, 197, 174, 7, 0x48, 204, 174, 1, 0x49
    .word 205, 174, 7, 0x48, 212, 174, 10, 0x08, 222, 174, 2, 0x00, 224, 174, 1, 0x08, 225, 174, 9, 0x00, 234, 174, 1, 0x08, 235, 174, 1, 0x50, 236, 174, 3, 0x58
    .word 239, 174, 17, 0x50, 256, 174, 8, 0x00, 264, 174, 1, 0x08, 265, 174, 2, 0x9a, 267, 174, 2, 0x99, 269, 174, 1, 0x51, 270, 174, 1, 0x48, 271, 174, 13, 0x00
    .word 284, 174, 1, 0x08, 285, 174, 1, 0x00, 286, 174, 3, 0x48, 289, 174, 3, 0x49, 292, 174, 2, 0x48, 294, 174, 7, 0x49, 301, 174, 1, 0x48, 302, 174, 2, 0x00
    .word 304, 174, 1, 0x49, 305, 174, 1, 0x48, 306, 174, 8, 0x49, 314, 174, 1, 0x51, 315, 174, 1, 0x49, 316, 174, 1, 0xaa, 317, 174, 3, 0x00, 0, 175, 2, 0x00
    .word 2, 175, 2, 0x08, 4, 175, 3, 0x49, 7, 175, 2, 0x48, 9, 175, 2, 0x9a, 11, 175, 1, 0x48, 12, 175, 2, 0x08, 14, 175, 10, 0x48, 24, 175, 2, 0x00
    .word 26, 175, 5, 0x49, 31, 175, 8, 0x48, 39, 175, 1, 0x49, 40, 175, 12, 0x00, 52, 175, 3, 0x48, 55, 175, 1, 0x51, 56, 175, 1, 0x59, 57, 175, 2, 0x99
    .word 59, 175, 2, 0x48, 61, 175, 3, 0x08, 64, 175, 3, 0x50, 67, 175, 4, 0x58, 71, 175, 4, 0x61, 75, 175, 2, 0x58, 77, 175, 2, 0x69, 79, 175, 1, 0x6a
    .word 80, 175, 2, 0x58, 82, 175, 2, 0x50, 84, 175, 1, 0x60, 85, 175, 1, 0x69, 86, 175, 3, 0x50, 89, 175, 1, 0x59, 90, 175, 1, 0x08, 91, 175, 15, 0x00
    .word 106, 175, 11, 0x08, 117, 175, 2, 0x00, 119, 175, 2, 0x48, 121, 175, 9, 0x08, 130, 175, 1, 0x00, 131, 175, 1, 0x58, 132, 175, 5, 0x61, 137, 175, 2, 0x59
    .word 139, 175, 1, 0x60, 140, 175, 1, 0x58, 141, 175, 3, 0x61, 144, 175, 1, 0x60, 145, 175, 1, 0x59, 146, 175, 6, 0x48, 152, 175, 2, 0x00, 154, 175, 2, 0x49
    .word 156, 175, 1, 0x48, 157, 175, 2, 0x49, 159, 175, 18, 0x48, 177, 175, 2, 0x08, 179, 175, 1, 0x00, 180, 175, 7, 0x48, 187, 175, 2, 0xab, 189, 175, 3, 0x51
    .word 192, 175, 2, 0xec, 194, 175, 1, 0xf4, 195, 175, 2, 0xec, 197, 175, 3, 0xab, 200, 175, 1, 0x51, 201, 175, 15, 0x48, 216, 175, 8, 0x08, 224, 175, 10, 0x00
    .word 234, 175, 2, 0x08, 236, 175, 6, 0x00, 242, 175, 9, 0x50, 251, 175, 1, 0x58, 252, 175, 2, 0x61, 254, 175, 2, 0x50, 256, 175, 1, 0x48, 257, 175, 2, 0x50
    .word 259, 175, 2, 0x48, 261, 175, 1, 0x08, 262, 175, 2, 0x59, 264, 175, 1, 0xa2, 265, 175, 1, 0x9a, 266, 175, 4, 0x50, 270, 175, 1, 0x48, 271, 175, 15, 0x00
    .word 286, 175, 1, 0x08, 287, 175, 4, 0x48, 291, 175, 1, 0x49, 292, 175, 4, 0x48, 296, 175, 5, 0x49, 301, 175, 1, 0x48, 302, 175, 2, 0x00, 304, 175, 2, 0x49
    .word 306, 175, 1, 0x48, 307, 175, 7, 0x49, 314, 175, 2, 0x48, 316, 175, 1, 0x99, 317, 175, 2, 0x9a, 319, 175, 1, 0x99, 0, 176, 2, 0x00, 2, 176, 2, 0x08
    .word 4, 176, 3, 0x49, 7, 176, 2, 0x48, 9, 176, 2, 0x9a, 11, 176, 1, 0x48, 12, 176, 2, 0x08, 14, 176, 10, 0x48, 24, 176, 2, 0x00, 26, 176, 5, 0x49
    .word 31, 176, 8, 0x48, 39, 176, 1, 0x49, 40, 176, 12, 0x00, 52, 176, 3, 0x48, 55, 176, 1, 0x51, 56, 176, 1, 0x59, 57, 176, 2, 0x99, 59, 176, 2, 0x48
    .word 61, 176, 3, 0x08, 64, 176, 3, 0x50, 67, 176, 4, 0x58, 71, 176, 4, 0x61, 75, 176, 2, 0x58, 77, 176, 2, 0x69, 79, 176, 1, 0x6a, 80, 176, 2, 0x58
    .word 82, 176, 2, 0x50, 84, 176, 1, 0x60, 85, 176, 1, 0x69, 86, 176, 3, 0x50, 89, 176, 1, 0x59, 90, 176, 1, 0x08, 91, 176, 15, 0x00, 106, 176, 11, 0x08
    .word 117, 176, 2, 0x00, 119, 176, 2, 0x48, 121, 176, 9, 0x08, 130, 176, 1, 0x00, 131, 176, 1, 0x58, 132, 176, 5, 0x61, 137, 176, 2, 0x59, 139, 176, 1, 0x60
    .word 140, 176, 1, 0x58, 141, 176, 3, 0x61, 144, 176, 1, 0x60, 145, 176, 1, 0x59, 146, 176, 6, 0x48, 152, 176, 2, 0x00, 154, 176, 2, 0x49, 156, 176, 1, 0x48
    .word 157, 176, 2, 0x49, 159, 176, 18, 0x48, 177, 176, 2, 0x08, 179, 176, 1, 0x00, 180, 176, 7, 0x48, 187, 176, 2, 0xab, 189, 176, 3, 0x51, 192, 176, 2, 0xec
    .word 194, 176, 1, 0xf4, 195, 176, 2, 0xec, 197, 176, 3, 0xab, 200, 176, 1, 0x51, 201, 176, 15, 0x48, 216, 176, 8, 0x08, 224, 176, 10, 0x00, 234, 176, 2, 0x08
    .word 236, 176, 6, 0x00, 242, 176, 9, 0x50, 251, 176, 1, 0x58, 252, 176, 2, 0x61, 254, 176, 2, 0x50, 256, 176, 1, 0x48, 257, 176, 2, 0x50, 259, 176, 2, 0x48
    .word 261, 176, 1, 0x08, 262, 176, 2, 0x59, 264, 176, 1, 0xa2, 265, 176, 1, 0x9a, 266, 176, 4, 0x50, 270, 176, 1, 0x48, 271, 176, 15, 0x00, 286, 176, 1, 0x08
    .word 287, 176, 4, 0x48, 291, 176, 1, 0x49, 292, 176, 4, 0x48, 296, 176, 5, 0x49, 301, 176, 1, 0x48, 302, 176, 2, 0x00, 304, 176, 2, 0x49, 306, 176, 1, 0x48
    .word 307, 176, 7, 0x49, 314, 176, 2, 0x48, 316, 176, 1, 0x99, 317, 176, 2, 0x9a, 319, 176, 1, 0x99, 0, 177, 1, 0x51, 1, 177, 14, 0x48, 15, 177, 1, 0x59
    .word 16, 177, 8, 0x48, 24, 177, 2, 0x00, 26, 177, 1, 0x49, 27, 177, 2, 0x48, 29, 177, 1, 0x49, 30, 177, 4, 0x48, 34, 177, 1, 0x59, 35, 177, 1, 0x9a
    .word 36, 177, 1, 0x48, 37, 177, 15, 0x00, 52, 177, 3, 0x48, 55, 177, 1, 0x50, 56, 177, 3, 0x51, 59, 177, 1, 0x9a, 60, 177, 1, 0xa2, 61, 177, 1, 0x51
    .word 62, 177, 7, 0x50, 69, 177, 2, 0x58, 71, 177, 3, 0x50, 74, 177, 3, 0x58, 77, 177, 3, 0x61, 80, 177, 1, 0x58, 81, 177, 3, 0x50, 84, 177, 3, 0x58
    .word 87, 177, 2, 0x50, 89, 177, 1, 0x58, 90, 177, 1, 0x61, 91, 177, 3, 0x60, 94, 177, 1, 0x61, 95, 177, 1, 0x59, 96, 177, 1, 0x08, 97, 177, 10, 0x00
    .word 107, 177, 9, 0x48, 116, 177, 5, 0x00, 121, 177, 1, 0x48, 122, 177, 10, 0x00, 132, 177, 3, 0x08, 135, 177, 4, 0x48, 139, 177, 1, 0x49, 140, 177, 7, 0x48
    .word 147, 177, 4, 0x49, 151, 177, 3, 0x00, 154, 177, 1, 0x49, 155, 177, 1, 0x48, 156, 177, 1, 0x49, 157, 177, 4, 0x48, 161, 177, 1, 0x49, 162, 177, 2, 0x48
    .word 164, 177, 6, 0x50, 170, 177, 9, 0x48, 179, 177, 7, 0x00, 186, 177, 1, 0x48, 187, 177, 2, 0xa3, 189, 177, 2, 0x51, 191, 177, 1, 0x59, 192, 177, 2, 0x99
    .word 194, 177, 5, 0x9a, 199, 177, 2, 0x51, 201, 177, 1, 0x08, 202, 177, 19, 0x00, 221, 177, 1, 0x50, 222, 177, 3, 0x61, 225, 177, 1, 0x69, 226, 177, 8, 0x61
    .word 234, 177, 20, 0x48, 254, 177, 2, 0x60, 256, 177, 1, 0x61, 257, 177, 4, 0x50, 261, 177, 1, 0x59, 262, 177, 2, 0x99, 264, 177, 1, 0x51, 265, 177, 2, 0x50
    .word 267, 177, 2, 0x48, 269, 177, 3, 0x00, 272, 177, 2, 0x08, 274, 177, 17, 0x00, 291, 177, 3, 0x49, 294, 177, 2, 0x48, 296, 177, 1, 0x51, 297, 177, 4, 0x49
    .word 301, 177, 1, 0x48, 302, 177, 2, 0x00, 304, 177, 1, 0x49, 305, 177, 1, 0x48, 306, 177, 1, 0x50, 307, 177, 2, 0x48, 309, 177, 1, 0x49, 310, 177, 1, 0x48
    .word 311, 177, 5, 0x49, 316, 177, 3, 0x50, 319, 177, 1, 0x58, 0, 178, 10, 0x48, 10, 178, 1, 0x00, 11, 178, 4, 0x50, 15, 178, 1, 0x60, 16, 178, 1, 0x61
    .word 17, 178, 5, 0x48, 22, 178, 4, 0x00, 26, 178, 1, 0x49, 27, 178, 2, 0x48, 29, 178, 3, 0x00, 32, 178, 2, 0x08, 34, 178, 1, 0x51, 35, 178, 2, 0x9a
    .word 37, 178, 18, 0x00, 55, 178, 1, 0x50, 56, 178, 1, 0x48, 57, 178, 2, 0x50, 59, 178, 3, 0x51, 62, 178, 13, 0x50, 75, 178, 4, 0x58, 79, 178, 5, 0x50
    .word 84, 178, 3, 0x58, 87, 178, 2, 0x50, 89, 178, 2, 0x58, 91, 178, 1, 0x61, 92, 178, 4, 0x58, 96, 178, 1, 0x69, 97, 178, 3, 0x58, 100, 178, 1, 0x50
    .word 101, 178, 4, 0x48, 105, 178, 1, 0x08, 106, 178, 1, 0x48, 107, 178, 2, 0x08, 109, 178, 3, 0x48, 112, 178, 3, 0x08, 115, 178, 1, 0x00, 116, 178, 1, 0x48
    .word 117, 178, 2, 0x49, 119, 178, 18, 0x48, 137, 178, 4, 0x49, 141, 178, 1, 0x48, 142, 178, 5, 0x61, 147, 178, 2, 0x50, 149, 178, 1, 0x48, 150, 178, 1, 0x49
    .word 151, 178, 1, 0x00, 152, 178, 10, 0x48, 162, 178, 9, 0x61, 171, 178, 1, 0x10, 172, 178, 2, 0x50, 174, 178, 13, 0x48, 187, 178, 2, 0xab, 189, 178, 1, 0x62
    .word 190, 178, 1, 0x99, 191, 178, 1, 0x51, 192, 178, 2, 0x48, 194, 178, 2, 0x49, 196, 178, 3, 0x48, 199, 178, 1, 0x50, 200, 178, 1, 0x51, 201, 178, 1, 0x61
    .word 202, 178, 2, 0x59, 204, 178, 1, 0x50, 205, 178, 2, 0x48, 207, 178, 2, 0x49, 209, 178, 17, 0x48, 226, 178, 9, 0x61, 235, 178, 1, 0x60, 236, 178, 8, 0x61
    .word 244, 178, 1, 0x59, 245, 178, 9, 0x48, 254, 178, 6, 0x50, 260, 178, 1, 0x48, 261, 178, 1, 0x59, 262, 178, 2, 0x48, 264, 178, 1, 0x50, 265, 178, 1, 0x48
    .word 266, 178, 1, 0x08, 267, 178, 27, 0x00, 294, 178, 1, 0x48, 295, 178, 1, 0x99, 296, 178, 1, 0x51, 297, 178, 2, 0x50, 299, 178, 1, 0x00, 300, 178, 2, 0x48
    .word 302, 178, 2, 0x00, 304, 178, 1, 0x48, 305, 178, 1, 0x50, 306, 178, 1, 0x61, 307, 178, 2, 0x50, 309, 178, 2, 0x49, 311, 178, 4, 0x48, 315, 178, 1, 0x62
    .word 316, 178, 1, 0x69, 317, 178, 2, 0x60, 319, 178, 1, 0x58, 0, 179, 10, 0x48, 10, 179, 1, 0x00, 11, 179, 4, 0x50, 15, 179, 1, 0x60, 16, 179, 1, 0x61
    .word 17, 179, 5, 0x48, 22, 179, 4, 0x00, 26, 179, 1, 0x49, 27, 179, 2, 0x48, 29, 179, 3, 0x00, 32, 179, 2, 0x08, 34, 179, 1, 0x51, 35, 179, 2, 0x9a
    .word 37, 179, 18, 0x00, 55, 179, 1, 0x50, 56, 179, 1, 0x48, 57, 179, 2, 0x50, 59, 179, 3, 0x51, 62, 179, 13, 0x50, 75, 179, 4, 0x58, 79, 179, 5, 0x50
    .word 84, 179, 3, 0x58, 87, 179, 2, 0x50, 89, 179, 2, 0x58, 91, 179, 1, 0x61, 92, 179, 4, 0x58, 96, 179, 1, 0x69, 97, 179, 3, 0x58, 100, 179, 1, 0x50
    .word 101, 179, 4, 0x48, 105, 179, 1, 0x08, 106, 179, 1, 0x48, 107, 179, 2, 0x08, 109, 179, 3, 0x48, 112, 179, 3, 0x08, 115, 179, 1, 0x00, 116, 179, 1, 0x48
    .word 117, 179, 2, 0x49, 119, 179, 18, 0x48, 137, 179, 4, 0x49, 141, 179, 1, 0x48, 142, 179, 5, 0x61, 147, 179, 2, 0x50, 149, 179, 1, 0x48, 150, 179, 1, 0x49
    .word 151, 179, 1, 0x00, 152, 179, 10, 0x48, 162, 179, 9, 0x61, 171, 179, 1, 0x10, 172, 179, 2, 0x50, 174, 179, 13, 0x48, 187, 179, 2, 0xab, 189, 179, 1, 0x62
    .word 190, 179, 1, 0x99, 191, 179, 1, 0x51, 192, 179, 2, 0x48, 194, 179, 2, 0x49, 196, 179, 3, 0x48, 199, 179, 1, 0x50, 200, 179, 1, 0x51, 201, 179, 1, 0x61
    .word 202, 179, 2, 0x59, 204, 179, 1, 0x50, 205, 179, 2, 0x48, 207, 179, 2, 0x49, 209, 179, 17, 0x48, 226, 179, 9, 0x61, 235, 179, 1, 0x60, 236, 179, 8, 0x61
    .word 244, 179, 1, 0x59, 245, 179, 9, 0x48, 254, 179, 6, 0x50, 260, 179, 1, 0x48, 261, 179, 1, 0x59, 262, 179, 2, 0x48, 264, 179, 1, 0x50, 265, 179, 1, 0x48
    .word 266, 179, 1, 0x08, 267, 179, 27, 0x00, 294, 179, 1, 0x48, 295, 179, 1, 0x99, 296, 179, 1, 0x51, 297, 179, 2, 0x50, 299, 179, 1, 0x00, 300, 179, 2, 0x48
    .word 302, 179, 2, 0x00, 304, 179, 1, 0x48, 305, 179, 1, 0x50, 306, 179, 1, 0x61, 307, 179, 2, 0x50, 309, 179, 2, 0x49, 311, 179, 4, 0x48, 315, 179, 1, 0x62
    .word 316, 179, 1, 0x69, 317, 179, 2, 0x60, 319, 179, 1, 0x58, 0, 180, 9, 0x48, 9, 180, 1, 0x00, 10, 180, 1, 0x08, 11, 180, 3, 0x50, 14, 180, 2, 0x58
    .word 16, 180, 3, 0x69, 19, 180, 1, 0x61, 20, 180, 1, 0x58, 21, 180, 1, 0x08, 22, 180, 10, 0x00, 32, 180, 3, 0x48, 35, 180, 2, 0x51, 37, 180, 2, 0x59
    .word 39, 180, 1, 0x69, 40, 180, 1, 0x58, 41, 180, 1, 0x00, 42, 180, 2, 0x08, 44, 180, 5, 0x00, 49, 180, 1, 0x50, 50, 180, 6, 0x00, 56, 180, 4, 0x48
    .word 60, 180, 1, 0x50, 61, 180, 1, 0x48, 62, 180, 2, 0x00, 64, 180, 1, 0x50, 65, 180, 12, 0x58, 77, 180, 2, 0x50, 79, 180, 2, 0x58, 81, 180, 1, 0x61
    .word 82, 180, 5, 0x58, 87, 180, 3, 0x50, 90, 180, 1, 0x08, 91, 180, 3, 0x48, 94, 180, 1, 0x08, 95, 180, 9, 0x48, 104, 180, 2, 0x08, 106, 180, 6, 0x48
    .word 112, 180, 2, 0x08, 114, 180, 3, 0x48, 117, 180, 2, 0x50, 119, 180, 3, 0x6a, 122, 180, 7, 0x61, 129, 180, 11, 0x48, 140, 180, 1, 0x49, 141, 180, 8, 0x61
    .word 149, 180, 1, 0x50, 150, 180, 1, 0x48, 151, 180, 1, 0x08, 152, 180, 34, 0x61, 186, 180, 1, 0x50, 187, 180, 2, 0x62, 189, 180, 3, 0x59, 192, 180, 2, 0xa3
    .word 194, 180, 3, 0xa2, 197, 180, 2, 0x9a, 199, 180, 2, 0x51, 201, 180, 1, 0x61, 202, 180, 2, 0x58, 204, 180, 1, 0x50, 205, 180, 2, 0x48, 207, 180, 2, 0x49
    .word 209, 180, 27, 0x48, 236, 180, 6, 0x61, 242, 180, 2, 0x50, 244, 180, 1, 0x48, 245, 180, 1, 0x08, 246, 180, 1, 0x00, 247, 180, 5, 0x58, 252, 180, 13, 0x50
    .word 265, 180, 1, 0x48, 266, 180, 1, 0x08, 267, 180, 3, 0x00, 270, 180, 1, 0x08, 271, 180, 5, 0x00, 276, 180, 3, 0x48, 279, 180, 15, 0x00, 294, 180, 1, 0x59
    .word 295, 180, 1, 0x99, 296, 180, 3, 0x50, 299, 180, 5, 0x00, 304, 180, 1, 0x48, 305, 180, 1, 0x50, 306, 180, 1, 0x61, 307, 180, 2, 0x51, 309, 180, 2, 0x49
    .word 311, 180, 4, 0x48, 315, 180, 1, 0x71, 316, 180, 1, 0x60, 317, 180, 2, 0x58, 319, 180, 1, 0x50, 0, 181, 9, 0x48, 9, 181, 1, 0x00, 10, 181, 1, 0x08
    .word 11, 181, 3, 0x50, 14, 181, 2, 0x58, 16, 181, 3, 0x69, 19, 181, 1, 0x61, 20, 181, 1, 0x58, 21, 181, 1, 0x08, 22, 181, 10, 0x00, 32, 181, 3, 0x48
    .word 35, 181, 2, 0x51, 37, 181, 2, 0x59, 39, 181, 1, 0x69, 40, 181, 1, 0x58, 41, 181, 1, 0x00, 42, 181, 2, 0x08, 44, 181, 5, 0x00, 49, 181, 1, 0x50
    .word 50, 181, 6, 0x00, 56, 181, 4, 0x48, 60, 181, 1, 0x50, 61, 181, 1, 0x48, 62, 181, 2, 0x00, 64, 181, 1, 0x50, 65, 181, 12, 0x58, 77, 181, 2, 0x50
    .word 79, 181, 2, 0x58, 81, 181, 1, 0x61, 82, 181, 5, 0x58, 87, 181, 3, 0x50, 90, 181, 1, 0x08, 91, 181, 3, 0x48, 94, 181, 1, 0x08, 95, 181, 9, 0x48
    .word 104, 181, 2, 0x08, 106, 181, 6, 0x48, 112, 181, 2, 0x08, 114, 181, 3, 0x48, 117, 181, 2, 0x50, 119, 181, 3, 0x6a, 122, 181, 7, 0x61, 129, 181, 11, 0x48
    .word 140, 181, 1, 0x49, 141, 181, 8, 0x61, 149, 181, 1, 0x50, 150, 181, 1, 0x48, 151, 181, 1, 0x08, 152, 181, 34, 0x61, 186, 181, 1, 0x50, 187, 181, 2, 0x62
    .word 189, 181, 3, 0x59, 192, 181, 2, 0xa3, 194, 181, 3, 0xa2, 197, 181, 2, 0x9a, 199, 181, 2, 0x51, 201, 181, 1, 0x61, 202, 181, 2, 0x58, 204, 181, 1, 0x50
    .word 205, 181, 2, 0x48, 207, 181, 2, 0x49, 209, 181, 27, 0x48, 236, 181, 6, 0x61, 242, 181, 2, 0x50, 244, 181, 1, 0x48, 245, 181, 1, 0x08, 246, 181, 1, 0x00
    .word 247, 181, 5, 0x58, 252, 181, 13, 0x50, 265, 181, 1, 0x48, 266, 181, 1, 0x08, 267, 181, 3, 0x00, 270, 181, 1, 0x08, 271, 181, 5, 0x00, 276, 181, 3, 0x48
    .word 279, 181, 15, 0x00, 294, 181, 1, 0x59, 295, 181, 1, 0x99, 296, 181, 3, 0x50, 299, 181, 5, 0x00, 304, 181, 1, 0x48, 305, 181, 1, 0x50, 306, 181, 1, 0x61
    .word 307, 181, 2, 0x51, 309, 181, 2, 0x49, 311, 181, 4, 0x48, 315, 181, 1, 0x71, 316, 181, 1, 0x60, 317, 181, 2, 0x58, 319, 181, 1, 0x50, 0, 182, 7, 0x48
    .word 7, 182, 2, 0x00, 9, 182, 6, 0x50, 15, 182, 2, 0x58, 17, 182, 2, 0x61, 19, 182, 5, 0x6a, 24, 182, 1, 0x5a, 25, 182, 7, 0x00, 32, 182, 2, 0x08
    .word 34, 182, 2, 0x48, 36, 182, 1, 0x50, 37, 182, 2, 0x51, 39, 182, 1, 0x62, 40, 182, 1, 0x58, 41, 182, 1, 0x61, 42, 182, 3, 0x58, 45, 182, 1, 0x60
    .word 46, 182, 1, 0x61, 47, 182, 2, 0x08, 49, 182, 5, 0x48, 54, 182, 12, 0x50, 66, 182, 3, 0x61, 69, 182, 3, 0x69, 72, 182, 3, 0x61, 75, 182, 7, 0x50
    .word 82, 182, 18, 0x48, 100, 182, 1, 0x08, 101, 182, 3, 0x48, 104, 182, 10, 0x49, 114, 182, 1, 0x59, 115, 182, 7, 0x61, 122, 182, 2, 0x50, 124, 182, 10, 0x48
    .word 134, 182, 2, 0x50, 136, 182, 8, 0x61, 144, 182, 1, 0x48, 145, 182, 2, 0x61, 147, 182, 4, 0x48, 151, 182, 1, 0x50, 152, 182, 5, 0x61, 157, 182, 2, 0x58
    .word 159, 182, 3, 0x48, 162, 182, 2, 0x50, 164, 182, 5, 0x61, 169, 182, 1, 0x74, 170, 182, 1, 0x6a, 171, 182, 1, 0x61, 172, 182, 2, 0x62, 174, 182, 10, 0x61
    .word 184, 182, 1, 0x58, 185, 182, 5, 0x48, 190, 182, 2, 0x50, 192, 182, 2, 0xa3, 194, 182, 3, 0x51, 197, 182, 2, 0xa2, 199, 182, 1, 0x9a, 200, 182, 2, 0x48
    .word 202, 182, 2, 0x08, 204, 182, 1, 0x48, 205, 182, 1, 0x49, 206, 182, 1, 0x48, 207, 182, 2, 0x0a, 209, 182, 36, 0x48, 245, 182, 2, 0x49, 247, 182, 4, 0x48
    .word 251, 182, 5, 0x61, 256, 182, 1, 0x69, 257, 182, 7, 0x61, 264, 182, 12, 0x50, 276, 182, 6, 0x48, 282, 182, 2, 0x08, 284, 182, 2, 0x00, 286, 182, 1, 0x61
    .word 287, 182, 2, 0x58, 289, 182, 1, 0x00, 290, 182, 1, 0x08, 291, 182, 1, 0x6a, 292, 182, 2, 0x61, 294, 182, 5, 0x50, 299, 182, 6, 0x00, 305, 182, 2, 0x50
    .word 307, 182, 2, 0x00, 309, 182, 1, 0x40, 310, 182, 1, 0x48, 311, 182, 3, 0x6a, 314, 182, 1, 0x73, 315, 182, 1, 0x69, 316, 182, 1, 0x60, 317, 182, 3, 0x50
    .word 0, 183, 2, 0x48, 2, 183, 7, 0x00, 9, 183, 2, 0x50, 11, 183, 1, 0x48, 12, 183, 5, 0x50, 17, 183, 4, 0x58, 21, 183, 3, 0x6a, 24, 183, 1, 0x08
    .word 25, 183, 9, 0x00, 34, 183, 2, 0x48, 36, 183, 3, 0x50, 39, 183, 1, 0x48, 40, 183, 5, 0x50, 45, 183, 1, 0x61, 46, 183, 3, 0x69, 49, 183, 10, 0x50
    .word 59, 183, 5, 0x58, 64, 183, 3, 0x61, 67, 183, 2, 0x69, 69, 183, 1, 0x61, 70, 183, 1, 0x50, 71, 183, 1, 0x49, 72, 183, 5, 0x48, 77, 183, 2, 0x50
    .word 79, 183, 2, 0x61, 81, 183, 1, 0x50, 82, 183, 2, 0x5a, 84, 183, 2, 0x48, 86, 183, 5, 0x00, 91, 183, 3, 0x08, 94, 183, 18, 0x00, 112, 183, 9, 0x48
    .word 121, 183, 1, 0x49, 122, 183, 2, 0x50, 124, 183, 18, 0x61, 142, 183, 5, 0x08, 147, 183, 5, 0x00, 152, 183, 7, 0x48, 159, 183, 2, 0x59, 161, 183, 20, 0x61
    .word 181, 183, 1, 0x59, 182, 183, 2, 0x50, 184, 183, 5, 0x61, 189, 183, 2, 0x08, 191, 183, 9, 0x00, 200, 183, 1, 0x08, 201, 183, 1, 0x40, 202, 183, 5, 0x08
    .word 207, 183, 2, 0x48, 209, 183, 5, 0x00, 214, 183, 1, 0x48, 215, 183, 6, 0x08, 221, 183, 24, 0x48, 245, 183, 4, 0x49, 249, 183, 1, 0x48, 250, 183, 1, 0x08
    .word 251, 183, 4, 0x00, 255, 183, 1, 0x48, 256, 183, 1, 0x08, 257, 183, 2, 0x61, 259, 183, 1, 0x50, 260, 183, 11, 0x48, 271, 183, 1, 0x50, 272, 183, 3, 0x58
    .word 275, 183, 1, 0x50, 276, 183, 1, 0x58, 277, 183, 4, 0x48, 281, 183, 1, 0x58, 282, 183, 2, 0x50, 284, 183, 1, 0x58, 285, 183, 1, 0x6a, 286, 183, 1, 0x61
    .word 287, 183, 4, 0x50, 291, 183, 1, 0x61, 292, 183, 2, 0x58, 294, 183, 1, 0x48, 295, 183, 1, 0x50, 296, 183, 3, 0x48, 299, 183, 12, 0x00, 311, 183, 1, 0x6a
    .word 312, 183, 2, 0x69, 314, 183, 1, 0x58, 315, 183, 1, 0x60, 316, 183, 4, 0x50, 0, 184, 2, 0x48, 2, 184, 7, 0x00, 9, 184, 2, 0x50, 11, 184, 1, 0x48
    .word 12, 184, 5, 0x50, 17, 184, 4, 0x58, 21, 184, 3, 0x6a, 24, 184, 1, 0x08, 25, 184, 9, 0x00, 34, 184, 2, 0x48, 36, 184, 3, 0x50, 39, 184, 1, 0x48
    .word 40, 184, 5, 0x50, 45, 184, 1, 0x61, 46, 184, 3, 0x69, 49, 184, 10, 0x50, 59, 184, 5, 0x58, 64, 184, 3, 0x61, 67, 184, 2, 0x69, 69, 184, 1, 0x61
    .word 70, 184, 1, 0x50, 71, 184, 1, 0x49, 72, 184, 5, 0x48, 77, 184, 2, 0x50, 79, 184, 2, 0x61, 81, 184, 1, 0x50, 82, 184, 2, 0x5a, 84, 184, 2, 0x48
    .word 86, 184, 5, 0x00, 91, 184, 3, 0x08, 94, 184, 18, 0x00, 112, 184, 9, 0x48, 121, 184, 1, 0x49, 122, 184, 2, 0x50, 124, 184, 18, 0x61, 142, 184, 5, 0x08
    .word 147, 184, 5, 0x00, 152, 184, 7, 0x48, 159, 184, 2, 0x59, 161, 184, 20, 0x61, 181, 184, 1, 0x59, 182, 184, 2, 0x50, 184, 184, 5, 0x61, 189, 184, 2, 0x08
    .word 191, 184, 9, 0x00, 200, 184, 1, 0x08, 201, 184, 1, 0x40, 202, 184, 5, 0x08, 207, 184, 2, 0x48, 209, 184, 5, 0x00, 214, 184, 1, 0x48, 215, 184, 6, 0x08
    .word 221, 184, 24, 0x48, 245, 184, 4, 0x49, 249, 184, 1, 0x48, 250, 184, 1, 0x08, 251, 184, 4, 0x00, 255, 184, 1, 0x48, 256, 184, 1, 0x08, 257, 184, 2, 0x61
    .word 259, 184, 1, 0x50, 260, 184, 11, 0x48, 271, 184, 1, 0x50, 272, 184, 3, 0x58, 275, 184, 1, 0x50, 276, 184, 1, 0x58, 277, 184, 4, 0x48, 281, 184, 1, 0x58
    .word 282, 184, 2, 0x50, 284, 184, 1, 0x58, 285, 184, 1, 0x6a, 286, 184, 1, 0x61, 287, 184, 4, 0x50, 291, 184, 1, 0x61, 292, 184, 2, 0x58, 294, 184, 1, 0x48
    .word 295, 184, 1, 0x50, 296, 184, 3, 0x48, 299, 184, 12, 0x00, 311, 184, 1, 0x6a, 312, 184, 2, 0x69, 314, 184, 1, 0x58, 315, 184, 1, 0x60, 316, 184, 4, 0x50
    .word 0, 185, 1, 0x48, 1, 185, 6, 0x00, 7, 185, 4, 0x50, 11, 185, 1, 0x00, 12, 185, 7, 0x50, 19, 185, 1, 0x58, 20, 185, 1, 0x60, 21, 185, 1, 0x6a
    .word 22, 185, 2, 0x69, 24, 185, 1, 0x6a, 25, 185, 1, 0xa1, 26, 185, 8, 0x00, 34, 185, 1, 0x48, 35, 185, 2, 0x00, 37, 185, 8, 0x50, 45, 185, 1, 0x58
    .word 46, 185, 1, 0x69, 47, 185, 2, 0x58, 49, 185, 3, 0x50, 52, 185, 2, 0x60, 54, 185, 1, 0x50, 55, 185, 1, 0x58, 56, 185, 4, 0x50, 60, 185, 1, 0x48
    .word 61, 185, 5, 0x49, 66, 185, 3, 0x48, 69, 185, 2, 0x08, 71, 185, 1, 0x00, 72, 185, 2, 0x08, 74, 185, 3, 0x48, 77, 185, 2, 0x08, 79, 185, 1, 0x48
    .word 80, 185, 2, 0x08, 82, 185, 12, 0x48, 94, 185, 6, 0x08, 100, 185, 1, 0x00, 101, 185, 3, 0x08, 104, 185, 7, 0x00, 111, 185, 1, 0x48, 112, 185, 4, 0x49
    .word 116, 185, 1, 0x48, 117, 185, 4, 0x49, 121, 185, 1, 0x48, 122, 185, 15, 0x61, 137, 185, 5, 0x48, 142, 185, 4, 0x00, 146, 185, 1, 0x48, 147, 185, 2, 0x49
    .word 149, 185, 2, 0x51, 151, 185, 6, 0x49, 157, 185, 2, 0x48, 159, 185, 2, 0x49, 161, 185, 8, 0x61, 169, 185, 6, 0x50, 175, 185, 1, 0x58, 176, 185, 5, 0x61
    .word 181, 185, 1, 0x58, 182, 185, 2, 0x61, 184, 185, 1, 0x69, 185, 185, 7, 0x61, 192, 185, 2, 0x58, 194, 185, 7, 0x48, 201, 185, 1, 0xa3, 202, 185, 3, 0xf4
    .word 205, 185, 1, 0xec, 206, 185, 1, 0xeb, 207, 185, 2, 0xec, 209, 185, 1, 0x9a, 210, 185, 2, 0x51, 212, 185, 2, 0x48, 214, 185, 2, 0x00, 216, 185, 10, 0x48
    .word 226, 185, 8, 0x08, 234, 185, 8, 0x48, 242, 185, 7, 0x49, 249, 185, 2, 0x48, 251, 185, 5, 0x49, 256, 185, 1, 0x00, 257, 185, 2, 0x08, 259, 185, 1, 0x48
    .word 260, 185, 11, 0x49, 271, 185, 4, 0x48, 275, 185, 1, 0x50, 276, 185, 4, 0x58, 280, 185, 2, 0x50, 282, 185, 2, 0x58, 284, 185, 1, 0x6a, 285, 185, 1, 0x61
    .word 286, 185, 8, 0x50, 294, 185, 1, 0x48, 295, 185, 1, 0x50, 296, 185, 1, 0x48, 297, 185, 10, 0x00, 307, 185, 2, 0x69, 309, 185, 1, 0x6a, 310, 185, 1, 0x59
    .word 311, 185, 1, 0x6a, 312, 185, 2, 0x60, 314, 185, 2, 0x58, 316, 185, 4, 0x50, 0, 186, 1, 0x48, 1, 186, 6, 0x00, 7, 186, 4, 0x50, 11, 186, 1, 0x00
    .word 12, 186, 7, 0x50, 19, 186, 1, 0x58, 20, 186, 1, 0x60, 21, 186, 1, 0x6a, 22, 186, 2, 0x69, 24, 186, 1, 0x6a, 25, 186, 1, 0xa1, 26, 186, 8, 0x00
    .word 34, 186, 1, 0x48, 35, 186, 2, 0x00, 37, 186, 8, 0x50, 45, 186, 1, 0x58, 46, 186, 1, 0x69, 47, 186, 2, 0x58, 49, 186, 3, 0x50, 52, 186, 2, 0x60
    .word 54, 186, 1, 0x50, 55, 186, 1, 0x58, 56, 186, 4, 0x50, 60, 186, 1, 0x48, 61, 186, 5, 0x49, 66, 186, 3, 0x48, 69, 186, 2, 0x08, 71, 186, 1, 0x00
    .word 72, 186, 2, 0x08, 74, 186, 3, 0x48, 77, 186, 2, 0x08, 79, 186, 1, 0x48, 80, 186, 2, 0x08, 82, 186, 12, 0x48, 94, 186, 6, 0x08, 100, 186, 1, 0x00
    .word 101, 186, 3, 0x08, 104, 186, 7, 0x00, 111, 186, 1, 0x48, 112, 186, 4, 0x49, 116, 186, 1, 0x48, 117, 186, 4, 0x49, 121, 186, 1, 0x48, 122, 186, 15, 0x61
    .word 137, 186, 5, 0x48, 142, 186, 4, 0x00, 146, 186, 1, 0x48, 147, 186, 2, 0x49, 149, 186, 2, 0x51, 151, 186, 6, 0x49, 157, 186, 2, 0x48, 159, 186, 2, 0x49
    .word 161, 186, 8, 0x61, 169, 186, 6, 0x50, 175, 186, 1, 0x58, 176, 186, 5, 0x61, 181, 186, 1, 0x58, 182, 186, 2, 0x61, 184, 186, 1, 0x69, 185, 186, 7, 0x61
    .word 192, 186, 2, 0x58, 194, 186, 7, 0x48, 201, 186, 1, 0xa3, 202, 186, 3, 0xf4, 205, 186, 1, 0xec, 206, 186, 1, 0xeb, 207, 186, 2, 0xec, 209, 186, 1, 0x9a
    .word 210, 186, 2, 0x51, 212, 186, 2, 0x48, 214, 186, 2, 0x00, 216, 186, 10, 0x48, 226, 186, 8, 0x08, 234, 186, 8, 0x48, 242, 186, 7, 0x49, 249, 186, 2, 0x48
    .word 251, 186, 5, 0x49, 256, 186, 1, 0x00, 257, 186, 2, 0x08, 259, 186, 1, 0x48, 260, 186, 11, 0x49, 271, 186, 4, 0x48, 275, 186, 1, 0x50, 276, 186, 4, 0x58
    .word 280, 186, 2, 0x50, 282, 186, 2, 0x58, 284, 186, 1, 0x6a, 285, 186, 1, 0x61, 286, 186, 8, 0x50, 294, 186, 1, 0x48, 295, 186, 1, 0x50, 296, 186, 1, 0x48
    .word 297, 186, 10, 0x00, 307, 186, 2, 0x69, 309, 186, 1, 0x6a, 310, 186, 1, 0x59, 311, 186, 1, 0x6a, 312, 186, 2, 0x60, 314, 186, 2, 0x58, 316, 186, 4, 0x50
    .word 0, 187, 1, 0x48, 1, 187, 6, 0x00, 7, 187, 2, 0x48, 9, 187, 2, 0x50, 11, 187, 1, 0x00, 12, 187, 7, 0x50, 19, 187, 3, 0x58, 22, 187, 2, 0x60
    .word 24, 187, 2, 0x6a, 26, 187, 1, 0x00, 27, 187, 2, 0x61, 29, 187, 1, 0x08, 30, 187, 4, 0x00, 34, 187, 1, 0x08, 35, 187, 2, 0x00, 37, 187, 2, 0x48
    .word 39, 187, 7, 0x50, 46, 187, 1, 0x58, 47, 187, 5, 0x50, 52, 187, 2, 0x58, 54, 187, 2, 0x60, 56, 187, 1, 0x50, 57, 187, 10, 0x49, 67, 187, 2, 0x48
    .word 69, 187, 1, 0x08, 70, 187, 4, 0x50, 74, 187, 1, 0x48, 75, 187, 1, 0x50, 76, 187, 1, 0x59, 77, 187, 8, 0x48, 85, 187, 1, 0x08, 86, 187, 13, 0x48
    .word 99, 187, 5, 0x08, 104, 187, 2, 0x00, 106, 187, 5, 0x48, 111, 187, 10, 0x49, 121, 187, 1, 0x48, 122, 187, 4, 0x50, 126, 187, 1, 0x59, 127, 187, 3, 0x61
    .word 130, 187, 1, 0x6a, 131, 187, 6, 0x61, 137, 187, 4, 0x48, 141, 187, 1, 0x08, 142, 187, 2, 0x00, 144, 187, 2, 0x48, 146, 187, 1, 0x49, 147, 187, 3, 0x48
    .word 150, 187, 9, 0x49, 159, 187, 2, 0x48, 161, 187, 1, 0x51, 162, 187, 7, 0x59, 169, 187, 1, 0x48, 170, 187, 2, 0x49, 172, 187, 2, 0x48, 174, 187, 2, 0x50
    .word 176, 187, 8, 0x61, 184, 187, 1, 0xb4, 185, 187, 1, 0xb5, 186, 187, 1, 0x58, 187, 187, 4, 0x50, 191, 187, 1, 0x58, 192, 187, 2, 0x50, 194, 187, 3, 0x48
    .word 197, 187, 2, 0x51, 199, 187, 2, 0xec, 201, 187, 3, 0xa2, 204, 187, 1, 0xab, 205, 187, 1, 0xac, 206, 187, 1, 0xab, 207, 187, 2, 0xa2, 209, 187, 2, 0xab
    .word 211, 187, 3, 0xa2, 214, 187, 2, 0x00, 216, 187, 3, 0x48, 219, 187, 1, 0x49, 220, 187, 1, 0x51, 221, 187, 3, 0x49, 224, 187, 18, 0x48, 242, 187, 3, 0x49
    .word 245, 187, 1, 0x48, 246, 187, 10, 0x49, 256, 187, 3, 0x48, 259, 187, 2, 0x00, 261, 187, 1, 0x48, 262, 187, 13, 0x49, 275, 187, 1, 0x48, 276, 187, 4, 0x58
    .word 280, 187, 2, 0x50, 282, 187, 2, 0x58, 284, 187, 1, 0x6a, 285, 187, 1, 0x60, 286, 187, 9, 0x50, 295, 187, 2, 0x48, 297, 187, 2, 0x00, 299, 187, 1, 0x08
    .word 300, 187, 7, 0x00, 307, 187, 2, 0x69, 309, 187, 3, 0x6a, 312, 187, 2, 0x61, 314, 187, 1, 0x58, 315, 187, 5, 0x50, 0, 188, 2, 0x48, 2, 188, 5, 0x00
    .word 7, 188, 2, 0x48, 9, 188, 1, 0x50, 10, 188, 1, 0x08, 11, 188, 3, 0x00, 14, 188, 7, 0x50, 21, 188, 4, 0x58, 25, 188, 1, 0x61, 26, 188, 1, 0x60
    .word 27, 188, 2, 0x69, 29, 188, 1, 0x60, 30, 188, 1, 0x6a, 31, 188, 8, 0x00, 39, 188, 1, 0x48, 40, 188, 1, 0x50, 41, 188, 1, 0x48, 42, 188, 2, 0x08
    .word 44, 188, 1, 0x48, 45, 188, 2, 0x50, 47, 188, 8, 0x58, 55, 188, 1, 0x50, 56, 188, 4, 0x49, 60, 188, 4, 0x48, 64, 188, 1, 0x49, 65, 188, 4, 0x48
    .word 69, 188, 1, 0x49, 70, 188, 2, 0x50, 72, 188, 3, 0x48, 75, 188, 1, 0x50, 76, 188, 14, 0x48, 90, 188, 2, 0x08, 92, 188, 9, 0x48, 101, 188, 1, 0x08
    .word 102, 188, 3, 0x00, 105, 188, 6, 0x49, 111, 188, 3, 0x48, 114, 188, 3, 0x49, 117, 188, 5, 0x48, 122, 188, 2, 0x49, 124, 188, 1, 0x48, 125, 188, 1, 0x50
    .word 126, 188, 9, 0x61, 135, 188, 1, 0x59, 136, 188, 3, 0x58, 139, 188, 2, 0x59, 141, 188, 1, 0x00, 142, 188, 2, 0x48, 144, 188, 3, 0x49, 147, 188, 2, 0x48
    .word 149, 188, 8, 0x49, 157, 188, 2, 0xa4, 159, 188, 1, 0x5a, 160, 188, 4, 0x49, 164, 188, 1, 0x48, 165, 188, 7, 0x49, 172, 188, 2, 0x48, 174, 188, 2, 0x50
    .word 176, 188, 8, 0x61, 184, 188, 1, 0xb5, 185, 188, 1, 0xbd, 186, 188, 4, 0x61, 190, 188, 1, 0x59, 191, 188, 1, 0x58, 192, 188, 5, 0x61, 197, 188, 3, 0x50
    .word 200, 188, 1, 0x51, 201, 188, 1, 0x99, 202, 188, 3, 0xa2, 205, 188, 2, 0x9a, 207, 188, 2, 0x91, 209, 188, 2, 0x51, 211, 188, 1, 0xa2, 212, 188, 2, 0x9a
    .word 214, 188, 2, 0x48, 216, 188, 1, 0x00, 217, 188, 5, 0x48, 222, 188, 2, 0x49, 224, 188, 3, 0x08, 227, 188, 4, 0x48, 231, 188, 3, 0x08, 234, 188, 8, 0x48
    .word 242, 188, 2, 0x49, 244, 188, 1, 0x48, 245, 188, 7, 0x49, 252, 188, 5, 0x48, 257, 188, 2, 0x49, 259, 188, 2, 0x48, 261, 188, 3, 0x00, 264, 188, 2, 0x48
    .word 266, 188, 3, 0x49, 269, 188, 2, 0x48, 271, 188, 1, 0x49, 272, 188, 2, 0x48, 274, 188, 8, 0x58, 282, 188, 3, 0x50, 285, 188, 1, 0x61, 286, 188, 1, 0x58
    .word 287, 188, 2, 0x08, 289, 188, 1, 0x00, 290, 188, 1, 0x48, 291, 188, 1, 0x50, 292, 188, 4, 0x48, 296, 188, 11, 0x00, 307, 188, 2, 0x72, 309, 188, 1, 0x69
    .word 310, 188, 1, 0x6a, 311, 188, 3, 0x58, 314, 188, 1, 0x60, 315, 188, 5, 0x50, 0, 189, 2, 0x48, 2, 189, 5, 0x00, 7, 189, 2, 0x48, 9, 189, 1, 0x50
    .word 10, 189, 1, 0x08, 11, 189, 3, 0x00, 14, 189, 7, 0x50, 21, 189, 4, 0x58, 25, 189, 1, 0x61, 26, 189, 1, 0x60, 27, 189, 2, 0x69, 29, 189, 1, 0x60
    .word 30, 189, 1, 0x6a, 31, 189, 8, 0x00, 39, 189, 1, 0x48, 40, 189, 1, 0x50, 41, 189, 1, 0x48, 42, 189, 2, 0x08, 44, 189, 1, 0x48, 45, 189, 2, 0x50
    .word 47, 189, 8, 0x58, 55, 189, 1, 0x50, 56, 189, 4, 0x49, 60, 189, 4, 0x48, 64, 189, 1, 0x49, 65, 189, 4, 0x48, 69, 189, 1, 0x49, 70, 189, 2, 0x50
    .word 72, 189, 3, 0x48, 75, 189, 1, 0x50, 76, 189, 14, 0x48, 90, 189, 2, 0x08, 92, 189, 9, 0x48, 101, 189, 1, 0x08, 102, 189, 3, 0x00, 105, 189, 6, 0x49
    .word 111, 189, 3, 0x48, 114, 189, 3, 0x49, 117, 189, 5, 0x48, 122, 189, 2, 0x49, 124, 189, 1, 0x48, 125, 189, 1, 0x50, 126, 189, 9, 0x61, 135, 189, 1, 0x59
    .word 136, 189, 3, 0x58, 139, 189, 2, 0x59, 141, 189, 1, 0x00, 142, 189, 2, 0x48, 144, 189, 3, 0x49, 147, 189, 2, 0x48, 149, 189, 8, 0x49, 157, 189, 2, 0xa4
    .word 159, 189, 1, 0x5a, 160, 189, 4, 0x49, 164, 189, 1, 0x48, 165, 189, 7, 0x49, 172, 189, 2, 0x48, 174, 189, 2, 0x50, 176, 189, 8, 0x61, 184, 189, 1, 0xb5
    .word 185, 189, 1, 0xbd, 186, 189, 4, 0x61, 190, 189, 1, 0x59, 191, 189, 1, 0x58, 192, 189, 5, 0x61, 197, 189, 3, 0x50, 200, 189, 1, 0x51, 201, 189, 1, 0x99
    .word 202, 189, 3, 0xa2, 205, 189, 2, 0x9a, 207, 189, 2, 0x91, 209, 189, 2, 0x51, 211, 189, 1, 0xa2, 212, 189, 2, 0x9a, 214, 189, 2, 0x48, 216, 189, 1, 0x00
    .word 217, 189, 5, 0x48, 222, 189, 2, 0x49, 224, 189, 3, 0x08, 227, 189, 4, 0x48, 231, 189, 3, 0x08, 234, 189, 8, 0x48, 242, 189, 2, 0x49, 244, 189, 1, 0x48
    .word 245, 189, 7, 0x49, 252, 189, 5, 0x48, 257, 189, 2, 0x49, 259, 189, 2, 0x48, 261, 189, 3, 0x00, 264, 189, 2, 0x48, 266, 189, 3, 0x49, 269, 189, 2, 0x48
    .word 271, 189, 1, 0x49, 272, 189, 2, 0x48, 274, 189, 8, 0x58, 282, 189, 3, 0x50, 285, 189, 1, 0x61, 286, 189, 1, 0x58, 287, 189, 2, 0x08, 289, 189, 1, 0x00
    .word 290, 189, 1, 0x48, 291, 189, 1, 0x50, 292, 189, 4, 0x48, 296, 189, 11, 0x00, 307, 189, 2, 0x72, 309, 189, 1, 0x69, 310, 189, 1, 0x6a, 311, 189, 3, 0x58
    .word 314, 189, 1, 0x60, 315, 189, 5, 0x50, 0, 190, 2, 0x50, 2, 190, 3, 0x58, 5, 190, 1, 0x61, 6, 190, 8, 0x00, 14, 190, 6, 0x50, 20, 190, 1, 0x48
    .word 21, 190, 4, 0x50, 25, 190, 1, 0x61, 26, 190, 1, 0x50, 27, 190, 2, 0x69, 29, 190, 1, 0x73, 30, 190, 1, 0x69, 31, 190, 1, 0x61, 32, 190, 2, 0x00
    .word 34, 190, 1, 0x08, 35, 190, 5, 0x58, 40, 190, 2, 0x50, 42, 190, 9, 0x58, 51, 190, 3, 0x60, 54, 190, 1, 0x49, 55, 190, 2, 0x48, 57, 190, 3, 0x49
    .word 60, 190, 2, 0x48, 62, 190, 2, 0x00, 64, 190, 2, 0x49, 66, 190, 1, 0x48, 67, 190, 7, 0x49, 74, 190, 1, 0x48, 75, 190, 4, 0x49, 79, 190, 20, 0x48
    .word 99, 190, 1, 0x08, 100, 190, 2, 0x00, 102, 190, 2, 0x48, 104, 190, 6, 0x49, 110, 190, 4, 0x48, 114, 190, 2, 0x49, 116, 190, 1, 0x48, 117, 190, 4, 0x50
    .word 121, 190, 3, 0x48, 124, 190, 1, 0x49, 125, 190, 10, 0x61, 135, 190, 1, 0x50, 136, 190, 4, 0x48, 140, 190, 1, 0x00, 141, 190, 1, 0x08, 142, 190, 2, 0x51
    .word 144, 190, 2, 0x9a, 146, 190, 1, 0xf4, 147, 190, 3, 0x59, 150, 190, 1, 0x9a, 151, 190, 1, 0xec, 152, 190, 4, 0xf4, 156, 190, 1, 0xab, 157, 190, 2, 0x6e
    .word 159, 190, 1, 0x66, 160, 190, 1, 0xa3, 161, 190, 3, 0x50, 164, 190, 10, 0x49, 174, 190, 1, 0x48, 175, 190, 1, 0x08, 176, 190, 24, 0x61, 200, 190, 1, 0x51
    .word 201, 190, 3, 0x48, 204, 190, 3, 0x00, 207, 190, 5, 0x08, 212, 190, 4, 0x48, 216, 190, 1, 0x50, 217, 190, 4, 0x08, 221, 190, 13, 0x48, 234, 190, 2, 0x49
    .word 236, 190, 8, 0x48, 244, 190, 2, 0x49, 246, 190, 5, 0x48, 251, 190, 5, 0x49, 256, 190, 1, 0x48, 257, 190, 2, 0x49, 259, 190, 2, 0x48, 261, 190, 3, 0x49
    .word 264, 190, 1, 0x48, 265, 190, 1, 0x00, 266, 190, 1, 0x48, 267, 190, 4, 0x49, 271, 190, 1, 0x48, 272, 190, 2, 0x58, 274, 190, 2, 0x61, 276, 190, 1, 0x69
    .word 277, 190, 8, 0x58, 285, 190, 2, 0x50, 287, 190, 4, 0x48, 291, 190, 1, 0x50, 292, 190, 3, 0x08, 295, 190, 12, 0x00, 307, 190, 2, 0x58, 309, 190, 1, 0x61
    .word 310, 190, 4, 0x58, 314, 190, 6, 0x50, 0, 191, 2, 0x50, 2, 191, 3, 0x58, 5, 191, 1, 0x61, 6, 191, 8, 0x00, 14, 191, 6, 0x50, 20, 191, 1, 0x48
    .word 21, 191, 4, 0x50, 25, 191, 1, 0x61, 26, 191, 1, 0x50, 27, 191, 2, 0x69, 29, 191, 1, 0x73, 30, 191, 1, 0x69, 31, 191, 1, 0x61, 32, 191, 2, 0x00
    .word 34, 191, 1, 0x08, 35, 191, 5, 0x58, 40, 191, 2, 0x50, 42, 191, 9, 0x58, 51, 191, 3, 0x60, 54, 191, 1, 0x49, 55, 191, 2, 0x48, 57, 191, 3, 0x49
    .word 60, 191, 2, 0x48, 62, 191, 2, 0x00, 64, 191, 2, 0x49, 66, 191, 1, 0x48, 67, 191, 7, 0x49, 74, 191, 1, 0x48, 75, 191, 4, 0x49, 79, 191, 20, 0x48
    .word 99, 191, 1, 0x08, 100, 191, 2, 0x00, 102, 191, 2, 0x48, 104, 191, 6, 0x49, 110, 191, 4, 0x48, 114, 191, 2, 0x49, 116, 191, 1, 0x48, 117, 191, 4, 0x50
    .word 121, 191, 3, 0x48, 124, 191, 1, 0x49, 125, 191, 10, 0x61, 135, 191, 1, 0x50, 136, 191, 4, 0x48, 140, 191, 1, 0x00, 141, 191, 1, 0x08, 142, 191, 2, 0x51
    .word 144, 191, 2, 0x9a, 146, 191, 1, 0xf4, 147, 191, 3, 0x59, 150, 191, 1, 0x9a, 151, 191, 1, 0xec, 152, 191, 4, 0xf4, 156, 191, 1, 0xab, 157, 191, 2, 0x6e
    .word 159, 191, 1, 0x66, 160, 191, 1, 0xa3, 161, 191, 3, 0x50, 164, 191, 10, 0x49, 174, 191, 1, 0x48, 175, 191, 1, 0x08, 176, 191, 24, 0x61, 200, 191, 1, 0x51
    .word 201, 191, 3, 0x48, 204, 191, 3, 0x00, 207, 191, 5, 0x08, 212, 191, 4, 0x48, 216, 191, 1, 0x50, 217, 191, 4, 0x08, 221, 191, 13, 0x48, 234, 191, 2, 0x49
    .word 236, 191, 8, 0x48, 244, 191, 2, 0x49, 246, 191, 5, 0x48, 251, 191, 5, 0x49, 256, 191, 1, 0x48, 257, 191, 2, 0x49, 259, 191, 2, 0x48, 261, 191, 3, 0x49
    .word 264, 191, 1, 0x48, 265, 191, 1, 0x00, 266, 191, 1, 0x48, 267, 191, 4, 0x49, 271, 191, 1, 0x48, 272, 191, 2, 0x58, 274, 191, 2, 0x61, 276, 191, 1, 0x69
    .word 277, 191, 8, 0x58, 285, 191, 2, 0x50, 287, 191, 4, 0x48, 291, 191, 1, 0x50, 292, 191, 3, 0x08, 295, 191, 12, 0x00, 307, 191, 2, 0x58, 309, 191, 1, 0x61
    .word 310, 191, 4, 0x58, 314, 191, 6, 0x50, 0, 192, 1, 0x50, 1, 192, 3, 0x48, 4, 192, 1, 0x59, 5, 192, 1, 0x69, 6, 192, 1, 0x6a, 7, 192, 2, 0x08
    .word 9, 192, 7, 0x00, 16, 192, 4, 0x50, 20, 192, 1, 0x48, 21, 192, 1, 0x00, 22, 192, 2, 0x48, 24, 192, 3, 0x50, 27, 192, 2, 0x58, 29, 192, 3, 0x61
    .word 32, 192, 2, 0x00, 34, 192, 1, 0x61, 35, 192, 1, 0x6a, 36, 192, 3, 0x58, 39, 192, 1, 0x61, 40, 192, 1, 0x60, 41, 192, 1, 0x58, 42, 192, 2, 0x50
    .word 44, 192, 1, 0x58, 45, 192, 1, 0x60, 46, 192, 4, 0x58, 50, 192, 6, 0x61, 56, 192, 1, 0x50, 57, 192, 2, 0x49, 59, 192, 1, 0x48, 60, 192, 2, 0x00
    .word 62, 192, 2, 0x48, 64, 192, 13, 0x49, 77, 192, 15, 0x48, 92, 192, 2, 0x08, 94, 192, 3, 0x48, 97, 192, 4, 0x00, 101, 192, 8, 0x49, 109, 192, 1, 0x48
    .word 110, 192, 1, 0x51, 111, 192, 1, 0xa2, 112, 192, 2, 0x56, 114, 192, 1, 0xf5, 115, 192, 2, 0xab, 117, 192, 2, 0xeb, 119, 192, 1, 0xf3, 120, 192, 1, 0xec
    .word 121, 192, 1, 0xab, 122, 192, 3, 0xf4, 125, 192, 1, 0x62, 126, 192, 1, 0x59, 127, 192, 2, 0x51, 129, 192, 7, 0x48, 136, 192, 1, 0x49, 137, 192, 2, 0x48
    .word 139, 192, 2, 0x00, 141, 192, 1, 0x48, 142, 192, 2, 0xa2, 144, 192, 1, 0x59, 145, 192, 1, 0x99, 146, 192, 1, 0xf4, 147, 192, 2, 0xf5, 149, 192, 1, 0xf4
    .word 150, 192, 1, 0xab, 151, 192, 3, 0xa3, 154, 192, 2, 0xab, 156, 192, 1, 0xec, 157, 192, 2, 0xa3, 159, 192, 1, 0x5b, 160, 192, 1, 0x59, 161, 192, 1, 0xa2
    .word 162, 192, 2, 0xa1, 164, 192, 1, 0x49, 165, 192, 1, 0x48, 166, 192, 1, 0x49, 167, 192, 2, 0x48, 169, 192, 1, 0x49, 170, 192, 4, 0x48, 174, 192, 1, 0x49
    .word 175, 192, 1, 0x50, 176, 192, 6, 0x61, 182, 192, 2, 0x58, 184, 192, 5, 0x50, 189, 192, 1, 0x72, 190, 192, 1, 0x69, 191, 192, 1, 0x6a, 192, 192, 9, 0x48
    .word 201, 192, 13, 0x49, 214, 192, 1, 0x61, 215, 192, 1, 0x69, 216, 192, 4, 0x61, 220, 192, 2, 0x69, 222, 192, 3, 0x61, 225, 192, 25, 0x49, 250, 192, 4, 0x48
    .word 254, 192, 1, 0x49, 255, 192, 1, 0xa3, 256, 192, 1, 0xec, 257, 192, 7, 0xf4, 264, 192, 2, 0x51, 266, 192, 5, 0x48, 271, 192, 1, 0x49, 272, 192, 2, 0x48
    .word 274, 192, 2, 0x50, 276, 192, 6, 0x61, 282, 192, 9, 0x58, 291, 192, 1, 0x50, 292, 192, 2, 0x08, 294, 192, 3, 0x00, 297, 192, 2, 0x08, 299, 192, 1, 0x48
    .word 300, 192, 1, 0x58, 301, 192, 1, 0x50, 302, 192, 3, 0x00, 305, 192, 1, 0x59, 306, 192, 8, 0x50, 314, 192, 1, 0x48, 315, 192, 2, 0x08, 317, 192, 3, 0x00
    .word 0, 193, 4, 0x48, 4, 193, 1, 0x50, 5, 193, 2, 0x69, 7, 193, 3, 0x08, 10, 193, 6, 0x00, 16, 193, 3, 0x48, 19, 193, 3, 0x00, 22, 193, 2, 0x08
    .word 24, 193, 5, 0x50, 29, 193, 1, 0x61, 30, 193, 1, 0x58, 31, 193, 1, 0x50, 32, 193, 2, 0x61, 34, 193, 1, 0x58, 35, 193, 2, 0x6a, 37, 193, 2, 0x69
    .word 39, 193, 1, 0x61, 40, 193, 1, 0x58, 41, 193, 3, 0x50, 44, 193, 2, 0x58, 46, 193, 8, 0x61, 54, 193, 1, 0x48, 55, 193, 1, 0x49, 56, 193, 4, 0x00
    .word 60, 193, 1, 0x48, 61, 193, 3, 0x49, 64, 193, 2, 0x48, 66, 193, 1, 0x49, 67, 193, 3, 0x48, 70, 193, 1, 0x49, 71, 193, 3, 0x48, 74, 193, 1, 0x49
    .word 75, 193, 10, 0x48, 85, 193, 4, 0x08, 89, 193, 3, 0x48, 92, 193, 2, 0x08, 94, 193, 2, 0x48, 96, 193, 3, 0x00, 99, 193, 1, 0x49, 100, 193, 2, 0x48
    .word 102, 193, 7, 0x49, 109, 193, 1, 0x48, 110, 193, 2, 0xa3, 112, 193, 2, 0x54, 114, 193, 1, 0x53, 115, 193, 1, 0xa2, 116, 193, 1, 0xf4, 117, 193, 3, 0xf5
    .word 120, 193, 1, 0x9a, 121, 193, 1, 0xa2, 122, 193, 2, 0xab, 124, 193, 1, 0x9a, 125, 193, 2, 0x51, 127, 193, 7, 0x48, 134, 193, 3, 0x49, 137, 193, 4, 0x00
    .word 141, 193, 1, 0x48, 142, 193, 2, 0xa2, 144, 193, 2, 0x51, 146, 193, 1, 0x9a, 147, 193, 2, 0x59, 149, 193, 1, 0x51, 150, 193, 1, 0x5a, 151, 193, 1, 0x51
    .word 152, 193, 2, 0x50, 154, 193, 1, 0xa3, 155, 193, 4, 0x51, 159, 193, 1, 0x9a, 160, 193, 1, 0xa2, 161, 193, 3, 0x58, 164, 193, 3, 0x48, 167, 193, 2, 0x49
    .word 169, 193, 1, 0x48, 170, 193, 9, 0x61, 179, 193, 2, 0x59, 181, 193, 1, 0x51, 182, 193, 8, 0x49, 190, 193, 2, 0x48, 192, 193, 8, 0x00, 200, 193, 2, 0x48
    .word 202, 193, 2, 0x49, 204, 193, 1, 0x48, 205, 193, 12, 0x49, 217, 193, 2, 0x48, 219, 193, 1, 0x49, 220, 193, 1, 0x48, 221, 193, 1, 0x00, 222, 193, 3, 0x49
    .word 225, 193, 4, 0x48, 229, 193, 2, 0x49, 231, 193, 5, 0x48, 236, 193, 11, 0x49, 247, 193, 5, 0x48, 252, 193, 2, 0xa2, 254, 193, 1, 0x51, 255, 193, 1, 0xa3
    .word 256, 193, 1, 0xf4, 257, 193, 3, 0xa2, 260, 193, 1, 0xab, 261, 193, 3, 0xf4, 264, 193, 1, 0xec, 265, 193, 2, 0x9a, 267, 193, 4, 0x00, 271, 193, 4, 0x48
    .word 275, 193, 2, 0x49, 277, 193, 2, 0x50, 279, 193, 1, 0x10, 280, 193, 4, 0x61, 284, 193, 7, 0x58, 291, 193, 9, 0x50, 300, 193, 1, 0x6a, 301, 193, 3, 0x69
    .word 304, 193, 1, 0x6a, 305, 193, 1, 0x61, 306, 193, 6, 0x50, 312, 193, 2, 0x08, 314, 193, 1, 0x48, 315, 193, 5, 0x00, 0, 194, 4, 0x48, 4, 194, 1, 0x50
    .word 5, 194, 2, 0x69, 7, 194, 3, 0x08, 10, 194, 6, 0x00, 16, 194, 3, 0x48, 19, 194, 3, 0x00, 22, 194, 2, 0x08, 24, 194, 5, 0x50, 29, 194, 1, 0x61
    .word 30, 194, 1, 0x58, 31, 194, 1, 0x50, 32, 194, 2, 0x61, 34, 194, 1, 0x58, 35, 194, 2, 0x6a, 37, 194, 2, 0x69, 39, 194, 1, 0x61, 40, 194, 1, 0x58
    .word 41, 194, 3, 0x50, 44, 194, 2, 0x58, 46, 194, 8, 0x61, 54, 194, 1, 0x48, 55, 194, 1, 0x49, 56, 194, 4, 0x00, 60, 194, 1, 0x48, 61, 194, 3, 0x49
    .word 64, 194, 2, 0x48, 66, 194, 1, 0x49, 67, 194, 3, 0x48, 70, 194, 1, 0x49, 71, 194, 3, 0x48, 74, 194, 1, 0x49, 75, 194, 10, 0x48, 85, 194, 4, 0x08
    .word 89, 194, 3, 0x48, 92, 194, 2, 0x08, 94, 194, 2, 0x48, 96, 194, 3, 0x00, 99, 194, 1, 0x49, 100, 194, 2, 0x48, 102, 194, 7, 0x49, 109, 194, 1, 0x48
    .word 110, 194, 2, 0xa3, 112, 194, 2, 0x54, 114, 194, 1, 0x53, 115, 194, 1, 0xa2, 116, 194, 1, 0xf4, 117, 194, 3, 0xf5, 120, 194, 1, 0x9a, 121, 194, 1, 0xa2
    .word 122, 194, 2, 0xab, 124, 194, 1, 0x9a, 125, 194, 2, 0x51, 127, 194, 7, 0x48, 134, 194, 3, 0x49, 137, 194, 4, 0x00, 141, 194, 1, 0x48, 142, 194, 2, 0xa2
    .word 144, 194, 2, 0x51, 146, 194, 1, 0x9a, 147, 194, 2, 0x59, 149, 194, 1, 0x51, 150, 194, 1, 0x5a, 151, 194, 1, 0x51, 152, 194, 2, 0x50, 154, 194, 1, 0xa3
    .word 155, 194, 4, 0x51, 159, 194, 1, 0x9a, 160, 194, 1, 0xa2, 161, 194, 3, 0x58, 164, 194, 3, 0x48, 167, 194, 2, 0x49, 169, 194, 1, 0x48, 170, 194, 9, 0x61
    .word 179, 194, 2, 0x59, 181, 194, 1, 0x51, 182, 194, 8, 0x49, 190, 194, 2, 0x48, 192, 194, 8, 0x00, 200, 194, 2, 0x48, 202, 194, 2, 0x49, 204, 194, 1, 0x48
    .word 205, 194, 12, 0x49, 217, 194, 2, 0x48, 219, 194, 1, 0x49, 220, 194, 1, 0x48, 221, 194, 1, 0x00, 222, 194, 3, 0x49, 225, 194, 4, 0x48, 229, 194, 2, 0x49
    .word 231, 194, 5, 0x48, 236, 194, 11, 0x49, 247, 194, 5, 0x48, 252, 194, 2, 0xa2, 254, 194, 1, 0x51, 255, 194, 1, 0xa3, 256, 194, 1, 0xf4, 257, 194, 3, 0xa2
    .word 260, 194, 1, 0xab, 261, 194, 3, 0xf4, 264, 194, 1, 0xec, 265, 194, 2, 0x9a, 267, 194, 4, 0x00, 271, 194, 4, 0x48, 275, 194, 2, 0x49, 277, 194, 2, 0x50
    .word 279, 194, 1, 0x10, 280, 194, 4, 0x61, 284, 194, 7, 0x58, 291, 194, 9, 0x50, 300, 194, 1, 0x6a, 301, 194, 3, 0x69, 304, 194, 1, 0x6a, 305, 194, 1, 0x61
    .word 306, 194, 6, 0x50, 312, 194, 2, 0x08, 314, 194, 1, 0x48, 315, 194, 5, 0x00, 0, 195, 1, 0x00, 1, 195, 1, 0x08, 2, 195, 4, 0x50, 6, 195, 1, 0x61
    .word 7, 195, 2, 0x60, 9, 195, 1, 0x58, 10, 195, 1, 0x08, 11, 195, 13, 0x00, 24, 195, 1, 0x08, 25, 195, 2, 0x48, 27, 195, 7, 0x50, 34, 195, 1, 0x58
    .word 35, 195, 1, 0x50, 36, 195, 1, 0x69, 37, 195, 2, 0x6a, 39, 195, 3, 0x50, 42, 195, 2, 0x61, 44, 195, 1, 0x60, 45, 195, 1, 0x61, 46, 195, 1, 0x60
    .word 47, 195, 2, 0x50, 49, 195, 5, 0x48, 54, 195, 2, 0x00, 56, 195, 8, 0x49, 64, 195, 2, 0x48, 66, 195, 1, 0x49, 67, 195, 3, 0x48, 70, 195, 1, 0x49
    .word 71, 195, 14, 0x48, 85, 195, 9, 0x08, 94, 195, 2, 0x00, 96, 195, 4, 0x48, 100, 195, 1, 0x49, 101, 195, 1, 0x48, 102, 195, 7, 0x49, 109, 195, 1, 0x48
    .word 110, 195, 1, 0x08, 111, 195, 4, 0x48, 115, 195, 5, 0x51, 120, 195, 6, 0x48, 126, 195, 5, 0x49, 131, 195, 6, 0x48, 137, 195, 3, 0x00, 140, 195, 2, 0x48
    .word 142, 195, 2, 0x00, 144, 195, 2, 0x48, 146, 195, 1, 0x9a, 147, 195, 2, 0x99, 149, 195, 1, 0x51, 150, 195, 1, 0x5a, 151, 195, 1, 0x51, 152, 195, 2, 0x50
    .word 154, 195, 1, 0x9a, 155, 195, 4, 0x51, 159, 195, 1, 0x5a, 160, 195, 1, 0xa3, 161, 195, 5, 0x48, 166, 195, 1, 0x49, 167, 195, 2, 0x50, 169, 195, 1, 0x58
    .word 170, 195, 4, 0x61, 174, 195, 1, 0xb5, 175, 195, 1, 0x6a, 176, 195, 1, 0x60, 177, 195, 2, 0x58, 179, 195, 2, 0x50, 181, 195, 5, 0x49, 186, 195, 1, 0x48
    .word 187, 195, 3, 0x49, 190, 195, 1, 0x48, 191, 195, 1, 0x49, 192, 195, 2, 0x08, 194, 195, 1, 0x00, 195, 195, 1, 0x48, 196, 195, 3, 0x08, 199, 195, 2, 0x00
    .word 201, 195, 3, 0x50, 204, 195, 1, 0x48, 205, 195, 1, 0x59, 206, 195, 1, 0x50, 207, 195, 7, 0x49, 214, 195, 2, 0x50, 216, 195, 4, 0x48, 220, 195, 1, 0x49
    .word 221, 195, 1, 0x48, 222, 195, 2, 0x00, 224, 195, 2, 0x49, 226, 195, 1, 0x48, 227, 195, 8, 0x49, 235, 195, 1, 0x48, 236, 195, 11, 0x49, 247, 195, 5, 0x48
    .word 252, 195, 2, 0x00, 254, 195, 1, 0x08, 255, 195, 4, 0x48, 259, 195, 1, 0x51, 260, 195, 2, 0x99, 262, 195, 2, 0x48, 264, 195, 1, 0x50, 265, 195, 1, 0x48
    .word 266, 195, 3, 0x00, 269, 195, 2, 0x49, 271, 195, 1, 0x48, 272, 195, 2, 0x00, 274, 195, 1, 0x48, 275, 195, 2, 0x50, 277, 195, 2, 0x58, 279, 195, 1, 0x60
    .word 280, 195, 10, 0x61, 290, 195, 1, 0x69, 291, 195, 5, 0x58, 296, 195, 3, 0x50, 299, 195, 3, 0x61, 302, 195, 2, 0x69, 304, 195, 1, 0x50, 305, 195, 1, 0x58
    .word 306, 195, 1, 0x50, 307, 195, 2, 0x48, 309, 195, 1, 0x08, 310, 195, 4, 0x48, 314, 195, 6, 0x00, 0, 196, 1, 0x00, 1, 196, 1, 0x08, 2, 196, 4, 0x50
    .word 6, 196, 1, 0x61, 7, 196, 2, 0x60, 9, 196, 1, 0x58, 10, 196, 1, 0x08, 11, 196, 13, 0x00, 24, 196, 1, 0x08, 25, 196, 2, 0x48, 27, 196, 7, 0x50
    .word 34, 196, 1, 0x58, 35, 196, 1, 0x50, 36, 196, 1, 0x69, 37, 196, 2, 0x6a, 39, 196, 3, 0x50, 42, 196, 2, 0x61, 44, 196, 1, 0x60, 45, 196, 1, 0x61
    .word 46, 196, 1, 0x60, 47, 196, 2, 0x50, 49, 196, 5, 0x48, 54, 196, 2, 0x00, 56, 196, 8, 0x49, 64, 196, 2, 0x48, 66, 196, 1, 0x49, 67, 196, 3, 0x48
    .word 70, 196, 1, 0x49, 71, 196, 14, 0x48, 85, 196, 9, 0x08, 94, 196, 2, 0x00, 96, 196, 4, 0x48, 100, 196, 1, 0x49, 101, 196, 1, 0x48, 102, 196, 7, 0x49
    .word 109, 196, 1, 0x48, 110, 196, 1, 0x08, 111, 196, 4, 0x48, 115, 196, 5, 0x51, 120, 196, 6, 0x48, 126, 196, 5, 0x49, 131, 196, 6, 0x48, 137, 196, 3, 0x00
    .word 140, 196, 2, 0x48, 142, 196, 2, 0x00, 144, 196, 2, 0x48, 146, 196, 1, 0x9a, 147, 196, 2, 0x99, 149, 196, 1, 0x51, 150, 196, 1, 0x5a, 151, 196, 1, 0x51
    .word 152, 196, 2, 0x50, 154, 196, 1, 0x9a, 155, 196, 4, 0x51, 159, 196, 1, 0x5a, 160, 196, 1, 0xa3, 161, 196, 5, 0x48, 166, 196, 1, 0x49, 167, 196, 2, 0x50
    .word 169, 196, 1, 0x58, 170, 196, 4, 0x61, 174, 196, 1, 0xb5, 175, 196, 1, 0x6a, 176, 196, 1, 0x60, 177, 196, 2, 0x58, 179, 196, 2, 0x50, 181, 196, 5, 0x49
    .word 186, 196, 1, 0x48, 187, 196, 3, 0x49, 190, 196, 1, 0x48, 191, 196, 1, 0x49, 192, 196, 2, 0x08, 194, 196, 1, 0x00, 195, 196, 1, 0x48, 196, 196, 3, 0x08
    .word 199, 196, 2, 0x00, 201, 196, 3, 0x50, 204, 196, 1, 0x48, 205, 196, 1, 0x59, 206, 196, 1, 0x50, 207, 196, 7, 0x49, 214, 196, 2, 0x50, 216, 196, 4, 0x48
    .word 220, 196, 1, 0x49, 221, 196, 1, 0x48, 222, 196, 2, 0x00, 224, 196, 2, 0x49, 226, 196, 1, 0x48, 227, 196, 8, 0x49, 235, 196, 1, 0x48, 236, 196, 11, 0x49
    .word 247, 196, 5, 0x48, 252, 196, 2, 0x00, 254, 196, 1, 0x08, 255, 196, 4, 0x48, 259, 196, 1, 0x51, 260, 196, 2, 0x99, 262, 196, 2, 0x48, 264, 196, 1, 0x50
    .word 265, 196, 1, 0x48, 266, 196, 3, 0x00, 269, 196, 2, 0x49, 271, 196, 1, 0x48, 272, 196, 2, 0x00, 274, 196, 1, 0x48, 275, 196, 2, 0x50, 277, 196, 2, 0x58
    .word 279, 196, 1, 0x60, 280, 196, 10, 0x61, 290, 196, 1, 0x69, 291, 196, 5, 0x58, 296, 196, 3, 0x50, 299, 196, 3, 0x61, 302, 196, 2, 0x69, 304, 196, 1, 0x50
    .word 305, 196, 1, 0x58, 306, 196, 1, 0x50, 307, 196, 2, 0x48, 309, 196, 1, 0x08, 310, 196, 4, 0x48, 314, 196, 6, 0x00, 0, 197, 2, 0x00, 2, 197, 2, 0x48
    .word 4, 197, 5, 0x50, 9, 197, 1, 0x48, 10, 197, 1, 0x50, 11, 197, 3, 0x6a, 14, 197, 1, 0x08, 15, 197, 11, 0x00, 26, 197, 3, 0x48, 29, 197, 17, 0x50
    .word 46, 197, 3, 0x48, 49, 197, 1, 0x00, 50, 197, 2, 0x48, 52, 197, 3, 0x08, 55, 197, 2, 0x48, 57, 197, 4, 0x08, 61, 197, 10, 0x48, 71, 197, 1, 0x49
    .word 72, 197, 3, 0x48, 75, 197, 1, 0xa1, 76, 197, 3, 0x51, 79, 197, 3, 0x49, 82, 197, 4, 0x51, 86, 197, 11, 0x48, 97, 197, 3, 0x00, 100, 197, 1, 0x48
    .word 101, 197, 5, 0x49, 106, 197, 1, 0x48, 107, 197, 2, 0x08, 109, 197, 2, 0x48, 111, 197, 40, 0x00, 151, 197, 1, 0x59, 152, 197, 2, 0x6a, 154, 197, 1, 0xb3
    .word 155, 197, 1, 0x61, 156, 197, 1, 0x00, 157, 197, 2, 0x08, 159, 197, 2, 0x00, 161, 197, 5, 0x48, 166, 197, 1, 0x50, 167, 197, 2, 0x69, 169, 197, 1, 0x62
    .word 170, 197, 1, 0xab, 171, 197, 5, 0xb5, 176, 197, 1, 0xb4, 177, 197, 2, 0x72, 179, 197, 1, 0x69, 180, 197, 1, 0x50, 181, 197, 10, 0x49, 191, 197, 1, 0x48
    .word 192, 197, 2, 0x49, 194, 197, 2, 0x00, 196, 197, 9, 0x48, 205, 197, 2, 0x50, 207, 197, 5, 0x48, 212, 197, 2, 0xaa, 214, 197, 2, 0x6a, 216, 197, 1, 0x6b
    .word 217, 197, 2, 0x48, 219, 197, 1, 0x41, 220, 197, 1, 0x56, 221, 197, 1, 0x48, 222, 197, 33, 0x00, 255, 197, 1, 0x51, 256, 197, 1, 0x08, 257, 197, 2, 0x48
    .word 259, 197, 2, 0x40, 261, 197, 1, 0x00, 262, 197, 4, 0x48, 266, 197, 3, 0x49, 269, 197, 1, 0x48, 270, 197, 1, 0x49, 271, 197, 1, 0x48, 272, 197, 2, 0x49
    .word 274, 197, 1, 0x48, 275, 197, 1, 0x62, 276, 197, 1, 0x69, 277, 197, 2, 0x61, 279, 197, 8, 0x48, 287, 197, 3, 0x58, 290, 197, 2, 0x61, 292, 197, 2, 0x58
    .word 294, 197, 11, 0x50, 305, 197, 1, 0x48, 306, 197, 1, 0x50, 307, 197, 2, 0x48, 309, 197, 3, 0x00, 312, 197, 2, 0x48, 314, 197, 6, 0x00, 0, 198, 1, 0x00
    .word 1, 198, 4, 0x08, 5, 198, 1, 0x50, 6, 198, 5, 0x48, 11, 198, 1, 0x50, 12, 198, 2, 0x58, 14, 198, 2, 0x50, 16, 198, 1, 0x08, 17, 198, 10, 0x00
    .word 27, 198, 3, 0x48, 30, 198, 2, 0x08, 32, 198, 9, 0x50, 41, 198, 3, 0x08, 44, 198, 1, 0x48, 45, 198, 2, 0x00, 47, 198, 8, 0x49, 55, 198, 1, 0x48
    .word 56, 198, 6, 0x49, 62, 198, 2, 0x48, 64, 198, 1, 0x49, 65, 198, 1, 0x48, 66, 198, 5, 0x49, 71, 198, 1, 0x59, 72, 198, 12, 0x61, 84, 198, 1, 0x51
    .word 85, 198, 5, 0x49, 90, 198, 1, 0x48, 91, 198, 3, 0x49, 94, 198, 1, 0x48, 95, 198, 1, 0x08, 96, 198, 3, 0x00, 99, 198, 3, 0x08, 102, 198, 4, 0x48
    .word 106, 198, 4, 0x08, 110, 198, 4, 0x48, 114, 198, 2, 0x08, 116, 198, 11, 0x48, 127, 198, 3, 0x08, 130, 198, 2, 0x00, 132, 198, 2, 0x48, 134, 198, 11, 0x49
    .word 145, 198, 1, 0x53, 146, 198, 6, 0x48, 152, 198, 4, 0x50, 156, 198, 5, 0x48, 161, 198, 8, 0x61, 169, 198, 1, 0x6b, 170, 198, 1, 0x6a, 171, 198, 1, 0xb5
    .word 172, 198, 4, 0x61, 176, 198, 1, 0xab, 177, 198, 2, 0xb5, 179, 198, 1, 0xb4, 180, 198, 21, 0x61, 201, 198, 1, 0x6a, 202, 198, 3, 0x69, 205, 198, 4, 0x61
    .word 209, 198, 2, 0x59, 211, 198, 1, 0x48, 212, 198, 2, 0x08, 214, 198, 1, 0x48, 215, 198, 1, 0x08, 216, 198, 3, 0x48, 219, 198, 11, 0x49, 230, 198, 2, 0x48
    .word 232, 198, 2, 0x49, 234, 198, 2, 0x48, 236, 198, 1, 0x49, 237, 198, 4, 0x48, 241, 198, 13, 0x49, 254, 198, 3, 0x48, 257, 198, 2, 0x10, 259, 198, 3, 0x59
    .word 262, 198, 2, 0x51, 264, 198, 3, 0x48, 267, 198, 8, 0x49, 275, 198, 2, 0x48, 277, 198, 4, 0x00, 281, 198, 6, 0x48, 287, 198, 17, 0x50, 304, 198, 5, 0x48
    .word 309, 198, 6, 0x00, 315, 198, 1, 0x08, 316, 198, 1, 0x48, 317, 198, 3, 0x00, 0, 199, 1, 0x00, 1, 199, 4, 0x08, 5, 199, 1, 0x50, 6, 199, 5, 0x48
    .word 11, 199, 1, 0x50, 12, 199, 2, 0x58, 14, 199, 2, 0x50, 16, 199, 1, 0x08, 17, 199, 10, 0x00, 27, 199, 3, 0x48, 30, 199, 2, 0x08, 32, 199, 9, 0x50
    .word 41, 199, 3, 0x08, 44, 199, 1, 0x48, 45, 199, 2, 0x00, 47, 199, 8, 0x49, 55, 199, 1, 0x48, 56, 199, 6, 0x49, 62, 199, 2, 0x48, 64, 199, 1, 0x49
    .word 65, 199, 1, 0x48, 66, 199, 5, 0x49, 71, 199, 1, 0x59, 72, 199, 12, 0x61, 84, 199, 1, 0x51, 85, 199, 5, 0x49, 90, 199, 1, 0x48, 91, 199, 3, 0x49
    .word 94, 199, 1, 0x48, 95, 199, 1, 0x08, 96, 199, 3, 0x00, 99, 199, 3, 0x08, 102, 199, 4, 0x48, 106, 199, 4, 0x08, 110, 199, 4, 0x48, 114, 199, 2, 0x08
    .word 116, 199, 11, 0x48, 127, 199, 3, 0x08, 130, 199, 2, 0x00, 132, 199, 2, 0x48, 134, 199, 11, 0x49, 145, 199, 1, 0x53, 146, 199, 6, 0x48, 152, 199, 4, 0x50
    .word 156, 199, 5, 0x48, 161, 199, 8, 0x61, 169, 199, 1, 0x6b, 170, 199, 1, 0x6a, 171, 199, 1, 0xb5, 172, 199, 4, 0x61, 176, 199, 1, 0xab, 177, 199, 2, 0xb5
    .word 179, 199, 1, 0xb4, 180, 199, 21, 0x61, 201, 199, 1, 0x6a, 202, 199, 3, 0x69, 205, 199, 4, 0x61, 209, 199, 2, 0x59, 211, 199, 1, 0x48, 212, 199, 2, 0x08
    .word 214, 199, 1, 0x48, 215, 199, 1, 0x08, 216, 199, 3, 0x48, 219, 199, 11, 0x49, 230, 199, 2, 0x48, 232, 199, 2, 0x49, 234, 199, 2, 0x48, 236, 199, 1, 0x49
    .word 237, 199, 4, 0x48, 241, 199, 13, 0x49, 254, 199, 3, 0x48, 257, 199, 2, 0x10, 259, 199, 3, 0x59, 262, 199, 2, 0x51, 264, 199, 3, 0x48, 267, 199, 8, 0x49
    .word 275, 199, 2, 0x48, 277, 199, 4, 0x00, 281, 199, 6, 0x48, 287, 199, 17, 0x50, 304, 199, 5, 0x48, 309, 199, 6, 0x00, 315, 199, 1, 0x08, 316, 199, 1, 0x48
    .word 317, 199, 3, 0x00, 0, 200, 2, 0x00, 2, 200, 3, 0x08, 5, 200, 1, 0x50, 6, 200, 1, 0x48, 7, 200, 2, 0x08, 9, 200, 1, 0x00, 10, 200, 4, 0x48
    .word 14, 200, 2, 0x50, 16, 200, 1, 0x08, 17, 200, 12, 0x00, 29, 200, 3, 0x08, 32, 200, 3, 0x48, 35, 200, 6, 0x08, 41, 200, 5, 0x00, 46, 200, 15, 0x49
    .word 61, 200, 1, 0x48, 62, 200, 2, 0x59, 64, 200, 3, 0x50, 67, 200, 2, 0x10, 69, 200, 2, 0x50, 71, 200, 5, 0x61, 76, 200, 1, 0x69, 77, 200, 9, 0x61
    .word 86, 200, 1, 0x59, 87, 200, 2, 0x48, 89, 200, 1, 0x49, 90, 200, 1, 0x48, 91, 200, 3, 0x49, 94, 200, 3, 0x00, 97, 200, 14, 0x08, 111, 200, 4, 0x48
    .word 115, 200, 1, 0x08, 116, 200, 4, 0x49, 120, 200, 1, 0x48, 121, 200, 3, 0x49, 124, 200, 1, 0x48, 125, 200, 2, 0x49, 127, 200, 2, 0x48, 129, 200, 2, 0x00
    .word 131, 200, 3, 0x48, 134, 200, 10, 0x49, 144, 200, 1, 0x48, 145, 200, 2, 0x49, 147, 200, 2, 0x48, 149, 200, 3, 0x49, 152, 200, 4, 0x48, 156, 200, 3, 0x49
    .word 159, 200, 1, 0x58, 160, 200, 17, 0x61, 177, 200, 2, 0x62, 179, 200, 1, 0x69, 180, 200, 17, 0x61, 197, 200, 2, 0x6a, 199, 200, 1, 0xbd, 200, 200, 4, 0xb5
    .word 204, 200, 1, 0x61, 205, 200, 1, 0xb3, 206, 200, 1, 0x6a, 207, 200, 2, 0x61, 209, 200, 2, 0xab, 211, 200, 1, 0x50, 212, 200, 2, 0x58, 214, 200, 1, 0x50
    .word 215, 200, 2, 0x48, 217, 200, 5, 0x49, 222, 200, 7, 0x48, 229, 200, 1, 0x51, 230, 200, 1, 0xa3, 231, 200, 5, 0x48, 236, 200, 5, 0x50, 241, 200, 8, 0x48
    .word 249, 200, 6, 0x49, 255, 200, 1, 0x48, 256, 200, 1, 0x61, 257, 200, 7, 0x69, 264, 200, 1, 0x61, 265, 200, 4, 0x48, 269, 200, 8, 0x49, 277, 200, 2, 0x48
    .word 279, 200, 1, 0x08, 280, 200, 1, 0x00, 281, 200, 10, 0x48, 291, 200, 13, 0x50, 304, 200, 3, 0x08, 307, 200, 8, 0x00, 315, 200, 1, 0x48, 316, 200, 1, 0x50
    .word 317, 200, 3, 0x00, 0, 201, 2, 0x00, 2, 201, 3, 0x08, 5, 201, 1, 0x50, 6, 201, 1, 0x48, 7, 201, 2, 0x08, 9, 201, 1, 0x00, 10, 201, 4, 0x48
    .word 14, 201, 2, 0x50, 16, 201, 1, 0x08, 17, 201, 12, 0x00, 29, 201, 3, 0x08, 32, 201, 3, 0x48, 35, 201, 6, 0x08, 41, 201, 5, 0x00, 46, 201, 15, 0x49
    .word 61, 201, 1, 0x48, 62, 201, 2, 0x59, 64, 201, 3, 0x50, 67, 201, 2, 0x10, 69, 201, 2, 0x50, 71, 201, 5, 0x61, 76, 201, 1, 0x69, 77, 201, 9, 0x61
    .word 86, 201, 1, 0x59, 87, 201, 2, 0x48, 89, 201, 1, 0x49, 90, 201, 1, 0x48, 91, 201, 3, 0x49, 94, 201, 3, 0x00, 97, 201, 14, 0x08, 111, 201, 4, 0x48
    .word 115, 201, 1, 0x08, 116, 201, 4, 0x49, 120, 201, 1, 0x48, 121, 201, 3, 0x49, 124, 201, 1, 0x48, 125, 201, 2, 0x49, 127, 201, 2, 0x48, 129, 201, 2, 0x00
    .word 131, 201, 3, 0x48, 134, 201, 10, 0x49, 144, 201, 1, 0x48, 145, 201, 2, 0x49, 147, 201, 2, 0x48, 149, 201, 3, 0x49, 152, 201, 4, 0x48, 156, 201, 3, 0x49
    .word 159, 201, 1, 0x58, 160, 201, 17, 0x61, 177, 201, 2, 0x62, 179, 201, 1, 0x69, 180, 201, 17, 0x61, 197, 201, 2, 0x6a, 199, 201, 1, 0xbd, 200, 201, 4, 0xb5
    .word 204, 201, 1, 0x61, 205, 201, 1, 0xb3, 206, 201, 1, 0x6a, 207, 201, 2, 0x61, 209, 201, 2, 0xab, 211, 201, 1, 0x50, 212, 201, 2, 0x58, 214, 201, 1, 0x50
    .word 215, 201, 2, 0x48, 217, 201, 5, 0x49, 222, 201, 7, 0x48, 229, 201, 1, 0x51, 230, 201, 1, 0xa3, 231, 201, 5, 0x48, 236, 201, 5, 0x50, 241, 201, 8, 0x48
    .word 249, 201, 6, 0x49, 255, 201, 1, 0x48, 256, 201, 1, 0x61, 257, 201, 7, 0x69, 264, 201, 1, 0x61, 265, 201, 4, 0x48, 269, 201, 8, 0x49, 277, 201, 2, 0x48
    .word 279, 201, 1, 0x08, 280, 201, 1, 0x00, 281, 201, 10, 0x48, 291, 201, 13, 0x50, 304, 201, 3, 0x08, 307, 201, 8, 0x00, 315, 201, 1, 0x48, 316, 201, 1, 0x50
    .word 317, 201, 3, 0x00, 0, 202, 1, 0x48, 1, 202, 1, 0x08, 2, 202, 8, 0x00, 10, 202, 2, 0x08, 12, 202, 2, 0x00, 14, 202, 1, 0x08, 15, 202, 1, 0x48
    .word 16, 202, 3, 0x50, 19, 202, 1, 0x08, 20, 202, 5, 0x00, 25, 202, 14, 0x08, 39, 202, 3, 0x00, 42, 202, 2, 0x49, 44, 202, 1, 0x48, 45, 202, 10, 0x49
    .word 55, 202, 1, 0x48, 56, 202, 1, 0x51, 57, 202, 9, 0x61, 66, 202, 4, 0xbd, 70, 202, 1, 0xbe, 71, 202, 14, 0x61, 85, 202, 4, 0x50, 89, 202, 1, 0x48
    .word 90, 202, 1, 0x49, 91, 202, 1, 0x48, 92, 202, 4, 0x00, 96, 202, 16, 0x08, 112, 202, 8, 0x48, 120, 202, 4, 0x49, 124, 202, 1, 0x48, 125, 202, 2, 0x49
    .word 127, 202, 3, 0x00, 130, 202, 1, 0x08, 131, 202, 28, 0x49, 159, 202, 1, 0x48, 160, 202, 5, 0x50, 165, 202, 15, 0x61, 180, 202, 5, 0x50, 185, 202, 15, 0x61
    .word 200, 202, 1, 0xf5, 201, 202, 4, 0xb5, 205, 202, 1, 0x6a, 206, 202, 1, 0x58, 207, 202, 2, 0x61, 209, 202, 1, 0x60, 210, 202, 1, 0x69, 211, 202, 1, 0xab
    .word 212, 202, 5, 0x61, 217, 202, 4, 0x50, 221, 202, 6, 0x61, 227, 202, 2, 0x6a, 229, 202, 1, 0xab, 230, 202, 1, 0x9a, 231, 202, 1, 0x99, 232, 202, 2, 0x91
    .word 234, 202, 1, 0x61, 235, 202, 2, 0x69, 237, 202, 4, 0x61, 241, 202, 3, 0x69, 244, 202, 5, 0x61, 249, 202, 2, 0x48, 251, 202, 5, 0x49, 256, 202, 1, 0x48
    .word 257, 202, 5, 0x50, 262, 202, 2, 0x58, 264, 202, 3, 0x48, 267, 202, 12, 0x49, 279, 202, 1, 0x48, 280, 202, 2, 0x49, 282, 202, 4, 0x00, 286, 202, 5, 0x08
    .word 291, 202, 5, 0x48, 296, 202, 10, 0x50, 306, 202, 8, 0x00, 314, 202, 3, 0x08, 317, 202, 3, 0x00, 0, 203, 1, 0x50, 1, 203, 1, 0x48, 2, 203, 3, 0x08
    .word 5, 203, 6, 0x00, 11, 203, 6, 0x08, 17, 203, 2, 0x48, 19, 203, 1, 0x08, 20, 203, 2, 0x00, 22, 203, 15, 0x08, 37, 203, 4, 0x00, 41, 203, 11, 0x48
    .word 52, 203, 2, 0x49, 54, 203, 1, 0x58, 55, 203, 10, 0x61, 65, 203, 1, 0x69, 66, 203, 1, 0x6a, 67, 203, 5, 0x58, 72, 203, 12, 0x59, 84, 203, 5, 0x48
    .word 89, 203, 1, 0x49, 90, 203, 1, 0x48, 91, 203, 3, 0x00, 94, 203, 18, 0x08, 112, 203, 3, 0x48, 115, 203, 4, 0x49, 119, 203, 2, 0x48, 121, 203, 4, 0x49
    .word 125, 203, 1, 0x48, 126, 203, 1, 0x49, 127, 203, 2, 0x00, 129, 203, 2, 0x48, 131, 203, 11, 0x49, 142, 203, 2, 0x48, 144, 203, 21, 0x49, 165, 203, 14, 0x59
    .word 179, 203, 2, 0x58, 181, 203, 1, 0x59, 182, 203, 27, 0x61, 209, 203, 1, 0xb4, 210, 203, 1, 0xb5, 211, 203, 1, 0x6b, 212, 203, 4, 0x61, 216, 203, 1, 0x69
    .word 217, 203, 9, 0x61, 226, 203, 1, 0x59, 227, 203, 2, 0x50, 229, 203, 6, 0x48, 235, 203, 1, 0x69, 236, 203, 1, 0x61, 237, 203, 4, 0x6a, 241, 203, 10, 0x61
    .word 251, 203, 1, 0x49, 252, 203, 4, 0x48, 256, 203, 1, 0x49, 257, 203, 3, 0x48, 260, 203, 1, 0x49, 261, 203, 1, 0x48, 262, 203, 3, 0x49, 265, 203, 7, 0x48
    .word 272, 203, 4, 0x49, 276, 203, 5, 0x48, 281, 203, 1, 0x49, 282, 203, 2, 0x48, 284, 203, 3, 0x00, 287, 203, 9, 0x08, 296, 203, 1, 0x48, 297, 203, 14, 0x50
    .word 311, 203, 4, 0x48, 315, 203, 1, 0x08, 316, 203, 4, 0x00, 0, 204, 1, 0x50, 1, 204, 1, 0x48, 2, 204, 3, 0x08, 5, 204, 6, 0x00, 11, 204, 6, 0x08
    .word 17, 204, 2, 0x48, 19, 204, 1, 0x08, 20, 204, 2, 0x00, 22, 204, 15, 0x08, 37, 204, 4, 0x00, 41, 204, 11, 0x48, 52, 204, 2, 0x49, 54, 204, 1, 0x58
    .word 55, 204, 10, 0x61, 65, 204, 1, 0x69, 66, 204, 1, 0x6a, 67, 204, 5, 0x58, 72, 204, 12, 0x59, 84, 204, 5, 0x48, 89, 204, 1, 0x49, 90, 204, 1, 0x48
    .word 91, 204, 3, 0x00, 94, 204, 18, 0x08, 112, 204, 3, 0x48, 115, 204, 4, 0x49, 119, 204, 2, 0x48, 121, 204, 4, 0x49, 125, 204, 1, 0x48, 126, 204, 1, 0x49
    .word 127, 204, 2, 0x00, 129, 204, 2, 0x48, 131, 204, 11, 0x49, 142, 204, 2, 0x48, 144, 204, 21, 0x49, 165, 204, 14, 0x59, 179, 204, 2, 0x58, 181, 204, 1, 0x59
    .word 182, 204, 27, 0x61, 209, 204, 1, 0xb4, 210, 204, 1, 0xb5, 211, 204, 1, 0x6b, 212, 204, 4, 0x61, 216, 204, 1, 0x69, 217, 204, 9, 0x61, 226, 204, 1, 0x59
    .word 227, 204, 2, 0x50, 229, 204, 6, 0x48, 235, 204, 1, 0x69, 236, 204, 1, 0x61, 237, 204, 4, 0x6a, 241, 204, 10, 0x61, 251, 204, 1, 0x49, 252, 204, 4, 0x48
    .word 256, 204, 1, 0x49, 257, 204, 3, 0x48, 260, 204, 1, 0x49, 261, 204, 1, 0x48, 262, 204, 3, 0x49, 265, 204, 7, 0x48, 272, 204, 4, 0x49, 276, 204, 5, 0x48
    .word 281, 204, 1, 0x49, 282, 204, 2, 0x48, 284, 204, 3, 0x00, 287, 204, 9, 0x08, 296, 204, 1, 0x48, 297, 204, 14, 0x50, 311, 204, 4, 0x48, 315, 204, 1, 0x08
    .word 316, 204, 4, 0x00, 0, 205, 2, 0x48, 2, 205, 2, 0x08, 4, 205, 2, 0x48, 6, 205, 1, 0x08, 7, 205, 4, 0x50, 11, 205, 5, 0x08, 16, 205, 1, 0x48
    .word 17, 205, 18, 0x08, 35, 205, 2, 0x00, 37, 205, 4, 0x50, 41, 205, 4, 0x59, 45, 205, 1, 0x69, 46, 205, 18, 0x61, 64, 205, 2, 0x48, 66, 205, 9, 0x49
    .word 75, 205, 12, 0x48, 87, 205, 5, 0x00, 92, 205, 10, 0x08, 102, 205, 10, 0x48, 112, 205, 2, 0x49, 114, 205, 12, 0x48, 126, 205, 1, 0x00, 127, 205, 2, 0x08
    .word 129, 205, 1, 0x49, 130, 205, 1, 0x48, 131, 205, 18, 0x49, 149, 205, 1, 0x48, 150, 205, 7, 0x49, 157, 205, 2, 0x48, 159, 205, 16, 0x49, 175, 205, 2, 0x48
    .word 177, 205, 2, 0x49, 179, 205, 1, 0x48, 180, 205, 2, 0x49, 182, 205, 3, 0x48, 185, 205, 1, 0x50, 186, 205, 49, 0x61, 235, 205, 1, 0x69, 236, 205, 5, 0x61
    .word 241, 205, 1, 0x49, 242, 205, 7, 0x48, 249, 205, 1, 0x49, 250, 205, 1, 0x48, 251, 205, 1, 0x49, 252, 205, 2, 0x48, 254, 205, 11, 0x49, 265, 205, 4, 0x48
    .word 269, 205, 1, 0x54, 270, 205, 1, 0x55, 271, 205, 3, 0x49, 274, 205, 3, 0x48, 277, 205, 8, 0x49, 285, 205, 2, 0x48, 287, 205, 4, 0x00, 291, 205, 6, 0x08
    .word 297, 205, 8, 0x58, 305, 205, 9, 0x50, 314, 205, 6, 0x48, 0, 206, 2, 0x48, 2, 206, 2, 0x08, 4, 206, 2, 0x48, 6, 206, 1, 0x08, 7, 206, 4, 0x50
    .word 11, 206, 5, 0x08, 16, 206, 1, 0x48, 17, 206, 18, 0x08, 35, 206, 2, 0x00, 37, 206, 4, 0x50, 41, 206, 4, 0x59, 45, 206, 1, 0x69, 46, 206, 18, 0x61
    .word 64, 206, 2, 0x48, 66, 206, 9, 0x49, 75, 206, 12, 0x48, 87, 206, 5, 0x00, 92, 206, 10, 0x08, 102, 206, 10, 0x48, 112, 206, 2, 0x49, 114, 206, 12, 0x48
    .word 126, 206, 1, 0x00, 127, 206, 2, 0x08, 129, 206, 1, 0x49, 130, 206, 1, 0x48, 131, 206, 18, 0x49, 149, 206, 1, 0x48, 150, 206, 7, 0x49, 157, 206, 2, 0x48
    .word 159, 206, 16, 0x49, 175, 206, 2, 0x48, 177, 206, 2, 0x49, 179, 206, 1, 0x48, 180, 206, 2, 0x49, 182, 206, 3, 0x48, 185, 206, 1, 0x50, 186, 206, 49, 0x61
    .word 235, 206, 1, 0x69, 236, 206, 5, 0x61, 241, 206, 1, 0x49, 242, 206, 7, 0x48, 249, 206, 1, 0x49, 250, 206, 1, 0x48, 251, 206, 1, 0x49, 252, 206, 2, 0x48
    .word 254, 206, 11, 0x49, 265, 206, 4, 0x48, 269, 206, 1, 0x54, 270, 206, 1, 0x55, 271, 206, 3, 0x49, 274, 206, 3, 0x48, 277, 206, 8, 0x49, 285, 206, 2, 0x48
    .word 287, 206, 4, 0x00, 291, 206, 6, 0x08, 297, 206, 8, 0x58, 305, 206, 9, 0x50, 314, 206, 6, 0x48, 0, 207, 1, 0x08, 1, 207, 1, 0x48, 2, 207, 3, 0x08
    .word 5, 207, 10, 0x50, 15, 207, 1, 0x48, 16, 207, 4, 0x08, 20, 207, 5, 0x48, 25, 207, 7, 0x08, 32, 207, 4, 0x00, 36, 207, 1, 0x48, 37, 207, 2, 0x08
    .word 39, 207, 1, 0x48, 40, 207, 5, 0x50, 45, 207, 4, 0x58, 49, 207, 3, 0x59, 52, 207, 2, 0x51, 54, 207, 22, 0x48, 76, 207, 25, 0x00, 101, 207, 1, 0x08
    .word 102, 207, 2, 0x48, 104, 207, 1, 0x08, 105, 207, 1, 0x48, 106, 207, 5, 0x08, 111, 207, 3, 0x48, 114, 207, 2, 0x08, 116, 207, 14, 0x00, 130, 207, 2, 0x49
    .word 132, 207, 19, 0x48, 151, 207, 4, 0x49, 155, 207, 7, 0x48, 162, 207, 17, 0x08, 179, 207, 2, 0x00, 181, 207, 3, 0x08, 184, 207, 1, 0x40, 185, 207, 2, 0x00
    .word 187, 207, 2, 0x48, 189, 207, 1, 0x08, 190, 207, 1, 0x00, 191, 207, 1, 0x08, 192, 207, 2, 0x61, 194, 207, 1, 0x58, 195, 207, 1, 0x59, 196, 207, 1, 0x61
    .word 197, 207, 2, 0x58, 199, 207, 18, 0x61, 217, 207, 4, 0x59, 221, 207, 15, 0x61, 236, 207, 1, 0x59, 237, 207, 2, 0x08, 239, 207, 2, 0x48, 241, 207, 1, 0x08
    .word 242, 207, 3, 0x48, 245, 207, 25, 0x08, 270, 207, 22, 0x00, 292, 207, 4, 0x08, 296, 207, 3, 0x48, 299, 207, 6, 0x08, 305, 207, 1, 0x48, 306, 207, 6, 0x08
    .word 312, 207, 8, 0x48, 0, 208, 1, 0x08, 1, 208, 36, 0x50, 37, 208, 2, 0x48, 39, 208, 5, 0x50, 44, 208, 2, 0x48, 46, 208, 3, 0x49, 49, 208, 1, 0x48
    .word 50, 208, 1, 0x00, 51, 208, 1, 0x08, 52, 208, 58, 0x00, 110, 208, 1, 0x08, 111, 208, 21, 0x00, 132, 208, 17, 0x08, 149, 208, 1, 0x48, 150, 208, 1, 0x49
    .word 151, 208, 1, 0x48, 152, 208, 2, 0x49, 154, 208, 1, 0x48, 155, 208, 1, 0x08, 156, 208, 1, 0x62, 157, 208, 3, 0xb3, 160, 208, 1, 0x72, 161, 208, 1, 0x61
    .word 162, 208, 2, 0x48, 164, 208, 2, 0x00, 166, 208, 3, 0x48, 169, 208, 2, 0x08, 171, 208, 3, 0x00, 174, 208, 2, 0x48, 176, 208, 1, 0x08, 177, 208, 3, 0x61
    .word 180, 208, 5, 0x59, 185, 208, 1, 0x08, 186, 208, 3, 0x48, 189, 208, 3, 0x00, 192, 208, 2, 0x61, 194, 208, 1, 0x50, 195, 208, 1, 0x10, 196, 208, 23, 0x61
    .word 219, 208, 2, 0x58, 221, 208, 5, 0x61, 226, 208, 1, 0x59, 227, 208, 48, 0x00, 275, 208, 2, 0x08, 277, 208, 3, 0x00, 280, 208, 4, 0x08, 284, 208, 5, 0x00
    .word 289, 208, 3, 0x08, 292, 208, 2, 0x00, 294, 208, 18, 0x08, 312, 208, 8, 0x48, 0, 209, 1, 0x08, 1, 209, 36, 0x50, 37, 209, 2, 0x48, 39, 209, 5, 0x50
    .word 44, 209, 2, 0x48, 46, 209, 3, 0x49, 49, 209, 1, 0x48, 50, 209, 1, 0x00, 51, 209, 1, 0x08, 52, 209, 58, 0x00, 110, 209, 1, 0x08, 111, 209, 21, 0x00
    .word 132, 209, 17, 0x08, 149, 209, 1, 0x48, 150, 209, 1, 0x49, 151, 209, 1, 0x48, 152, 209, 2, 0x49, 154, 209, 1, 0x48, 155, 209, 1, 0x08, 156, 209, 1, 0x62
    .word 157, 209, 3, 0xb3, 160, 209, 1, 0x72, 161, 209, 1, 0x61, 162, 209, 2, 0x48, 164, 209, 2, 0x00, 166, 209, 3, 0x48, 169, 209, 2, 0x08, 171, 209, 3, 0x00
    .word 174, 209, 2, 0x48, 176, 209, 1, 0x08, 177, 209, 3, 0x61, 180, 209, 5, 0x59, 185, 209, 1, 0x08, 186, 209, 3, 0x48, 189, 209, 3, 0x00, 192, 209, 2, 0x61
    .word 194, 209, 1, 0x50, 195, 209, 1, 0x10, 196, 209, 23, 0x61, 219, 209, 2, 0x58, 221, 209, 5, 0x61, 226, 209, 1, 0x59, 227, 209, 48, 0x00, 275, 209, 2, 0x08
    .word 277, 209, 3, 0x00, 280, 209, 4, 0x08, 284, 209, 5, 0x00, 289, 209, 3, 0x08, 292, 209, 2, 0x00, 294, 209, 18, 0x08, 312, 209, 8, 0x48, 0, 210, 15, 0x50
    .word 15, 210, 2, 0x58, 17, 210, 18, 0x50, 35, 210, 10, 0x61, 45, 210, 1, 0x58, 46, 210, 1, 0x48, 47, 210, 2, 0x49, 49, 210, 1, 0x48, 50, 210, 15, 0x49
    .word 65, 210, 4, 0x48, 69, 210, 6, 0x08, 75, 210, 4, 0x00, 79, 210, 6, 0x08, 85, 210, 1, 0x00, 86, 210, 13, 0x08, 99, 210, 3, 0x48, 102, 210, 2, 0x08
    .word 104, 210, 10, 0x00, 114, 210, 1, 0x08, 115, 210, 1, 0x00, 116, 210, 3, 0x49, 119, 210, 3, 0x48, 122, 210, 13, 0x49, 135, 210, 1, 0x48, 136, 210, 15, 0x08
    .word 151, 210, 1, 0x00, 152, 210, 3, 0x08, 155, 210, 1, 0x50, 156, 210, 1, 0x60, 157, 210, 4, 0x58, 161, 210, 3, 0x50, 164, 210, 3, 0x08, 167, 210, 2, 0x48
    .word 169, 210, 2, 0x49, 171, 210, 1, 0x00, 172, 210, 4, 0x49, 176, 210, 38, 0x61, 214, 210, 1, 0xa3, 215, 210, 1, 0xa2, 216, 210, 11, 0x61, 227, 210, 14, 0x48
    .word 241, 210, 1, 0x08, 242, 210, 2, 0x48, 244, 210, 3, 0x08, 247, 210, 2, 0x48, 249, 210, 2, 0x08, 251, 210, 3, 0x48, 254, 210, 2, 0x00, 256, 210, 59, 0x08
    .word 315, 210, 5, 0x48, 0, 211, 15, 0x50, 15, 211, 2, 0x58, 17, 211, 18, 0x50, 35, 211, 10, 0x61, 45, 211, 1, 0x58, 46, 211, 1, 0x48, 47, 211, 2, 0x49
    .word 49, 211, 1, 0x48, 50, 211, 15, 0x49, 65, 211, 4, 0x48, 69, 211, 6, 0x08, 75, 211, 4, 0x00, 79, 211, 6, 0x08, 85, 211, 1, 0x00, 86, 211, 13, 0x08
    .word 99, 211, 3, 0x48, 102, 211, 2, 0x08, 104, 211, 10, 0x00, 114, 211, 1, 0x08, 115, 211, 1, 0x00, 116, 211, 3, 0x49, 119, 211, 3, 0x48, 122, 211, 13, 0x49
    .word 135, 211, 1, 0x48, 136, 211, 15, 0x08, 151, 211, 1, 0x00, 152, 211, 3, 0x08, 155, 211, 1, 0x50, 156, 211, 1, 0x60, 157, 211, 4, 0x58, 161, 211, 3, 0x50
    .word 164, 211, 3, 0x08, 167, 211, 2, 0x48, 169, 211, 2, 0x49, 171, 211, 1, 0x00, 172, 211, 4, 0x49, 176, 211, 38, 0x61, 214, 211, 1, 0xa3, 215, 211, 1, 0xa2
    .word 216, 211, 11, 0x61, 227, 211, 14, 0x48, 241, 211, 1, 0x08, 242, 211, 2, 0x48, 244, 211, 3, 0x08, 247, 211, 2, 0x48, 249, 211, 2, 0x08, 251, 211, 3, 0x48
    .word 254, 211, 2, 0x00, 256, 211, 59, 0x08, 315, 211, 5, 0x48, 0, 212, 32, 0x50, 32, 212, 2, 0x58, 34, 212, 11, 0x61, 45, 212, 2, 0x6a, 47, 212, 2, 0x61
    .word 49, 212, 1, 0x59, 50, 212, 4, 0x49, 54, 212, 7, 0x48, 61, 212, 1, 0x49, 62, 212, 4, 0x48, 66, 212, 8, 0x08, 74, 212, 3, 0x00, 77, 212, 5, 0x08
    .word 82, 212, 33, 0x00, 115, 212, 1, 0x08, 116, 212, 16, 0x49, 132, 212, 2, 0x08, 134, 212, 1, 0x00, 135, 212, 14, 0x08, 149, 212, 2, 0x50, 151, 212, 5, 0x08
    .word 156, 212, 1, 0x48, 157, 212, 3, 0x08, 160, 212, 1, 0x48, 161, 212, 6, 0x08, 167, 212, 4, 0x48, 171, 212, 1, 0x00, 172, 212, 3, 0x48, 175, 212, 5, 0x49
    .word 180, 212, 1, 0x51, 181, 212, 1, 0x50, 182, 212, 2, 0x48, 184, 212, 10, 0x49, 194, 212, 13, 0x61, 207, 212, 4, 0x50, 211, 212, 1, 0x58, 212, 212, 2, 0x50
    .word 214, 212, 3, 0x48, 217, 212, 2, 0x58, 219, 212, 12, 0x61, 231, 212, 1, 0x48, 232, 212, 12, 0x49, 244, 212, 1, 0x48, 245, 212, 10, 0x08, 255, 212, 4, 0x00
    .word 259, 212, 35, 0x08, 294, 212, 1, 0x59, 295, 212, 1, 0x61, 296, 212, 1, 0x48, 297, 212, 2, 0x00, 299, 212, 16, 0x08, 315, 212, 4, 0x48, 319, 212, 1, 0x50
    .word 0, 213, 7, 0x50, 7, 213, 4, 0x08, 11, 213, 20, 0x50, 31, 213, 14, 0x61, 45, 213, 1, 0xb4, 46, 213, 1, 0x6a, 47, 213, 2, 0x61, 49, 213, 1, 0x59
    .word 50, 213, 1, 0x48, 51, 213, 8, 0x49, 59, 213, 2, 0x48, 61, 213, 1, 0x49, 62, 213, 2, 0x48, 64, 213, 10, 0x08, 74, 213, 2, 0x00, 76, 213, 1, 0x08
    .word 77, 213, 33, 0x00, 110, 213, 1, 0x08, 111, 213, 3, 0x00, 114, 213, 1, 0x08, 115, 213, 6, 0x49, 121, 213, 3, 0x48, 124, 213, 1, 0x49, 125, 213, 7, 0x48
    .word 132, 213, 23, 0x08, 155, 213, 2, 0x00, 157, 213, 3, 0x08, 160, 213, 4, 0x00, 164, 213, 6, 0x08, 170, 213, 1, 0x48, 171, 213, 1, 0x00, 172, 213, 2, 0x48
    .word 174, 213, 1, 0x49, 175, 213, 2, 0x48, 177, 213, 9, 0x49, 186, 213, 1, 0x48, 187, 213, 8, 0x49, 195, 213, 1, 0x48, 196, 213, 11, 0x61, 207, 213, 4, 0x58
    .word 211, 213, 21, 0x61, 232, 213, 3, 0x50, 235, 213, 1, 0x48, 236, 213, 8, 0x49, 244, 213, 12, 0x48, 256, 213, 4, 0x00, 260, 213, 34, 0x08, 294, 213, 1, 0x48
    .word 295, 213, 1, 0x08, 296, 213, 1, 0x48, 297, 213, 2, 0x08, 299, 213, 2, 0x00, 301, 213, 15, 0x08, 316, 213, 3, 0x48, 319, 213, 1, 0x08, 0, 214, 7, 0x50
    .word 7, 214, 4, 0x08, 11, 214, 20, 0x50, 31, 214, 14, 0x61, 45, 214, 1, 0xb4, 46, 214, 1, 0x6a, 47, 214, 2, 0x61, 49, 214, 1, 0x59, 50, 214, 1, 0x48
    .word 51, 214, 8, 0x49, 59, 214, 2, 0x48, 61, 214, 1, 0x49, 62, 214, 2, 0x48, 64, 214, 10, 0x08, 74, 214, 2, 0x00, 76, 214, 1, 0x08, 77, 214, 33, 0x00
    .word 110, 214, 1, 0x08, 111, 214, 3, 0x00, 114, 214, 1, 0x08, 115, 214, 6, 0x49, 121, 214, 3, 0x48, 124, 214, 1, 0x49, 125, 214, 7, 0x48, 132, 214, 23, 0x08
    .word 155, 214, 2, 0x00, 157, 214, 3, 0x08, 160, 214, 4, 0x00, 164, 214, 6, 0x08, 170, 214, 1, 0x48, 171, 214, 1, 0x00, 172, 214, 2, 0x48, 174, 214, 1, 0x49
    .word 175, 214, 2, 0x48, 177, 214, 9, 0x49, 186, 214, 1, 0x48, 187, 214, 8, 0x49, 195, 214, 1, 0x48, 196, 214, 11, 0x61, 207, 214, 4, 0x58, 211, 214, 21, 0x61
    .word 232, 214, 3, 0x50, 235, 214, 1, 0x48, 236, 214, 8, 0x49, 244, 214, 12, 0x48, 256, 214, 4, 0x00, 260, 214, 34, 0x08, 294, 214, 1, 0x48, 295, 214, 1, 0x08
    .word 296, 214, 1, 0x48, 297, 214, 2, 0x08, 299, 214, 2, 0x00, 301, 214, 15, 0x08, 316, 214, 3, 0x48, 319, 214, 1, 0x08, 0, 215, 5, 0x50, 5, 215, 1, 0x08
    .word 6, 215, 1, 0x48, 7, 215, 9, 0x08, 16, 215, 15, 0x50, 31, 215, 11, 0x61, 42, 215, 2, 0x50, 44, 215, 1, 0x58, 45, 215, 1, 0x51, 46, 215, 1, 0x50
    .word 47, 215, 2, 0x48, 49, 215, 12, 0x49, 61, 215, 3, 0x48, 64, 215, 7, 0x08, 71, 215, 4, 0x00, 75, 215, 1, 0x08, 76, 215, 30, 0x00, 106, 215, 1, 0x08
    .word 107, 215, 8, 0x48, 115, 215, 2, 0x49, 117, 215, 2, 0x48, 119, 215, 2, 0x00, 121, 215, 1, 0x49, 122, 215, 9, 0x48, 131, 215, 26, 0x08, 157, 215, 4, 0x00
    .word 161, 215, 9, 0x08, 170, 215, 1, 0x48, 171, 215, 3, 0x00, 174, 215, 1, 0x50, 175, 215, 1, 0xaa, 176, 215, 1, 0xab, 177, 215, 3, 0x48, 180, 215, 1, 0x49
    .word 181, 215, 1, 0x48, 182, 215, 2, 0x49, 184, 215, 1, 0x48, 185, 215, 1, 0x49, 186, 215, 1, 0x48, 187, 215, 4, 0x49, 191, 215, 1, 0x48, 192, 215, 4, 0x49
    .word 196, 215, 1, 0x48, 197, 215, 3, 0x49, 200, 215, 1, 0x48, 201, 215, 1, 0x50, 202, 215, 2, 0x58, 204, 215, 2, 0x59, 206, 215, 1, 0x58, 207, 215, 2, 0x59
    .word 209, 215, 1, 0x58, 210, 215, 22, 0x61, 232, 215, 2, 0x69, 234, 215, 1, 0x61, 235, 215, 1, 0x51, 236, 215, 6, 0x49, 242, 215, 7, 0x48, 249, 215, 1, 0x49
    .word 250, 215, 1, 0x48, 251, 215, 1, 0x49, 252, 215, 2, 0x48, 254, 215, 1, 0x08, 255, 215, 2, 0x49, 257, 215, 4, 0x00, 261, 215, 34, 0x08, 295, 215, 1, 0x48
    .word 296, 215, 5, 0x08, 301, 215, 3, 0x00, 304, 215, 16, 0x08, 0, 216, 5, 0x50, 5, 216, 1, 0x08, 6, 216, 1, 0x48, 7, 216, 9, 0x08, 16, 216, 15, 0x50
    .word 31, 216, 11, 0x61, 42, 216, 2, 0x50, 44, 216, 1, 0x58, 45, 216, 1, 0x51, 46, 216, 1, 0x50, 47, 216, 2, 0x48, 49, 216, 12, 0x49, 61, 216, 3, 0x48
    .word 64, 216, 7, 0x08, 71, 216, 4, 0x00, 75, 216, 1, 0x08, 76, 216, 30, 0x00, 106, 216, 1, 0x08, 107, 216, 8, 0x48, 115, 216, 2, 0x49, 117, 216, 2, 0x48
    .word 119, 216, 2, 0x00, 121, 216, 1, 0x49, 122, 216, 9, 0x48, 131, 216, 26, 0x08, 157, 216, 4, 0x00, 161, 216, 9, 0x08, 170, 216, 1, 0x48, 171, 216, 3, 0x00
    .word 174, 216, 1, 0x50, 175, 216, 1, 0xaa, 176, 216, 1, 0xab, 177, 216, 3, 0x48, 180, 216, 1, 0x49, 181, 216, 1, 0x48, 182, 216, 2, 0x49, 184, 216, 1, 0x48
    .word 185, 216, 1, 0x49, 186, 216, 1, 0x48, 187, 216, 4, 0x49, 191, 216, 1, 0x48, 192, 216, 4, 0x49, 196, 216, 1, 0x48, 197, 216, 3, 0x49, 200, 216, 1, 0x48
    .word 201, 216, 1, 0x50, 202, 216, 2, 0x58, 204, 216, 2, 0x59, 206, 216, 1, 0x58, 207, 216, 2, 0x59, 209, 216, 1, 0x58, 210, 216, 22, 0x61, 232, 216, 2, 0x69
    .word 234, 216, 1, 0x61, 235, 216, 1, 0x51, 236, 216, 6, 0x49, 242, 216, 7, 0x48, 249, 216, 1, 0x49, 250, 216, 1, 0x48, 251, 216, 1, 0x49, 252, 216, 2, 0x48
    .word 254, 216, 1, 0x08, 255, 216, 2, 0x49, 257, 216, 4, 0x00, 261, 216, 34, 0x08, 295, 216, 1, 0x48, 296, 216, 5, 0x08, 301, 216, 3, 0x00, 304, 216, 16, 0x08
    .word 0, 217, 7, 0x50, 7, 217, 4, 0x48, 11, 217, 13, 0x50, 24, 217, 1, 0x59, 25, 217, 2, 0x61, 27, 217, 4, 0x50, 31, 217, 5, 0x61, 36, 217, 5, 0x59
    .word 41, 217, 1, 0x50, 42, 217, 8, 0x49, 50, 217, 1, 0x48, 51, 217, 8, 0x49, 59, 217, 5, 0x48, 64, 217, 5, 0x08, 69, 217, 3, 0x00, 72, 217, 3, 0x48
    .word 75, 217, 31, 0x00, 106, 217, 1, 0x08, 107, 217, 2, 0x00, 109, 217, 8, 0x08, 117, 217, 4, 0x00, 121, 217, 1, 0x49, 122, 217, 34, 0x08, 156, 217, 1, 0x00
    .word 157, 217, 10, 0x08, 167, 217, 3, 0x48, 170, 217, 1, 0x49, 171, 217, 4, 0x00, 175, 217, 11, 0x48, 186, 217, 1, 0x49, 187, 217, 2, 0x54, 189, 217, 1, 0x56
    .word 190, 217, 1, 0x4b, 191, 217, 1, 0x48, 192, 217, 4, 0x49, 196, 217, 1, 0x48, 197, 217, 5, 0x49, 202, 217, 2, 0x51, 204, 217, 1, 0x61, 205, 217, 4, 0x49
    .word 209, 217, 1, 0x48, 210, 217, 1, 0x50, 211, 217, 20, 0x61, 231, 217, 1, 0x50, 232, 217, 2, 0x49, 234, 217, 1, 0x48, 235, 217, 12, 0x49, 247, 217, 3, 0x48
    .word 250, 217, 5, 0x49, 255, 217, 4, 0x48, 259, 217, 1, 0x08, 260, 217, 4, 0x00, 264, 217, 2, 0x08, 266, 217, 5, 0x48, 271, 217, 19, 0x08, 290, 217, 2, 0x48
    .word 292, 217, 2, 0x08, 294, 217, 2, 0x48, 296, 217, 6, 0x08, 302, 217, 3, 0x00, 305, 217, 15, 0x08, 0, 218, 22, 0x50, 22, 218, 2, 0x58, 24, 218, 11, 0x61
    .word 35, 218, 1, 0x50, 36, 218, 1, 0x48, 37, 218, 2, 0x49, 39, 218, 2, 0x48, 41, 218, 8, 0x49, 49, 218, 1, 0x48, 50, 218, 2, 0x49, 52, 218, 7, 0x48
    .word 59, 218, 8, 0x08, 67, 218, 4, 0x00, 71, 218, 1, 0x08, 72, 218, 40, 0x00, 112, 218, 3, 0x08, 115, 218, 1, 0x00, 116, 218, 1, 0x08, 117, 218, 3, 0x00
    .word 120, 218, 2, 0x49, 122, 218, 9, 0x48, 131, 218, 18, 0x08, 149, 218, 1, 0x00, 150, 218, 1, 0x08, 151, 218, 3, 0x00, 154, 218, 1, 0x08, 155, 218, 5, 0x00
    .word 160, 218, 7, 0x08, 167, 218, 4, 0x48, 171, 218, 4, 0x00, 175, 218, 1, 0x48, 176, 218, 8, 0x08, 184, 218, 1, 0x48, 185, 218, 1, 0x49, 186, 218, 5, 0x48
    .word 191, 218, 1, 0x49, 192, 218, 2, 0x48, 194, 218, 2, 0x49, 196, 218, 3, 0x48, 199, 218, 3, 0x49, 202, 218, 2, 0x48, 204, 218, 5, 0x49, 209, 218, 1, 0x50
    .word 210, 218, 1, 0x61, 211, 218, 1, 0x58, 212, 218, 10, 0x61, 222, 218, 2, 0x59, 224, 218, 1, 0x61, 225, 218, 1, 0x50, 226, 218, 6, 0x48, 232, 218, 2, 0x49
    .word 234, 218, 1, 0x48, 235, 218, 1, 0x49, 236, 218, 1, 0x48, 237, 218, 3, 0x49, 240, 218, 1, 0x48, 241, 218, 1, 0x49, 242, 218, 2, 0x0c, 244, 218, 1, 0x4e
    .word 245, 218, 1, 0x09, 246, 218, 1, 0x49, 247, 218, 4, 0x48, 251, 218, 1, 0x49, 252, 218, 2, 0x48, 254, 218, 1, 0x08, 255, 218, 1, 0x48, 256, 218, 5, 0x08
    .word 261, 218, 4, 0x00, 265, 218, 2, 0x48, 267, 218, 3, 0x49, 270, 218, 1, 0x48, 271, 218, 14, 0x08, 285, 218, 1, 0x00, 286, 218, 1, 0x08, 287, 218, 2, 0x00
    .word 289, 218, 1, 0x55, 290, 218, 1, 0x0e, 291, 218, 1, 0xf5, 292, 218, 2, 0xae, 294, 218, 1, 0x0d, 295, 218, 1, 0x4c, 296, 218, 1, 0x00, 297, 218, 9, 0x08
    .word 306, 218, 3, 0x00, 309, 218, 5, 0x48, 314, 218, 2, 0x08, 316, 218, 4, 0x48, 0, 219, 22, 0x50, 22, 219, 2, 0x58, 24, 219, 11, 0x61, 35, 219, 1, 0x50
    .word 36, 219, 1, 0x48, 37, 219, 2, 0x49, 39, 219, 2, 0x48, 41, 219, 8, 0x49, 49, 219, 1, 0x48, 50, 219, 2, 0x49, 52, 219, 7, 0x48, 59, 219, 8, 0x08
    .word 67, 219, 4, 0x00, 71, 219, 1, 0x08, 72, 219, 40, 0x00, 112, 219, 3, 0x08, 115, 219, 1, 0x00, 116, 219, 1, 0x08, 117, 219, 3, 0x00, 120, 219, 2, 0x49
    .word 122, 219, 9, 0x48, 131, 219, 18, 0x08, 149, 219, 1, 0x00, 150, 219, 1, 0x08, 151, 219, 3, 0x00, 154, 219, 1, 0x08, 155, 219, 5, 0x00, 160, 219, 7, 0x08
    .word 167, 219, 4, 0x48, 171, 219, 4, 0x00, 175, 219, 1, 0x48, 176, 219, 8, 0x08, 184, 219, 1, 0x48, 185, 219, 1, 0x49, 186, 219, 5, 0x48, 191, 219, 1, 0x49
    .word 192, 219, 2, 0x48, 194, 219, 2, 0x49, 196, 219, 3, 0x48, 199, 219, 3, 0x49, 202, 219, 2, 0x48, 204, 219, 5, 0x49, 209, 219, 1, 0x50, 210, 219, 1, 0x61
    .word 211, 219, 1, 0x58, 212, 219, 10, 0x61, 222, 219, 2, 0x59, 224, 219, 1, 0x61, 225, 219, 1, 0x50, 226, 219, 6, 0x48, 232, 219, 2, 0x49, 234, 219, 1, 0x48
    .word 235, 219, 1, 0x49, 236, 219, 1, 0x48, 237, 219, 3, 0x49, 240, 219, 1, 0x48, 241, 219, 1, 0x49, 242, 219, 2, 0x0c, 244, 219, 1, 0x4e, 245, 219, 1, 0x09
    .word 246, 219, 1, 0x49, 247, 219, 4, 0x48, 251, 219, 1, 0x49, 252, 219, 2, 0x48, 254, 219, 1, 0x08, 255, 219, 1, 0x48, 256, 219, 5, 0x08, 261, 219, 4, 0x00
    .word 265, 219, 2, 0x48, 267, 219, 3, 0x49, 270, 219, 1, 0x48, 271, 219, 14, 0x08, 285, 219, 1, 0x00, 286, 219, 1, 0x08, 287, 219, 2, 0x00, 289, 219, 1, 0x55
    .word 290, 219, 1, 0x0e, 291, 219, 1, 0xf5, 292, 219, 2, 0xae, 294, 219, 1, 0x0d, 295, 219, 1, 0x4c, 296, 219, 1, 0x00, 297, 219, 9, 0x08, 306, 219, 3, 0x00
    .word 309, 219, 5, 0x48, 314, 219, 2, 0x08, 316, 219, 4, 0x48, 0, 220, 21, 0x50, 21, 220, 1, 0x58, 22, 220, 4, 0x61, 26, 220, 1, 0x59, 27, 220, 7, 0x48
    .word 34, 220, 18, 0x49, 52, 220, 2, 0x48, 54, 220, 1, 0x49, 55, 220, 1, 0x48, 56, 220, 1, 0x49, 57, 220, 2, 0x48, 59, 220, 7, 0x08, 66, 220, 4, 0x00
    .word 70, 220, 2, 0x48, 72, 220, 38, 0x00, 110, 220, 1, 0x48, 111, 220, 1, 0x49, 112, 220, 2, 0x48, 114, 220, 2, 0x49, 116, 220, 1, 0x00, 117, 220, 2, 0x48
    .word 119, 220, 12, 0x49, 131, 220, 3, 0x08, 134, 220, 1, 0x48, 135, 220, 1, 0x49, 136, 220, 1, 0x48, 137, 220, 2, 0x49, 139, 220, 10, 0x08, 149, 220, 1, 0x00
    .word 150, 220, 1, 0x08, 151, 220, 1, 0x00, 152, 220, 3, 0x08, 155, 220, 4, 0x00, 159, 220, 12, 0x08, 171, 220, 4, 0x00, 175, 220, 1, 0x48, 176, 220, 8, 0x08
    .word 184, 220, 3, 0x49, 187, 220, 2, 0x48, 189, 220, 22, 0x49, 211, 220, 3, 0x00, 214, 220, 10, 0x48, 224, 220, 5, 0x49, 229, 220, 2, 0x48, 231, 220, 11, 0x49
    .word 242, 220, 2, 0x48, 244, 220, 1, 0x49, 245, 220, 7, 0x48, 252, 220, 12, 0x08, 264, 220, 3, 0x00, 267, 220, 3, 0x48, 270, 220, 1, 0x49, 271, 220, 8, 0x48
    .word 279, 220, 2, 0x49, 281, 220, 6, 0x08, 287, 220, 2, 0x4a, 289, 220, 2, 0x4b, 291, 220, 1, 0x49, 292, 220, 2, 0x4b, 294, 220, 2, 0x4c, 296, 220, 1, 0x48
    .word 297, 220, 12, 0x08, 309, 220, 2, 0x00, 311, 220, 9, 0x49, 0, 221, 21, 0x50, 21, 221, 1, 0x58, 22, 221, 4, 0x61, 26, 221, 1, 0x59, 27, 221, 7, 0x48
    .word 34, 221, 18, 0x49, 52, 221, 2, 0x48, 54, 221, 1, 0x49, 55, 221, 1, 0x48, 56, 221, 1, 0x49, 57, 221, 2, 0x48, 59, 221, 7, 0x08, 66, 221, 4, 0x00
    .word 70, 221, 2, 0x48, 72, 221, 38, 0x00, 110, 221, 1, 0x48, 111, 221, 1, 0x49, 112, 221, 2, 0x48, 114, 221, 2, 0x49, 116, 221, 1, 0x00, 117, 221, 2, 0x48
    .word 119, 221, 12, 0x49, 131, 221, 3, 0x08, 134, 221, 1, 0x48, 135, 221, 1, 0x49, 136, 221, 1, 0x48, 137, 221, 2, 0x49, 139, 221, 10, 0x08, 149, 221, 1, 0x00
    .word 150, 221, 1, 0x08, 151, 221, 1, 0x00, 152, 221, 3, 0x08, 155, 221, 4, 0x00, 159, 221, 12, 0x08, 171, 221, 4, 0x00, 175, 221, 1, 0x48, 176, 221, 8, 0x08
    .word 184, 221, 3, 0x49, 187, 221, 2, 0x48, 189, 221, 22, 0x49, 211, 221, 3, 0x00, 214, 221, 10, 0x48, 224, 221, 5, 0x49, 229, 221, 2, 0x48, 231, 221, 11, 0x49
    .word 242, 221, 2, 0x48, 244, 221, 1, 0x49, 245, 221, 7, 0x48, 252, 221, 12, 0x08, 264, 221, 3, 0x00, 267, 221, 3, 0x48, 270, 221, 1, 0x49, 271, 221, 8, 0x48
    .word 279, 221, 2, 0x49, 281, 221, 6, 0x08, 287, 221, 2, 0x4a, 289, 221, 2, 0x4b, 291, 221, 1, 0x49, 292, 221, 2, 0x4b, 294, 221, 2, 0x4c, 296, 221, 1, 0x48
    .word 297, 221, 12, 0x08, 309, 221, 2, 0x00, 311, 221, 9, 0x49, 0, 222, 1, 0x50, 1, 222, 1, 0x48, 2, 222, 4, 0x00, 6, 222, 6, 0x08, 12, 222, 2, 0x00
    .word 14, 222, 2, 0x08, 16, 222, 3, 0x50, 19, 222, 10, 0x48, 29, 222, 1, 0x49, 30, 222, 1, 0x48, 31, 222, 6, 0x49, 37, 222, 2, 0x48, 39, 222, 8, 0x49
    .word 47, 222, 3, 0x48, 50, 222, 2, 0x49, 52, 222, 4, 0x48, 56, 222, 8, 0x08, 64, 222, 3, 0x00, 67, 222, 2, 0x08, 69, 222, 3, 0x48, 72, 222, 38, 0x00
    .word 110, 222, 6, 0x48, 116, 222, 1, 0x00, 117, 222, 2, 0x48, 119, 222, 2, 0x49, 121, 222, 1, 0x48, 122, 222, 12, 0x49, 134, 222, 1, 0x08, 135, 222, 10, 0x48
    .word 145, 222, 4, 0x08, 149, 222, 1, 0x00, 150, 222, 6, 0x08, 156, 222, 1, 0x00, 157, 222, 15, 0x08, 172, 222, 3, 0x00, 175, 222, 9, 0x08, 184, 222, 5, 0x49
    .word 189, 222, 2, 0x48, 191, 222, 4, 0x49, 195, 222, 1, 0x48, 196, 222, 16, 0x49, 212, 222, 3, 0x00, 215, 222, 4, 0x48, 219, 222, 1, 0x49, 220, 222, 2, 0x48
    .word 222, 222, 2, 0x49, 224, 222, 2, 0x48, 226, 222, 1, 0x49, 227, 222, 2, 0x48, 229, 222, 10, 0x49, 239, 222, 20, 0x00, 259, 222, 6, 0x08, 265, 222, 4, 0x00
    .word 269, 222, 15, 0x08, 284, 222, 1, 0x48, 285, 222, 1, 0x50, 286, 222, 5, 0x08, 291, 222, 6, 0x48, 297, 222, 14, 0x08, 311, 222, 3, 0x00, 314, 222, 5, 0x48
    .word 319, 222, 1, 0x49, 0, 223, 105, 0x00, 105, 223, 1, 0x08, 106, 223, 4, 0x00, 110, 223, 1, 0x08, 111, 223, 1, 0x49, 112, 223, 3, 0x48, 115, 223, 17, 0x00
    .word 132, 223, 2, 0x08, 134, 223, 1, 0x00, 135, 223, 1, 0x49, 136, 223, 3, 0x48, 139, 223, 7, 0x08, 146, 223, 10, 0x00, 156, 223, 15, 0x08, 171, 223, 4, 0x00
    .word 175, 223, 9, 0x08, 184, 223, 1, 0x00, 185, 223, 2, 0x48, 187, 223, 3, 0x49, 190, 223, 5, 0x00, 195, 223, 1, 0x48, 196, 223, 6, 0x49, 202, 223, 3, 0x48
    .word 205, 223, 1, 0x49, 206, 223, 1, 0x48, 207, 223, 5, 0x00, 212, 223, 2, 0x08, 214, 223, 1, 0x00, 215, 223, 1, 0x48, 216, 223, 104, 0x00, 0, 224, 105, 0x00
    .word 105, 224, 1, 0x08, 106, 224, 4, 0x00, 110, 224, 1, 0x08, 111, 224, 1, 0x49, 112, 224, 3, 0x48, 115, 224, 17, 0x00, 132, 224, 2, 0x08, 134, 224, 1, 0x00
    .word 135, 224, 1, 0x49, 136, 224, 3, 0x48, 139, 224, 7, 0x08, 146, 224, 10, 0x00, 156, 224, 15, 0x08, 171, 224, 4, 0x00, 175, 224, 9, 0x08, 184, 224, 1, 0x00
    .word 185, 224, 2, 0x48, 187, 224, 3, 0x49, 190, 224, 5, 0x00, 195, 224, 1, 0x48, 196, 224, 6, 0x49, 202, 224, 3, 0x48, 205, 224, 1, 0x49, 206, 224, 1, 0x48
    .word 207, 224, 5, 0x00, 212, 224, 2, 0x08, 214, 224, 1, 0x00, 215, 224, 1, 0x48, 216, 224, 104, 0x00, 0, 225, 1, 0x00, 1, 225, 3, 0x08, 4, 225, 7, 0x00
    .word 11, 225, 1, 0x08, 12, 225, 2, 0x00, 14, 225, 2, 0x08, 16, 225, 6, 0x00, 22, 225, 3, 0x08, 25, 225, 1, 0x00, 26, 225, 5, 0x08, 31, 225, 14, 0x00
    .word 45, 225, 1, 0x48, 46, 225, 5, 0x00, 51, 225, 4, 0x08, 55, 225, 2, 0x48, 57, 225, 4, 0x00, 61, 225, 4, 0x08, 65, 225, 9, 0x48, 74, 225, 28, 0x00
    .word 102, 225, 3, 0x48, 105, 225, 4, 0x00, 109, 225, 5, 0x08, 114, 225, 21, 0x48, 135, 225, 20, 0x00, 155, 225, 1, 0x08, 156, 225, 1, 0x00, 157, 225, 2, 0x08
    .word 159, 225, 131, 0x00, 290, 225, 4, 0x08, 294, 225, 1, 0x48, 295, 225, 1, 0x08, 296, 225, 3, 0x48, 299, 225, 5, 0x08, 304, 225, 3, 0x48, 307, 225, 2, 0x08
    .word 309, 225, 11, 0x48, 0, 226, 1, 0x00, 1, 226, 3, 0x08, 4, 226, 7, 0x00, 11, 226, 1, 0x08, 12, 226, 2, 0x00, 14, 226, 2, 0x08, 16, 226, 6, 0x00
    .word 22, 226, 3, 0x08, 25, 226, 1, 0x00, 26, 226, 5, 0x08, 31, 226, 14, 0x00, 45, 226, 1, 0x48, 46, 226, 5, 0x00, 51, 226, 4, 0x08, 55, 226, 2, 0x48
    .word 57, 226, 4, 0x00, 61, 226, 4, 0x08, 65, 226, 9, 0x48, 74, 226, 28, 0x00, 102, 226, 3, 0x48, 105, 226, 4, 0x00, 109, 226, 5, 0x08, 114, 226, 21, 0x48
    .word 135, 226, 20, 0x00, 155, 226, 1, 0x08, 156, 226, 1, 0x00, 157, 226, 2, 0x08, 159, 226, 131, 0x00, 290, 226, 4, 0x08, 294, 226, 1, 0x48, 295, 226, 1, 0x08
    .word 296, 226, 3, 0x48, 299, 226, 5, 0x08, 304, 226, 3, 0x48, 307, 226, 2, 0x08, 309, 226, 11, 0x48, 0, 227, 2, 0x00, 2, 227, 2, 0x08, 4, 227, 3, 0x00
    .word 7, 227, 2, 0x08, 9, 227, 2, 0x00, 11, 227, 1, 0x08, 12, 227, 7, 0x00, 19, 227, 11, 0x08, 30, 227, 7, 0x00, 37, 227, 2, 0x48, 39, 227, 6, 0x08
    .word 45, 227, 5, 0x48, 50, 227, 1, 0x08, 51, 227, 3, 0x48, 54, 227, 2, 0x08, 56, 227, 5, 0x00, 61, 227, 4, 0x08, 65, 227, 12, 0x48, 77, 227, 24, 0x00
    .word 101, 227, 1, 0x08, 102, 227, 2, 0x48, 104, 227, 55, 0x00, 159, 227, 1, 0x08, 160, 227, 131, 0x00, 291, 227, 1, 0x48, 292, 227, 14, 0x08, 306, 227, 1, 0x48
    .word 307, 227, 2, 0x08, 309, 227, 11, 0x48, 0, 228, 24, 0x00, 24, 228, 1, 0x08, 25, 228, 11, 0x00, 36, 228, 13, 0x48, 49, 228, 1, 0x08, 50, 228, 4, 0x48
    .word 54, 228, 3, 0x00, 57, 228, 7, 0x08, 64, 228, 37, 0x00, 101, 228, 1, 0x48, 102, 228, 2, 0x08, 104, 228, 55, 0x00, 159, 228, 1, 0x08, 160, 228, 7, 0x00
    .word 167, 228, 3, 0x08, 170, 228, 2, 0x00, 172, 228, 8, 0x08, 180, 228, 4, 0x00, 184, 228, 1, 0x08, 185, 228, 14, 0x00, 199, 228, 16, 0x08, 215, 228, 82, 0x00
    .word 297, 228, 3, 0x08, 300, 228, 7, 0x48, 307, 228, 2, 0x08, 309, 228, 11, 0x48, 0, 229, 24, 0x00, 24, 229, 1, 0x08, 25, 229, 11, 0x00, 36, 229, 13, 0x48
    .word 49, 229, 1, 0x08, 50, 229, 4, 0x48, 54, 229, 3, 0x00, 57, 229, 7, 0x08, 64, 229, 37, 0x00, 101, 229, 1, 0x48, 102, 229, 2, 0x08, 104, 229, 55, 0x00
    .word 159, 229, 1, 0x08, 160, 229, 7, 0x00, 167, 229, 3, 0x08, 170, 229, 2, 0x00, 172, 229, 8, 0x08, 180, 229, 4, 0x00, 184, 229, 1, 0x08, 185, 229, 14, 0x00
    .word 199, 229, 16, 0x08, 215, 229, 82, 0x00, 297, 229, 3, 0x08, 300, 229, 7, 0x48, 307, 229, 2, 0x08, 309, 229, 11, 0x48, 0, 230, 22, 0x00, 22, 230, 2, 0x08
    .word 24, 230, 10, 0x00, 34, 230, 16, 0x48, 50, 230, 1, 0x08, 51, 230, 5, 0x00, 56, 230, 3, 0x08, 59, 230, 108, 0x00, 167, 230, 4, 0x08, 171, 230, 4, 0x00
    .word 175, 230, 1, 0x08, 176, 230, 8, 0x00, 184, 230, 1, 0x08, 185, 230, 12, 0x00, 197, 230, 19, 0x08, 216, 230, 75, 0x00, 291, 230, 1, 0x59, 292, 230, 14, 0x00
    .word 306, 230, 1, 0x48, 307, 230, 2, 0x08, 309, 230, 1, 0x48, 310, 230, 1, 0x08, 311, 230, 9, 0x48, 0, 231, 22, 0x00, 22, 231, 2, 0x08, 24, 231, 10, 0x00
    .word 34, 231, 16, 0x48, 50, 231, 1, 0x08, 51, 231, 5, 0x00, 56, 231, 3, 0x08, 59, 231, 108, 0x00, 167, 231, 4, 0x08, 171, 231, 4, 0x00, 175, 231, 1, 0x08
    .word 176, 231, 8, 0x00, 184, 231, 1, 0x08, 185, 231, 12, 0x00, 197, 231, 19, 0x08, 216, 231, 75, 0x00, 291, 231, 1, 0x59, 292, 231, 14, 0x00, 306, 231, 1, 0x48
    .word 307, 231, 2, 0x08, 309, 231, 1, 0x48, 310, 231, 1, 0x08, 311, 231, 9, 0x48, 0, 232, 17, 0x00, 17, 232, 5, 0x08, 22, 232, 9, 0x00, 31, 232, 15, 0x48
    .word 46, 232, 3, 0x00, 49, 232, 1, 0x08, 50, 232, 5, 0x00, 55, 232, 1, 0x08, 56, 232, 141, 0x00, 197, 232, 2, 0x08, 199, 232, 2, 0x00, 201, 232, 13, 0x08
    .word 214, 232, 2, 0x00, 216, 232, 1, 0x08, 217, 232, 59, 0x00, 276, 232, 1, 0xaa, 277, 232, 2, 0xb3, 279, 232, 2, 0x6a, 281, 232, 1, 0xab, 282, 232, 24, 0x00
    .word 306, 232, 1, 0x48, 307, 232, 4, 0x08, 311, 232, 1, 0x48, 312, 232, 2, 0x08, 314, 232, 6, 0x48, 0, 233, 19, 0x00, 19, 233, 1, 0x08, 20, 233, 7, 0x00
    .word 27, 233, 2, 0x08, 29, 233, 15, 0x48, 44, 233, 1, 0x08, 45, 233, 230, 0x00, 275, 233, 1, 0x08, 276, 233, 1, 0x58, 277, 233, 3, 0x61, 280, 233, 1, 0x60
    .word 281, 233, 1, 0x58, 282, 233, 2, 0x50, 284, 233, 3, 0x00, 287, 233, 2, 0x61, 289, 233, 1, 0x60, 290, 233, 1, 0x08, 291, 233, 20, 0x00, 311, 233, 5, 0x08
    .word 316, 233, 4, 0x48, 0, 234, 19, 0x00, 19, 234, 1, 0x08, 20, 234, 7, 0x00, 27, 234, 2, 0x08, 29, 234, 15, 0x48, 44, 234, 1, 0x08, 45, 234, 230, 0x00
    .word 275, 234, 1, 0x08, 276, 234, 1, 0x58, 277, 234, 3, 0x61, 280, 234, 1, 0x60, 281, 234, 1, 0x58, 282, 234, 2, 0x50, 284, 234, 3, 0x00, 287, 234, 2, 0x61
    .word 289, 234, 1, 0x60, 290, 234, 1, 0x08, 291, 234, 20, 0x00, 311, 234, 5, 0x08, 316, 234, 4, 0x48, 0, 235, 25, 0x00, 25, 235, 2, 0x08, 27, 235, 14, 0x48
    .word 41, 235, 1, 0x08, 42, 235, 235, 0x00, 277, 235, 5, 0x08, 282, 235, 38, 0x00, 0, 236, 25, 0x00, 25, 236, 2, 0x08, 27, 236, 14, 0x48, 41, 236, 1, 0x08
    .word 42, 236, 235, 0x00, 277, 236, 5, 0x08, 282, 236, 38, 0x00, 0, 237, 24, 0x00, 24, 237, 1, 0x08, 25, 237, 14, 0x48, 39, 237, 281, 0x00, 0, 238, 22, 0x00
    .word 22, 238, 4, 0x48, 26, 238, 294, 0x00, 0, 239, 22, 0x00, 22, 239, 4, 0x48, 26, 239, 294, 0x00, -1, -1, -1, 0

title_game_runs:
    # RODENTS: RISC OF INFECTION convertido do PNG original para 190x152.
    .word 37, 0, 1, 0x52, 38, 0, 1, 0x65, 33, 1, 1, 0x12, 39, 1, 1, 0x5c, 19, 2, 1, 0x65, 20, 2, 2, 0x6e, 31, 2, 2, 0x5c, 33, 2, 1, 0x53
    .word 34, 2, 1, 0x65, 39, 2, 1, 0x09, 40, 2, 1, 0x65, 22, 3, 1, 0x5c, 23, 3, 1, 0x53, 35, 3, 1, 0x5c, 36, 3, 1, 0x65, 40, 3, 1, 0x5c
    .word 23, 4, 1, 0x53, 35, 4, 1, 0x53, 36, 4, 1, 0x5c, 37, 4, 1, 0x53, 39, 4, 1, 0x5c, 40, 4, 1, 0x65, 42, 4, 2, 0x09, 22, 5, 2, 0x53
    .word 27, 5, 1, 0x52, 28, 5, 1, 0x65, 29, 5, 1, 0x5c, 30, 5, 2, 0x65, 34, 5, 1, 0x53, 35, 5, 1, 0x52, 36, 5, 1, 0x53, 37, 5, 4, 0x5c
    .word 42, 5, 1, 0x65, 51, 5, 1, 0x09, 21, 6, 1, 0x5c, 22, 6, 1, 0xad, 32, 6, 1, 0x5c, 33, 6, 1, 0x53, 34, 6, 1, 0x5c, 35, 6, 1, 0x53
    .word 36, 6, 7, 0x5c, 46, 6, 2, 0x65, 48, 6, 1, 0x09, 52, 6, 1, 0x53, 20, 7, 1, 0x5c, 21, 7, 1, 0x65, 31, 7, 1, 0x53, 32, 7, 1, 0x52
    .word 33, 7, 1, 0x5c, 34, 7, 1, 0x52, 35, 7, 1, 0x5c, 36, 7, 1, 0x53, 37, 7, 3, 0x5c, 40, 7, 1, 0x53, 41, 7, 3, 0x5c, 46, 7, 1, 0x65
    .word 47, 7, 1, 0x53, 48, 7, 1, 0x65, 53, 7, 1, 0x53, 19, 8, 1, 0x65, 20, 8, 1, 0x52, 30, 8, 1, 0x52, 31, 8, 1, 0x5c, 32, 8, 2, 0x53
    .word 34, 8, 2, 0x5c, 36, 8, 2, 0x53, 38, 8, 1, 0x52, 39, 8, 1, 0x53, 40, 8, 1, 0x5c, 41, 8, 1, 0x52, 42, 8, 2, 0x5c, 44, 8, 1, 0x53
    .word 45, 8, 1, 0x09, 46, 8, 1, 0x5c, 47, 8, 2, 0x53, 49, 8, 1, 0x5c, 50, 8, 2, 0x53, 52, 8, 2, 0x5c, 54, 8, 1, 0x09, 18, 9, 1, 0x65
    .word 19, 9, 1, 0x5c, 29, 9, 2, 0x53, 31, 9, 2, 0x52, 33, 9, 1, 0x53, 34, 9, 1, 0x52, 35, 9, 7, 0x53, 42, 9, 1, 0x5c, 43, 9, 2, 0x53
    .word 45, 9, 1, 0x52, 47, 9, 1, 0x5c, 48, 9, 3, 0x53, 51, 9, 4, 0x5c, 55, 9, 1, 0x09, 18, 10, 1, 0x5c, 19, 10, 1, 0xad, 28, 10, 3, 0x52
    .word 31, 10, 1, 0x53, 32, 10, 2, 0x5c, 35, 10, 1, 0x52, 36, 10, 2, 0x53, 38, 10, 2, 0x5c, 40, 10, 1, 0x53, 41, 10, 1, 0x5c, 42, 10, 4, 0x53
    .word 46, 10, 1, 0x52, 47, 10, 1, 0x09, 48, 10, 1, 0x53, 49, 10, 1, 0x52, 50, 10, 1, 0x09, 51, 10, 1, 0x0e, 52, 10, 1, 0x13, 53, 10, 1, 0x5c
    .word 54, 10, 1, 0x53, 55, 10, 1, 0x5c, 18, 11, 1, 0x65, 19, 11, 1, 0x53, 20, 11, 1, 0x65, 27, 11, 3, 0x52, 30, 11, 3, 0x53, 33, 11, 3, 0x5c
    .word 36, 11, 2, 0x53, 38, 11, 2, 0x52, 40, 11, 1, 0x53, 41, 11, 1, 0x5c, 42, 11, 1, 0x53, 43, 11, 1, 0x52, 44, 11, 1, 0x5c, 45, 11, 1, 0x53
    .word 46, 11, 2, 0x52, 48, 11, 3, 0x53, 51, 11, 1, 0x0e, 52, 11, 1, 0x01, 53, 11, 1, 0x53, 54, 11, 3, 0x5c, 19, 12, 2, 0x65, 21, 12, 1, 0x12
    .word 26, 12, 2, 0x5c, 28, 12, 1, 0x09, 29, 12, 1, 0x52, 30, 12, 4, 0x53, 34, 12, 2, 0x5c, 37, 12, 3, 0x52, 40, 12, 1, 0x53, 41, 12, 1, 0x5c
    .word 42, 12, 2, 0x52, 44, 12, 2, 0x5c, 46, 12, 1, 0x52, 48, 12, 3, 0x53, 51, 12, 1, 0x52, 52, 12, 2, 0x53, 54, 12, 4, 0x5c, 19, 13, 1, 0x52
    .word 20, 13, 1, 0x53, 21, 13, 1, 0x5c, 22, 13, 1, 0x65, 23, 13, 1, 0x09, 24, 13, 2, 0x5c, 26, 13, 1, 0x52, 27, 13, 1, 0x53, 28, 13, 1, 0x09
    .word 29, 13, 1, 0x53, 30, 13, 1, 0x52, 31, 13, 4, 0x53, 35, 13, 1, 0x5c, 37, 13, 1, 0x53, 38, 13, 3, 0x52, 41, 13, 2, 0x09, 43, 13, 2, 0x5c
    .word 45, 13, 1, 0x53, 47, 13, 7, 0x53, 54, 13, 1, 0x52, 55, 13, 2, 0x53, 57, 13, 1, 0x5c, 58, 13, 1, 0x53, 24, 14, 1, 0x52, 29, 14, 1, 0x09
    .word 30, 14, 3, 0x52, 33, 14, 2, 0x53, 35, 14, 1, 0x52, 37, 14, 2, 0x52, 40, 14, 1, 0x52, 42, 14, 1, 0x53, 43, 14, 1, 0x5c, 45, 14, 1, 0x52
    .word 46, 14, 1, 0x53, 50, 14, 1, 0x53, 53, 14, 1, 0x09, 54, 14, 1, 0xff, 30, 15, 2, 0x12, 32, 15, 4, 0x52, 36, 15, 1, 0x09, 42, 15, 2, 0x53
    .word 44, 15, 1, 0x09, 46, 15, 1, 0x09, 47, 15, 1, 0x52, 29, 16, 1, 0x52, 30, 16, 2, 0x53, 32, 16, 1, 0x52, 33, 16, 1, 0x53, 43, 16, 1, 0x53
    .word 44, 16, 1, 0x5c, 47, 16, 1, 0x52, 48, 16, 1, 0x01, 49, 16, 1, 0x09, 29, 17, 2, 0x5c, 44, 17, 1, 0x52, 45, 17, 1, 0x5c, 46, 17, 1, 0x53
    .word 48, 17, 1, 0x09, 50, 17, 1, 0x53, 14, 18, 2, 0x08, 16, 18, 5, 0x09, 30, 18, 1, 0x65, 31, 18, 1, 0x5c, 34, 18, 1, 0x53, 45, 18, 1, 0x09
    .word 46, 18, 1, 0x53, 47, 18, 1, 0xad, 49, 18, 1, 0x5c, 50, 18, 1, 0x09, 5, 19, 1, 0x65, 6, 19, 1, 0x01, 7, 19, 5, 0x53, 12, 19, 10, 0x5a
    .word 22, 19, 1, 0x53, 23, 19, 1, 0x5a, 24, 19, 1, 0x53, 25, 19, 1, 0x5a, 26, 19, 4, 0x53, 30, 19, 1, 0x52, 31, 19, 1, 0x5a, 32, 19, 1, 0x52
    .word 33, 19, 2, 0x65, 36, 19, 1, 0x53, 37, 19, 1, 0x09, 41, 19, 1, 0x52, 42, 19, 1, 0x5c, 43, 19, 2, 0x53, 45, 19, 1, 0x5a, 46, 19, 1, 0x52
    .word 48, 19, 1, 0x52, 49, 19, 1, 0x09, 50, 19, 3, 0x53, 53, 19, 7, 0x5a, 60, 19, 1, 0xa3, 61, 19, 1, 0x5a, 68, 19, 1, 0x5c, 69, 19, 2, 0x53
    .word 71, 19, 12, 0x5a, 83, 19, 1, 0x52, 90, 19, 1, 0x5c, 91, 19, 3, 0x53, 94, 19, 14, 0x5a, 108, 19, 1, 0xa3, 111, 19, 1, 0x52, 112, 19, 3, 0x53
    .word 115, 19, 1, 0x5a, 116, 19, 1, 0xa3, 124, 19, 1, 0x5c, 125, 19, 1, 0x53, 126, 19, 1, 0x5c, 127, 19, 3, 0x53, 130, 19, 1, 0x5c, 133, 19, 1, 0xa3
    .word 134, 19, 1, 0x5a, 135, 19, 3, 0x53, 138, 19, 2, 0x5c, 140, 19, 1, 0x53, 141, 19, 2, 0x5c, 143, 19, 2, 0x53, 145, 19, 3, 0x5c, 148, 19, 1, 0x53
    .word 149, 19, 3, 0x5a, 152, 19, 1, 0xa3, 158, 19, 1, 0x52, 159, 19, 12, 0x5a, 171, 19, 1, 0x52, 5, 20, 1, 0x09, 6, 20, 3, 0x53, 9, 20, 1, 0x52
    .word 10, 20, 1, 0x5a, 11, 20, 1, 0x52, 12, 20, 14, 0x5a, 26, 20, 1, 0x52, 27, 20, 1, 0x5a, 28, 20, 2, 0x53, 30, 20, 1, 0x52, 31, 20, 1, 0x53
    .word 32, 20, 1, 0x5c, 33, 20, 1, 0x09, 37, 20, 1, 0x65, 40, 20, 1, 0xa3, 41, 20, 2, 0x53, 43, 20, 1, 0x52, 44, 20, 19, 0x5a, 68, 20, 1, 0x5c
    .word 69, 20, 1, 0x52, 70, 20, 13, 0x5a, 83, 20, 1, 0x52, 84, 20, 1, 0xa3, 90, 20, 1, 0x53, 91, 20, 1, 0x12, 92, 20, 1, 0x53, 93, 20, 1, 0x52
    .word 94, 20, 12, 0x5a, 106, 20, 2, 0x52, 108, 20, 1, 0xa3, 111, 20, 1, 0x52, 112, 20, 1, 0x53, 113, 20, 2, 0x52, 115, 20, 2, 0x5a, 117, 20, 1, 0xa3
    .word 124, 20, 1, 0x5c, 125, 20, 1, 0x53, 126, 20, 1, 0x13, 127, 20, 1, 0x12, 128, 20, 1, 0x09, 129, 20, 1, 0x53, 130, 20, 1, 0xa3, 133, 20, 1, 0xa3
    .word 134, 20, 2, 0x5a, 136, 20, 1, 0x53, 137, 20, 1, 0x5a, 138, 20, 2, 0x53, 140, 20, 1, 0x5a, 141, 20, 1, 0x13, 142, 20, 7, 0x53, 149, 20, 1, 0x52
    .word 150, 20, 1, 0x53, 151, 20, 1, 0x52, 152, 20, 1, 0xa3, 157, 20, 1, 0xa3, 158, 20, 14, 0x5a, 172, 20, 1, 0xa3, 5, 21, 1, 0x5c, 6, 21, 2, 0x53
    .word 8, 21, 1, 0x5a, 9, 21, 1, 0xa3, 10, 21, 18, 0x5a, 28, 21, 1, 0x53, 29, 21, 1, 0x5a, 30, 21, 1, 0xa3, 31, 21, 1, 0x09, 32, 21, 1, 0x53
    .word 33, 21, 1, 0x5c, 39, 21, 1, 0xa3, 40, 21, 1, 0x53, 41, 21, 1, 0x52, 42, 21, 1, 0x5a, 43, 21, 1, 0xa3, 44, 21, 1, 0x52, 45, 21, 13, 0x5a
    .word 58, 21, 1, 0x52, 59, 21, 1, 0xa3, 60, 21, 2, 0x52, 62, 21, 1, 0x5a, 63, 21, 1, 0xa3, 68, 21, 1, 0xa3, 69, 21, 1, 0x5a, 70, 21, 1, 0xa3
    .word 71, 21, 1, 0x52, 72, 21, 13, 0x5a, 85, 21, 1, 0xa3, 90, 21, 2, 0x53, 92, 21, 1, 0x5a, 93, 21, 1, 0xa3, 94, 21, 1, 0x13, 95, 21, 12, 0x5a
    .word 107, 21, 1, 0x52, 108, 21, 1, 0xa3, 111, 21, 1, 0x52, 112, 21, 1, 0x5a, 113, 21, 1, 0x52, 114, 21, 1, 0x5a, 115, 21, 1, 0x52, 116, 21, 1, 0x5a
    .word 117, 21, 1, 0xa3, 124, 21, 1, 0x5c, 125, 21, 1, 0x5a, 126, 21, 1, 0x52, 127, 21, 1, 0x5a, 128, 21, 1, 0xa3, 129, 21, 1, 0x53, 130, 21, 1, 0xa3
    .word 133, 21, 1, 0xa3, 134, 21, 1, 0x5a, 135, 21, 1, 0x52, 136, 21, 1, 0x5a, 137, 21, 1, 0x09, 138, 21, 4, 0x5a, 142, 21, 2, 0x53, 144, 21, 1, 0x5a
    .word 145, 21, 1, 0x13, 146, 21, 2, 0x53, 148, 21, 1, 0x52, 149, 21, 1, 0x5a, 150, 21, 1, 0x52, 151, 21, 1, 0x5a, 152, 21, 1, 0xa3, 156, 21, 1, 0xa3
    .word 157, 21, 16, 0x5a, 173, 21, 1, 0xa3, 5, 22, 1, 0x5c, 6, 22, 1, 0x53, 7, 22, 1, 0x5a, 8, 22, 2, 0x52, 10, 22, 19, 0x5a, 29, 22, 3, 0x52
    .word 32, 22, 1, 0x5a, 33, 22, 1, 0xa3, 39, 22, 1, 0xa3, 40, 22, 2, 0x5a, 42, 22, 2, 0x52, 44, 22, 15, 0x5a, 59, 22, 2, 0x52, 61, 22, 2, 0x5a
    .word 63, 22, 1, 0xa3, 68, 22, 1, 0x5c, 69, 22, 1, 0x5a, 70, 22, 2, 0x52, 72, 22, 14, 0x5a, 86, 22, 1, 0x52, 90, 22, 1, 0x53, 91, 22, 1, 0x5a
    .word 92, 22, 1, 0x52, 93, 22, 1, 0x09, 94, 22, 11, 0x5a, 105, 22, 3, 0x52, 108, 22, 1, 0xa3, 111, 22, 1, 0x52, 112, 22, 2, 0x5a, 114, 22, 1, 0x52
    .word 115, 22, 3, 0x5a, 118, 22, 1, 0xa3, 124, 22, 1, 0xa3, 125, 22, 1, 0x52, 126, 22, 1, 0x13, 127, 22, 1, 0x09, 128, 22, 1, 0x52, 129, 22, 1, 0x5a
    .word 130, 22, 1, 0xa3, 133, 22, 1, 0xa3, 134, 22, 1, 0x5a, 135, 22, 3, 0x52, 138, 22, 4, 0x5a, 142, 22, 1, 0x53, 143, 22, 3, 0x5a, 146, 22, 2, 0x53
    .word 148, 22, 1, 0x52, 149, 22, 1, 0x09, 150, 22, 1, 0x52, 151, 22, 1, 0x5a, 152, 22, 1, 0xa3, 155, 22, 1, 0xa3, 156, 22, 18, 0x5a, 174, 22, 1, 0xa3
    .word 5, 23, 1, 0x53, 6, 23, 3, 0x5a, 9, 23, 1, 0x53, 10, 23, 19, 0x5a, 29, 23, 1, 0x52, 30, 23, 1, 0x53, 31, 23, 2, 0x5a, 33, 23, 1, 0xa3
    .word 39, 23, 1, 0xa3, 40, 23, 2, 0x5a, 42, 23, 1, 0x52, 43, 23, 16, 0x5a, 59, 23, 1, 0x52, 60, 23, 3, 0x5a, 63, 23, 1, 0xa3, 68, 23, 1, 0xa3
    .word 69, 23, 18, 0x5a, 90, 23, 1, 0x5c, 91, 23, 1, 0x52, 92, 23, 2, 0x53, 94, 23, 14, 0x5a, 108, 23, 1, 0xa3, 111, 23, 1, 0x52, 112, 23, 2, 0x5a
    .word 114, 23, 1, 0x52, 115, 23, 3, 0x5a, 118, 23, 1, 0xa3, 124, 23, 1, 0x5c, 125, 23, 2, 0x5a, 127, 23, 1, 0x53, 128, 23, 2, 0x5a, 130, 23, 1, 0xa3
    .word 133, 23, 1, 0xa3, 134, 23, 2, 0x5a, 136, 23, 4, 0x52, 140, 23, 2, 0x5a, 142, 23, 1, 0x53, 143, 23, 3, 0x5a, 146, 23, 4, 0x53, 150, 23, 1, 0x52
    .word 151, 23, 1, 0x5a, 152, 23, 1, 0xa3, 155, 23, 1, 0xa3, 156, 23, 18, 0x5a, 174, 23, 1, 0xa3, 5, 24, 1, 0x5c, 6, 24, 1, 0x53, 7, 24, 6, 0x5a
    .word 13, 24, 12, 0xa3, 25, 24, 8, 0x5a, 33, 24, 1, 0xa3, 39, 24, 1, 0xa3, 40, 24, 7, 0x5a, 47, 24, 9, 0xa3, 56, 24, 7, 0x5a, 63, 24, 1, 0xa3
    .word 68, 24, 1, 0xa3, 69, 24, 5, 0x5a, 74, 24, 5, 0xa3, 79, 24, 8, 0x5a, 90, 24, 1, 0x5c, 91, 24, 1, 0x53, 92, 24, 1, 0x52, 93, 24, 1, 0x13
    .word 94, 24, 2, 0x5a, 96, 24, 13, 0xa3, 111, 24, 1, 0x52, 112, 24, 7, 0x5a, 124, 24, 1, 0xa3, 125, 24, 2, 0x5a, 127, 24, 1, 0x53, 128, 24, 2, 0x5a
    .word 130, 24, 1, 0xa3, 133, 24, 7, 0xa3, 140, 24, 1, 0x53, 141, 24, 5, 0x5a, 146, 24, 1, 0xa3, 147, 24, 1, 0x53, 148, 24, 5, 0xa3, 155, 24, 1, 0xa3
    .word 156, 24, 6, 0x5a, 162, 24, 2, 0xa3, 164, 24, 2, 0x5a, 166, 24, 1, 0xa3, 167, 24, 1, 0x52, 168, 24, 6, 0x5a, 174, 24, 1, 0xa3, 5, 25, 1, 0xa3
    .word 6, 25, 1, 0x5a, 7, 25, 1, 0x53, 8, 25, 4, 0x5a, 12, 25, 1, 0xa3, 25, 25, 1, 0x52, 26, 25, 7, 0x5a, 33, 25, 1, 0xa3, 39, 25, 1, 0xa3
    .word 40, 25, 7, 0x5a, 56, 25, 7, 0x5a, 63, 25, 1, 0xa3, 68, 25, 1, 0xa3, 69, 25, 4, 0x5a, 73, 25, 1, 0xa3, 79, 25, 1, 0x52, 80, 25, 7, 0x5a
    .word 90, 25, 1, 0xa3, 91, 25, 1, 0x5a, 92, 25, 1, 0x53, 93, 25, 1, 0x13, 94, 25, 2, 0x5a, 96, 25, 1, 0x09, 111, 25, 1, 0x52, 112, 25, 7, 0x5a
    .word 119, 25, 1, 0xa3, 124, 25, 1, 0xa3, 125, 25, 5, 0x5a, 130, 25, 1, 0xa3, 140, 25, 1, 0xa3, 141, 25, 4, 0x5a, 145, 25, 1, 0xa3, 155, 25, 1, 0xa3
    .word 156, 25, 5, 0x5a, 161, 25, 1, 0xa3, 162, 25, 1, 0x09, 167, 25, 7, 0x5a, 174, 25, 1, 0xa3, 5, 26, 1, 0xa3, 6, 26, 6, 0x5a, 12, 26, 1, 0xa3
    .word 26, 26, 1, 0xa3, 27, 26, 6, 0x5a, 33, 26, 1, 0xa3, 39, 26, 1, 0xa3, 40, 26, 5, 0x5a, 45, 26, 1, 0xa3, 57, 26, 1, 0xa3, 58, 26, 5, 0x5a
    .word 63, 26, 1, 0xa3, 68, 26, 1, 0xa3, 69, 26, 4, 0x5a, 73, 26, 1, 0xa3, 81, 26, 1, 0xa3, 82, 26, 5, 0x5a, 90, 26, 1, 0xa3, 91, 26, 2, 0x5a
    .word 93, 26, 1, 0x13, 94, 26, 2, 0x5a, 96, 26, 1, 0x08, 111, 26, 1, 0x52, 112, 26, 8, 0x5a, 124, 26, 1, 0xa3, 125, 26, 5, 0x5a, 130, 26, 1, 0xa3
    .word 140, 26, 1, 0xa3, 141, 26, 4, 0x5a, 145, 26, 1, 0xa3, 155, 26, 1, 0xa3, 156, 26, 5, 0x5a, 161, 26, 1, 0xa3, 168, 26, 1, 0xa3, 169, 26, 5, 0x5a
    .word 174, 26, 1, 0xa3, 5, 27, 1, 0xa3, 6, 27, 3, 0x5a, 9, 27, 1, 0x53, 10, 27, 2, 0x5a, 12, 27, 1, 0xa3, 26, 27, 1, 0xa3, 27, 27, 6, 0x5a
    .word 33, 27, 1, 0xa3, 39, 27, 1, 0xa3, 40, 27, 5, 0x5a, 45, 27, 1, 0xa3, 57, 27, 1, 0xa3, 58, 27, 5, 0x5a, 63, 27, 1, 0xa3, 68, 27, 1, 0xa3
    .word 69, 27, 4, 0x5a, 73, 27, 1, 0xa3, 81, 27, 1, 0xa3, 82, 27, 5, 0x5a, 90, 27, 1, 0xa3, 91, 27, 1, 0x5a, 92, 27, 2, 0x53, 94, 27, 2, 0x5a
    .word 96, 27, 1, 0x08, 111, 27, 1, 0x52, 112, 27, 8, 0x5a, 120, 27, 1, 0xa3, 124, 27, 1, 0xa3, 125, 27, 5, 0x5a, 130, 27, 1, 0xa3, 140, 27, 1, 0xa3
    .word 141, 27, 4, 0x5a, 145, 27, 1, 0xa3, 155, 27, 1, 0xa3, 156, 27, 5, 0x5a, 161, 27, 1, 0xa3, 168, 27, 1, 0xa3, 169, 27, 1, 0x52, 170, 27, 1, 0x5a
    .word 171, 27, 1, 0x52, 172, 27, 2, 0x5a, 174, 27, 1, 0xa3, 5, 28, 1, 0xa3, 6, 28, 1, 0x52, 7, 28, 2, 0x5a, 9, 28, 1, 0x53, 10, 28, 2, 0x5a
    .word 12, 28, 1, 0xa3, 26, 28, 1, 0xa3, 27, 28, 6, 0x5a, 33, 28, 1, 0xa3, 39, 28, 1, 0xa3, 40, 28, 5, 0x5a, 45, 28, 1, 0xa3, 57, 28, 1, 0xa3
    .word 58, 28, 5, 0x5a, 63, 28, 1, 0xa3, 68, 28, 1, 0xa3, 69, 28, 4, 0x5a, 73, 28, 1, 0xa3, 81, 28, 1, 0xa3, 82, 28, 5, 0x5a, 90, 28, 1, 0xa3
    .word 91, 28, 5, 0x5a, 96, 28, 1, 0x08, 111, 28, 1, 0x52, 112, 28, 10, 0x5a, 124, 28, 1, 0xa3, 125, 28, 5, 0x5a, 130, 28, 1, 0xa3, 140, 28, 1, 0xa3
    .word 141, 28, 4, 0x5a, 145, 28, 1, 0xa3, 155, 28, 1, 0xa3, 156, 28, 5, 0x5a, 161, 28, 1, 0xa3, 168, 28, 6, 0xa3, 174, 28, 1, 0xad, 181, 28, 5, 0x53
    .word 5, 29, 1, 0xa3, 6, 29, 1, 0x52, 7, 29, 2, 0x5a, 9, 29, 1, 0x53, 10, 29, 2, 0x5a, 12, 29, 1, 0xa3, 26, 29, 1, 0xa3, 27, 29, 6, 0x5a
    .word 33, 29, 1, 0xa3, 39, 29, 1, 0xa3, 40, 29, 5, 0x5a, 45, 29, 1, 0xa3, 57, 29, 1, 0xa3, 58, 29, 5, 0x5a, 63, 29, 1, 0xa3, 68, 29, 1, 0xa3
    .word 69, 29, 4, 0x5a, 73, 29, 1, 0xa3, 81, 29, 1, 0xa3, 82, 29, 5, 0x5a, 90, 29, 1, 0xa3, 91, 29, 5, 0x5a, 111, 29, 1, 0x52, 112, 29, 9, 0x5a
    .word 121, 29, 1, 0xa3, 124, 29, 1, 0xa3, 125, 29, 5, 0x5a, 130, 29, 1, 0xa3, 140, 29, 1, 0xa3, 141, 29, 4, 0x5a, 145, 29, 1, 0xa3, 155, 29, 1, 0xa3
    .word 156, 29, 6, 0x5a, 180, 29, 1, 0x5c, 181, 29, 1, 0x13, 182, 29, 4, 0x53, 186, 29, 1, 0x5c, 5, 30, 1, 0xa3, 6, 30, 6, 0x5a, 12, 30, 1, 0xa3
    .word 26, 30, 1, 0xa3, 27, 30, 6, 0x5a, 33, 30, 1, 0xa3, 39, 30, 1, 0xa3, 40, 30, 5, 0x5a, 45, 30, 1, 0xa3, 57, 30, 1, 0xa3, 58, 30, 5, 0x5a
    .word 63, 30, 1, 0xa3, 68, 30, 1, 0xa3, 69, 30, 4, 0x5a, 73, 30, 1, 0xa3, 81, 30, 1, 0xa3, 82, 30, 5, 0x5a, 90, 30, 1, 0xa3, 91, 30, 5, 0x5a
    .word 111, 30, 1, 0x52, 112, 30, 11, 0x5a, 124, 30, 1, 0xa3, 125, 30, 5, 0x5a, 130, 30, 1, 0xa3, 140, 30, 1, 0xa3, 141, 30, 4, 0x5a, 145, 30, 1, 0xa3
    .word 155, 30, 1, 0xa3, 156, 30, 5, 0x5a, 161, 30, 1, 0xa3, 179, 30, 1, 0x5c, 180, 30, 1, 0x53, 181, 30, 1, 0x13, 182, 30, 2, 0x52, 184, 30, 3, 0x53
    .word 187, 30, 1, 0x01, 5, 31, 1, 0xa3, 6, 31, 6, 0x5a, 12, 31, 1, 0xa3, 26, 31, 1, 0xa3, 27, 31, 6, 0x5a, 33, 31, 1, 0xa3, 39, 31, 1, 0x5c
    .word 40, 31, 5, 0x5a, 45, 31, 1, 0xa3, 57, 31, 1, 0xa3, 58, 31, 5, 0x5a, 63, 31, 1, 0xa3, 68, 31, 1, 0xa3, 69, 31, 4, 0x5a, 73, 31, 1, 0xa3
    .word 81, 31, 1, 0xa3, 82, 31, 5, 0x5a, 90, 31, 1, 0xa3, 91, 31, 5, 0x5a, 111, 31, 1, 0x52, 112, 31, 10, 0x5a, 122, 31, 1, 0xa3, 124, 31, 1, 0xa3
    .word 125, 31, 5, 0x5a, 130, 31, 1, 0xa3, 140, 31, 1, 0xa3, 141, 31, 4, 0x5a, 145, 31, 1, 0xa3, 155, 31, 1, 0xa3, 156, 31, 5, 0x5a, 161, 31, 1, 0xa3
    .word 179, 31, 1, 0x5c, 180, 31, 1, 0x13, 181, 31, 1, 0x53, 182, 31, 2, 0x09, 184, 31, 3, 0x53, 5, 32, 1, 0xa3, 6, 32, 6, 0x5a, 12, 32, 1, 0xa3
    .word 26, 32, 1, 0xa3, 27, 32, 6, 0x5a, 33, 32, 1, 0xa3, 39, 32, 1, 0x5c, 40, 32, 2, 0x5a, 42, 32, 1, 0x53, 43, 32, 2, 0x5a, 45, 32, 1, 0xa3
    .word 57, 32, 1, 0xa3, 58, 32, 5, 0x5a, 63, 32, 1, 0xa3, 68, 32, 1, 0xa3, 69, 32, 4, 0x5a, 73, 32, 1, 0xa3, 81, 32, 1, 0xa3, 82, 32, 5, 0x5a
    .word 90, 32, 1, 0xa3, 91, 32, 5, 0x5a, 96, 32, 1, 0x08, 111, 32, 1, 0x52, 112, 32, 10, 0x5a, 122, 32, 1, 0xa3, 124, 32, 1, 0xa3, 125, 32, 5, 0x5a
    .word 130, 32, 1, 0xa3, 140, 32, 1, 0xa3, 141, 32, 5, 0x5a, 155, 32, 1, 0xa3, 156, 32, 6, 0x5a, 162, 32, 1, 0x09, 179, 32, 1, 0x53, 180, 32, 1, 0x13
    .word 181, 32, 2, 0x53, 183, 32, 1, 0x09, 184, 32, 1, 0x52, 185, 32, 2, 0x53, 187, 32, 1, 0x09, 5, 33, 1, 0xa3, 6, 33, 6, 0x5a, 12, 33, 1, 0xa3
    .word 25, 33, 8, 0x5a, 33, 33, 1, 0xa3, 39, 33, 1, 0x5c, 40, 33, 2, 0x5a, 42, 33, 1, 0x53, 43, 33, 2, 0x5a, 45, 33, 1, 0xa3, 57, 33, 1, 0xa3
    .word 58, 33, 5, 0x5a, 63, 33, 1, 0xa3, 68, 33, 1, 0xa3, 69, 33, 4, 0x5a, 73, 33, 1, 0xa3, 81, 33, 1, 0xa3, 82, 33, 5, 0x5a, 90, 33, 1, 0xa3
    .word 91, 33, 5, 0x5a, 96, 33, 10, 0xa3, 106, 33, 1, 0x09, 111, 33, 1, 0x52, 112, 33, 11, 0x5a, 123, 33, 2, 0xa3, 125, 33, 5, 0x5a, 130, 33, 1, 0xa3
    .word 140, 33, 1, 0xa3, 141, 33, 4, 0x5a, 145, 33, 1, 0xa3, 155, 33, 1, 0xa3, 156, 33, 7, 0x5a, 163, 33, 8, 0xa3, 179, 33, 1, 0xa3, 180, 33, 1, 0x53
    .word 181, 33, 1, 0x5a, 182, 33, 1, 0x13, 183, 33, 1, 0x53, 184, 33, 1, 0x52, 185, 33, 2, 0x53, 187, 33, 1, 0x09, 5, 34, 1, 0xa3, 6, 34, 7, 0x5a
    .word 13, 34, 12, 0xa3, 25, 34, 8, 0x5a, 33, 34, 1, 0xa3, 39, 34, 1, 0x5c, 40, 34, 1, 0x53, 41, 34, 1, 0x5a, 42, 34, 1, 0x53, 43, 34, 2, 0x5a
    .word 45, 34, 1, 0xa3, 57, 34, 1, 0xa3, 58, 34, 2, 0x5a, 60, 34, 1, 0x13, 61, 34, 2, 0x5a, 63, 34, 1, 0xa3, 68, 34, 1, 0xa3, 69, 34, 4, 0x5a
    .word 73, 34, 1, 0xa3, 81, 34, 1, 0xa3, 82, 34, 4, 0x5a, 86, 34, 1, 0xa3, 90, 34, 1, 0xa3, 91, 34, 15, 0x5a, 106, 34, 1, 0x09, 111, 34, 1, 0x52
    .word 112, 34, 18, 0x5a, 130, 34, 1, 0xa3, 140, 34, 1, 0xa3, 141, 34, 4, 0x5a, 145, 34, 1, 0xa3, 155, 34, 1, 0xa3, 156, 34, 15, 0x5a, 171, 34, 1, 0xa3
    .word 180, 34, 1, 0xa3, 181, 34, 2, 0x52, 183, 34, 1, 0x53, 184, 34, 1, 0x52, 185, 34, 1, 0x53, 186, 34, 1, 0xa3, 5, 35, 1, 0xa3, 6, 35, 26, 0x5a
    .word 32, 35, 1, 0xa3, 33, 35, 1, 0x09, 39, 35, 1, 0x5c, 40, 35, 1, 0x53, 41, 35, 4, 0x5a, 45, 35, 1, 0xa3, 57, 35, 1, 0xa3, 58, 35, 1, 0x5a
    .word 59, 35, 3, 0x53, 62, 35, 1, 0x5a, 63, 35, 1, 0xa3, 68, 35, 1, 0xa3, 69, 35, 4, 0x5a, 73, 35, 1, 0xa3, 81, 35, 1, 0xa3, 82, 35, 5, 0x5a
    .word 90, 35, 1, 0xa3, 91, 35, 12, 0x5a, 103, 35, 1, 0xa3, 104, 35, 1, 0x52, 105, 35, 1, 0x5a, 106, 35, 1, 0x09, 111, 35, 1, 0x52, 112, 35, 18, 0x5a
    .word 130, 35, 1, 0xa3, 140, 35, 1, 0xa3, 141, 35, 4, 0x5a, 145, 35, 1, 0xa3, 155, 35, 1, 0x52, 156, 35, 1, 0xa3, 157, 35, 16, 0x5a, 173, 35, 1, 0x52
    .word 181, 35, 1, 0x5a, 182, 35, 3, 0x52, 185, 35, 1, 0x5a, 5, 36, 1, 0xa3, 6, 36, 3, 0x5a, 9, 36, 1, 0xa3, 10, 36, 6, 0x5a, 16, 36, 1, 0x52
    .word 17, 36, 13, 0x5a, 30, 36, 1, 0xa3, 31, 36, 1, 0x5a, 39, 36, 1, 0x5c, 40, 36, 2, 0x53, 42, 36, 3, 0x5a, 45, 36, 1, 0xa3, 57, 36, 1, 0xa3
    .word 58, 36, 2, 0x5a, 60, 36, 1, 0x53, 61, 36, 2, 0x5a, 63, 36, 1, 0xa3, 68, 36, 1, 0xa3, 69, 36, 2, 0x5a, 71, 36, 1, 0x52, 72, 36, 1, 0x5a
    .word 73, 36, 1, 0xa3, 81, 36, 1, 0xa3, 82, 36, 5, 0x5a, 90, 36, 1, 0xa3, 91, 36, 2, 0x5a, 93, 36, 1, 0x52, 94, 36, 9, 0x5a, 103, 36, 2, 0x52
    .word 105, 36, 1, 0x5a, 106, 36, 1, 0x09, 111, 36, 1, 0x52, 112, 36, 5, 0x5a, 117, 36, 2, 0xa3, 119, 36, 11, 0x5a, 130, 36, 1, 0xa3, 140, 36, 1, 0xa3
    .word 141, 36, 4, 0x5a, 145, 36, 1, 0xa3, 156, 36, 1, 0x09, 157, 36, 1, 0xa3, 158, 36, 16, 0x5a, 174, 36, 1, 0xa3, 5, 37, 1, 0xa3, 6, 37, 9, 0x5a
    .word 15, 37, 1, 0x52, 16, 37, 12, 0x5a, 28, 37, 1, 0x52, 29, 37, 1, 0x5a, 39, 37, 1, 0x5c, 40, 37, 1, 0x53, 41, 37, 1, 0x13, 42, 37, 3, 0x5a
    .word 45, 37, 1, 0xa3, 57, 37, 1, 0xa3, 58, 37, 2, 0x5a, 60, 37, 1, 0x13, 61, 37, 2, 0x5a, 63, 37, 1, 0xa3, 68, 37, 1, 0xa3, 69, 37, 2, 0x5a
    .word 71, 37, 1, 0x53, 72, 37, 1, 0x5a, 73, 37, 1, 0xa3, 81, 37, 1, 0xa3, 82, 37, 4, 0x5a, 86, 37, 1, 0xa3, 90, 37, 1, 0xa3, 91, 37, 15, 0x5a
    .word 106, 37, 1, 0x09, 111, 37, 1, 0x52, 112, 37, 5, 0x5a, 117, 37, 1, 0xa3, 119, 37, 1, 0xa3, 120, 37, 10, 0x5a, 130, 37, 1, 0xa3, 140, 37, 1, 0xa3
    .word 141, 37, 4, 0x5a, 145, 37, 1, 0xa3, 158, 37, 1, 0xa3, 159, 37, 15, 0x5a, 174, 37, 1, 0xa3, 5, 38, 1, 0xa3, 6, 38, 1, 0x52, 7, 38, 2, 0x5a
    .word 9, 38, 1, 0x52, 10, 38, 20, 0x5a, 30, 38, 1, 0x09, 39, 38, 1, 0xa3, 40, 38, 1, 0x53, 41, 38, 1, 0x13, 42, 38, 3, 0x5a, 45, 38, 1, 0xa3
    .word 57, 38, 1, 0xa3, 58, 38, 2, 0x5a, 60, 38, 1, 0x13, 61, 38, 2, 0x5a, 63, 38, 1, 0xa3, 68, 38, 1, 0xa3, 69, 38, 2, 0x5a, 71, 38, 1, 0x53
    .word 72, 38, 1, 0x52, 73, 38, 1, 0xa3, 81, 38, 1, 0xa3, 82, 38, 4, 0x5a, 86, 38, 1, 0xa3, 90, 38, 1, 0xa3, 91, 38, 5, 0x5a, 96, 38, 10, 0xa3
    .word 106, 38, 1, 0x09, 111, 38, 1, 0x52, 112, 38, 5, 0x5a, 117, 38, 1, 0xa3, 119, 38, 1, 0xa3, 120, 38, 10, 0x5a, 130, 38, 1, 0xa3, 140, 38, 1, 0xa3
    .word 141, 38, 4, 0x5a, 145, 38, 1, 0xa3, 159, 38, 8, 0xa3, 167, 38, 1, 0x52, 168, 38, 6, 0x5a, 174, 38, 1, 0xa3, 5, 39, 1, 0xa3, 6, 39, 1, 0x52
    .word 7, 39, 23, 0x5a, 30, 39, 1, 0xa3, 31, 39, 1, 0x5a, 39, 39, 1, 0xa3, 40, 39, 1, 0x52, 41, 39, 1, 0x13, 42, 39, 3, 0x5a, 45, 39, 1, 0xa3
    .word 57, 39, 1, 0xa3, 58, 39, 5, 0x5a, 63, 39, 1, 0xa3, 68, 39, 1, 0xa3, 69, 39, 2, 0x5a, 71, 39, 1, 0x53, 72, 39, 1, 0x5a, 73, 39, 1, 0xa3
    .word 81, 39, 1, 0xa3, 82, 39, 4, 0x5a, 86, 39, 1, 0xa3, 90, 39, 1, 0xa3, 91, 39, 5, 0x5a, 96, 39, 1, 0x08, 111, 39, 1, 0x52, 112, 39, 5, 0x5a
    .word 117, 39, 1, 0xa3, 119, 39, 1, 0xa3, 120, 39, 10, 0x5a, 130, 39, 1, 0xa3, 140, 39, 1, 0xa3, 141, 39, 4, 0x5a, 145, 39, 1, 0xa3, 167, 39, 1, 0xa3
    .word 168, 39, 6, 0x5a, 174, 39, 1, 0xa3, 5, 40, 1, 0xa3, 6, 40, 1, 0x52, 7, 40, 10, 0x5a, 17, 40, 4, 0xa3, 21, 40, 10, 0x5a, 31, 40, 2, 0xa3
    .word 33, 40, 1, 0x09, 39, 40, 1, 0xa3, 40, 40, 1, 0x53, 41, 40, 4, 0x5a, 45, 40, 1, 0xa3, 57, 40, 1, 0xa3, 58, 40, 5, 0x5a, 63, 40, 1, 0xa3
    .word 68, 40, 1, 0xa3, 69, 40, 2, 0x5a, 71, 40, 1, 0x53, 72, 40, 1, 0x5a, 73, 40, 1, 0xa3, 81, 40, 1, 0xa3, 82, 40, 5, 0x5a, 90, 40, 1, 0xa3
    .word 91, 40, 2, 0x5a, 93, 40, 1, 0x53, 94, 40, 2, 0x5a, 96, 40, 1, 0x09, 111, 40, 1, 0x52, 112, 40, 5, 0x5a, 117, 40, 1, 0xa3, 120, 40, 1, 0xa3
    .word 121, 40, 9, 0x5a, 130, 40, 1, 0xa3, 140, 40, 1, 0xa3, 141, 40, 4, 0x5a, 145, 40, 1, 0xa3, 168, 40, 1, 0xa3, 169, 40, 5, 0x5a, 174, 40, 1, 0xa3
    .word 5, 41, 1, 0xa3, 6, 41, 6, 0x5a, 12, 41, 1, 0xa3, 23, 41, 1, 0x52, 24, 41, 9, 0x5a, 33, 41, 1, 0xa3, 39, 41, 1, 0xa3, 40, 41, 5, 0x5a
    .word 45, 41, 1, 0xa3, 57, 41, 1, 0xa3, 58, 41, 5, 0x5a, 63, 41, 1, 0xa3, 68, 41, 1, 0x5c, 69, 41, 2, 0x5a, 71, 41, 1, 0x53, 72, 41, 1, 0x5a
    .word 73, 41, 1, 0xa3, 81, 41, 1, 0xa3, 82, 41, 5, 0x5a, 90, 41, 1, 0xa3, 91, 41, 1, 0x5a, 92, 41, 2, 0x53, 94, 41, 2, 0x5a, 96, 41, 1, 0x09
    .word 111, 41, 1, 0x52, 112, 41, 5, 0x5a, 117, 41, 1, 0xa3, 120, 41, 1, 0x09, 121, 41, 1, 0xa3, 122, 41, 8, 0x5a, 130, 41, 1, 0xa3, 140, 41, 1, 0xa3
    .word 141, 41, 4, 0x5a, 145, 41, 1, 0xa3, 168, 41, 1, 0xa3, 169, 41, 5, 0x5a, 174, 41, 1, 0xa3, 5, 42, 1, 0xa3, 6, 42, 1, 0x52, 7, 42, 5, 0x5a
    .word 12, 42, 1, 0xa3, 24, 42, 1, 0x09, 25, 42, 8, 0x5a, 33, 42, 1, 0xa3, 39, 42, 1, 0xa3, 40, 42, 5, 0x5a, 45, 42, 1, 0xa3, 57, 42, 1, 0xa3
    .word 58, 42, 5, 0x5a, 63, 42, 1, 0xa3, 68, 42, 1, 0x5c, 69, 42, 2, 0x5a, 71, 42, 1, 0x53, 72, 42, 1, 0x5a, 73, 42, 1, 0xa3, 81, 42, 1, 0xa3
    .word 82, 42, 5, 0x5a, 90, 42, 1, 0xa3, 91, 42, 2, 0x5a, 93, 42, 1, 0x53, 94, 42, 2, 0x5a, 111, 42, 1, 0x52, 112, 42, 5, 0x5a, 117, 42, 1, 0xa3
    .word 121, 42, 1, 0xa3, 122, 42, 3, 0x5a, 125, 42, 1, 0x52, 126, 42, 4, 0x5a, 130, 42, 1, 0xa3, 140, 42, 1, 0xa3, 141, 42, 4, 0x5a, 145, 42, 1, 0xa3
    .word 168, 42, 1, 0xa3, 169, 42, 5, 0x5a, 174, 42, 1, 0xa3, 5, 43, 1, 0xa3, 6, 43, 1, 0x52, 7, 43, 4, 0x5a, 11, 43, 1, 0x53, 12, 43, 1, 0xa3
    .word 25, 43, 1, 0xa3, 26, 43, 1, 0x52, 27, 43, 6, 0x5a, 33, 43, 1, 0xa3, 39, 43, 1, 0xa3, 40, 43, 5, 0x5a, 45, 43, 1, 0xa3, 57, 43, 1, 0xa3
    .word 58, 43, 5, 0x5a, 63, 43, 1, 0xa3, 68, 43, 1, 0x5c, 69, 43, 1, 0x5a, 70, 43, 1, 0x13, 71, 43, 1, 0x53, 72, 43, 1, 0x5a, 73, 43, 1, 0xa3
    .word 81, 43, 1, 0xa3, 82, 43, 5, 0x5a, 90, 43, 1, 0xa3, 91, 43, 2, 0x5a, 93, 43, 1, 0x53, 94, 43, 2, 0x5a, 111, 43, 1, 0x52, 112, 43, 5, 0x5a
    .word 117, 43, 1, 0xa3, 121, 43, 1, 0xa3, 122, 43, 3, 0x5a, 125, 43, 1, 0x53, 126, 43, 4, 0x5a, 130, 43, 1, 0xa3, 140, 43, 1, 0xa3, 141, 43, 4, 0x5a
    .word 145, 43, 1, 0xa3, 155, 43, 7, 0xa3, 168, 43, 1, 0xa3, 169, 43, 5, 0x5a, 174, 43, 1, 0xa3, 5, 44, 1, 0xa3, 6, 44, 1, 0x52, 7, 44, 4, 0x5a
    .word 11, 44, 1, 0x53, 12, 44, 1, 0xa3, 26, 44, 1, 0xa3, 27, 44, 6, 0x5a, 33, 44, 1, 0xa3, 39, 44, 1, 0xa3, 40, 44, 5, 0x5a, 45, 44, 1, 0xa3
    .word 57, 44, 1, 0xa3, 58, 44, 5, 0x5a, 63, 44, 1, 0xa3, 68, 44, 1, 0x5c, 69, 44, 1, 0x5a, 70, 44, 1, 0x13, 71, 44, 1, 0x53, 72, 44, 1, 0x5a
    .word 73, 44, 1, 0xa3, 81, 44, 1, 0xa3, 82, 44, 5, 0x5a, 90, 44, 1, 0xa3, 91, 44, 2, 0x5a, 93, 44, 1, 0x53, 94, 44, 2, 0x5a, 111, 44, 1, 0x52
    .word 112, 44, 5, 0x5a, 117, 44, 1, 0xa3, 122, 44, 1, 0xa3, 123, 44, 7, 0x5a, 130, 44, 1, 0xa3, 140, 44, 1, 0xa3, 141, 44, 4, 0x5a, 145, 44, 1, 0xa3
    .word 155, 44, 1, 0xa3, 156, 44, 5, 0x5a, 161, 44, 1, 0xa3, 168, 44, 1, 0xa3, 169, 44, 5, 0x5a, 174, 44, 1, 0xa3, 180, 44, 1, 0x09, 181, 44, 5, 0x5c
    .word 186, 44, 1, 0x01, 5, 45, 1, 0xa3, 6, 45, 1, 0x52, 7, 45, 2, 0x5a, 9, 45, 1, 0x13, 10, 45, 2, 0x5a, 12, 45, 1, 0x5c, 26, 45, 1, 0xa3
    .word 27, 45, 6, 0x5a, 33, 45, 1, 0xa3, 39, 45, 1, 0xa3, 40, 45, 5, 0x5a, 45, 45, 1, 0xa3, 57, 45, 1, 0xa3, 58, 45, 5, 0x5a, 63, 45, 1, 0xa3
    .word 68, 45, 1, 0x5c, 69, 45, 2, 0x5a, 71, 45, 1, 0x13, 72, 45, 1, 0x5a, 73, 45, 1, 0xa3, 80, 45, 1, 0xa3, 81, 45, 6, 0x5a, 90, 45, 1, 0xa3
    .word 91, 45, 2, 0x5a, 93, 45, 1, 0x52, 94, 45, 2, 0x5a, 96, 45, 1, 0x09, 111, 45, 1, 0x52, 112, 45, 5, 0x5a, 117, 45, 1, 0xa3, 122, 45, 1, 0xa3
    .word 123, 45, 3, 0x5a, 126, 45, 1, 0x53, 127, 45, 3, 0x5a, 130, 45, 1, 0xa3, 140, 45, 1, 0xa3, 141, 45, 2, 0x5a, 143, 45, 1, 0x13, 144, 45, 1, 0x5a
    .word 145, 45, 1, 0xa3, 155, 45, 1, 0xa3, 156, 45, 1, 0x5a, 157, 45, 1, 0x52, 158, 45, 2, 0x5a, 160, 45, 1, 0x52, 161, 45, 1, 0xa3, 168, 45, 1, 0xa3
    .word 169, 45, 5, 0x5a, 174, 45, 1, 0xa3, 179, 45, 1, 0x5c, 180, 45, 1, 0x5a, 181, 45, 2, 0x53, 183, 45, 1, 0x12, 184, 45, 3, 0x53, 187, 45, 1, 0x01
    .word 5, 46, 1, 0xa3, 6, 46, 1, 0x52, 7, 46, 2, 0x5a, 9, 46, 1, 0x13, 10, 46, 1, 0x5a, 11, 46, 1, 0x13, 12, 46, 1, 0xa3, 26, 46, 1, 0xa3
    .word 27, 46, 6, 0x5a, 33, 46, 1, 0xa3, 39, 46, 1, 0xa3, 40, 46, 6, 0x5a, 46, 46, 1, 0xa3, 56, 46, 1, 0xa3, 57, 46, 6, 0x5a, 63, 46, 1, 0xa3
    .word 68, 46, 1, 0x53, 69, 46, 2, 0x5a, 71, 46, 1, 0x13, 72, 46, 1, 0x5a, 73, 46, 1, 0xa3, 79, 46, 1, 0xa3, 80, 46, 1, 0x52, 81, 46, 6, 0x5a
    .word 90, 46, 1, 0xa3, 91, 46, 5, 0x5a, 111, 46, 1, 0x52, 112, 46, 4, 0x5a, 116, 46, 1, 0x53, 117, 46, 1, 0xa3, 123, 46, 1, 0xa3, 124, 46, 2, 0x5a
    .word 126, 46, 1, 0x53, 127, 46, 3, 0x5a, 130, 46, 1, 0xa3, 140, 46, 1, 0xa3, 141, 46, 1, 0x5a, 142, 46, 2, 0x53, 144, 46, 1, 0x5a, 145, 46, 1, 0x5c
    .word 155, 46, 1, 0xa3, 156, 46, 6, 0x5a, 162, 46, 1, 0x52, 167, 46, 1, 0xa3, 168, 46, 6, 0x5a, 174, 46, 1, 0xa3, 179, 46, 1, 0x5c, 180, 46, 1, 0x52
    .word 181, 46, 1, 0x13, 182, 46, 1, 0x52, 183, 46, 1, 0x5c, 184, 46, 1, 0x12, 185, 46, 2, 0x53, 187, 46, 1, 0x01, 5, 47, 1, 0xa3, 6, 47, 1, 0x52
    .word 7, 47, 5, 0x5a, 12, 47, 1, 0x5c, 26, 47, 1, 0xa3, 27, 47, 6, 0x5a, 33, 47, 1, 0xa3, 39, 47, 1, 0xa3, 40, 47, 7, 0x5a, 47, 47, 9, 0xa3
    .word 56, 47, 7, 0x5a, 63, 47, 1, 0xa3, 68, 47, 1, 0x14, 69, 47, 1, 0x13, 70, 47, 1, 0x5a, 71, 47, 1, 0x13, 72, 47, 2, 0x5a, 74, 47, 5, 0xa3
    .word 79, 47, 8, 0x5a, 90, 47, 1, 0xa3, 91, 47, 5, 0x5a, 96, 47, 13, 0xa3, 111, 47, 1, 0x52, 112, 47, 4, 0x5a, 116, 47, 1, 0x53, 117, 47, 1, 0xa3
    .word 123, 47, 1, 0xa3, 124, 47, 1, 0x53, 125, 47, 1, 0x52, 126, 47, 1, 0x5a, 127, 47, 1, 0x53, 128, 47, 2, 0x5a, 130, 47, 1, 0xa3, 140, 47, 1, 0xa3
    .word 141, 47, 2, 0x5a, 143, 47, 1, 0x13, 144, 47, 1, 0x5a, 145, 47, 1, 0x5c, 155, 47, 1, 0xa3, 156, 47, 6, 0x5a, 162, 47, 5, 0xa3, 167, 47, 7, 0x5a
    .word 174, 47, 1, 0xa3, 179, 47, 1, 0x5c, 180, 47, 1, 0x52, 181, 47, 1, 0x53, 182, 47, 1, 0x09, 184, 47, 1, 0x52, 185, 47, 2, 0x53, 187, 47, 1, 0x01
    .word 5, 48, 1, 0xa3, 6, 48, 4, 0x5a, 10, 48, 1, 0x52, 11, 48, 1, 0x13, 12, 48, 1, 0x5c, 26, 48, 1, 0xa3, 27, 48, 6, 0x5a, 33, 48, 1, 0xa3
    .word 39, 48, 1, 0xa3, 40, 48, 2, 0x5a, 42, 48, 1, 0x52, 43, 48, 16, 0x5a, 59, 48, 1, 0x52, 60, 48, 3, 0x5a, 63, 48, 1, 0xa3, 68, 48, 1, 0x53
    .word 69, 48, 1, 0x13, 70, 48, 1, 0x5a, 71, 48, 1, 0x13, 72, 48, 14, 0x5a, 86, 48, 1, 0x52, 90, 48, 1, 0xa3, 91, 48, 16, 0x5a, 107, 48, 1, 0x52
    .word 108, 48, 1, 0xa3, 111, 48, 1, 0x52, 112, 48, 4, 0x5a, 116, 48, 1, 0x13, 117, 48, 1, 0x5c, 123, 48, 1, 0x09, 124, 48, 1, 0xa3, 125, 48, 1, 0x53
    .word 126, 48, 1, 0x5a, 127, 48, 1, 0x52, 128, 48, 2, 0x5a, 130, 48, 1, 0xa3, 140, 48, 1, 0xa3, 141, 48, 2, 0x5a, 143, 48, 1, 0x13, 144, 48, 1, 0x52
    .word 145, 48, 1, 0x5c, 155, 48, 1, 0xa3, 156, 48, 18, 0x5a, 174, 48, 1, 0xa3, 179, 48, 1, 0x22, 180, 48, 1, 0x53, 181, 48, 1, 0x5a, 182, 48, 1, 0x53
    .word 183, 48, 2, 0x52, 185, 48, 2, 0x53, 5, 49, 1, 0x38, 6, 49, 1, 0x52, 7, 49, 3, 0x5a, 10, 49, 1, 0x53, 11, 49, 1, 0x13, 12, 49, 1, 0x5c
    .word 26, 49, 1, 0x38, 27, 49, 1, 0x52, 28, 49, 5, 0x5a, 33, 49, 1, 0xa3, 39, 49, 1, 0x38, 40, 49, 1, 0x5a, 41, 49, 2, 0x52, 43, 49, 1, 0xa3
    .word 44, 49, 1, 0x52, 45, 49, 13, 0x5a, 58, 49, 1, 0x52, 59, 49, 1, 0xa3, 60, 49, 1, 0x52, 61, 49, 1, 0x5a, 62, 49, 1, 0xa3, 63, 49, 1, 0x38
    .word 68, 49, 1, 0x53, 69, 49, 1, 0x13, 70, 49, 3, 0x53, 73, 49, 13, 0x5a, 90, 49, 1, 0x38, 91, 49, 1, 0x52, 92, 49, 1, 0x5a, 93, 49, 1, 0xa3
    .word 94, 49, 1, 0x52, 95, 49, 12, 0x5a, 107, 49, 1, 0x52, 108, 49, 1, 0xa3, 111, 49, 4, 0x5a, 115, 49, 2, 0x53, 117, 49, 1, 0x5a, 124, 49, 1, 0x38
    .word 125, 49, 1, 0x53, 126, 49, 4, 0x5a, 130, 49, 1, 0xa3, 140, 49, 1, 0xa3, 141, 49, 1, 0x5a, 142, 49, 1, 0x52, 143, 49, 2, 0x53, 145, 49, 1, 0x5c
    .word 155, 49, 1, 0x09, 156, 49, 1, 0xa3, 157, 49, 16, 0x5a, 173, 49, 1, 0x38, 174, 49, 1, 0x22, 179, 49, 2, 0x38, 181, 49, 2, 0x52, 183, 49, 2, 0x53
    .word 185, 49, 1, 0x13, 186, 49, 1, 0x22, 187, 49, 1, 0x08, 5, 50, 1, 0x38, 6, 50, 1, 0x53, 7, 50, 2, 0x5a, 9, 50, 3, 0x13, 12, 50, 1, 0x38
    .word 26, 50, 1, 0x38, 27, 50, 2, 0x52, 29, 50, 4, 0x5a, 33, 50, 1, 0x38, 40, 50, 1, 0x38, 41, 50, 1, 0x53, 42, 50, 2, 0x52, 44, 50, 15, 0x5a
    .word 59, 50, 1, 0x52, 60, 50, 1, 0x5a, 61, 50, 1, 0xa3, 62, 50, 1, 0x38, 68, 50, 1, 0x38, 69, 50, 1, 0x53, 70, 50, 1, 0x13, 71, 50, 2, 0x53
    .word 73, 50, 1, 0x52, 74, 50, 10, 0x5a, 84, 50, 1, 0xa3, 90, 50, 1, 0x38, 91, 50, 1, 0x5a, 92, 50, 2, 0x52, 94, 50, 11, 0x5a, 105, 50, 2, 0x52
    .word 107, 50, 1, 0x5a, 108, 50, 1, 0xa3, 111, 50, 1, 0x08, 112, 50, 2, 0x5a, 114, 50, 1, 0x13, 115, 50, 2, 0x53, 117, 50, 1, 0x38, 124, 50, 2, 0x38
    .word 126, 50, 1, 0x53, 127, 50, 1, 0x52, 128, 50, 2, 0x5a, 130, 50, 1, 0x38, 140, 50, 1, 0x38, 141, 50, 3, 0x53, 144, 50, 1, 0x13, 145, 50, 1, 0x38
    .word 156, 50, 1, 0x38, 157, 50, 1, 0x22, 158, 50, 14, 0x5a, 172, 50, 2, 0x38, 179, 50, 8, 0x38, 5, 51, 2, 0x38, 7, 51, 1, 0x5a, 8, 51, 2, 0x13
    .word 10, 51, 3, 0x38, 26, 51, 2, 0x38, 28, 51, 1, 0x5a, 29, 51, 1, 0x52, 30, 51, 2, 0x5a, 32, 51, 2, 0x38, 40, 51, 1, 0x22, 41, 51, 2, 0x38
    .word 43, 51, 1, 0x53, 44, 51, 2, 0x52, 46, 51, 1, 0x5a, 47, 51, 1, 0x52, 48, 51, 7, 0x5a, 55, 51, 2, 0x52, 57, 51, 3, 0x5a, 60, 51, 3, 0x38
    .word 68, 51, 2, 0x38, 70, 51, 1, 0x13, 71, 51, 1, 0x53, 72, 51, 1, 0x22, 73, 51, 2, 0x53, 75, 51, 1, 0x52, 76, 51, 5, 0x5a, 81, 51, 2, 0x52
    .word 83, 51, 1, 0xa3, 90, 51, 2, 0x38, 92, 51, 2, 0x52, 94, 51, 2, 0x5a, 96, 51, 1, 0x52, 97, 51, 3, 0x5a, 100, 51, 1, 0x52, 101, 51, 3, 0x5a
    .word 104, 51, 2, 0x52, 106, 51, 2, 0x5a, 108, 51, 1, 0xa3, 111, 51, 1, 0x08, 112, 51, 1, 0x38, 113, 51, 1, 0x22, 114, 51, 1, 0x52, 115, 51, 1, 0x13
    .word 116, 51, 2, 0x38, 125, 51, 3, 0x38, 128, 51, 1, 0x53, 129, 51, 2, 0x38, 140, 51, 2, 0x38, 142, 51, 1, 0x53, 143, 51, 1, 0x13, 144, 51, 2, 0x38
    .word 156, 51, 3, 0x38, 159, 51, 1, 0x52, 160, 51, 11, 0x5a, 171, 51, 3, 0x38, 180, 51, 7, 0x38, 5, 52, 8, 0x38, 26, 52, 8, 0x38, 41, 52, 21, 0x38
    .word 68, 52, 15, 0x38, 90, 52, 18, 0x38, 108, 52, 1, 0x22, 111, 52, 1, 0x22, 112, 52, 6, 0x38, 125, 52, 6, 0x38, 140, 52, 3, 0x38, 143, 52, 1, 0x22
    .word 144, 52, 2, 0x38, 157, 52, 16, 0x38, 180, 52, 6, 0x38, 6, 53, 6, 0x38, 27, 53, 1, 0x22, 28, 53, 4, 0x38, 32, 53, 1, 0x22, 42, 53, 1, 0x22
    .word 43, 53, 10, 0x38, 53, 53, 3, 0x22, 56, 53, 4, 0x38, 60, 53, 1, 0x22, 68, 53, 1, 0x22, 69, 53, 8, 0x38, 77, 53, 2, 0x22, 79, 53, 2, 0x38
    .word 81, 53, 1, 0x08, 90, 53, 9, 0x38, 99, 53, 1, 0x22, 100, 53, 2, 0x08, 102, 53, 4, 0x38, 112, 53, 6, 0x38, 126, 53, 4, 0x38, 130, 53, 1, 0x08
    .word 140, 53, 6, 0x38, 157, 53, 15, 0x38, 181, 53, 4, 0x38, 7, 54, 4, 0x38, 29, 54, 2, 0x38, 31, 54, 1, 0x08, 44, 54, 2, 0x38, 46, 54, 2, 0x08
    .word 50, 54, 1, 0x08, 51, 54, 1, 0x38, 56, 54, 1, 0x08, 57, 54, 2, 0x38, 59, 54, 1, 0x08, 69, 54, 4, 0x38, 75, 54, 2, 0x38, 80, 54, 1, 0x38
    .word 91, 54, 4, 0x38, 97, 54, 1, 0x38, 103, 54, 2, 0x38, 113, 54, 4, 0x38, 127, 54, 2, 0x38, 129, 54, 1, 0x22, 140, 54, 1, 0x08, 141, 54, 4, 0x38
    .word 158, 54, 1, 0x38, 160, 54, 3, 0x38, 163, 54, 1, 0x08, 165, 54, 1, 0x08, 166, 54, 5, 0x38, 171, 54, 1, 0x08, 182, 54, 2, 0x38, 8, 55, 2, 0x38
    .word 29, 55, 2, 0x38, 44, 55, 2, 0x38, 51, 55, 1, 0x22, 57, 55, 2, 0x38, 59, 55, 1, 0x08, 69, 55, 3, 0x38, 75, 55, 1, 0x38, 91, 55, 1, 0x22
    .word 92, 55, 2, 0x38, 103, 55, 2, 0x38, 114, 55, 2, 0x38, 116, 55, 1, 0x22, 127, 55, 2, 0x38, 129, 55, 1, 0x22, 141, 55, 4, 0x38, 160, 55, 2, 0x38
    .word 162, 55, 1, 0x08, 167, 55, 4, 0x38, 182, 55, 2, 0x38, 8, 56, 2, 0x38, 29, 56, 2, 0x38, 44, 56, 2, 0x38, 57, 56, 2, 0x38, 59, 56, 1, 0x08
    .word 70, 56, 2, 0x38, 91, 56, 1, 0x08, 92, 56, 2, 0x38, 114, 56, 3, 0x38, 127, 56, 2, 0x38, 129, 56, 1, 0x08, 142, 56, 2, 0x38, 144, 56, 1, 0x08
    .word 160, 56, 2, 0x38, 162, 56, 1, 0x08, 168, 56, 3, 0x38, 182, 56, 2, 0x38, 8, 57, 2, 0x38, 29, 57, 1, 0x22, 30, 57, 1, 0x38, 57, 57, 2, 0x38
    .word 59, 57, 1, 0x08, 70, 57, 2, 0x38, 91, 57, 1, 0x08, 92, 57, 2, 0x38, 114, 57, 3, 0x38, 127, 57, 2, 0x38, 142, 57, 2, 0x38, 144, 57, 1, 0x08
    .word 160, 57, 1, 0x22, 161, 57, 1, 0x38, 168, 57, 3, 0x38, 182, 57, 2, 0x38, 8, 58, 2, 0x38, 58, 58, 1, 0x08, 70, 58, 2, 0x38, 92, 58, 1, 0x38
    .word 93, 58, 1, 0x22, 115, 58, 1, 0x08, 142, 58, 2, 0x38, 144, 58, 1, 0x08, 168, 58, 1, 0x08, 169, 58, 2, 0x38, 182, 58, 2, 0x08, 8, 59, 2, 0x38
    .word 142, 59, 2, 0x38, 144, 59, 1, 0x08, 168, 59, 3, 0x38, 142, 60, 1, 0x22, 143, 60, 1, 0x38, 168, 60, 3, 0x38, 21, 61, 1, 0x12, 22, 61, 3, 0x09
    .word 25, 61, 19, 0x52, 44, 61, 1, 0x09, 53, 61, 1, 0x01, 56, 61, 3, 0x01, 60, 61, 1, 0x01, 61, 61, 4, 0x09, 102, 61, 1, 0x09, 104, 61, 2, 0x01
    .word 107, 61, 1, 0x09, 169, 61, 1, 0x38, 21, 62, 1, 0x5c, 22, 62, 1, 0x12, 23, 62, 1, 0x13, 24, 62, 3, 0x53, 27, 62, 18, 0x52, 45, 62, 1, 0xa3
    .word 53, 62, 1, 0x5c, 55, 62, 1, 0x09, 56, 62, 1, 0x13, 57, 62, 5, 0x53, 62, 62, 2, 0x52, 64, 62, 1, 0xa3, 73, 62, 1, 0xa3, 74, 62, 3, 0x52
    .word 77, 62, 4, 0x5a, 81, 62, 4, 0x52, 85, 62, 1, 0x53, 86, 62, 3, 0x52, 89, 62, 1, 0x5c, 101, 62, 1, 0xa3, 102, 62, 1, 0x52, 103, 62, 3, 0x53
    .word 106, 62, 2, 0x52, 108, 62, 1, 0x5a, 109, 62, 3, 0x52, 112, 62, 1, 0x5a, 113, 62, 2, 0x52, 115, 62, 2, 0x53, 117, 62, 1, 0x52, 118, 62, 1, 0x5c
    .word 21, 63, 1, 0x5c, 22, 63, 1, 0x12, 23, 63, 2, 0x52, 25, 63, 1, 0x53, 26, 63, 19, 0x5a, 45, 63, 1, 0x52, 46, 63, 1, 0xa3, 47, 63, 1, 0x52
    .word 53, 63, 1, 0x5c, 54, 63, 6, 0x53, 60, 63, 2, 0x5a, 62, 63, 1, 0xa3, 63, 63, 1, 0x52, 64, 63, 1, 0xa3, 72, 63, 1, 0xa3, 73, 63, 14, 0x5a
    .word 87, 63, 1, 0x5c, 88, 63, 2, 0x53, 90, 63, 1, 0x65, 100, 63, 1, 0xa3, 101, 63, 1, 0x53, 102, 63, 1, 0x13, 103, 63, 14, 0x5a, 117, 63, 3, 0x53
    .word 176, 63, 1, 0x53, 177, 63, 1, 0x52, 178, 63, 1, 0x53, 4, 64, 2, 0x52, 6, 64, 2, 0x53, 8, 64, 1, 0x52, 9, 64, 9, 0x53, 21, 64, 1, 0x5c
    .word 22, 64, 1, 0x53, 23, 64, 1, 0x52, 24, 64, 1, 0x5a, 25, 64, 1, 0x52, 26, 64, 17, 0x5a, 43, 64, 1, 0x52, 44, 64, 1, 0xa3, 45, 64, 2, 0x52
    .word 47, 64, 1, 0xa3, 53, 64, 1, 0x5c, 54, 64, 1, 0x53, 55, 64, 1, 0x12, 56, 64, 1, 0xa3, 57, 64, 1, 0x12, 58, 64, 1, 0x53, 59, 64, 1, 0x5a
    .word 60, 64, 2, 0x52, 62, 64, 2, 0x5a, 64, 64, 1, 0xa3, 72, 64, 15, 0x5a, 87, 64, 1, 0x52, 88, 64, 1, 0x5a, 89, 64, 2, 0x52, 100, 64, 2, 0x53
    .word 102, 64, 1, 0x5a, 103, 64, 1, 0x53, 104, 64, 13, 0x5a, 117, 64, 1, 0x53, 118, 64, 1, 0x52, 119, 64, 1, 0x5c, 176, 64, 1, 0xa3, 177, 64, 1, 0x53
    .word 178, 64, 1, 0x5c, 180, 64, 1, 0x53, 181, 64, 2, 0x52, 183, 64, 2, 0x53, 3, 65, 1, 0x52, 4, 65, 2, 0x53, 6, 65, 1, 0xa3, 7, 65, 1, 0x5c
    .word 8, 65, 1, 0x53, 9, 65, 1, 0xa3, 10, 65, 1, 0x53, 11, 65, 1, 0x5c, 12, 65, 1, 0x5a, 13, 65, 1, 0x53, 14, 65, 1, 0xa3, 15, 65, 1, 0x53
    .word 16, 65, 1, 0x5c, 17, 65, 1, 0x53, 21, 65, 1, 0x5c, 22, 65, 1, 0x53, 23, 65, 2, 0x52, 25, 65, 19, 0x5a, 44, 65, 2, 0x52, 46, 65, 2, 0x5a
    .word 53, 65, 1, 0x5c, 54, 65, 5, 0x53, 59, 65, 2, 0x5a, 61, 65, 2, 0x52, 63, 65, 1, 0x5a, 64, 65, 1, 0xa3, 71, 65, 17, 0x5a, 88, 65, 3, 0x52
    .word 91, 65, 1, 0x5c, 99, 65, 1, 0x5a, 100, 65, 1, 0x53, 101, 65, 18, 0x5a, 119, 65, 1, 0x52, 120, 65, 1, 0x5c, 170, 65, 1, 0x5a, 171, 65, 4, 0x53
    .word 176, 65, 1, 0x5c, 177, 65, 1, 0x53, 178, 65, 1, 0xa3, 180, 65, 1, 0x53, 181, 65, 1, 0x52, 182, 65, 1, 0x53, 183, 65, 1, 0x5c, 184, 65, 1, 0x53
    .word 185, 65, 1, 0x52, 2, 66, 1, 0x52, 3, 66, 2, 0x53, 5, 66, 1, 0xa3, 6, 66, 1, 0x5c, 7, 66, 11, 0x53, 18, 66, 1, 0x01, 21, 66, 1, 0xa3
    .word 22, 66, 1, 0x53, 23, 66, 1, 0x5a, 24, 66, 1, 0x53, 25, 66, 19, 0x5a, 44, 66, 1, 0x52, 45, 66, 3, 0x5a, 53, 66, 1, 0xa3, 54, 66, 1, 0x53
    .word 55, 66, 9, 0x5a, 64, 66, 1, 0xa3, 70, 66, 1, 0xa3, 71, 66, 18, 0x5a, 89, 66, 1, 0x53, 90, 66, 1, 0x5a, 91, 66, 1, 0x52, 92, 66, 1, 0x5c
    .word 98, 66, 1, 0x5c, 99, 66, 2, 0x53, 101, 66, 1, 0x5a, 102, 66, 1, 0x53, 103, 66, 15, 0x5a, 118, 66, 1, 0x53, 119, 66, 1, 0x5a, 120, 66, 1, 0x52
    .word 121, 66, 1, 0x5c, 169, 66, 1, 0x38, 170, 66, 2, 0xa3, 172, 66, 3, 0x5c, 176, 66, 2, 0x53, 178, 66, 1, 0xa3, 180, 66, 1, 0x53, 181, 66, 1, 0x52
    .word 182, 66, 1, 0x53, 183, 66, 3, 0x5c, 186, 66, 1, 0x52, 1, 67, 2, 0x52, 3, 67, 1, 0x53, 4, 67, 1, 0xa3, 5, 67, 1, 0x5c, 6, 67, 11, 0x53
    .word 17, 67, 1, 0x52, 21, 67, 1, 0xa3, 22, 67, 1, 0x52, 23, 67, 6, 0x5a, 29, 67, 11, 0xa3, 40, 67, 1, 0x52, 41, 67, 7, 0x5a, 53, 67, 1, 0xa3
    .word 54, 67, 1, 0x5c, 55, 67, 1, 0xa3, 56, 67, 1, 0x53, 57, 67, 6, 0x5a, 63, 67, 2, 0xa3, 70, 67, 1, 0xa3, 71, 67, 7, 0x5a, 78, 67, 7, 0xa3
    .word 85, 67, 7, 0x5a, 92, 67, 1, 0x5c, 98, 67, 1, 0x5c, 99, 67, 1, 0x53, 100, 67, 6, 0x5a, 106, 67, 8, 0xa3, 114, 67, 7, 0x5a, 121, 67, 1, 0x53
    .word 170, 67, 1, 0x52, 171, 67, 3, 0x53, 174, 67, 1, 0x52, 176, 67, 2, 0x53, 178, 67, 1, 0x5c, 180, 67, 1, 0x52, 181, 67, 4, 0x53, 185, 67, 1, 0x5c
    .word 186, 67, 1, 0x53, 187, 67, 1, 0x01, 1, 68, 1, 0x52, 2, 68, 1, 0x53, 3, 68, 1, 0xa3, 4, 68, 4, 0x53, 8, 68, 5, 0x52, 13, 68, 2, 0x53
    .word 15, 68, 3, 0x52, 21, 68, 1, 0xa3, 22, 68, 1, 0x5a, 23, 68, 1, 0x52, 24, 68, 5, 0x5a, 40, 68, 1, 0xa3, 41, 68, 7, 0x5a, 56, 68, 1, 0xa3
    .word 57, 68, 5, 0x5a, 62, 68, 1, 0xa3, 70, 68, 1, 0xa3, 71, 68, 6, 0x5a, 77, 68, 1, 0xa3, 85, 68, 1, 0xa3, 86, 68, 3, 0x5a, 89, 68, 1, 0x53
    .word 90, 68, 1, 0x5a, 91, 68, 1, 0x52, 92, 68, 1, 0xa3, 98, 68, 1, 0xa3, 99, 68, 1, 0x52, 100, 68, 5, 0x5a, 105, 68, 1, 0xa3, 114, 68, 1, 0xa3
    .word 115, 68, 1, 0x52, 116, 68, 2, 0x5a, 118, 68, 1, 0x53, 119, 68, 1, 0x5a, 120, 68, 1, 0x52, 121, 68, 1, 0xa3, 176, 68, 1, 0x53, 177, 68, 1, 0x52
    .word 178, 68, 1, 0x53, 182, 68, 2, 0x52, 184, 68, 2, 0x53, 186, 68, 1, 0x5c, 187, 68, 1, 0x09, 1, 69, 1, 0x52, 2, 69, 1, 0x53, 3, 69, 1, 0x5c
    .word 4, 69, 2, 0x53, 6, 69, 3, 0x52, 21, 69, 1, 0xa3, 22, 69, 1, 0x52, 23, 69, 6, 0x5a, 41, 69, 1, 0xa3, 42, 69, 6, 0x5a, 56, 69, 1, 0xa3
    .word 57, 69, 5, 0x5a, 62, 69, 1, 0xa3, 70, 69, 1, 0xa3, 71, 69, 5, 0x5a, 76, 69, 1, 0xa3, 86, 69, 1, 0xa3, 87, 69, 4, 0x5a, 91, 69, 1, 0x52
    .word 92, 69, 1, 0xa3, 98, 69, 1, 0xa3, 99, 69, 5, 0x5a, 104, 69, 1, 0xa3, 115, 69, 1, 0xa3, 116, 69, 2, 0x5a, 118, 69, 1, 0x52, 119, 69, 1, 0x5a
    .word 120, 69, 1, 0x52, 121, 69, 1, 0x53, 182, 69, 1, 0x09, 183, 69, 2, 0x52, 185, 69, 2, 0x5a, 187, 69, 1, 0x09, 1, 70, 1, 0x52, 2, 70, 1, 0x53
    .word 3, 70, 1, 0xa3, 4, 70, 2, 0x53, 6, 70, 1, 0x12, 7, 70, 1, 0x52, 21, 70, 1, 0xa3, 22, 70, 7, 0x5a, 41, 70, 1, 0xa3, 42, 70, 6, 0x5a
    .word 56, 70, 1, 0xa3, 57, 70, 5, 0x5a, 62, 70, 1, 0xa3, 70, 70, 1, 0xa3, 71, 70, 5, 0x5a, 76, 70, 1, 0xa3, 86, 70, 1, 0xa3, 87, 70, 5, 0x5a
    .word 92, 70, 1, 0xa3, 98, 70, 1, 0xa3, 99, 70, 5, 0x5a, 104, 70, 1, 0xa3, 115, 70, 1, 0xa3, 116, 70, 5, 0x5a, 121, 70, 1, 0xa3, 182, 70, 1, 0x09
    .word 183, 70, 1, 0x53, 184, 70, 2, 0x52, 186, 70, 1, 0x5c, 187, 70, 1, 0x01, 1, 71, 2, 0x52, 3, 71, 1, 0xa3, 4, 71, 1, 0x5c, 5, 71, 1, 0x53
    .word 6, 71, 1, 0x52, 7, 71, 1, 0x12, 21, 71, 1, 0xa3, 22, 71, 5, 0x5a, 27, 71, 1, 0x52, 28, 71, 1, 0x5a, 41, 71, 1, 0xa3, 42, 71, 6, 0x5a
    .word 56, 71, 1, 0xa3, 57, 71, 5, 0x5a, 62, 71, 1, 0xa3, 70, 71, 1, 0xa3, 71, 71, 5, 0x5a, 76, 71, 1, 0xa3, 86, 71, 7, 0xa3, 98, 71, 1, 0xa3
    .word 99, 71, 2, 0x5a, 101, 71, 1, 0x53, 102, 71, 2, 0x5a, 104, 71, 1, 0xa3, 115, 71, 1, 0xa3, 116, 71, 5, 0x5a, 121, 71, 1, 0xa3, 135, 71, 4, 0x5c
    .word 139, 71, 4, 0xa3, 149, 71, 6, 0x5c, 155, 71, 1, 0xa3, 156, 71, 1, 0x5c, 157, 71, 5, 0xa3, 162, 71, 1, 0x09, 182, 71, 1, 0x09, 183, 71, 1, 0x53
    .word 184, 71, 1, 0x52, 185, 71, 1, 0x53, 186, 71, 1, 0x52, 187, 71, 1, 0x09, 1, 72, 1, 0x52, 2, 72, 1, 0x53, 3, 72, 1, 0x5a, 4, 72, 2, 0x53
    .word 6, 72, 1, 0x52, 7, 72, 1, 0x12, 21, 72, 1, 0xa3, 22, 72, 5, 0x5a, 27, 72, 1, 0x52, 28, 72, 1, 0x5a, 41, 72, 1, 0xa3, 42, 72, 6, 0x5a
    .word 56, 72, 1, 0xa3, 57, 72, 5, 0x5a, 62, 72, 1, 0xa3, 70, 72, 1, 0xa3, 71, 72, 5, 0x5a, 76, 72, 1, 0xa3, 98, 72, 1, 0xa3, 99, 72, 2, 0x5a
    .word 101, 72, 1, 0x53, 102, 72, 2, 0x5a, 104, 72, 1, 0xa3, 115, 72, 7, 0xa3, 134, 72, 1, 0x65, 135, 72, 1, 0x53, 136, 72, 1, 0x52, 137, 72, 1, 0x5a
    .word 138, 72, 3, 0x52, 141, 72, 2, 0x5a, 143, 72, 1, 0xa3, 149, 72, 1, 0x65, 150, 72, 2, 0x13, 152, 72, 1, 0x52, 153, 72, 2, 0x53, 155, 72, 4, 0x5a
    .word 159, 72, 1, 0x52, 160, 72, 2, 0x5a, 162, 72, 1, 0x09, 182, 72, 1, 0x09, 183, 72, 2, 0x53, 185, 72, 2, 0x5c, 187, 72, 1, 0x09, 1, 73, 1, 0x52
    .word 2, 73, 1, 0x53, 3, 73, 1, 0x5c, 4, 73, 3, 0x53, 7, 73, 1, 0x52, 21, 73, 1, 0xa3, 22, 73, 7, 0x5a, 41, 73, 1, 0xa3, 42, 73, 6, 0x5a
    .word 56, 73, 1, 0xa3, 57, 73, 5, 0x5a, 62, 73, 1, 0xa3, 70, 73, 1, 0xa3, 71, 73, 5, 0x5a, 76, 73, 1, 0xa3, 98, 73, 1, 0xa3, 99, 73, 5, 0x5a
    .word 104, 73, 1, 0xa3, 133, 73, 1, 0x5c, 134, 73, 1, 0x09, 135, 73, 2, 0x5a, 137, 73, 1, 0x52, 138, 73, 5, 0x5a, 143, 73, 1, 0x52, 144, 73, 1, 0xa3
    .word 149, 73, 1, 0x5c, 150, 73, 1, 0x52, 151, 73, 1, 0x5a, 152, 73, 1, 0x53, 153, 73, 4, 0x5a, 157, 73, 2, 0x52, 159, 73, 3, 0x5a, 162, 73, 1, 0x09
    .word 182, 73, 1, 0x09, 183, 73, 3, 0x53, 186, 73, 1, 0x5c, 187, 73, 1, 0x09, 1, 74, 1, 0x52, 2, 74, 5, 0x53, 7, 74, 1, 0x52, 21, 74, 1, 0xa3
    .word 22, 74, 7, 0x5a, 41, 74, 1, 0xa3, 42, 74, 6, 0x5a, 56, 74, 1, 0xa3, 57, 74, 5, 0x5a, 62, 74, 1, 0xa3, 70, 74, 1, 0xa3, 71, 74, 5, 0x5a
    .word 76, 74, 1, 0xa3, 98, 74, 1, 0xa3, 99, 74, 2, 0x5a, 101, 74, 1, 0x13, 102, 74, 2, 0x5a, 104, 74, 1, 0xa3, 132, 74, 1, 0x5c, 133, 74, 1, 0x13
    .word 134, 74, 3, 0x5a, 137, 74, 4, 0xa3, 141, 74, 1, 0x52, 142, 74, 3, 0x5a, 145, 74, 1, 0xa3, 149, 74, 1, 0xa3, 150, 74, 1, 0x5a, 151, 74, 1, 0x52
    .word 152, 74, 2, 0x5a, 154, 74, 8, 0xa3, 162, 74, 1, 0x09, 182, 74, 1, 0x09, 183, 74, 1, 0x53, 184, 74, 1, 0x52, 185, 74, 1, 0x5c, 186, 74, 1, 0x53
    .word 187, 74, 1, 0x09, 1, 75, 5, 0x53, 6, 75, 2, 0x52, 21, 75, 1, 0xa3, 22, 75, 6, 0x5a, 28, 75, 1, 0xa3, 40, 75, 1, 0x52, 41, 75, 7, 0x5a
    .word 56, 75, 1, 0xa3, 57, 75, 5, 0x5a, 62, 75, 1, 0xa3, 70, 75, 1, 0xa3, 71, 75, 7, 0x5a, 78, 75, 10, 0x09, 88, 75, 1, 0x52, 98, 75, 1, 0xa3
    .word 99, 75, 2, 0x5a, 101, 75, 1, 0x53, 102, 75, 2, 0x5a, 104, 75, 1, 0xa3, 132, 75, 1, 0x5c, 133, 75, 1, 0x53, 134, 75, 2, 0x5a, 136, 75, 1, 0x52
    .word 141, 75, 1, 0x09, 142, 75, 3, 0x5a, 145, 75, 1, 0xa3, 149, 75, 1, 0xa3, 150, 75, 3, 0x5a, 153, 75, 1, 0xa3, 182, 75, 1, 0x09, 183, 75, 1, 0x52
    .word 184, 75, 3, 0x53, 187, 75, 1, 0x01, 1, 76, 2, 0x09, 3, 76, 3, 0x12, 6, 76, 2, 0x09, 21, 76, 1, 0xa3, 22, 76, 7, 0x5a, 29, 76, 11, 0xa3
    .word 40, 76, 8, 0x5a, 56, 76, 1, 0xa3, 57, 76, 5, 0x5a, 62, 76, 1, 0xa3, 70, 76, 1, 0xa3, 71, 76, 18, 0x5a, 89, 76, 1, 0xa3, 98, 76, 1, 0xa3
    .word 99, 76, 5, 0x5a, 104, 76, 1, 0xa3, 132, 76, 1, 0x5c, 133, 76, 1, 0x53, 134, 76, 2, 0x5a, 136, 76, 1, 0x09, 142, 76, 1, 0xa3, 143, 76, 2, 0x5a
    .word 145, 76, 1, 0xa3, 149, 76, 1, 0xa3, 150, 76, 3, 0x5a, 153, 76, 1, 0xa3, 182, 76, 1, 0x09, 183, 76, 4, 0x53, 187, 76, 1, 0x01, 21, 77, 1, 0xa3
    .word 22, 77, 26, 0x5a, 56, 77, 1, 0xa3, 57, 77, 5, 0x5a, 62, 77, 1, 0xa3, 70, 77, 1, 0xa3, 71, 77, 19, 0x5a, 90, 77, 1, 0xa3, 98, 77, 1, 0xa3
    .word 99, 77, 5, 0x5a, 104, 77, 1, 0xa3, 132, 77, 1, 0xa3, 133, 77, 1, 0x13, 134, 77, 2, 0x5a, 136, 77, 1, 0x09, 142, 77, 1, 0xa3, 143, 77, 2, 0x5a
    .word 145, 77, 1, 0xa3, 149, 77, 1, 0xa3, 150, 77, 4, 0x5a, 154, 77, 7, 0xa3, 182, 77, 1, 0x09, 183, 77, 4, 0x53, 187, 77, 1, 0x09, 0, 78, 2, 0x53
    .word 2, 78, 1, 0x5c, 3, 78, 1, 0x53, 4, 78, 1, 0x5c, 5, 78, 2, 0x53, 7, 78, 1, 0x52, 8, 78, 1, 0x53, 21, 78, 1, 0xa3, 22, 78, 26, 0x5a
    .word 56, 78, 1, 0xa3, 57, 78, 5, 0x5a, 62, 78, 1, 0xa3, 71, 78, 1, 0xa3, 72, 78, 19, 0x5a, 98, 78, 1, 0xa3, 99, 78, 5, 0x5a, 104, 78, 1, 0xa3
    .word 132, 78, 1, 0x5c, 133, 78, 1, 0x52, 134, 78, 1, 0x5a, 135, 78, 2, 0x52, 142, 78, 1, 0xa3, 143, 78, 2, 0x5a, 145, 78, 1, 0xa3, 149, 78, 1, 0xa3
    .word 150, 78, 1, 0x52, 151, 78, 7, 0x5a, 158, 78, 2, 0x52, 160, 78, 1, 0xa3, 186, 78, 2, 0x09, 0, 79, 1, 0x5c, 1, 79, 1, 0x52, 2, 79, 1, 0x53
    .word 3, 79, 1, 0xa3, 4, 79, 4, 0x53, 8, 79, 1, 0x52, 21, 79, 1, 0xa3, 22, 79, 1, 0x5a, 23, 79, 1, 0x52, 24, 79, 1, 0xa3, 25, 79, 19, 0x5a
    .word 44, 79, 1, 0xa3, 45, 79, 2, 0x5a, 56, 79, 1, 0xa3, 57, 79, 2, 0x5a, 59, 79, 1, 0xa3, 60, 79, 1, 0x52, 61, 79, 1, 0x5a, 62, 79, 1, 0xa3
    .word 72, 79, 1, 0xa3, 73, 79, 18, 0x5a, 91, 79, 1, 0xa3, 98, 79, 1, 0xa3, 99, 79, 5, 0x5a, 104, 79, 1, 0xa3, 132, 79, 1, 0xa3, 133, 79, 1, 0x53
    .word 134, 79, 1, 0x5a, 135, 79, 2, 0x52, 142, 79, 1, 0xa3, 143, 79, 2, 0x5a, 145, 79, 1, 0xa3, 149, 79, 1, 0xa3, 150, 79, 8, 0x5a, 158, 79, 1, 0xa3
    .word 159, 79, 1, 0x52, 160, 79, 1, 0xa3, 182, 79, 1, 0x09, 183, 79, 1, 0x5c, 184, 79, 3, 0x65, 0, 80, 2, 0x52, 2, 80, 1, 0x12, 3, 80, 6, 0x52
    .word 21, 80, 1, 0xa3, 22, 80, 2, 0x5a, 24, 80, 1, 0x52, 25, 80, 18, 0x5a, 43, 80, 1, 0xa3, 44, 80, 1, 0x09, 56, 80, 1, 0xa3, 57, 80, 2, 0x5a
    .word 59, 80, 1, 0x52, 60, 80, 1, 0x5a, 61, 80, 1, 0x52, 62, 80, 1, 0xa3, 73, 80, 1, 0xa3, 74, 80, 18, 0x5a, 92, 80, 1, 0xa3, 98, 80, 1, 0xa3
    .word 99, 80, 5, 0x5a, 104, 80, 1, 0xa3, 132, 80, 1, 0xa3, 133, 80, 2, 0x5a, 135, 80, 2, 0x52, 142, 80, 1, 0xa3, 143, 80, 2, 0x5a, 145, 80, 1, 0xa3
    .word 149, 80, 1, 0xa3, 150, 80, 10, 0x5a, 160, 80, 1, 0xa3, 181, 80, 1, 0x65, 182, 80, 1, 0x09, 183, 80, 1, 0x53, 184, 80, 1, 0x65, 185, 80, 1, 0x6e
    .word 187, 80, 1, 0x6e, 188, 80, 1, 0x12, 2, 81, 1, 0x12, 3, 81, 2, 0x38, 5, 81, 1, 0x53, 6, 81, 1, 0x12, 21, 81, 1, 0xa3, 22, 81, 24, 0x5a
    .word 56, 81, 1, 0xa3, 57, 81, 5, 0x5a, 62, 81, 1, 0xa3, 74, 81, 1, 0x09, 75, 81, 9, 0x52, 84, 81, 1, 0x09, 85, 81, 1, 0xa3, 86, 81, 6, 0x5a
    .word 92, 81, 1, 0xa3, 98, 81, 1, 0xa3, 99, 81, 5, 0x5a, 104, 81, 1, 0xa3, 132, 81, 1, 0xa3, 133, 81, 2, 0x5a, 135, 81, 2, 0x52, 142, 81, 1, 0xa3
    .word 143, 81, 2, 0x5a, 145, 81, 1, 0xa3, 149, 81, 1, 0xa3, 150, 81, 4, 0x5a, 154, 81, 7, 0x52, 181, 81, 1, 0x65, 184, 81, 1, 0x6e, 185, 81, 1, 0x53
    .word 188, 81, 1, 0x65, 2, 82, 1, 0x12, 3, 82, 2, 0x38, 5, 82, 1, 0x53, 21, 82, 1, 0xa3, 22, 82, 6, 0x5a, 28, 82, 10, 0xa3, 38, 82, 7, 0x5a
    .word 45, 82, 1, 0x52, 46, 82, 1, 0xa3, 47, 82, 1, 0x52, 56, 82, 1, 0xa3, 57, 82, 5, 0x5a, 62, 82, 1, 0xa3, 86, 82, 1, 0xa3, 87, 82, 5, 0x5a
    .word 92, 82, 1, 0xa3, 98, 82, 1, 0xa3, 99, 82, 5, 0x5a, 104, 82, 1, 0xa3, 132, 82, 1, 0xa3, 133, 82, 2, 0x5a, 135, 82, 2, 0x52, 142, 82, 1, 0xa3
    .word 143, 82, 2, 0x5a, 145, 82, 1, 0xa3, 149, 82, 1, 0xa3, 150, 82, 3, 0x5a, 153, 82, 1, 0xa3, 180, 82, 1, 0x65, 184, 82, 1, 0x65, 185, 82, 1, 0x09
    .word 189, 82, 1, 0x65, 3, 83, 3, 0x38, 21, 83, 1, 0xa3, 22, 83, 7, 0x5a, 38, 83, 1, 0xa3, 39, 83, 8, 0x5a, 47, 83, 1, 0xa3, 56, 83, 1, 0xa3
    .word 57, 83, 5, 0x5a, 62, 83, 1, 0xa3, 86, 83, 1, 0xa3, 87, 83, 5, 0x5a, 92, 83, 1, 0xa3, 98, 83, 1, 0xa3, 99, 83, 5, 0x5a, 104, 83, 1, 0xa3
    .word 132, 83, 1, 0xa3, 133, 83, 2, 0x5a, 135, 83, 2, 0x52, 142, 83, 1, 0xa3, 143, 83, 1, 0x5a, 144, 83, 1, 0x52, 145, 83, 1, 0x5c, 149, 83, 1, 0xa3
    .word 150, 83, 3, 0x5a, 153, 83, 1, 0xa3, 180, 83, 1, 0x5c, 182, 83, 1, 0x52, 183, 83, 1, 0x65, 184, 83, 1, 0x01, 185, 83, 1, 0x6e, 189, 83, 1, 0x65
    .word 3, 84, 3, 0x38, 6, 84, 1, 0x08, 21, 84, 1, 0xa3, 22, 84, 7, 0x5a, 39, 84, 1, 0xa3, 40, 84, 8, 0x5a, 56, 84, 1, 0xa3, 57, 84, 5, 0x5a
    .word 62, 84, 1, 0xa3, 86, 84, 1, 0xa3, 87, 84, 5, 0x5a, 92, 84, 1, 0xa3, 98, 84, 1, 0xa3, 99, 84, 5, 0x5a, 104, 84, 1, 0xa3, 132, 84, 1, 0xa3
    .word 133, 84, 4, 0x5a, 137, 84, 1, 0x09, 141, 84, 1, 0xa3, 142, 84, 2, 0x5a, 144, 84, 1, 0x53, 145, 84, 1, 0x5c, 149, 84, 1, 0xa3, 150, 84, 3, 0x5a
    .word 153, 84, 1, 0xa3, 180, 84, 1, 0x5c, 181, 84, 3, 0x65, 184, 84, 1, 0x53, 185, 84, 1, 0x65, 186, 84, 2, 0x6e, 188, 84, 1, 0x53, 189, 84, 1, 0x65
    .word 2, 85, 4, 0x38, 21, 85, 1, 0xa3, 22, 85, 5, 0x5a, 27, 85, 1, 0x52, 28, 85, 1, 0x5a, 41, 85, 1, 0xa3, 42, 85, 6, 0x5a, 56, 85, 1, 0xa3
    .word 57, 85, 5, 0x5a, 62, 85, 1, 0xa3, 70, 85, 3, 0xa3, 73, 85, 3, 0x5a, 76, 85, 1, 0xa3, 86, 85, 1, 0xa3, 87, 85, 5, 0x5a, 92, 85, 1, 0xa3
    .word 98, 85, 1, 0xa3, 99, 85, 5, 0x5a, 104, 85, 1, 0xa3, 115, 85, 1, 0xa3, 116, 85, 1, 0x5a, 117, 85, 2, 0x52, 119, 85, 2, 0x13, 121, 85, 1, 0x5c
    .word 132, 85, 1, 0x5c, 133, 85, 10, 0x5a, 143, 85, 2, 0x52, 145, 85, 1, 0x5c, 149, 85, 1, 0xa3, 150, 85, 1, 0x52, 151, 85, 2, 0x5a, 153, 85, 1, 0xa3
    .word 180, 85, 1, 0x5c, 181, 85, 1, 0x65, 182, 85, 1, 0x5c, 183, 85, 1, 0x01, 186, 85, 1, 0x09, 187, 85, 1, 0x65, 188, 85, 1, 0x5c, 3, 86, 3, 0x38
    .word 6, 86, 1, 0x08, 21, 86, 1, 0xa3, 22, 86, 5, 0x5a, 27, 86, 1, 0x52, 28, 86, 1, 0x5a, 41, 86, 1, 0xa3, 42, 86, 6, 0x5a, 56, 86, 1, 0xa3
    .word 57, 86, 5, 0x5a, 62, 86, 1, 0xa3, 70, 86, 1, 0xa3, 71, 86, 3, 0x5a, 74, 86, 1, 0x52, 75, 86, 1, 0x5a, 76, 86, 1, 0xa3, 86, 86, 1, 0xa3
    .word 87, 86, 5, 0x5a, 92, 86, 1, 0xa3, 98, 86, 1, 0xa3, 99, 86, 5, 0x5a, 104, 86, 1, 0xa3, 115, 86, 1, 0xa3, 116, 86, 3, 0x5a, 119, 86, 1, 0xa3
    .word 120, 86, 1, 0x13, 121, 86, 1, 0x5c, 133, 86, 10, 0x5a, 143, 86, 1, 0x53, 144, 86, 1, 0x5a, 149, 86, 1, 0x38, 150, 86, 1, 0x53, 151, 86, 1, 0x5a
    .word 152, 86, 1, 0x52, 153, 86, 1, 0x22, 181, 86, 1, 0x09, 182, 86, 1, 0x5c, 183, 86, 1, 0x09, 186, 86, 1, 0x09, 187, 86, 1, 0x5c, 3, 87, 2, 0x38
    .word 5, 87, 1, 0x22, 6, 87, 1, 0x38, 21, 87, 1, 0xa3, 22, 87, 5, 0x5a, 27, 87, 1, 0x52, 28, 87, 1, 0x5a, 41, 87, 1, 0xa3, 42, 87, 6, 0x5a
    .word 56, 87, 1, 0xa3, 57, 87, 5, 0x5a, 62, 87, 1, 0xa3, 70, 87, 1, 0xa3, 71, 87, 5, 0x5a, 76, 87, 1, 0xa3, 86, 87, 1, 0xa3, 87, 87, 5, 0x5a
    .word 92, 87, 1, 0xa3, 98, 87, 1, 0x5c, 99, 87, 5, 0x5a, 104, 87, 1, 0xa3, 115, 87, 1, 0xa3, 116, 87, 3, 0x5a, 119, 87, 1, 0x52, 120, 87, 1, 0x53
    .word 121, 87, 1, 0x5c, 134, 87, 1, 0x22, 135, 87, 1, 0x52, 136, 87, 1, 0x5a, 137, 87, 2, 0x52, 139, 87, 3, 0x5a, 142, 87, 1, 0x53, 143, 87, 1, 0x5a
    .word 144, 87, 1, 0x08, 149, 87, 1, 0x38, 150, 87, 1, 0x22, 151, 87, 1, 0x53, 152, 87, 1, 0x22, 153, 87, 1, 0x38, 182, 87, 1, 0x12, 183, 87, 4, 0x5c
    .word 187, 87, 1, 0x08, 188, 87, 1, 0x09, 3, 88, 1, 0x38, 6, 88, 1, 0x38, 21, 88, 1, 0xa3, 22, 88, 5, 0x5a, 27, 88, 1, 0x52, 28, 88, 1, 0x5a
    .word 41, 88, 1, 0xa3, 42, 88, 6, 0x5a, 56, 88, 1, 0xa3, 57, 88, 5, 0x5a, 62, 88, 1, 0xa3, 70, 88, 1, 0xa3, 71, 88, 5, 0x5a, 76, 88, 1, 0x52
    .word 77, 88, 1, 0xa3, 85, 88, 1, 0xa3, 86, 88, 6, 0x5a, 92, 88, 1, 0xa3, 98, 88, 1, 0xa3, 99, 88, 1, 0x13, 100, 88, 4, 0x5a, 104, 88, 1, 0x52
    .word 105, 88, 1, 0xa3, 114, 88, 1, 0xa3, 115, 88, 3, 0x5a, 118, 88, 3, 0x53, 121, 88, 1, 0x5a, 134, 88, 10, 0x38, 149, 88, 5, 0x38, 176, 88, 1, 0x5c
    .word 184, 88, 1, 0x22, 185, 88, 3, 0x38, 3, 89, 1, 0x38, 6, 89, 1, 0x38, 7, 89, 1, 0x08, 21, 89, 1, 0xa3, 22, 89, 5, 0x5a, 27, 89, 1, 0x53
    .word 28, 89, 1, 0x5a, 41, 89, 1, 0xa3, 42, 89, 6, 0x5a, 53, 89, 3, 0xa3, 56, 89, 1, 0x53, 57, 89, 5, 0x5a, 62, 89, 1, 0x52, 63, 89, 2, 0xa3
    .word 70, 89, 1, 0xa3, 71, 89, 7, 0x5a, 78, 89, 1, 0x52, 79, 89, 5, 0x09, 84, 89, 1, 0x52, 85, 89, 7, 0x5a, 92, 89, 1, 0x22, 98, 89, 1, 0x5c
    .word 99, 89, 1, 0x53, 100, 89, 6, 0x5a, 106, 89, 1, 0x52, 107, 89, 6, 0x09, 113, 89, 1, 0x52, 114, 89, 5, 0x5a, 119, 89, 1, 0x53, 120, 89, 1, 0x52
    .word 121, 89, 1, 0x5c, 135, 89, 3, 0x38, 139, 89, 4, 0x38, 150, 89, 3, 0x38, 176, 89, 1, 0x53, 184, 89, 1, 0x08, 185, 89, 1, 0x22, 186, 89, 1, 0x38
    .word 2, 90, 1, 0x08, 3, 90, 1, 0x38, 6, 90, 1, 0x38, 7, 90, 1, 0x08, 21, 90, 1, 0xa3, 22, 90, 5, 0x5a, 27, 90, 1, 0x52, 28, 90, 1, 0x5a
    .word 41, 90, 1, 0xa3, 42, 90, 6, 0x5a, 53, 90, 1, 0xa3, 54, 90, 5, 0x5a, 59, 90, 1, 0x53, 60, 90, 2, 0x5a, 62, 90, 1, 0x52, 63, 90, 1, 0x5a
    .word 64, 90, 1, 0xa3, 70, 90, 1, 0xa3, 71, 90, 9, 0x5a, 80, 90, 1, 0x52, 81, 90, 12, 0x5a, 98, 90, 1, 0x5c, 99, 90, 2, 0x53, 101, 90, 20, 0x5a
    .word 121, 90, 1, 0xa3, 136, 90, 1, 0x38, 140, 90, 3, 0x38, 151, 90, 1, 0x38, 152, 90, 1, 0x22, 175, 90, 1, 0xad, 186, 90, 1, 0x38, 2, 91, 1, 0x08
    .word 3, 91, 1, 0x38, 21, 91, 1, 0xa3, 22, 91, 1, 0x52, 23, 91, 4, 0x5a, 27, 91, 1, 0x13, 28, 91, 1, 0x53, 41, 91, 1, 0xa3, 42, 91, 2, 0x5a
    .word 44, 91, 1, 0x52, 45, 91, 3, 0x5a, 53, 91, 1, 0xa3, 54, 91, 1, 0x52, 55, 91, 4, 0x5a, 59, 91, 1, 0x53, 60, 91, 1, 0x52, 61, 91, 1, 0x5a
    .word 62, 91, 2, 0x52, 64, 91, 1, 0xa3, 70, 91, 1, 0x5c, 71, 91, 20, 0x5a, 91, 91, 1, 0x52, 92, 91, 1, 0x38, 98, 91, 1, 0x5c, 99, 91, 2, 0x53
    .word 101, 91, 19, 0x5a, 120, 91, 1, 0x52, 121, 91, 1, 0x22, 140, 91, 3, 0x38, 151, 91, 1, 0x38, 152, 91, 1, 0x22, 157, 91, 1, 0x52, 158, 91, 2, 0x5c
    .word 163, 91, 1, 0x65, 175, 91, 1, 0x65, 2, 92, 1, 0x08, 3, 92, 1, 0x38, 21, 92, 3, 0x5a, 24, 92, 1, 0xa3, 25, 92, 2, 0x52, 27, 92, 1, 0x53
    .word 28, 92, 1, 0x12, 41, 92, 1, 0x38, 42, 92, 2, 0x5a, 44, 92, 1, 0xa3, 45, 92, 3, 0x5a, 53, 92, 1, 0xa3, 54, 92, 1, 0x52, 55, 92, 1, 0x13
    .word 56, 92, 1, 0x53, 57, 92, 1, 0x5a, 58, 92, 2, 0x53, 60, 92, 1, 0x52, 61, 92, 1, 0x53, 62, 92, 1, 0xa3, 63, 92, 1, 0x52, 64, 92, 1, 0xa3
    .word 71, 92, 1, 0x5c, 72, 92, 1, 0x52, 73, 92, 1, 0x5a, 74, 92, 1, 0x52, 75, 92, 15, 0x5a, 90, 92, 1, 0x53, 91, 92, 1, 0x38, 99, 92, 1, 0x38
    .word 100, 92, 2, 0x53, 102, 92, 17, 0x5a, 119, 92, 1, 0x52, 120, 92, 1, 0x38, 121, 92, 1, 0x09, 141, 92, 1, 0x38, 142, 92, 1, 0x22, 151, 92, 1, 0x38
    .word 157, 92, 1, 0x53, 162, 92, 1, 0x65, 163, 92, 1, 0x53, 164, 92, 1, 0x65, 175, 92, 1, 0x6e, 186, 92, 1, 0x38, 3, 93, 1, 0x22, 6, 93, 1, 0x22
    .word 21, 93, 2, 0x38, 23, 93, 1, 0x52, 24, 93, 1, 0x53, 25, 93, 1, 0x52, 26, 93, 1, 0x12, 27, 93, 2, 0x38, 41, 93, 2, 0x38, 43, 93, 4, 0x5a
    .word 47, 93, 1, 0x38, 53, 93, 1, 0x65, 54, 93, 2, 0x53, 56, 93, 1, 0x5a, 57, 93, 1, 0x53, 58, 93, 1, 0x13, 59, 93, 3, 0x53, 62, 93, 2, 0x52
    .word 64, 93, 1, 0x5c, 71, 93, 1, 0x08, 72, 93, 1, 0x38, 73, 93, 1, 0x5a, 74, 93, 2, 0x52, 76, 93, 1, 0x5a, 77, 93, 1, 0x52, 78, 93, 5, 0x5a
    .word 83, 93, 3, 0x52, 86, 93, 4, 0x5a, 90, 93, 2, 0x38, 99, 93, 2, 0x38, 101, 93, 1, 0x52, 102, 93, 1, 0x53, 103, 93, 1, 0x52, 104, 93, 2, 0x5a
    .word 106, 93, 1, 0x52, 107, 93, 11, 0x5a, 118, 93, 1, 0x22, 119, 93, 1, 0x38, 120, 93, 1, 0x22, 141, 93, 2, 0x38, 157, 93, 5, 0x5c, 162, 93, 1, 0x53
    .word 163, 93, 2, 0x65, 176, 93, 1, 0x5c, 185, 93, 1, 0x22, 186, 93, 1, 0x38, 6, 94, 1, 0x38, 21, 94, 7, 0x38, 28, 94, 1, 0x22, 41, 94, 7, 0x38
    .word 53, 94, 1, 0x5c, 54, 94, 1, 0x53, 55, 94, 1, 0x5a, 56, 94, 1, 0x22, 57, 94, 5, 0x13, 62, 94, 1, 0x38, 63, 94, 2, 0x53, 72, 94, 2, 0x38
    .word 74, 94, 15, 0x5a, 89, 94, 2, 0x38, 91, 94, 1, 0x08, 99, 94, 1, 0x08, 100, 94, 6, 0x38, 106, 94, 2, 0x22, 108, 94, 10, 0x5a, 118, 94, 2, 0x38
    .word 140, 94, 1, 0x08, 141, 94, 2, 0x38, 155, 94, 4, 0x5c, 159, 94, 3, 0x53, 162, 94, 1, 0x09, 163, 94, 1, 0xad, 165, 94, 1, 0x53, 176, 94, 1, 0x52
    .word 177, 94, 1, 0x65, 21, 95, 7, 0x38, 28, 95, 1, 0x22, 41, 95, 7, 0x38, 53, 95, 1, 0x09, 54, 95, 10, 0x38, 64, 95, 1, 0x22, 72, 95, 1, 0x22
    .word 73, 95, 18, 0x38, 99, 95, 1, 0x08, 100, 95, 19, 0x38, 140, 95, 1, 0x08, 141, 95, 2, 0x38, 154, 95, 3, 0x53, 158, 95, 1, 0x65, 160, 95, 1, 0x53
    .word 161, 95, 1, 0x52, 162, 95, 1, 0x65, 164, 95, 2, 0x53, 166, 95, 1, 0x5c, 167, 95, 1, 0x53, 168, 95, 1, 0x5c, 177, 95, 1, 0x5c, 178, 95, 1, 0x53
    .word 21, 96, 1, 0x22, 22, 96, 6, 0x38, 42, 96, 6, 0x38, 56, 96, 7, 0x38, 73, 96, 10, 0x38, 85, 96, 5, 0x38, 100, 96, 6, 0x38, 109, 96, 3, 0x38
    .word 113, 96, 5, 0x38, 153, 96, 1, 0x09, 154, 96, 1, 0x5c, 155, 96, 1, 0x65, 156, 96, 1, 0x5c, 158, 96, 1, 0x0e, 160, 96, 2, 0x53, 162, 96, 2, 0x52
    .word 164, 96, 6, 0x5c, 170, 96, 1, 0x09, 178, 96, 1, 0xad, 179, 96, 1, 0x5c, 11, 97, 3, 0x53, 22, 97, 6, 0x38, 43, 97, 4, 0x38, 57, 97, 5, 0x38
    .word 74, 97, 4, 0x38, 80, 97, 2, 0x38, 86, 97, 4, 0x38, 101, 97, 4, 0x38, 110, 97, 1, 0x38, 111, 97, 1, 0x08, 114, 97, 3, 0x38, 153, 97, 2, 0x5c
    .word 155, 97, 3, 0x53, 158, 97, 1, 0x09, 159, 97, 5, 0x53, 164, 97, 1, 0x52, 165, 97, 2, 0x5c, 167, 97, 1, 0x53, 168, 97, 1, 0x5c, 169, 97, 1, 0x52
    .word 170, 97, 1, 0x5c, 178, 97, 1, 0x53, 179, 97, 1, 0x65, 2, 98, 2, 0x53, 4, 98, 3, 0x5c, 7, 98, 1, 0x53, 8, 98, 1, 0x5c, 10, 98, 1, 0x53
    .word 11, 98, 1, 0xad, 12, 98, 1, 0x5c, 14, 98, 1, 0x53, 23, 98, 4, 0x38, 44, 98, 2, 0x38, 58, 98, 3, 0x38, 75, 98, 2, 0x38, 87, 98, 2, 0x38
    .word 102, 98, 2, 0x38, 115, 98, 2, 0x38, 153, 98, 3, 0x53, 156, 98, 1, 0x5c, 157, 98, 3, 0x09, 161, 98, 1, 0x52, 162, 98, 2, 0x5c, 165, 98, 1, 0x52
    .word 166, 98, 1, 0x5c, 167, 98, 2, 0x53, 169, 98, 2, 0x5c, 171, 98, 1, 0x53, 172, 98, 1, 0x5c, 179, 98, 1, 0x6e, 180, 98, 1, 0x65, 2, 99, 1, 0x52
    .word 3, 99, 2, 0x53, 5, 99, 1, 0x5c, 6, 99, 1, 0xa3, 7, 99, 2, 0x53, 10, 99, 1, 0x52, 11, 99, 1, 0x5c, 12, 99, 1, 0xa3, 14, 99, 1, 0x5c
    .word 15, 99, 1, 0x38, 24, 99, 2, 0x38, 26, 99, 1, 0x08, 44, 99, 2, 0x38, 58, 99, 3, 0x38, 75, 99, 2, 0x38, 87, 99, 2, 0x38, 102, 99, 2, 0x38
    .word 115, 99, 2, 0x38, 154, 99, 1, 0x53, 156, 99, 1, 0xad, 159, 99, 1, 0x53, 160, 99, 1, 0x09, 161, 99, 1, 0x52, 162, 99, 3, 0x5c, 165, 99, 6, 0x53
    .word 171, 99, 2, 0x5c, 179, 99, 1, 0x5c, 180, 99, 1, 0x65, 2, 100, 2, 0x53, 4, 100, 1, 0x5c, 5, 100, 1, 0xa3, 6, 100, 1, 0x5c, 7, 100, 2, 0x53
    .word 10, 100, 1, 0x09, 11, 100, 1, 0x53, 12, 100, 1, 0x5c, 14, 100, 1, 0x09, 24, 100, 2, 0x38, 26, 100, 1, 0x08, 44, 100, 2, 0x38, 58, 100, 3, 0x38
    .word 75, 100, 2, 0x38, 87, 100, 2, 0x38, 102, 100, 2, 0x38, 115, 100, 2, 0x38, 157, 100, 1, 0x53, 158, 100, 2, 0x52, 160, 100, 1, 0x53, 161, 100, 1, 0x09
    .word 162, 100, 1, 0x53, 163, 100, 2, 0x5c, 165, 100, 1, 0x53, 166, 100, 1, 0x5c, 167, 100, 1, 0x52, 168, 100, 1, 0x53, 170, 100, 1, 0x09, 171, 100, 1, 0x53
    .word 172, 100, 1, 0x5c, 173, 100, 1, 0x52, 179, 100, 1, 0xad, 180, 100, 1, 0x5c, 3, 101, 2, 0x12, 5, 101, 2, 0x52, 7, 101, 1, 0x12, 11, 101, 2, 0x09
    .word 24, 101, 2, 0x38, 58, 101, 1, 0x22, 59, 101, 2, 0x38, 87, 101, 1, 0x22, 88, 101, 1, 0x08, 153, 101, 1, 0x09, 155, 101, 1, 0x53, 156, 101, 1, 0x01
    .word 157, 101, 1, 0x09, 160, 101, 1, 0x52, 161, 101, 3, 0x53, 165, 101, 2, 0x53, 167, 101, 1, 0x09, 168, 101, 4, 0x5c, 172, 101, 3, 0x52, 178, 101, 1, 0x53
    .word 179, 101, 1, 0x65, 3, 102, 1, 0x52, 4, 102, 3, 0x53, 7, 102, 1, 0x52, 24, 102, 2, 0x38, 153, 102, 1, 0xad, 154, 102, 1, 0x65, 155, 102, 1, 0x5c
    .word 156, 102, 1, 0x52, 160, 102, 1, 0x09, 162, 102, 1, 0x53, 163, 102, 1, 0x52, 165, 102, 1, 0x52, 166, 102, 1, 0x53, 167, 102, 1, 0x09, 168, 102, 4, 0x5c
    .word 172, 102, 1, 0x53, 173, 102, 1, 0x52, 174, 102, 1, 0x5c, 175, 102, 1, 0x65, 176, 102, 1, 0x53, 177, 102, 1, 0xad, 178, 102, 1, 0x5c, 3, 103, 1, 0x52
    .word 4, 103, 2, 0x5c, 6, 103, 1, 0x53, 7, 103, 1, 0x52, 161, 103, 1, 0x5c, 162, 103, 1, 0x09, 164, 103, 2, 0x52, 166, 103, 1, 0x53, 167, 103, 1, 0x09
    .word 168, 103, 2, 0x5c, 170, 103, 1, 0x53, 171, 103, 1, 0x5c, 172, 103, 2, 0x53, 175, 103, 1, 0x52, 176, 103, 1, 0x09, 177, 103, 1, 0x5c, 3, 104, 4, 0x53
    .word 7, 104, 1, 0x52, 158, 104, 1, 0x53, 159, 104, 1, 0xad, 160, 104, 1, 0x65, 166, 104, 1, 0x53, 168, 104, 1, 0x5c, 169, 104, 3, 0x53, 172, 104, 2, 0x52
    .word 158, 105, 1, 0x53, 159, 105, 1, 0x01, 167, 105, 1, 0x52, 168, 105, 1, 0x5c, 169, 105, 1, 0x53, 170, 105, 3, 0x52, 0, 106, 1, 0x5c, 1, 106, 1, 0x52
    .word 2, 106, 2, 0x53, 4, 106, 1, 0x5c, 5, 106, 1, 0x53, 6, 106, 3, 0x5c, 9, 106, 1, 0x53, 10, 106, 1, 0x5a, 11, 106, 1, 0xa3, 12, 106, 1, 0x52
    .word 16, 106, 2, 0x5c, 18, 106, 2, 0x53, 20, 106, 2, 0x5c, 29, 106, 1, 0x52, 30, 106, 1, 0x5a, 31, 106, 3, 0x5c, 34, 106, 1, 0x53, 35, 106, 2, 0x5c
    .word 40, 106, 1, 0xa3, 41, 106, 1, 0x5a, 42, 106, 1, 0xa3, 43, 106, 15, 0x5a, 58, 106, 1, 0xa3, 59, 106, 1, 0x52, 62, 106, 3, 0x5c, 65, 106, 1, 0x53
    .word 66, 106, 1, 0x5c, 67, 106, 13, 0x5a, 80, 106, 1, 0xa3, 81, 106, 1, 0x5a, 82, 106, 1, 0xa3, 88, 106, 1, 0x52, 89, 106, 10, 0x5a, 99, 106, 1, 0x53
    .word 100, 106, 2, 0x5c, 102, 106, 1, 0x09, 107, 106, 1, 0x52, 108, 106, 1, 0xa3, 109, 106, 3, 0x5a, 112, 106, 1, 0x53, 113, 106, 3, 0x5c, 116, 106, 2, 0x53
    .word 118, 106, 2, 0x5c, 120, 106, 6, 0x53, 126, 106, 1, 0x5a, 127, 106, 1, 0xa3, 131, 106, 1, 0xa3, 132, 106, 2, 0x5a, 134, 106, 3, 0x53, 137, 106, 2, 0x5c
    .word 139, 106, 2, 0x53, 141, 106, 1, 0x5c, 148, 106, 1, 0x52, 149, 106, 8, 0x5a, 157, 106, 1, 0xa3, 158, 106, 2, 0x52, 160, 106, 1, 0xa3, 161, 106, 1, 0x52
    .word 162, 106, 1, 0x09, 165, 106, 3, 0x09, 168, 106, 1, 0x52, 170, 106, 1, 0x09, 171, 106, 1, 0x52, 172, 106, 1, 0x09, 173, 106, 1, 0x53, 174, 106, 1, 0x52
    .word 182, 106, 1, 0xa3, 183, 106, 1, 0x5a, 184, 106, 1, 0x53, 185, 106, 1, 0x5c, 186, 106, 2, 0x53, 188, 106, 1, 0x5c, 0, 107, 2, 0x53, 2, 107, 1, 0x5a
    .word 3, 107, 1, 0xa3, 4, 107, 1, 0x13, 5, 107, 2, 0x53, 7, 107, 3, 0x5a, 10, 107, 1, 0xa3, 11, 107, 1, 0x5a, 12, 107, 1, 0x52, 16, 107, 1, 0x5c
    .word 17, 107, 1, 0x53, 18, 107, 1, 0xa3, 19, 107, 3, 0x52, 22, 107, 1, 0xad, 29, 107, 1, 0x52, 30, 107, 2, 0x5a, 32, 107, 2, 0x53, 34, 107, 1, 0x12
    .word 35, 107, 1, 0x13, 36, 107, 1, 0x5c, 40, 107, 1, 0xa3, 41, 107, 2, 0x5a, 43, 107, 1, 0xa3, 44, 107, 1, 0x52, 45, 107, 11, 0x5a, 56, 107, 1, 0xa3
    .word 57, 107, 1, 0x5a, 58, 107, 2, 0x52, 62, 107, 1, 0x5c, 63, 107, 1, 0x13, 64, 107, 1, 0x5a, 65, 107, 1, 0xa3, 66, 107, 12, 0x5a, 78, 107, 1, 0x52
    .word 79, 107, 1, 0xa3, 80, 107, 1, 0x5a, 81, 107, 1, 0x52, 82, 107, 1, 0xa3, 87, 107, 1, 0xa3, 88, 107, 13, 0x5a, 101, 107, 1, 0x52, 102, 107, 1, 0x5c
    .word 103, 107, 1, 0x09, 107, 107, 1, 0x52, 108, 107, 2, 0x5a, 110, 107, 1, 0xa3, 111, 107, 1, 0x52, 112, 107, 2, 0x5a, 114, 107, 1, 0x13, 115, 107, 1, 0x53
    .word 116, 107, 1, 0x5a, 117, 107, 6, 0x53, 123, 107, 2, 0x5a, 125, 107, 1, 0xa3, 126, 107, 1, 0x52, 127, 107, 1, 0xa3, 131, 107, 1, 0xa3, 132, 107, 5, 0x5a
    .word 137, 107, 2, 0x53, 139, 107, 1, 0xa3, 140, 107, 1, 0x53, 141, 107, 1, 0x5c, 147, 107, 1, 0xa3, 148, 107, 14, 0x5a, 162, 107, 1, 0xa3, 169, 107, 1, 0x65
    .word 170, 107, 1, 0xad, 172, 107, 2, 0x53, 174, 107, 1, 0xa3, 181, 107, 1, 0x09, 182, 107, 1, 0x5a, 183, 107, 1, 0x53, 184, 107, 1, 0x13, 185, 107, 1, 0x5c
    .word 186, 107, 2, 0x53, 188, 107, 1, 0x5c, 0, 108, 1, 0x5c, 1, 108, 1, 0x13, 2, 108, 1, 0x52, 3, 108, 1, 0xa3, 4, 108, 1, 0x09, 5, 108, 2, 0x53
    .word 7, 108, 1, 0x13, 8, 108, 1, 0x52, 9, 108, 1, 0xa3, 10, 108, 1, 0x52, 11, 108, 1, 0x5a, 12, 108, 1, 0x52, 16, 108, 1, 0x5c, 17, 108, 2, 0x5a
    .word 19, 108, 1, 0x52, 20, 108, 1, 0x5a, 21, 108, 1, 0x52, 22, 108, 1, 0xa3, 29, 108, 1, 0x52, 30, 108, 1, 0x5a, 31, 108, 1, 0x53, 33, 108, 2, 0x52
    .word 35, 108, 1, 0x53, 36, 108, 1, 0x5c, 40, 108, 1, 0xa3, 41, 108, 2, 0x52, 43, 108, 1, 0x5a, 44, 108, 1, 0x52, 45, 108, 10, 0x5a, 55, 108, 1, 0x52
    .word 56, 108, 1, 0xa3, 57, 108, 3, 0x52, 62, 108, 1, 0x5c, 63, 108, 1, 0x5a, 64, 108, 1, 0x52, 65, 108, 1, 0xa3, 66, 108, 1, 0x09, 67, 108, 6, 0x5a
    .word 73, 108, 1, 0xa3, 74, 108, 4, 0x5a, 78, 108, 1, 0x52, 79, 108, 1, 0x5a, 80, 108, 2, 0x52, 82, 108, 1, 0xa3, 86, 108, 1, 0xa3, 87, 108, 2, 0x52
    .word 89, 108, 1, 0xa3, 90, 108, 5, 0x5a, 95, 108, 1, 0xa3, 96, 108, 4, 0x5a, 100, 108, 1, 0x52, 101, 108, 2, 0xa3, 103, 108, 1, 0x5c, 104, 108, 1, 0x09
    .word 107, 108, 1, 0x52, 108, 108, 1, 0x5a, 109, 108, 1, 0x52, 110, 108, 1, 0x5a, 111, 108, 1, 0x09, 112, 108, 6, 0x5a, 118, 108, 3, 0x53, 121, 108, 3, 0x5a
    .word 124, 108, 2, 0x52, 126, 108, 1, 0x5a, 127, 108, 1, 0xa3, 131, 108, 1, 0xa3, 132, 108, 3, 0x5a, 135, 108, 1, 0x52, 136, 108, 1, 0x5a, 137, 108, 3, 0x52
    .word 140, 108, 1, 0x53, 141, 108, 1, 0x5c, 146, 108, 1, 0xa3, 147, 108, 3, 0x5a, 150, 108, 1, 0x52, 151, 108, 4, 0x5a, 155, 108, 1, 0x52, 156, 108, 7, 0x5a
    .word 163, 108, 1, 0xa3, 165, 108, 1, 0x52, 167, 108, 2, 0xad, 171, 108, 1, 0xa3, 172, 108, 1, 0x52, 173, 108, 2, 0x5a, 175, 108, 1, 0xa3, 181, 108, 1, 0x09
    .word 182, 108, 1, 0x5a, 183, 108, 1, 0x53, 185, 108, 1, 0x5a, 187, 108, 1, 0x53, 188, 108, 1, 0x5c, 0, 109, 1, 0xa3, 1, 109, 1, 0x52, 2, 109, 1, 0x53
    .word 3, 109, 1, 0x52, 4, 109, 2, 0x5a, 6, 109, 1, 0x53, 7, 109, 2, 0x5a, 9, 109, 2, 0x52, 11, 109, 1, 0x5a, 12, 109, 1, 0x52, 16, 109, 1, 0xa3
    .word 17, 109, 1, 0x53, 18, 109, 2, 0x52, 20, 109, 2, 0x5a, 22, 109, 1, 0x52, 23, 109, 1, 0x5a, 29, 109, 1, 0x52, 30, 109, 1, 0x5a, 31, 109, 2, 0x53
    .word 34, 109, 1, 0x53, 35, 109, 1, 0x5a, 36, 109, 1, 0x5c, 40, 109, 1, 0xa3, 41, 109, 3, 0x52, 44, 109, 7, 0x5a, 51, 109, 1, 0x52, 52, 109, 4, 0x5a
    .word 56, 109, 1, 0x52, 57, 109, 2, 0x5a, 59, 109, 1, 0x52, 62, 109, 1, 0xa3, 63, 109, 1, 0x5a, 64, 109, 1, 0x52, 65, 109, 1, 0x09, 66, 109, 1, 0x52
    .word 67, 109, 6, 0x5a, 73, 109, 1, 0x52, 74, 109, 4, 0x5a, 78, 109, 4, 0x52, 82, 109, 1, 0xa3, 85, 109, 1, 0xa3, 86, 109, 1, 0x5a, 87, 109, 1, 0x52
    .word 88, 109, 1, 0x5a, 89, 109, 1, 0x52, 90, 109, 11, 0x5a, 101, 109, 1, 0x52, 102, 109, 1, 0x09, 103, 109, 2, 0x53, 107, 109, 1, 0x52, 108, 109, 2, 0x5a
    .word 110, 109, 2, 0x52, 112, 109, 6, 0x5a, 118, 109, 1, 0x53, 119, 109, 5, 0x5a, 124, 109, 2, 0x52, 126, 109, 1, 0x5a, 127, 109, 1, 0xa3, 131, 109, 1, 0xa3
    .word 132, 109, 4, 0x5a, 136, 109, 1, 0x52, 137, 109, 2, 0x5a, 139, 109, 1, 0x12, 140, 109, 1, 0x5a, 141, 109, 1, 0xa3, 145, 109, 1, 0xa3, 146, 109, 3, 0x5a
    .word 149, 109, 1, 0x52, 150, 109, 12, 0x5a, 162, 109, 1, 0x52, 163, 109, 1, 0x5a, 164, 109, 1, 0xa3, 167, 109, 1, 0x5c, 169, 109, 2, 0x52, 171, 109, 1, 0x09
    .word 172, 109, 1, 0x53, 173, 109, 2, 0x5a, 175, 109, 1, 0xa3, 182, 109, 1, 0x5a, 183, 109, 2, 0x53, 185, 109, 1, 0x09, 186, 109, 2, 0x53, 188, 109, 1, 0x5c
    .word 0, 110, 1, 0xa3, 1, 110, 2, 0x52, 3, 110, 3, 0x5a, 6, 110, 1, 0x53, 7, 110, 2, 0x5a, 9, 110, 2, 0x52, 11, 110, 1, 0x5a, 12, 110, 1, 0x52
    .word 16, 110, 1, 0xa3, 17, 110, 2, 0x52, 19, 110, 3, 0x5a, 22, 110, 1, 0x52, 23, 110, 1, 0x5a, 29, 110, 1, 0x52, 30, 110, 1, 0x5a, 31, 110, 1, 0x52
    .word 32, 110, 3, 0x53, 35, 110, 1, 0x5a, 36, 110, 1, 0x5c, 40, 110, 1, 0xa3, 41, 110, 1, 0x52, 42, 110, 1, 0x5a, 43, 110, 1, 0x52, 44, 110, 3, 0x5a
    .word 47, 110, 13, 0x52, 62, 110, 1, 0xa3, 63, 110, 2, 0x5a, 65, 110, 1, 0x52, 66, 110, 3, 0x5a, 69, 110, 13, 0x52, 82, 110, 1, 0xa3, 85, 110, 1, 0xa3
    .word 86, 110, 7, 0x5a, 93, 110, 5, 0x52, 98, 110, 3, 0x5a, 101, 110, 1, 0x53, 102, 110, 2, 0x5a, 104, 110, 1, 0x5c, 107, 110, 1, 0x52, 108, 110, 10, 0x5a
    .word 118, 110, 1, 0x13, 119, 110, 2, 0x5a, 121, 110, 2, 0x52, 123, 110, 1, 0x5a, 124, 110, 3, 0x52, 127, 110, 1, 0xa3, 131, 110, 1, 0xa3, 132, 110, 1, 0x52
    .word 133, 110, 8, 0x5a, 141, 110, 1, 0xa3, 145, 110, 1, 0xa3, 146, 110, 7, 0x5a, 153, 110, 5, 0x52, 158, 110, 6, 0x5a, 164, 110, 1, 0xa3, 168, 110, 1, 0xa3
    .word 169, 110, 2, 0x5a, 171, 110, 1, 0x53, 172, 110, 1, 0x5a, 173, 110, 1, 0x53, 174, 110, 2, 0x5a, 176, 110, 1, 0xa3, 181, 110, 1, 0x09, 182, 110, 2, 0x5a
    .word 184, 110, 2, 0x53, 186, 110, 1, 0x5a, 187, 110, 1, 0x53, 188, 110, 1, 0x5c, 0, 111, 1, 0x5c, 1, 111, 2, 0xa3, 3, 111, 3, 0x5a, 6, 111, 1, 0x53
    .word 7, 111, 2, 0x5a, 9, 111, 1, 0x52, 10, 111, 2, 0xa3, 12, 111, 1, 0x52, 16, 111, 1, 0xa3, 17, 111, 7, 0x5a, 24, 111, 1, 0x52, 29, 111, 1, 0x52
    .word 30, 111, 2, 0x5a, 32, 111, 2, 0x53, 34, 111, 2, 0x5a, 36, 111, 1, 0x5c, 40, 111, 1, 0xa3, 41, 111, 1, 0x52, 42, 111, 5, 0x5a, 47, 111, 12, 0xa3
    .word 59, 111, 1, 0x52, 62, 111, 1, 0xa3, 63, 111, 6, 0x5a, 69, 111, 14, 0xa3, 85, 111, 1, 0xa3, 86, 111, 6, 0x5a, 92, 111, 1, 0x52, 93, 111, 1, 0xad
    .word 94, 111, 4, 0xa3, 98, 111, 1, 0x52, 99, 111, 5, 0x5a, 104, 111, 1, 0x5c, 107, 111, 1, 0x52, 108, 111, 1, 0xad, 109, 111, 6, 0xa3, 115, 111, 5, 0x5a
    .word 120, 111, 1, 0x52, 121, 111, 7, 0xa3, 131, 111, 2, 0xa3, 133, 111, 7, 0x5a, 140, 111, 2, 0xa3, 145, 111, 1, 0xa3, 146, 111, 7, 0x5a, 153, 111, 5, 0xa3
    .word 158, 111, 6, 0x5a, 164, 111, 1, 0xa3, 168, 111, 1, 0xa3, 169, 111, 1, 0x52, 170, 111, 2, 0x5a, 172, 111, 1, 0x53, 173, 111, 3, 0x5a, 176, 111, 1, 0xa3
    .word 181, 111, 1, 0x09, 182, 111, 2, 0x5a, 184, 111, 2, 0x53, 186, 111, 1, 0x5a, 187, 111, 1, 0x53, 188, 111, 1, 0x5c, 3, 112, 1, 0xa3, 4, 112, 5, 0x5a
    .word 9, 112, 1, 0xa3, 16, 112, 1, 0xa3, 17, 112, 7, 0x5a, 24, 112, 1, 0xa3, 29, 112, 1, 0x52, 30, 112, 2, 0x5a, 32, 112, 2, 0x53, 34, 112, 1, 0x5a
    .word 35, 112, 1, 0x52, 36, 112, 1, 0xa3, 40, 112, 1, 0xa3, 41, 112, 1, 0x52, 42, 112, 4, 0x5a, 46, 112, 1, 0xa3, 62, 112, 1, 0xa3, 63, 112, 5, 0x5a
    .word 68, 112, 1, 0xa3, 85, 112, 1, 0xa3, 86, 112, 5, 0x5a, 91, 112, 1, 0xa3, 92, 112, 1, 0x09, 98, 112, 1, 0x09, 99, 112, 1, 0xa3, 100, 112, 5, 0x5a
    .word 114, 112, 1, 0x09, 115, 112, 5, 0x5a, 120, 112, 1, 0xa3, 133, 112, 1, 0xa3, 134, 112, 5, 0x5a, 139, 112, 1, 0xa3, 145, 112, 1, 0xa3, 146, 112, 5, 0x5a
    .word 151, 112, 1, 0xa3, 152, 112, 1, 0x09, 158, 112, 1, 0x09, 159, 112, 1, 0xa3, 160, 112, 4, 0x5a, 164, 112, 1, 0xa3, 168, 112, 1, 0xa3, 169, 112, 1, 0x52
    .word 170, 112, 1, 0x5a, 171, 112, 1, 0x53, 172, 112, 5, 0x5a, 177, 112, 1, 0x52, 182, 112, 1, 0x5a, 183, 112, 1, 0x52, 184, 112, 1, 0x53, 185, 112, 3, 0x5a
    .word 188, 112, 1, 0xa3, 3, 113, 1, 0xa3, 4, 113, 5, 0x5a, 9, 113, 1, 0xa3, 16, 113, 1, 0xa3, 17, 113, 8, 0x5a, 25, 113, 1, 0xa3, 29, 113, 1, 0x52
    .word 30, 113, 2, 0x5a, 32, 113, 1, 0x13, 33, 113, 2, 0x5a, 35, 113, 1, 0x52, 36, 113, 1, 0xa3, 40, 113, 1, 0xa3, 41, 113, 1, 0x52, 42, 113, 4, 0x5a
    .word 46, 113, 1, 0xa3, 62, 113, 1, 0xa3, 63, 113, 5, 0x5a, 68, 113, 1, 0xa3, 85, 113, 1, 0xa3, 86, 113, 5, 0x5a, 91, 113, 1, 0xa3, 99, 113, 1, 0xa3
    .word 100, 113, 5, 0x5a, 114, 113, 1, 0x09, 115, 113, 5, 0x5a, 120, 113, 1, 0xa3, 133, 113, 1, 0xa3, 134, 113, 5, 0x5a, 139, 113, 1, 0xa3, 145, 113, 1, 0xa3
    .word 146, 113, 4, 0x5a, 150, 113, 1, 0x52, 151, 113, 1, 0xa3, 159, 113, 1, 0xa3, 160, 113, 4, 0x5a, 164, 113, 1, 0xa3, 168, 113, 1, 0xa3, 169, 113, 1, 0x52
    .word 170, 113, 1, 0x5a, 171, 113, 1, 0x52, 172, 113, 5, 0x5a, 177, 113, 1, 0xa3, 182, 113, 1, 0x5a, 183, 113, 1, 0x52, 184, 113, 4, 0x5a, 188, 113, 1, 0xa3
    .word 3, 114, 1, 0xa3, 4, 114, 5, 0x5a, 9, 114, 1, 0xa3, 16, 114, 1, 0xa3, 17, 114, 8, 0x5a, 25, 114, 1, 0xa3, 29, 114, 1, 0x52, 30, 114, 6, 0x5a
    .word 36, 114, 1, 0xa3, 40, 114, 1, 0xa3, 41, 114, 1, 0x52, 42, 114, 4, 0x5a, 46, 114, 1, 0xa3, 62, 114, 1, 0xa3, 63, 114, 5, 0x5a, 68, 114, 1, 0xa3
    .word 85, 114, 1, 0xa3, 86, 114, 1, 0x52, 87, 114, 4, 0x5a, 91, 114, 1, 0xa3, 99, 114, 1, 0xa3, 100, 114, 1, 0x5a, 101, 114, 1, 0xa3, 102, 114, 1, 0x52
    .word 103, 114, 1, 0x5a, 104, 114, 1, 0xa3, 114, 114, 1, 0x09, 115, 114, 5, 0x5a, 120, 114, 1, 0xa3, 133, 114, 1, 0xa3, 134, 114, 5, 0x5a, 139, 114, 1, 0xa3
    .word 145, 114, 1, 0xa3, 146, 114, 4, 0x5a, 150, 114, 1, 0x52, 151, 114, 1, 0xa3, 159, 114, 1, 0xa3, 160, 114, 4, 0x5a, 164, 114, 1, 0xa3, 168, 114, 1, 0xa3
    .word 169, 114, 1, 0x52, 170, 114, 8, 0x5a, 178, 114, 1, 0xa3, 182, 114, 6, 0x5a, 188, 114, 1, 0xa3, 3, 115, 1, 0xa3, 4, 115, 5, 0x5a, 9, 115, 1, 0xa3
    .word 16, 115, 1, 0xa3, 17, 115, 9, 0x5a, 26, 115, 1, 0xa3, 29, 115, 1, 0x52, 30, 115, 6, 0x5a, 36, 115, 1, 0xa3, 40, 115, 1, 0xa3, 41, 115, 1, 0x52
    .word 42, 115, 4, 0x5a, 46, 115, 1, 0xa3, 62, 115, 1, 0xa3, 63, 115, 5, 0x5a, 68, 115, 1, 0xa3, 85, 115, 1, 0xa3, 86, 115, 1, 0x52, 87, 115, 4, 0x5a
    .word 91, 115, 1, 0xa3, 99, 115, 1, 0xa3, 100, 115, 4, 0x5a, 104, 115, 1, 0xa3, 114, 115, 1, 0x09, 115, 115, 5, 0x5a, 120, 115, 1, 0xa3, 133, 115, 1, 0xa3
    .word 134, 115, 5, 0x5a, 139, 115, 1, 0xa3, 145, 115, 1, 0xa3, 146, 115, 5, 0x5a, 151, 115, 1, 0xa3, 159, 115, 1, 0xa3, 160, 115, 4, 0x5a, 164, 115, 1, 0xa3
    .word 168, 115, 1, 0xa3, 169, 115, 1, 0x52, 170, 115, 7, 0x5a, 177, 115, 1, 0x52, 178, 115, 1, 0x5a, 182, 115, 6, 0x5a, 188, 115, 1, 0xa3, 3, 116, 1, 0xa3
    .word 4, 116, 5, 0x5a, 9, 116, 1, 0xa3, 16, 116, 1, 0xa3, 17, 116, 10, 0x5a, 27, 116, 1, 0xa3, 29, 116, 1, 0x52, 30, 116, 6, 0x5a, 36, 116, 1, 0xa3
    .word 40, 116, 1, 0xa3, 41, 116, 1, 0x52, 42, 116, 4, 0x5a, 46, 116, 1, 0xa3, 62, 116, 1, 0xa3, 63, 116, 5, 0x5a, 68, 116, 1, 0xa3, 85, 116, 1, 0xa3
    .word 86, 116, 5, 0x5a, 91, 116, 1, 0xa3, 102, 116, 2, 0x09, 114, 116, 1, 0x09, 115, 116, 5, 0x5a, 120, 116, 1, 0xa3, 133, 116, 1, 0xa3, 134, 116, 5, 0x5a
    .word 139, 116, 1, 0xa3, 145, 116, 1, 0xa3, 146, 116, 4, 0x5a, 150, 116, 1, 0x52, 151, 116, 1, 0xa3, 159, 116, 1, 0xa3, 160, 116, 4, 0x5a, 164, 116, 1, 0xa3
    .word 168, 116, 1, 0xa3, 169, 116, 1, 0x52, 170, 116, 9, 0x5a, 179, 116, 1, 0xa3, 182, 116, 6, 0x5a, 188, 116, 1, 0xa3, 3, 117, 1, 0xa3, 4, 117, 5, 0x5a
    .word 9, 117, 1, 0xa3, 16, 117, 1, 0xa3, 17, 117, 10, 0x5a, 27, 117, 1, 0xa3, 29, 117, 1, 0x09, 30, 117, 6, 0x5a, 36, 117, 1, 0xa3, 40, 117, 1, 0xa3
    .word 41, 117, 1, 0x52, 42, 117, 4, 0x5a, 46, 117, 1, 0xa3, 62, 117, 1, 0xa3, 63, 117, 5, 0x5a, 68, 117, 1, 0xa3, 85, 117, 1, 0xa3, 86, 117, 5, 0x5a
    .word 91, 117, 1, 0xa3, 114, 117, 1, 0x09, 115, 117, 5, 0x5a, 120, 117, 1, 0xa3, 133, 117, 1, 0xa3, 134, 117, 5, 0x5a, 139, 117, 1, 0xa3, 145, 117, 1, 0xa3
    .word 146, 117, 4, 0x5a, 150, 117, 1, 0x52, 151, 117, 1, 0xa3, 159, 117, 1, 0xa3, 160, 117, 4, 0x5a, 164, 117, 1, 0xa3, 168, 117, 1, 0xa3, 169, 117, 1, 0x52
    .word 170, 117, 9, 0x5a, 179, 117, 1, 0xa3, 182, 117, 6, 0x5a, 188, 117, 1, 0xa3, 3, 118, 1, 0xa3, 4, 118, 5, 0x5a, 9, 118, 1, 0xa3, 16, 118, 1, 0xa3
    .word 17, 118, 10, 0x5a, 27, 118, 1, 0x52, 28, 118, 1, 0xa3, 29, 118, 1, 0x52, 30, 118, 6, 0x5a, 36, 118, 1, 0xa3, 40, 118, 1, 0xa3, 41, 118, 1, 0x52
    .word 42, 118, 4, 0x5a, 46, 118, 1, 0xa3, 62, 118, 1, 0xa3, 63, 118, 5, 0x5a, 68, 118, 1, 0xa3, 85, 118, 1, 0xa3, 86, 118, 5, 0x5a, 91, 118, 1, 0xa3
    .word 114, 118, 1, 0x09, 115, 118, 5, 0x5a, 120, 118, 1, 0xa3, 133, 118, 1, 0xa3, 134, 118, 5, 0x5a, 139, 118, 1, 0xa3, 145, 118, 1, 0xa3, 146, 118, 5, 0x5a
    .word 151, 118, 1, 0xa3, 159, 118, 1, 0xa3, 160, 118, 4, 0x5a, 164, 118, 1, 0xa3, 168, 118, 1, 0xa3, 169, 118, 1, 0x52, 170, 118, 10, 0x5a, 180, 118, 1, 0xa3
    .word 181, 118, 1, 0x09, 182, 118, 6, 0x5a, 188, 118, 1, 0xa3, 3, 119, 1, 0xa3, 4, 119, 5, 0x5a, 9, 119, 1, 0xa3, 16, 119, 1, 0xa3, 17, 119, 12, 0x5a
    .word 29, 119, 1, 0xa3, 30, 119, 6, 0x5a, 36, 119, 1, 0xa3, 40, 119, 1, 0xa3, 41, 119, 1, 0x52, 42, 119, 15, 0x5a, 57, 119, 1, 0xa3, 62, 119, 1, 0xa3
    .word 63, 119, 16, 0x5a, 79, 119, 1, 0xa3, 85, 119, 1, 0xa3, 86, 119, 5, 0x5a, 91, 119, 1, 0xa3, 114, 119, 1, 0x09, 115, 119, 5, 0x5a, 120, 119, 1, 0xa3
    .word 133, 119, 1, 0xa3, 134, 119, 5, 0x5a, 139, 119, 1, 0xa3, 145, 119, 1, 0xa3, 146, 119, 4, 0x5a, 150, 119, 1, 0x52, 151, 119, 1, 0xa3, 159, 119, 1, 0xa3
    .word 160, 119, 4, 0x5a, 164, 119, 1, 0xa3, 168, 119, 1, 0xa3, 169, 119, 1, 0x52, 170, 119, 18, 0x5a, 188, 119, 1, 0xa3, 3, 120, 1, 0xa3, 4, 120, 5, 0x5a
    .word 9, 120, 1, 0xa3, 16, 120, 1, 0xa3, 17, 120, 19, 0x5a, 36, 120, 1, 0xa3, 40, 120, 1, 0xa3, 41, 120, 1, 0x52, 42, 120, 1, 0x5a, 43, 120, 1, 0xa3
    .word 44, 120, 10, 0x5a, 54, 120, 1, 0xa3, 55, 120, 2, 0x52, 57, 120, 1, 0xa3, 62, 120, 1, 0xa3, 63, 120, 1, 0x52, 64, 120, 1, 0x5a, 65, 120, 1, 0xa3
    .word 66, 120, 6, 0x5a, 72, 120, 1, 0x52, 73, 120, 6, 0x5a, 79, 120, 1, 0xa3, 85, 120, 1, 0xa3, 86, 120, 5, 0x5a, 91, 120, 1, 0xa3, 114, 120, 1, 0x09
    .word 115, 120, 5, 0x5a, 120, 120, 1, 0xa3, 133, 120, 1, 0xa3, 134, 120, 5, 0x5a, 139, 120, 1, 0xa3, 145, 120, 1, 0xa3, 146, 120, 5, 0x5a, 151, 120, 1, 0xa3
    .word 159, 120, 1, 0xa3, 160, 120, 4, 0x5a, 164, 120, 1, 0xa3, 168, 120, 1, 0xa3, 169, 120, 1, 0x52, 170, 120, 4, 0x5a, 174, 120, 2, 0xa3, 176, 120, 12, 0x5a
    .word 188, 120, 1, 0xa3, 3, 121, 1, 0xa3, 4, 121, 5, 0x5a, 9, 121, 1, 0xa3, 16, 121, 1, 0xa3, 17, 121, 5, 0x5a, 22, 121, 2, 0xa3, 24, 121, 12, 0x5a
    .word 36, 121, 1, 0xa3, 40, 121, 1, 0xa3, 41, 121, 2, 0x52, 43, 121, 1, 0xa3, 44, 121, 1, 0x52, 45, 121, 3, 0x5a, 48, 121, 1, 0x52, 49, 121, 4, 0x5a
    .word 53, 121, 1, 0x52, 54, 121, 1, 0xa3, 55, 121, 2, 0x52, 57, 121, 1, 0xa3, 62, 121, 1, 0xa3, 63, 121, 2, 0x52, 65, 121, 1, 0xa3, 66, 121, 1, 0x52
    .word 67, 121, 2, 0x5a, 69, 121, 1, 0x52, 70, 121, 2, 0x5a, 72, 121, 1, 0x52, 73, 121, 2, 0x5a, 75, 121, 1, 0x52, 76, 121, 2, 0x5a, 78, 121, 1, 0x52
    .word 79, 121, 1, 0xa3, 85, 121, 1, 0xa3, 86, 121, 2, 0x5a, 88, 121, 1, 0xa3, 89, 121, 1, 0x52, 90, 121, 1, 0x5a, 91, 121, 1, 0xa3, 114, 121, 1, 0x09
    .word 115, 121, 5, 0x5a, 120, 121, 1, 0xa3, 133, 121, 1, 0xa3, 134, 121, 5, 0x5a, 139, 121, 1, 0xa3, 145, 121, 1, 0xa3, 146, 121, 4, 0x5a, 150, 121, 1, 0x52
    .word 151, 121, 1, 0xa3, 159, 121, 1, 0xa3, 160, 121, 4, 0x5a, 164, 121, 1, 0xa3, 168, 121, 1, 0xa3, 169, 121, 1, 0x52, 170, 121, 4, 0x5a, 174, 121, 1, 0xa3
    .word 176, 121, 1, 0xa3, 177, 121, 11, 0x5a, 188, 121, 1, 0xa3, 3, 122, 1, 0xa3, 4, 122, 2, 0x5a, 6, 122, 1, 0x53, 7, 122, 2, 0x5a, 9, 122, 1, 0xa3
    .word 16, 122, 1, 0xa3, 17, 122, 5, 0x5a, 22, 122, 1, 0xa3, 23, 122, 1, 0x09, 24, 122, 12, 0x5a, 36, 122, 1, 0xa3, 40, 122, 1, 0xa3, 41, 122, 4, 0x52
    .word 45, 122, 9, 0x5a, 54, 122, 3, 0x52, 57, 122, 1, 0xa3, 62, 122, 1, 0xa3, 63, 122, 3, 0x52, 66, 122, 10, 0x5a, 76, 122, 3, 0x52, 79, 122, 1, 0xa3
    .word 85, 122, 1, 0xa3, 86, 122, 5, 0x5a, 91, 122, 1, 0xa3, 114, 122, 1, 0x09, 115, 122, 5, 0x5a, 120, 122, 1, 0xa3, 133, 122, 1, 0xa3, 134, 122, 5, 0x5a
    .word 139, 122, 1, 0xa3, 145, 122, 1, 0xa3, 146, 122, 2, 0x5a, 148, 122, 1, 0x53, 149, 122, 1, 0x5a, 150, 122, 1, 0x52, 151, 122, 1, 0xa3, 159, 122, 1, 0xa3
    .word 160, 122, 4, 0x5a, 164, 122, 1, 0xa3, 168, 122, 1, 0xa3, 169, 122, 1, 0x52, 170, 122, 4, 0x5a, 174, 122, 1, 0xa3, 176, 122, 1, 0x52, 177, 122, 1, 0xa3
    .word 178, 122, 10, 0x5a, 188, 122, 1, 0xa3, 3, 123, 1, 0xa3, 4, 123, 2, 0x5a, 6, 123, 1, 0x53, 7, 123, 2, 0x5a, 9, 123, 1, 0xa3, 16, 123, 1, 0xa3
    .word 17, 123, 6, 0x5a, 24, 123, 1, 0xa3, 25, 123, 11, 0x5a, 36, 123, 1, 0xa3, 40, 123, 1, 0xa3, 41, 123, 1, 0x52, 42, 123, 7, 0x5a, 49, 123, 1, 0x52
    .word 50, 123, 3, 0x5a, 53, 123, 4, 0x52, 57, 123, 1, 0xa3, 62, 123, 1, 0xa3, 63, 123, 1, 0x52, 64, 123, 1, 0x5a, 65, 123, 1, 0x52, 66, 123, 5, 0x5a
    .word 71, 123, 1, 0x52, 72, 123, 1, 0x5a, 73, 123, 4, 0x52, 77, 123, 2, 0x5a, 79, 123, 1, 0xa3, 85, 123, 1, 0xa3, 86, 123, 2, 0x5a, 88, 123, 1, 0x53
    .word 89, 123, 2, 0x5a, 91, 123, 1, 0xa3, 114, 123, 1, 0x09, 115, 123, 5, 0x5a, 120, 123, 1, 0xa3, 133, 123, 1, 0xa3, 134, 123, 5, 0x5a, 139, 123, 1, 0xa3
    .word 145, 123, 1, 0xa3, 146, 123, 2, 0x5a, 148, 123, 1, 0x53, 149, 123, 1, 0x5a, 150, 123, 1, 0x52, 151, 123, 1, 0xa3, 159, 123, 1, 0xa3, 160, 123, 4, 0x5a
    .word 164, 123, 1, 0xa3, 168, 123, 1, 0xa3, 169, 123, 1, 0x52, 170, 123, 4, 0x5a, 174, 123, 1, 0xa3, 177, 123, 1, 0xa3, 178, 123, 10, 0x5a, 188, 123, 1, 0xa3
    .word 3, 124, 1, 0xa3, 4, 124, 2, 0x5a, 6, 124, 2, 0x53, 8, 124, 1, 0x5a, 9, 124, 1, 0xa3, 16, 124, 1, 0xa3, 17, 124, 4, 0x5a, 21, 124, 1, 0x52
    .word 22, 124, 1, 0x5a, 24, 124, 1, 0x09, 25, 124, 11, 0x5a, 36, 124, 1, 0xa3, 40, 124, 1, 0xa3, 41, 124, 1, 0x52, 42, 124, 5, 0x5a, 47, 124, 11, 0xa3
    .word 62, 124, 1, 0xa3, 63, 124, 1, 0x52, 64, 124, 3, 0x5a, 67, 124, 1, 0x52, 68, 124, 1, 0x5a, 69, 124, 11, 0xa3, 85, 124, 1, 0xa3, 86, 124, 5, 0x5a
    .word 91, 124, 1, 0xa3, 114, 124, 1, 0x09, 115, 124, 5, 0x5a, 120, 124, 1, 0xa3, 133, 124, 1, 0xa3, 134, 124, 5, 0x5a, 139, 124, 1, 0xa3, 145, 124, 1, 0xa3
    .word 146, 124, 1, 0x5a, 147, 124, 2, 0x53, 149, 124, 1, 0x5a, 150, 124, 1, 0x52, 151, 124, 1, 0xa3, 159, 124, 1, 0xa3, 160, 124, 4, 0x5a, 164, 124, 1, 0xa3
    .word 168, 124, 1, 0xa3, 169, 124, 1, 0x52, 170, 124, 4, 0x5a, 174, 124, 1, 0xa3, 177, 124, 2, 0x52, 179, 124, 5, 0x5a, 184, 124, 1, 0x53, 185, 124, 3, 0x5a
    .word 188, 124, 1, 0xa3, 3, 125, 1, 0xa3, 4, 125, 2, 0x5a, 6, 125, 1, 0x13, 7, 125, 2, 0x5a, 9, 125, 1, 0xa3, 16, 125, 1, 0xa3, 17, 125, 4, 0x5a
    .word 21, 125, 1, 0x52, 22, 125, 1, 0xa3, 24, 125, 1, 0x09, 25, 125, 11, 0x5a, 36, 125, 1, 0xa3, 40, 125, 1, 0xa3, 41, 125, 1, 0x52, 42, 125, 4, 0x5a
    .word 46, 125, 1, 0xa3, 62, 125, 1, 0xa3, 63, 125, 5, 0x5a, 68, 125, 1, 0xa3, 85, 125, 1, 0xa3, 86, 125, 5, 0x5a, 91, 125, 1, 0xa3, 114, 125, 1, 0x09
    .word 115, 125, 5, 0x5a, 120, 125, 1, 0xa3, 133, 125, 1, 0xa3, 134, 125, 5, 0x5a, 139, 125, 1, 0xa3, 145, 125, 1, 0xa3, 146, 125, 1, 0x5a, 147, 125, 1, 0x52
    .word 148, 125, 1, 0x13, 149, 125, 1, 0x5a, 150, 125, 1, 0x52, 151, 125, 1, 0xa3, 159, 125, 1, 0xa3, 160, 125, 4, 0x5a, 164, 125, 1, 0xa3, 168, 125, 1, 0xa3
    .word 169, 125, 1, 0x52, 170, 125, 4, 0x5a, 174, 125, 1, 0xa3, 177, 125, 1, 0x09, 178, 125, 1, 0xa3, 179, 125, 5, 0x5a, 184, 125, 1, 0x53, 185, 125, 3, 0x5a
    .word 188, 125, 1, 0x5c, 3, 126, 1, 0xa3, 4, 126, 2, 0x5a, 6, 126, 1, 0x53, 7, 126, 2, 0x5a, 9, 126, 1, 0xa3, 16, 126, 1, 0xa3, 17, 126, 1, 0x5a
    .word 18, 126, 1, 0x13, 19, 126, 1, 0x52, 20, 126, 1, 0x5a, 21, 126, 1, 0x52, 22, 126, 1, 0x5a, 25, 126, 11, 0x5a, 36, 126, 1, 0xa3, 40, 126, 1, 0xa3
    .word 41, 126, 1, 0x52, 42, 126, 4, 0x5a, 46, 126, 1, 0xa3, 62, 126, 1, 0xa3, 63, 126, 5, 0x5a, 68, 126, 1, 0xa3, 85, 126, 1, 0xa3, 86, 126, 5, 0x5a
    .word 91, 126, 1, 0xa3, 99, 126, 6, 0x52, 114, 126, 1, 0x09, 115, 126, 5, 0x5a, 120, 126, 1, 0xa3, 133, 126, 1, 0xa3, 134, 126, 5, 0x5a, 139, 126, 1, 0xa3
    .word 145, 126, 1, 0xa3, 146, 126, 2, 0x5a, 148, 126, 1, 0x13, 149, 126, 1, 0x5a, 150, 126, 1, 0x52, 151, 126, 1, 0xa3, 159, 126, 1, 0xa3, 160, 126, 4, 0x5a
    .word 164, 126, 1, 0xa3, 168, 126, 1, 0xa3, 169, 126, 1, 0x52, 170, 126, 4, 0x5a, 174, 126, 1, 0xa3, 178, 126, 1, 0xa3, 179, 126, 5, 0x5a, 184, 126, 1, 0x13
    .word 185, 126, 1, 0x53, 186, 126, 1, 0x5a, 187, 126, 1, 0x13, 188, 126, 1, 0x5c, 3, 127, 1, 0xa3, 4, 127, 5, 0x5a, 9, 127, 1, 0xa3, 16, 127, 1, 0xa3
    .word 17, 127, 1, 0x5a, 18, 127, 1, 0x53, 19, 127, 2, 0x5a, 21, 127, 1, 0x52, 22, 127, 1, 0x5a, 26, 127, 1, 0xa3, 27, 127, 9, 0x5a, 36, 127, 1, 0xa3
    .word 40, 127, 1, 0xa3, 41, 127, 1, 0x52, 42, 127, 4, 0x5a, 46, 127, 1, 0xa3, 62, 127, 1, 0xa3, 63, 127, 5, 0x5a, 68, 127, 1, 0xa3, 85, 127, 1, 0xa3
    .word 86, 127, 5, 0x5a, 91, 127, 1, 0xa3, 99, 127, 1, 0xa3, 100, 127, 4, 0x52, 104, 127, 1, 0x5a, 114, 127, 1, 0x09, 115, 127, 5, 0x5a, 120, 127, 1, 0xa3
    .word 133, 127, 1, 0xa3, 134, 127, 5, 0x5a, 139, 127, 1, 0xa3, 145, 127, 1, 0xa3, 146, 127, 2, 0x5a, 148, 127, 1, 0x13, 149, 127, 1, 0x5a, 150, 127, 1, 0x52
    .word 151, 127, 1, 0xa3, 159, 127, 1, 0xa3, 160, 127, 4, 0x5a, 164, 127, 1, 0xa3, 168, 127, 1, 0x5c, 169, 127, 1, 0x53, 170, 127, 4, 0x5a, 174, 127, 1, 0xa3
    .word 179, 127, 1, 0xa3, 180, 127, 4, 0x5a, 184, 127, 2, 0x53, 186, 127, 1, 0x52, 187, 127, 1, 0x5a, 188, 127, 1, 0x5c, 3, 128, 1, 0xa3, 4, 128, 5, 0x5a
    .word 9, 128, 1, 0xa3, 16, 128, 1, 0xa3, 17, 128, 1, 0x5a, 18, 128, 1, 0x52, 19, 128, 4, 0x5a, 26, 128, 1, 0xad, 27, 128, 1, 0x52, 28, 128, 8, 0x5a
    .word 36, 128, 1, 0xa3, 40, 128, 1, 0xa3, 41, 128, 1, 0x52, 42, 128, 1, 0x5a, 43, 128, 1, 0xa3, 44, 128, 2, 0x5a, 46, 128, 1, 0xa3, 62, 128, 1, 0xa3
    .word 63, 128, 2, 0x5a, 65, 128, 1, 0xa3, 66, 128, 1, 0x52, 67, 128, 1, 0x5a, 68, 128, 1, 0xa3, 85, 128, 1, 0xa3, 86, 128, 5, 0x5a, 91, 128, 1, 0xa3
    .word 99, 128, 1, 0xa3, 100, 128, 1, 0x52, 101, 128, 1, 0x5a, 102, 128, 1, 0xa3, 103, 128, 1, 0x52, 104, 128, 1, 0x53, 114, 128, 1, 0x09, 115, 128, 5, 0x5a
    .word 120, 128, 1, 0xa3, 133, 128, 1, 0xa3, 134, 128, 5, 0x5a, 139, 128, 1, 0xa3, 145, 128, 1, 0xa3, 146, 128, 2, 0x5a, 148, 128, 1, 0x53, 149, 128, 1, 0x5a
    .word 150, 128, 1, 0x52, 151, 128, 1, 0xa3, 159, 128, 1, 0xa3, 160, 128, 4, 0x5a, 164, 128, 1, 0xa3, 168, 128, 1, 0x5c, 169, 128, 1, 0x53, 170, 128, 4, 0x5a
    .word 174, 128, 1, 0xa3, 179, 128, 1, 0xa3, 180, 128, 2, 0x52, 182, 128, 2, 0x5a, 184, 128, 2, 0x53, 186, 128, 1, 0x52, 187, 128, 1, 0x13, 188, 128, 1, 0x5c
    .word 3, 129, 1, 0xa3, 4, 129, 5, 0x5a, 9, 129, 1, 0xa3, 16, 129, 1, 0xa3, 17, 129, 4, 0x5a, 21, 129, 1, 0x52, 22, 129, 1, 0x5a, 27, 129, 1, 0xa3
    .word 28, 129, 1, 0x52, 29, 129, 2, 0x5a, 31, 129, 1, 0x13, 32, 129, 4, 0x5a, 36, 129, 1, 0xa3, 40, 129, 1, 0xa3, 41, 129, 1, 0x52, 42, 129, 4, 0x5a
    .word 46, 129, 1, 0xa3, 62, 129, 1, 0xa3, 63, 129, 3, 0x5a, 66, 129, 1, 0x52, 67, 129, 1, 0x5a, 68, 129, 1, 0xa3, 85, 129, 1, 0xa3, 86, 129, 5, 0x5a
    .word 91, 129, 1, 0xa3, 99, 129, 1, 0xa3, 100, 129, 2, 0x52, 102, 129, 1, 0xa3, 103, 129, 1, 0x52, 104, 129, 1, 0x5a, 114, 129, 1, 0x09, 115, 129, 5, 0x5a
    .word 120, 129, 1, 0x5c, 133, 129, 1, 0xa3, 134, 129, 5, 0x5a, 139, 129, 1, 0xa3, 145, 129, 1, 0xa3, 146, 129, 5, 0x5a, 151, 129, 1, 0xa3, 159, 129, 1, 0xa3
    .word 160, 129, 4, 0x5a, 164, 129, 1, 0xa3, 168, 129, 1, 0x5c, 169, 129, 2, 0x5a, 171, 129, 1, 0x53, 172, 129, 2, 0x5a, 174, 129, 1, 0xa3, 180, 129, 1, 0xa3
    .word 181, 129, 6, 0x5a, 187, 129, 1, 0x13, 188, 129, 1, 0x5c, 3, 130, 1, 0x5c, 4, 130, 5, 0x5a, 9, 130, 1, 0xa3, 16, 130, 1, 0xa3, 17, 130, 1, 0x5a
    .word 18, 130, 2, 0x52, 20, 130, 1, 0x5a, 21, 130, 1, 0x52, 22, 130, 1, 0x5a, 28, 130, 1, 0xa3, 29, 130, 2, 0x5a, 31, 130, 1, 0x53, 32, 130, 4, 0x5a
    .word 36, 130, 1, 0xa3, 40, 130, 1, 0xa3, 41, 130, 1, 0x52, 42, 130, 4, 0x5a, 46, 130, 1, 0xa3, 62, 130, 1, 0xa3, 63, 130, 1, 0x52, 64, 130, 2, 0x5a
    .word 66, 130, 1, 0x52, 67, 130, 1, 0x5a, 68, 130, 1, 0xa3, 85, 130, 1, 0xa3, 86, 130, 5, 0x5a, 91, 130, 1, 0xa3, 99, 130, 1, 0xa3, 100, 130, 2, 0x5a
    .word 102, 130, 1, 0x09, 103, 130, 1, 0x52, 104, 130, 1, 0x5a, 114, 130, 1, 0x09, 115, 130, 5, 0x5a, 120, 130, 1, 0x53, 133, 130, 1, 0xa3, 134, 130, 2, 0x5a
    .word 136, 130, 1, 0x52, 137, 130, 2, 0x5a, 139, 130, 1, 0xa3, 145, 130, 1, 0xa3, 146, 130, 4, 0x5a, 150, 130, 1, 0x52, 151, 130, 1, 0xa3, 159, 130, 1, 0xa3
    .word 160, 130, 4, 0x5a, 164, 130, 1, 0xa3, 168, 130, 1, 0x5c, 169, 130, 1, 0x5a, 170, 130, 2, 0x53, 172, 130, 2, 0x5a, 174, 130, 1, 0xa3, 181, 130, 1, 0xa3
    .word 182, 130, 3, 0x5a, 185, 130, 1, 0x53, 186, 130, 1, 0x5a, 187, 130, 1, 0x53, 188, 130, 1, 0x13, 3, 131, 1, 0xa3, 4, 131, 1, 0x52, 5, 131, 4, 0x5a
    .word 9, 131, 1, 0xa3, 16, 131, 1, 0xa3, 17, 131, 4, 0x5a, 21, 131, 1, 0x52, 22, 131, 1, 0xa3, 28, 131, 1, 0xa3, 29, 131, 1, 0x52, 30, 131, 1, 0x5a
    .word 31, 131, 1, 0x52, 32, 131, 1, 0x53, 33, 131, 3, 0x5a, 36, 131, 1, 0xa3, 40, 131, 1, 0xa3, 41, 131, 2, 0x52, 43, 131, 3, 0x5a, 46, 131, 1, 0xa3
    .word 62, 131, 1, 0xa3, 63, 131, 1, 0x52, 64, 131, 1, 0x5a, 65, 131, 1, 0x52, 66, 131, 2, 0x5a, 68, 131, 1, 0xa3, 85, 131, 1, 0xa3, 86, 131, 5, 0x5a
    .word 91, 131, 1, 0x52, 92, 131, 1, 0xa3, 98, 131, 1, 0xa3, 99, 131, 2, 0x5a, 101, 131, 2, 0x52, 103, 131, 2, 0x5a, 114, 131, 1, 0x09, 115, 131, 1, 0x5a
    .word 116, 131, 1, 0x52, 117, 131, 1, 0x5a, 118, 131, 1, 0x53, 119, 131, 1, 0x5a, 120, 131, 1, 0x5c, 133, 131, 1, 0xa3, 134, 131, 5, 0x5a, 139, 131, 1, 0xa3
    .word 145, 131, 1, 0xa3, 146, 131, 1, 0x53, 147, 131, 4, 0x5a, 151, 131, 1, 0x52, 152, 131, 1, 0xa3, 158, 131, 1, 0xa3, 159, 131, 5, 0x5a, 164, 131, 1, 0xa3
    .word 168, 131, 1, 0x5c, 169, 131, 2, 0x53, 171, 131, 3, 0x5a, 174, 131, 1, 0xa3, 181, 131, 1, 0xa3, 182, 131, 3, 0x5a, 185, 131, 2, 0x53, 187, 131, 1, 0x13
    .word 188, 131, 1, 0x38, 0, 132, 1, 0x53, 1, 132, 1, 0xa3, 2, 132, 1, 0x5c, 3, 132, 1, 0x53, 4, 132, 6, 0x5a, 10, 132, 2, 0xa3, 12, 132, 1, 0x52
    .word 16, 132, 1, 0xa3, 17, 132, 1, 0x52, 18, 132, 3, 0x5a, 21, 132, 1, 0x52, 22, 132, 1, 0xa3, 29, 132, 1, 0xa3, 30, 132, 1, 0x52, 31, 132, 1, 0x53
    .word 32, 132, 1, 0x13, 33, 132, 3, 0x5a, 36, 132, 1, 0xa3, 40, 132, 1, 0xa3, 41, 132, 3, 0x52, 44, 132, 2, 0x5a, 46, 132, 1, 0xa3, 62, 132, 1, 0xa3
    .word 63, 132, 1, 0x52, 64, 132, 5, 0x5a, 69, 132, 14, 0xa3, 85, 132, 1, 0x5c, 86, 132, 7, 0x5a, 93, 132, 5, 0xa3, 98, 132, 3, 0x5a, 101, 132, 2, 0x52
    .word 103, 132, 2, 0x5a, 114, 132, 1, 0x09, 115, 132, 1, 0x5a, 116, 132, 2, 0x52, 118, 132, 2, 0x5a, 120, 132, 1, 0x5c, 131, 132, 2, 0xa3, 133, 132, 7, 0x5a
    .word 140, 132, 2, 0xa3, 145, 132, 1, 0xa3, 146, 132, 7, 0x5a, 153, 132, 5, 0xa3, 158, 132, 6, 0x5a, 164, 132, 1, 0x5c, 168, 132, 2, 0x53, 170, 132, 1, 0x5a
    .word 171, 132, 1, 0x53, 172, 132, 2, 0x5a, 174, 132, 1, 0xa3, 181, 132, 1, 0x09, 182, 132, 1, 0x5c, 183, 132, 1, 0x5a, 184, 132, 2, 0x53, 186, 132, 1, 0x13
    .word 187, 132, 1, 0x12, 188, 132, 1, 0x38, 0, 133, 1, 0x5a, 1, 133, 1, 0x13, 2, 133, 1, 0x53, 3, 133, 3, 0x5a, 6, 133, 1, 0x53, 7, 133, 5, 0x5a
    .word 12, 133, 1, 0x52, 16, 133, 1, 0xa3, 17, 133, 1, 0x52, 18, 133, 3, 0x5a, 21, 133, 1, 0x52, 22, 133, 1, 0xa3, 29, 133, 2, 0x52, 31, 133, 2, 0x53
    .word 33, 133, 3, 0x5a, 36, 133, 1, 0xa3, 40, 133, 1, 0xa3, 41, 133, 1, 0x52, 42, 133, 1, 0x5a, 43, 133, 1, 0x52, 44, 133, 2, 0x5a, 46, 133, 1, 0xa3
    .word 62, 133, 1, 0xa3, 63, 133, 1, 0x52, 64, 133, 6, 0x5a, 70, 133, 1, 0x52, 71, 133, 11, 0x5a, 82, 133, 1, 0xa3, 85, 133, 1, 0x5c, 86, 133, 19, 0x5a
    .word 114, 133, 1, 0x09, 115, 133, 3, 0x5a, 118, 133, 1, 0x52, 119, 133, 1, 0x53, 120, 133, 1, 0x5c, 131, 133, 1, 0xa3, 132, 133, 1, 0x52, 133, 133, 8, 0x5a
    .word 141, 133, 1, 0xa3, 145, 133, 1, 0x5c, 146, 133, 1, 0x53, 147, 133, 17, 0x5a, 164, 133, 1, 0xa3, 168, 133, 1, 0x5c, 169, 133, 1, 0x13, 170, 133, 1, 0x5a
    .word 171, 133, 1, 0x53, 172, 133, 2, 0x5a, 174, 133, 1, 0xa3, 181, 133, 1, 0x08, 182, 133, 1, 0x38, 183, 133, 2, 0x53, 185, 133, 1, 0x13, 186, 133, 1, 0x12
    .word 187, 133, 2, 0x38, 0, 134, 1, 0x53, 1, 134, 1, 0x13, 2, 134, 3, 0x5a, 5, 134, 1, 0x53, 6, 134, 1, 0x5a, 7, 134, 1, 0x52, 8, 134, 4, 0x5a
    .word 12, 134, 1, 0x52, 16, 134, 1, 0xa3, 17, 134, 1, 0x52, 18, 134, 1, 0xa3, 19, 134, 4, 0x5a, 30, 134, 1, 0x22, 31, 134, 2, 0x13, 33, 134, 3, 0x5a
    .word 36, 134, 1, 0xa3, 40, 134, 1, 0xa3, 41, 134, 1, 0x52, 42, 134, 1, 0x5a, 43, 134, 1, 0xa3, 44, 134, 1, 0x52, 45, 134, 1, 0x5a, 46, 134, 1, 0xa3
    .word 62, 134, 1, 0xa3, 63, 134, 1, 0x5a, 64, 134, 1, 0x52, 65, 134, 1, 0xa3, 66, 134, 1, 0x52, 67, 134, 4, 0x5a, 71, 134, 1, 0x52, 72, 134, 6, 0x5a
    .word 78, 134, 1, 0x52, 79, 134, 1, 0x5a, 80, 134, 2, 0x52, 82, 134, 1, 0xa3, 86, 134, 4, 0x5a, 90, 134, 1, 0x52, 91, 134, 10, 0x5a, 101, 134, 1, 0x53
    .word 102, 134, 1, 0x5a, 103, 134, 1, 0x5c, 104, 134, 1, 0x22, 114, 134, 1, 0x08, 115, 134, 1, 0x5a, 116, 134, 1, 0x52, 117, 134, 1, 0x13, 118, 134, 1, 0x5a
    .word 119, 134, 2, 0x53, 131, 134, 1, 0xa3, 132, 134, 4, 0x5a, 136, 134, 1, 0xa3, 137, 134, 4, 0x5a, 141, 134, 1, 0xa3, 145, 134, 1, 0x01, 146, 134, 2, 0x53
    .word 148, 134, 16, 0x5a, 164, 134, 1, 0x09, 168, 134, 1, 0x38, 169, 134, 1, 0x13, 170, 134, 1, 0x53, 171, 134, 1, 0x5a, 172, 134, 1, 0x52, 173, 134, 1, 0x5a
    .word 174, 134, 1, 0xa3, 182, 134, 3, 0x38, 185, 134, 1, 0x22, 186, 134, 3, 0x38, 0, 135, 1, 0x5c, 1, 135, 2, 0x13, 3, 135, 2, 0x5a, 5, 135, 1, 0x52
    .word 6, 135, 1, 0x13, 7, 135, 3, 0x5a, 10, 135, 1, 0x52, 11, 135, 1, 0x5a, 12, 135, 1, 0x52, 16, 135, 1, 0x38, 17, 135, 1, 0x5a, 18, 135, 2, 0x52
    .word 20, 135, 1, 0x5a, 21, 135, 1, 0x52, 22, 135, 1, 0x38, 30, 135, 2, 0x38, 32, 135, 1, 0x13, 33, 135, 2, 0x52, 35, 135, 1, 0x5a, 36, 135, 1, 0x38
    .word 40, 135, 1, 0x38, 41, 135, 4, 0x52, 45, 135, 1, 0x5a, 46, 135, 1, 0x38, 62, 135, 1, 0x38, 63, 135, 3, 0x52, 66, 135, 8, 0x5a, 74, 135, 1, 0x52
    .word 75, 135, 3, 0x5a, 78, 135, 4, 0x52, 82, 135, 1, 0xa3, 87, 135, 1, 0x22, 88, 135, 2, 0x52, 90, 135, 10, 0x5a, 100, 135, 3, 0x52, 103, 135, 1, 0x5a
    .word 114, 135, 1, 0x08, 115, 135, 1, 0x38, 116, 135, 1, 0x52, 117, 135, 1, 0x53, 118, 135, 2, 0x12, 120, 135, 1, 0x38, 131, 135, 1, 0x38, 132, 135, 4, 0x5a
    .word 136, 135, 2, 0x52, 138, 135, 1, 0x5a, 139, 135, 2, 0x52, 141, 135, 1, 0xa3, 147, 135, 1, 0xa3, 148, 135, 1, 0x13, 149, 135, 14, 0x5a, 163, 135, 1, 0x38
    .word 168, 135, 1, 0x38, 169, 135, 3, 0x13, 172, 135, 2, 0x5a, 174, 135, 1, 0x38, 182, 135, 7, 0x38, 0, 136, 1, 0x38, 1, 136, 1, 0x53, 2, 136, 1, 0x12
    .word 3, 136, 1, 0x13, 4, 136, 4, 0x53, 8, 136, 4, 0x52, 12, 136, 1, 0x09, 16, 136, 2, 0x38, 18, 136, 3, 0x52, 21, 136, 2, 0x38, 31, 136, 3, 0x38
    .word 34, 136, 1, 0x53, 35, 136, 2, 0x38, 40, 136, 2, 0x38, 42, 136, 3, 0x52, 45, 136, 2, 0x38, 62, 136, 2, 0x38, 64, 136, 6, 0x52, 70, 136, 1, 0x5a
    .word 71, 136, 1, 0x52, 72, 136, 2, 0x5a, 74, 136, 4, 0x52, 78, 136, 2, 0x5a, 80, 136, 2, 0x52, 82, 136, 1, 0xa3, 87, 136, 2, 0x38, 89, 136, 1, 0x52
    .word 90, 136, 6, 0x5a, 96, 136, 1, 0x52, 97, 136, 1, 0x5a, 98, 136, 4, 0x52, 102, 136, 1, 0x5a, 103, 136, 1, 0x38, 114, 136, 1, 0x08, 115, 136, 2, 0x38
    .word 117, 136, 1, 0x12, 118, 136, 1, 0x13, 119, 136, 2, 0x38, 131, 136, 1, 0x38, 132, 136, 1, 0x53, 133, 136, 2, 0x52, 135, 136, 2, 0x5a, 137, 136, 2, 0x52
    .word 139, 136, 1, 0x5a, 140, 136, 1, 0x52, 141, 136, 1, 0x5c, 146, 136, 1, 0x08, 147, 136, 1, 0x38, 148, 136, 1, 0x5a, 149, 136, 2, 0x53, 151, 136, 11, 0x5a
    .word 162, 136, 2, 0x38, 168, 136, 2, 0x38, 170, 136, 2, 0x13, 172, 136, 1, 0x53, 173, 136, 1, 0x22, 174, 136, 1, 0x38, 183, 136, 6, 0x38, 0, 137, 1, 0x13
    .word 1, 137, 10, 0x38, 11, 137, 1, 0x22, 12, 137, 1, 0x09, 16, 137, 7, 0x38, 31, 137, 6, 0x38, 40, 137, 7, 0x38, 62, 137, 20, 0x38, 82, 137, 1, 0x5a
    .word 87, 137, 16, 0x38, 103, 137, 1, 0x22, 114, 137, 1, 0x08, 115, 137, 6, 0x38, 131, 137, 10, 0x38, 141, 137, 1, 0x5c, 146, 137, 1, 0x22, 147, 137, 16, 0x38
    .word 163, 137, 1, 0x08, 168, 137, 7, 0x38, 183, 137, 6, 0x38, 2, 138, 9, 0x38, 11, 138, 1, 0x08, 17, 138, 6, 0x38, 31, 138, 5, 0x38, 36, 138, 1, 0x08
    .word 40, 138, 7, 0x38, 62, 138, 1, 0x08, 63, 138, 19, 0x38, 88, 138, 14, 0x38, 114, 138, 1, 0x08, 115, 138, 6, 0x38, 132, 138, 8, 0x38, 140, 138, 1, 0x08
    .word 147, 138, 16, 0x38, 168, 138, 7, 0x38, 183, 138, 1, 0x08, 184, 138, 4, 0x38, 3, 139, 1, 0x22, 4, 139, 6, 0x38, 18, 139, 4, 0x38, 32, 139, 1, 0x08
    .word 33, 139, 2, 0x38, 35, 139, 1, 0x08, 41, 139, 5, 0x38, 63, 139, 1, 0x08, 64, 139, 5, 0x38, 69, 139, 2, 0x08, 71, 139, 2, 0x38, 73, 139, 1, 0x22
    .word 77, 139, 1, 0x08, 78, 139, 2, 0x38, 80, 139, 1, 0x08, 89, 139, 1, 0x08, 90, 139, 4, 0x38, 94, 139, 1, 0x08, 98, 139, 1, 0x08, 99, 139, 2, 0x38
    .word 115, 139, 5, 0x38, 133, 139, 1, 0x08, 134, 139, 4, 0x38, 138, 139, 1, 0x08, 148, 139, 1, 0x22, 149, 139, 3, 0x38, 152, 139, 1, 0x08, 154, 139, 2, 0x38
    .word 156, 139, 1, 0x22, 157, 139, 4, 0x38, 161, 139, 1, 0x08, 169, 139, 1, 0x22, 170, 139, 4, 0x38, 183, 139, 1, 0x08, 184, 139, 3, 0x38, 187, 139, 1, 0x08
    .word 4, 140, 1, 0x08, 5, 140, 2, 0x38, 7, 140, 1, 0x08, 8, 140, 2, 0x38, 18, 140, 4, 0x38, 33, 140, 2, 0x38, 41, 140, 1, 0x08, 42, 140, 4, 0x38
    .word 64, 140, 1, 0x08, 65, 140, 3, 0x38, 68, 140, 1, 0x08, 71, 140, 2, 0x08, 78, 140, 1, 0x22, 79, 140, 1, 0x38, 90, 140, 3, 0x38, 93, 140, 1, 0x22
    .word 99, 140, 2, 0x38, 115, 140, 5, 0x38, 134, 140, 4, 0x38, 150, 140, 1, 0x38, 151, 140, 1, 0x08, 154, 140, 1, 0x08, 155, 140, 1, 0x38, 157, 140, 3, 0x38
    .word 160, 140, 1, 0x08, 170, 140, 4, 0x38, 184, 140, 3, 0x38, 5, 141, 2, 0x38, 18, 141, 1, 0x22, 19, 141, 3, 0x38, 33, 141, 2, 0x38, 42, 141, 3, 0x38
    .word 65, 141, 3, 0x38, 78, 141, 2, 0x38, 91, 141, 2, 0x38, 99, 141, 2, 0x38, 115, 141, 4, 0x38, 135, 141, 2, 0x38, 137, 141, 1, 0x08, 154, 141, 1, 0x08
    .word 155, 141, 1, 0x38, 158, 141, 2, 0x38, 170, 141, 3, 0x38, 184, 141, 1, 0x08, 185, 141, 1, 0x38, 5, 142, 2, 0x38, 18, 142, 1, 0x08, 19, 142, 2, 0x38
    .word 21, 142, 1, 0x08, 42, 142, 3, 0x38, 65, 142, 3, 0x38, 78, 142, 2, 0x38, 91, 142, 2, 0x38, 99, 142, 2, 0x38, 116, 142, 3, 0x38, 135, 142, 2, 0x38
    .word 137, 142, 1, 0x08, 157, 142, 1, 0x08, 158, 142, 2, 0x38, 171, 142, 2, 0x38, 185, 142, 1, 0x38, 19, 143, 2, 0x38, 21, 143, 1, 0x08, 42, 143, 3, 0x38
    .word 65, 143, 3, 0x38, 91, 143, 2, 0x38, 100, 143, 1, 0x08, 117, 143, 2, 0x38, 135, 143, 2, 0x38, 137, 143, 1, 0x08, 158, 143, 2, 0x38, 171, 143, 2, 0x38
    .word 184, 143, 2, 0x38, 19, 144, 2, 0x38, 21, 144, 1, 0x22, 42, 144, 3, 0x38, 65, 144, 3, 0x38, 91, 144, 2, 0x38, 116, 144, 1, 0x22, 117, 144, 2, 0x38
    .word 135, 144, 2, 0x38, 137, 144, 1, 0x08, 158, 144, 1, 0x22, 171, 144, 2, 0x38, 184, 144, 3, 0x38, 4, 145, 1, 0x08, 5, 145, 2, 0x38, 7, 145, 1, 0x08
    .word 19, 145, 2, 0x38, 21, 145, 1, 0x08, 65, 145, 3, 0x38, 91, 145, 2, 0x38, 116, 145, 3, 0x38, 135, 145, 1, 0x08, 136, 145, 1, 0x22, 171, 145, 2, 0x38
    .word 184, 145, 3, 0x38, 4, 146, 4, 0x38, 116, 146, 1, 0x22, 117, 146, 2, 0x38, 158, 146, 2, 0x38, 185, 146, 1, 0x38, 4, 147, 4, 0x38, 44, 147, 1, 0x08
    .word 157, 147, 4, 0x38, 5, 148, 2, 0x38, 43, 148, 2, 0x38, 157, 148, 4, 0x38, 42, 149, 4, 0x38, 157, 149, 1, 0x22, 158, 149, 2, 0x38, 160, 149, 1, 0x08
    .word 42, 150, 4, 0x38, 43, 151, 2, 0x38
    .word -1, -1, -1, 0

options_title_runs:
    # OPTIONS convertido de PNG transparente, recortado para 220x52.
    .word 8, 0, 20, 0x01, 36, 0, 26, 0x01, 70, 0, 30, 0x01, 104, 0, 10, 0x01, 124, 0, 20, 0x01, 152, 0, 12, 0x01, 172, 0, 14, 0x01, 194, 0, 18, 0x01
    .word 8, 1, 20, 0x01, 36, 1, 26, 0x01, 70, 1, 30, 0x01, 104, 1, 10, 0x01, 124, 1, 20, 0x01, 152, 1, 12, 0x01, 172, 1, 14, 0x01, 194, 1, 1, 0x01
    .word 195, 1, 1, 0x04, 196, 1, 16, 0x01, 6, 2, 24, 0x01, 34, 2, 30, 0x01, 68, 2, 48, 0x01, 120, 2, 26, 0x01, 152, 2, 14, 0x01, 172, 2, 16, 0x01
    .word 192, 2, 3, 0x01, 195, 2, 1, 0x04, 196, 2, 18, 0x01, 6, 3, 24, 0x01, 34, 3, 30, 0x01, 68, 3, 48, 0x01, 120, 3, 26, 0x01, 152, 3, 14, 0x01
    .word 172, 3, 16, 0x01, 192, 3, 22, 0x01, 4, 4, 4, 0x01, 8, 4, 2, 0xc9, 10, 4, 4, 0xff, 14, 4, 2, 0xf1, 16, 4, 7, 0xc5, 23, 4, 3, 0xa5
    .word 26, 4, 2, 0xa4, 28, 4, 8, 0x01, 36, 4, 8, 0xff, 44, 4, 13, 0xc5, 57, 4, 2, 0xc9, 59, 4, 1, 0xc5, 60, 4, 2, 0xa0, 62, 4, 8, 0x01
    .word 70, 4, 10, 0xff, 80, 4, 20, 0xf0, 100, 4, 4, 0x01, 104, 4, 6, 0xff, 110, 4, 1, 0xf0, 111, 4, 3, 0xf4, 114, 4, 10, 0x01, 124, 4, 2, 0xf0
    .word 126, 4, 4, 0xff, 130, 4, 12, 0xf0, 142, 4, 2, 0xe8, 144, 4, 4, 0x01, 150, 4, 4, 0x01, 154, 4, 6, 0xff, 160, 4, 4, 0xf0, 164, 4, 4, 0x01
    .word 170, 4, 4, 0x01, 174, 4, 2, 0xf4, 176, 4, 4, 0xff, 180, 4, 1, 0xec, 181, 4, 3, 0xf0, 184, 4, 4, 0x01, 190, 4, 4, 0x01, 194, 4, 2, 0xf0
    .word 196, 4, 4, 0xff, 200, 4, 10, 0xf0, 210, 4, 2, 0xec, 212, 4, 4, 0x01, 4, 5, 4, 0x01, 8, 5, 2, 0xc9, 10, 5, 4, 0xff, 14, 5, 2, 0xf1
    .word 16, 5, 10, 0xc5, 26, 5, 1, 0xa0, 27, 5, 1, 0xa4, 28, 5, 8, 0x01, 36, 5, 8, 0xff, 44, 5, 13, 0xc5, 57, 5, 3, 0xc9, 60, 5, 2, 0xa0
    .word 62, 5, 8, 0x01, 70, 5, 10, 0xff, 80, 5, 20, 0xf0, 100, 5, 4, 0x01, 104, 5, 6, 0xff, 110, 5, 4, 0xf4, 114, 5, 10, 0x01, 124, 5, 2, 0xf0
    .word 126, 5, 4, 0xff, 130, 5, 12, 0xf0, 142, 5, 2, 0xe8, 144, 5, 4, 0x01, 150, 5, 4, 0x01, 154, 5, 6, 0xff, 160, 5, 4, 0xf0, 164, 5, 4, 0x01
    .word 170, 5, 4, 0x01, 174, 5, 2, 0xf4, 176, 5, 4, 0xff, 180, 5, 4, 0xf0, 184, 5, 4, 0x01, 190, 5, 4, 0x01, 194, 5, 2, 0xf0, 196, 5, 4, 0xff
    .word 200, 5, 10, 0xf0, 210, 5, 2, 0xec, 212, 5, 4, 0x01, 2, 6, 4, 0x01, 6, 6, 2, 0xa5, 8, 6, 2, 0xff, 10, 6, 16, 0xa0, 26, 6, 1, 0xc9
    .word 27, 6, 1, 0xc5, 28, 6, 2, 0x80, 30, 6, 6, 0x01, 36, 6, 2, 0xff, 38, 6, 22, 0xa0, 60, 6, 2, 0xc9, 62, 6, 2, 0xa0, 64, 6, 6, 0x01
    .word 70, 6, 2, 0xff, 72, 6, 26, 0xe8, 98, 6, 2, 0xf0, 100, 6, 4, 0x01, 104, 6, 2, 0xff, 106, 6, 1, 0xec, 107, 6, 5, 0xe8, 112, 6, 2, 0xf4
    .word 114, 6, 6, 0x01, 120, 6, 4, 0xec, 124, 6, 2, 0xff, 126, 6, 5, 0xec, 131, 6, 1, 0xe8, 132, 6, 1, 0xec, 133, 6, 9, 0xe8, 142, 6, 2, 0xf0
    .word 144, 6, 2, 0xe8, 146, 6, 8, 0x01, 154, 6, 2, 0xff, 156, 6, 1, 0xec, 157, 6, 4, 0xe8, 161, 6, 3, 0xf0, 164, 6, 4, 0x01, 170, 6, 4, 0x01
    .word 174, 6, 2, 0xf4, 176, 6, 6, 0xe8, 182, 6, 2, 0xf0, 184, 6, 8, 0x01, 192, 6, 2, 0xec, 194, 6, 2, 0xff, 196, 6, 8, 0xec, 204, 6, 3, 0xe8
    .word 207, 6, 1, 0xec, 208, 6, 1, 0xe8, 209, 6, 5, 0xec, 214, 6, 4, 0x01, 2, 7, 4, 0x01, 6, 7, 2, 0xa4, 8, 7, 2, 0xff, 10, 7, 16, 0xa0
    .word 26, 7, 2, 0xc9, 28, 7, 1, 0xa0, 29, 7, 1, 0x80, 30, 7, 6, 0x01, 36, 7, 2, 0xff, 38, 7, 22, 0xa0, 60, 7, 2, 0xc9, 62, 7, 2, 0xa0
    .word 64, 7, 6, 0x01, 70, 7, 2, 0xff, 72, 7, 26, 0xe8, 98, 7, 2, 0xf0, 100, 7, 4, 0x01, 104, 7, 2, 0xff, 106, 7, 6, 0xe8, 112, 7, 2, 0xf4
    .word 114, 7, 6, 0x01, 120, 7, 3, 0xec, 123, 7, 1, 0xf0, 124, 7, 2, 0xff, 126, 7, 14, 0xec, 140, 7, 3, 0xe8, 143, 7, 1, 0xf0, 144, 7, 2, 0xe8
    .word 146, 7, 8, 0x01, 154, 7, 2, 0xff, 156, 7, 6, 0xe8, 162, 7, 2, 0xf0, 164, 7, 4, 0x01, 170, 7, 4, 0x01, 174, 7, 2, 0xf4, 176, 7, 6, 0xe8
    .word 182, 7, 2, 0xf0, 184, 7, 8, 0x01, 192, 7, 2, 0xec, 194, 7, 2, 0xff, 196, 7, 18, 0xec, 214, 7, 4, 0x01, 0, 8, 4, 0x01, 4, 8, 1, 0xa5
    .word 5, 8, 1, 0xa0, 6, 8, 2, 0xff, 8, 8, 20, 0xa0, 28, 8, 2, 0xc5, 30, 8, 2, 0x80, 32, 8, 4, 0x01, 36, 8, 2, 0xff, 38, 8, 24, 0xa0
    .word 62, 8, 2, 0xc9, 64, 8, 1, 0xa0, 65, 8, 1, 0x80, 66, 8, 4, 0x01, 70, 8, 2, 0xf4, 72, 8, 18, 0xe8, 90, 8, 2, 0xec, 92, 8, 6, 0xe8
    .word 98, 8, 2, 0xf0, 100, 8, 4, 0x01, 104, 8, 2, 0xff, 106, 8, 6, 0xe8, 112, 8, 2, 0xf4, 114, 8, 4, 0x01, 118, 8, 2, 0xe8, 120, 8, 2, 0xf5
    .word 122, 8, 2, 0xff, 124, 8, 15, 0xec, 139, 8, 1, 0xe8, 140, 8, 1, 0xec, 141, 8, 3, 0xe8, 144, 8, 2, 0xf0, 146, 8, 1, 0xc8, 147, 8, 1, 0xf0
    .word 148, 8, 6, 0x01, 154, 8, 2, 0xff, 156, 8, 8, 0xe8, 164, 8, 2, 0xf0, 166, 8, 8, 0x01, 174, 8, 2, 0xf4, 176, 8, 6, 0xe8, 182, 8, 2, 0xf0
    .word 184, 8, 6, 0x01, 190, 8, 2, 0xf0, 192, 8, 2, 0xff, 194, 8, 21, 0xec, 215, 8, 1, 0xd6, 216, 8, 4, 0x01, 0, 9, 4, 0x01, 4, 9, 1, 0xc9
    .word 5, 9, 1, 0xa0, 6, 9, 2, 0xff, 8, 9, 7, 0xa0, 15, 9, 1, 0xa4, 16, 9, 2, 0xa0, 18, 9, 1, 0xa5, 19, 9, 9, 0xa0, 28, 9, 2, 0xc5
    .word 30, 9, 2, 0x80, 32, 9, 4, 0x01, 36, 9, 2, 0xff, 38, 9, 15, 0xa0, 53, 9, 1, 0xc9, 54, 9, 8, 0xa0, 62, 9, 2, 0xc9, 64, 9, 1, 0xa0
    .word 65, 9, 1, 0x80, 66, 9, 4, 0x01, 70, 9, 2, 0xf4, 72, 9, 23, 0xe8, 95, 9, 1, 0xec, 96, 9, 2, 0xe8, 98, 9, 2, 0xf0, 100, 9, 4, 0x01
    .word 104, 9, 2, 0xff, 106, 9, 6, 0xe8, 112, 9, 2, 0xf4, 114, 9, 4, 0x01, 118, 9, 2, 0xe8, 120, 9, 2, 0xf5, 122, 9, 2, 0xff, 124, 9, 2, 0xe8
    .word 126, 9, 13, 0xec, 139, 9, 1, 0xe8, 140, 9, 3, 0xec, 143, 9, 2, 0xe8, 145, 9, 1, 0xf0, 146, 9, 1, 0xc8, 147, 9, 1, 0xf0, 148, 9, 6, 0x01
    .word 154, 9, 2, 0xff, 156, 9, 1, 0xec, 157, 9, 7, 0xe8, 164, 9, 2, 0xf0, 166, 9, 8, 0x01, 174, 9, 2, 0xf4, 176, 9, 6, 0xe8, 182, 9, 2, 0xf0
    .word 184, 9, 6, 0x01, 190, 9, 2, 0xf0, 192, 9, 2, 0xff, 194, 9, 11, 0xec, 205, 9, 1, 0xe8, 206, 9, 10, 0xec, 216, 9, 4, 0x01, 0, 10, 4, 0x01
    .word 4, 10, 2, 0xc9, 6, 10, 6, 0xa0, 12, 10, 1, 0xc9, 13, 10, 1, 0xa0, 14, 10, 2, 0xa4, 16, 10, 3, 0xa5, 19, 10, 2, 0xc5, 21, 10, 9, 0xa0
    .word 30, 10, 2, 0xc9, 32, 10, 4, 0x01, 36, 10, 2, 0xc9, 38, 10, 6, 0xa0, 44, 10, 12, 0xc9, 56, 10, 8, 0xa0, 64, 10, 2, 0xc9, 66, 10, 4, 0x01
    .word 70, 10, 12, 0xf4, 82, 10, 6, 0xe8, 88, 10, 1, 0xec, 89, 10, 3, 0xf0, 92, 10, 4, 0xe8, 96, 10, 1, 0xec, 97, 10, 3, 0xf0, 100, 10, 4, 0x01
    .word 104, 10, 1, 0xf4, 105, 10, 1, 0xf0, 106, 10, 1, 0xec, 107, 10, 5, 0xe8, 112, 10, 2, 0xf4, 114, 10, 4, 0x01, 118, 10, 2, 0xf0, 120, 10, 6, 0xe8
    .word 126, 10, 18, 0xec, 144, 10, 2, 0xe8, 146, 10, 2, 0xf0, 148, 10, 6, 0x01, 154, 10, 2, 0xf4, 156, 10, 2, 0xec, 158, 10, 1, 0xe8, 159, 10, 2, 0xec
    .word 161, 10, 3, 0xe8, 164, 10, 4, 0xf0, 168, 10, 6, 0x01, 174, 10, 2, 0xf4, 176, 10, 6, 0xe8, 182, 10, 2, 0xf0, 184, 10, 6, 0x01, 190, 10, 2, 0xf4
    .word 192, 10, 1, 0xec, 193, 10, 2, 0xe8, 195, 10, 7, 0xec, 202, 10, 5, 0xf0, 207, 10, 9, 0xec, 216, 10, 4, 0x01, 0, 11, 4, 0x01, 4, 11, 2, 0xc9
    .word 6, 11, 6, 0xa0, 12, 11, 2, 0xc9, 14, 11, 2, 0xa4, 16, 11, 3, 0xa5, 19, 11, 2, 0xc5, 21, 11, 1, 0xc9, 22, 11, 8, 0xa0, 30, 11, 2, 0xc9
    .word 32, 11, 4, 0x01, 36, 11, 2, 0xc9, 38, 11, 6, 0xa0, 44, 11, 12, 0xc9, 56, 11, 8, 0xa0, 64, 11, 2, 0xc9, 66, 11, 4, 0x01, 70, 11, 1, 0xf0
    .word 71, 11, 11, 0xf4, 82, 11, 6, 0xe8, 88, 11, 1, 0xec, 89, 11, 11, 0xf0, 100, 11, 4, 0x01, 104, 11, 1, 0xf4, 105, 11, 1, 0xf0, 106, 11, 6, 0xe8
    .word 112, 11, 1, 0xf4, 113, 11, 1, 0xf0, 114, 11, 4, 0x01, 118, 11, 2, 0xf0, 120, 11, 6, 0xe8, 126, 11, 5, 0xec, 131, 11, 6, 0xf0, 137, 11, 1, 0xe8
    .word 138, 11, 1, 0xec, 139, 11, 1, 0xe8, 140, 11, 1, 0xec, 141, 11, 2, 0xe8, 143, 11, 1, 0xec, 144, 11, 2, 0xe8, 146, 11, 2, 0xf0, 148, 11, 6, 0x01
    .word 154, 11, 1, 0xf4, 155, 11, 1, 0xf0, 156, 11, 1, 0xec, 157, 11, 2, 0xe8, 159, 11, 1, 0xec, 160, 11, 3, 0xe8, 163, 11, 1, 0xec, 164, 11, 4, 0xf0
    .word 168, 11, 6, 0x01, 174, 11, 2, 0xf4, 176, 11, 5, 0xe8, 181, 11, 2, 0xec, 183, 11, 1, 0xf0, 184, 11, 6, 0x01, 190, 11, 2, 0xf4, 192, 11, 1, 0xec
    .word 193, 11, 2, 0xe8, 195, 11, 7, 0xec, 202, 11, 6, 0xf0, 208, 11, 8, 0xec, 216, 11, 4, 0x01, 0, 12, 4, 0x01, 4, 12, 2, 0xc9, 6, 12, 4, 0xa0
    .word 10, 12, 4, 0xc9, 14, 12, 6, 0x01, 20, 12, 2, 0xc9, 22, 12, 1, 0xa0, 23, 12, 1, 0xc9, 24, 12, 6, 0xa0, 30, 12, 2, 0xc9, 32, 12, 4, 0x01
    .word 36, 12, 2, 0xc9, 38, 12, 6, 0xa0, 44, 12, 2, 0xc9, 46, 12, 8, 0x01, 54, 12, 4, 0xc9, 58, 12, 6, 0xa0, 64, 12, 2, 0xc9, 66, 12, 14, 0x01
    .word 80, 12, 2, 0xf4, 82, 12, 6, 0xe8, 88, 12, 2, 0xf4, 90, 12, 14, 0x01, 104, 12, 2, 0xf0, 106, 12, 6, 0xe8, 112, 12, 1, 0xf4, 113, 12, 1, 0xf0
    .word 114, 12, 4, 0x01, 118, 12, 2, 0xf0, 120, 12, 6, 0xe8, 126, 12, 4, 0xec, 130, 12, 6, 0x01, 136, 12, 3, 0xf0, 139, 12, 1, 0xec, 140, 12, 4, 0xe8
    .word 144, 12, 1, 0xec, 145, 12, 1, 0xe8, 146, 12, 2, 0xf0, 148, 12, 6, 0x01, 154, 12, 2, 0xf4, 156, 12, 1, 0xec, 157, 12, 8, 0xe8, 165, 12, 3, 0xf0
    .word 168, 12, 6, 0x01, 174, 12, 2, 0xf4, 176, 12, 5, 0xe8, 181, 12, 2, 0xec, 183, 12, 1, 0xf0, 184, 12, 6, 0x01, 190, 12, 2, 0xf4, 192, 12, 4, 0xe8
    .word 196, 12, 2, 0xf0, 198, 12, 2, 0xec, 200, 12, 6, 0x01, 206, 12, 1, 0xf0, 207, 12, 9, 0xec, 216, 12, 4, 0x01, 0, 13, 4, 0x01, 4, 13, 2, 0xc9
    .word 6, 13, 4, 0xa0, 10, 13, 4, 0xc9, 14, 13, 6, 0x01, 20, 13, 4, 0xc9, 24, 13, 6, 0xa0, 30, 13, 2, 0xc9, 32, 13, 4, 0x01, 36, 13, 2, 0xc9
    .word 38, 13, 6, 0xa0, 44, 13, 2, 0xc9, 46, 13, 8, 0x01, 54, 13, 4, 0xc9, 58, 13, 6, 0xa0, 64, 13, 2, 0xc9, 66, 13, 14, 0x01, 80, 13, 2, 0xf0
    .word 82, 13, 6, 0xe8, 88, 13, 2, 0xf4, 90, 13, 14, 0x01, 104, 13, 2, 0xf0, 106, 13, 4, 0xe8, 110, 13, 2, 0xec, 112, 13, 1, 0xf4, 113, 13, 1, 0xf0
    .word 114, 13, 4, 0x01, 118, 13, 2, 0xf0, 120, 13, 6, 0xe8, 126, 13, 4, 0xec, 130, 13, 6, 0x01, 136, 13, 4, 0xf0, 140, 13, 6, 0xe8, 146, 13, 2, 0xf0
    .word 148, 13, 6, 0x01, 154, 13, 2, 0xf4, 156, 13, 1, 0xec, 157, 13, 9, 0xe8, 166, 13, 2, 0xf0, 168, 13, 6, 0x01, 174, 13, 2, 0xf4, 176, 13, 5, 0xe8
    .word 181, 13, 2, 0xec, 183, 13, 1, 0xf0, 184, 13, 6, 0x01, 190, 13, 2, 0xf4, 192, 13, 4, 0xe8, 196, 13, 4, 0xf0, 200, 13, 6, 0x01, 206, 13, 2, 0xf0
    .word 208, 13, 8, 0xec, 216, 13, 4, 0x01, 0, 14, 4, 0x01, 4, 14, 2, 0xc9, 6, 14, 4, 0xa0, 10, 14, 2, 0xc9, 12, 14, 10, 0x01, 22, 14, 2, 0xc9
    .word 24, 14, 6, 0xa0, 30, 14, 2, 0xc9, 32, 14, 4, 0x01, 36, 14, 2, 0xc9, 38, 14, 6, 0xa0, 44, 14, 2, 0xc9, 46, 14, 10, 0x01, 56, 14, 2, 0xc9
    .word 58, 14, 6, 0xa0, 64, 14, 2, 0xc9, 66, 14, 14, 0x01, 80, 14, 2, 0xf0, 82, 14, 6, 0xe8, 88, 14, 2, 0xf4, 90, 14, 14, 0x01, 104, 14, 2, 0xf0
    .word 106, 14, 4, 0xe8, 110, 14, 2, 0xec, 112, 14, 1, 0xf4, 113, 14, 1, 0xf0, 114, 14, 4, 0x01, 118, 14, 2, 0xf0, 120, 14, 6, 0xe8, 126, 14, 2, 0xf0
    .word 128, 14, 10, 0x01, 138, 14, 2, 0xf0, 140, 14, 6, 0xe8, 146, 14, 2, 0xf0, 148, 14, 6, 0x01, 154, 14, 2, 0xf4, 156, 14, 1, 0xec, 157, 14, 11, 0xe8
    .word 168, 14, 2, 0xf0, 170, 14, 4, 0x01, 174, 14, 2, 0xf4, 176, 14, 4, 0xe8, 180, 14, 4, 0xec, 184, 14, 6, 0x01, 190, 14, 2, 0xf4, 192, 14, 4, 0xe8
    .word 196, 14, 2, 0xf0, 198, 14, 10, 0x01, 208, 14, 8, 0xec, 216, 14, 4, 0x01, 0, 15, 4, 0x01, 4, 15, 2, 0xc9, 6, 15, 4, 0xa0, 10, 15, 2, 0xc9
    .word 12, 15, 10, 0x01, 22, 15, 2, 0xc9, 24, 15, 6, 0xa0, 30, 15, 2, 0xc9, 32, 15, 4, 0x01, 36, 15, 2, 0xc9, 38, 15, 6, 0xa0, 44, 15, 2, 0xc9
    .word 46, 15, 10, 0x01, 56, 15, 2, 0xc9, 58, 15, 6, 0xa0, 64, 15, 2, 0xc9, 66, 15, 14, 0x01, 80, 15, 2, 0xf0, 82, 15, 6, 0xe8, 88, 15, 2, 0xf4
    .word 90, 15, 14, 0x01, 104, 15, 2, 0xf0, 106, 15, 1, 0xec, 107, 15, 3, 0xe8, 110, 15, 1, 0xec, 111, 15, 1, 0xe8, 112, 15, 2, 0xf0, 114, 15, 4, 0x01
    .word 118, 15, 2, 0xf0, 120, 15, 6, 0xe8, 126, 15, 2, 0xf0, 128, 15, 10, 0x01, 138, 15, 2, 0xf0, 140, 15, 6, 0xe8, 146, 15, 2, 0xf0, 148, 15, 6, 0x01
    .word 154, 15, 2, 0xf4, 156, 15, 1, 0xec, 157, 15, 11, 0xe8, 168, 15, 2, 0xf0, 170, 15, 4, 0x01, 174, 15, 1, 0xf4, 175, 15, 1, 0xf0, 176, 15, 4, 0xe8
    .word 180, 15, 4, 0xec, 184, 15, 6, 0x01, 190, 15, 2, 0xf4, 192, 15, 4, 0xe8, 196, 15, 2, 0xf0, 198, 15, 10, 0x01, 208, 15, 8, 0xec, 216, 15, 4, 0x01
    .word 0, 16, 4, 0x01, 4, 16, 2, 0xc9, 6, 16, 4, 0xa0, 10, 16, 2, 0xc9, 12, 16, 4, 0x01, 18, 16, 4, 0x01, 22, 16, 2, 0xc9, 24, 16, 6, 0xa0
    .word 30, 16, 2, 0xc9, 32, 16, 4, 0x01, 36, 16, 2, 0xc9, 38, 16, 6, 0xa0, 44, 16, 2, 0xc9, 46, 16, 4, 0x01, 52, 16, 4, 0x01, 56, 16, 2, 0xc9
    .word 58, 16, 6, 0xa0, 64, 16, 2, 0xc9, 66, 16, 4, 0x01, 76, 16, 4, 0x01, 80, 16, 2, 0xf0, 82, 16, 6, 0xe8, 88, 16, 2, 0xf4, 90, 16, 4, 0x01
    .word 100, 16, 4, 0x01, 104, 16, 2, 0xf0, 106, 16, 1, 0xec, 107, 16, 5, 0xe8, 112, 16, 2, 0xf0, 114, 16, 4, 0x01, 118, 16, 2, 0xf0, 120, 16, 6, 0xe8
    .word 126, 16, 1, 0xec, 127, 16, 1, 0xf0, 128, 16, 4, 0x01, 134, 16, 4, 0x01, 138, 16, 2, 0xf0, 140, 16, 6, 0xe8, 146, 16, 2, 0xf0, 148, 16, 6, 0x01
    .word 154, 16, 2, 0xf4, 156, 16, 1, 0xec, 157, 16, 11, 0xe8, 168, 16, 4, 0xf0, 172, 16, 2, 0x01, 174, 16, 2, 0xf0, 176, 16, 4, 0xe8, 180, 16, 4, 0xec
    .word 184, 16, 6, 0x01, 190, 16, 2, 0xf4, 192, 16, 1, 0xec, 193, 16, 3, 0xe8, 196, 16, 2, 0xf0, 198, 16, 22, 0x01, 0, 17, 4, 0x01, 4, 17, 2, 0xc9
    .word 6, 17, 4, 0xa0, 10, 17, 2, 0xc9, 12, 17, 4, 0x01, 18, 17, 4, 0x01, 22, 17, 2, 0xc9, 24, 17, 6, 0xa0, 30, 17, 2, 0xc9, 32, 17, 4, 0x01
    .word 36, 17, 2, 0xc9, 38, 17, 6, 0xa0, 44, 17, 2, 0xc9, 46, 17, 4, 0x01, 52, 17, 4, 0x01, 56, 17, 2, 0xc9, 58, 17, 6, 0xa0, 64, 17, 2, 0xc9
    .word 66, 17, 4, 0x01, 76, 17, 4, 0x01, 80, 17, 2, 0xf0, 82, 17, 6, 0xe8, 88, 17, 2, 0xf4, 90, 17, 4, 0x01, 100, 17, 4, 0x01, 104, 17, 2, 0xf0
    .word 106, 17, 1, 0xec, 107, 17, 3, 0xe8, 110, 17, 1, 0xec, 111, 17, 1, 0xe8, 112, 17, 2, 0xf0, 114, 17, 4, 0x01, 118, 17, 2, 0xf0, 120, 17, 6, 0xe8
    .word 126, 17, 1, 0xec, 127, 17, 1, 0xf0, 128, 17, 4, 0x01, 134, 17, 4, 0x01, 138, 17, 2, 0xf0, 140, 17, 6, 0xe8, 146, 17, 2, 0xf0, 148, 17, 6, 0x01
    .word 154, 17, 2, 0xf4, 156, 17, 13, 0xe8, 169, 17, 3, 0xf0, 172, 17, 2, 0x01, 174, 17, 2, 0xf0, 176, 17, 4, 0xe8, 180, 17, 4, 0xec, 184, 17, 6, 0x01
    .word 190, 17, 2, 0xf4, 192, 17, 2, 0xec, 194, 17, 2, 0xe8, 196, 17, 2, 0xf0, 198, 17, 22, 0x01, 0, 18, 4, 0x01, 4, 18, 2, 0xc9, 6, 18, 4, 0xa0
    .word 10, 18, 2, 0xc9, 12, 18, 4, 0x01, 18, 18, 4, 0x01, 22, 18, 2, 0xc9, 24, 18, 6, 0xa0, 30, 18, 2, 0xc9, 32, 18, 4, 0x01, 36, 18, 2, 0xc9
    .word 38, 18, 6, 0xa0, 44, 18, 2, 0xc9, 46, 18, 4, 0x01, 52, 18, 4, 0x01, 56, 18, 2, 0xc9, 58, 18, 6, 0xa0, 64, 18, 2, 0xc9, 66, 18, 4, 0x01
    .word 76, 18, 4, 0x01, 80, 18, 2, 0xf0, 82, 18, 6, 0xe8, 88, 18, 1, 0xf4, 89, 18, 1, 0xf0, 90, 18, 4, 0x01, 100, 18, 4, 0x01, 104, 18, 2, 0xf0
    .word 106, 18, 1, 0xec, 107, 18, 5, 0xe8, 112, 18, 2, 0xf0, 114, 18, 4, 0x01, 118, 18, 2, 0xf0, 120, 18, 6, 0xe8, 126, 18, 1, 0xec, 127, 18, 1, 0xf0
    .word 128, 18, 4, 0x01, 134, 18, 4, 0x01, 138, 18, 1, 0xf0, 139, 18, 1, 0xec, 140, 18, 6, 0xe8, 146, 18, 2, 0xf0, 148, 18, 6, 0x01, 154, 18, 2, 0xf4
    .word 156, 18, 14, 0xe8, 170, 18, 2, 0xf0, 172, 18, 2, 0x01, 174, 18, 2, 0xf0, 176, 18, 5, 0xe8, 181, 18, 3, 0xec, 184, 18, 6, 0x01, 190, 18, 2, 0xf0
    .word 192, 18, 8, 0xec, 200, 18, 18, 0x01, 0, 19, 4, 0x01, 4, 19, 2, 0xc9, 6, 19, 4, 0xa0, 10, 19, 2, 0xc9, 12, 19, 4, 0x01, 18, 19, 4, 0x01
    .word 22, 19, 2, 0xc9, 24, 19, 6, 0xa0, 30, 19, 2, 0xc9, 32, 19, 4, 0x01, 36, 19, 2, 0xc9, 38, 19, 6, 0xa0, 44, 19, 2, 0xc9, 46, 19, 4, 0x01
    .word 52, 19, 4, 0x01, 56, 19, 2, 0xc9, 58, 19, 6, 0xa0, 64, 19, 2, 0xc9, 66, 19, 4, 0x01, 76, 19, 4, 0x01, 80, 19, 2, 0xf0, 82, 19, 6, 0xe8
    .word 88, 19, 2, 0xf0, 90, 19, 4, 0x01, 100, 19, 4, 0x01, 104, 19, 2, 0xf0, 106, 19, 1, 0xec, 107, 19, 5, 0xe8, 112, 19, 2, 0xf0, 114, 19, 4, 0x01
    .word 118, 19, 2, 0xf0, 120, 19, 6, 0xe8, 126, 19, 2, 0xec, 128, 19, 4, 0x01, 134, 19, 4, 0x01, 138, 19, 2, 0xec, 140, 19, 6, 0xe8, 146, 19, 2, 0xec
    .word 148, 19, 6, 0x01, 154, 19, 2, 0xf4, 156, 19, 11, 0xe8, 167, 19, 2, 0xec, 169, 19, 1, 0xe8, 170, 19, 2, 0xf0, 172, 19, 2, 0x01, 174, 19, 2, 0xf0
    .word 176, 19, 6, 0xe8, 182, 19, 2, 0xec, 184, 19, 6, 0x01, 190, 19, 2, 0xf0, 192, 19, 8, 0xec, 200, 19, 18, 0x01, 0, 20, 4, 0x01, 4, 20, 2, 0xc9
    .word 6, 20, 4, 0xa0, 10, 20, 2, 0xc9, 12, 20, 4, 0x01, 18, 20, 4, 0x01, 22, 20, 2, 0xc9, 24, 20, 6, 0xa0, 30, 20, 2, 0xc9, 32, 20, 4, 0x01
    .word 36, 20, 2, 0xc9, 38, 20, 6, 0xa0, 44, 20, 2, 0xc9, 46, 20, 10, 0x01, 56, 20, 2, 0xc9, 58, 20, 6, 0xa0, 64, 20, 1, 0xa4, 65, 20, 1, 0xc9
    .word 66, 20, 4, 0x01, 76, 20, 4, 0x01, 80, 20, 2, 0xf0, 82, 20, 6, 0xe8, 88, 20, 2, 0xf0, 90, 20, 4, 0x01, 100, 20, 4, 0x01, 104, 20, 2, 0xf0
    .word 106, 20, 6, 0xe8, 112, 20, 2, 0xf0, 114, 20, 4, 0x01, 118, 20, 2, 0xf0, 120, 20, 6, 0xe8, 126, 20, 2, 0xec, 128, 20, 4, 0x01, 134, 20, 4, 0x01
    .word 138, 20, 2, 0xec, 140, 20, 6, 0xe8, 146, 20, 2, 0xec, 148, 20, 6, 0x01, 154, 20, 2, 0xf4, 156, 20, 9, 0xe8, 165, 20, 6, 0xec, 171, 20, 1, 0xe8
    .word 172, 20, 4, 0xf0, 176, 20, 4, 0xe8, 180, 20, 1, 0xec, 181, 20, 1, 0xe8, 182, 20, 2, 0xec, 184, 20, 6, 0x01, 190, 20, 2, 0xf0, 192, 20, 18, 0xec
    .word 210, 20, 1, 0xe8, 211, 20, 1, 0xec, 212, 20, 4, 0x01, 0, 21, 4, 0x01, 4, 21, 2, 0xc9, 6, 21, 4, 0xa0, 10, 21, 2, 0xc9, 12, 21, 4, 0x01
    .word 18, 21, 4, 0x01, 22, 21, 2, 0xc9, 24, 21, 6, 0xa0, 30, 21, 2, 0xc9, 32, 21, 4, 0x01, 36, 21, 2, 0xc9, 38, 21, 6, 0xa0, 44, 21, 2, 0xc9
    .word 46, 21, 10, 0x01, 56, 21, 2, 0xc9, 58, 21, 6, 0xa0, 64, 21, 1, 0xa4, 65, 21, 1, 0xa0, 66, 21, 4, 0x01, 76, 21, 4, 0x01, 80, 21, 2, 0xf0
    .word 82, 21, 6, 0xe8, 88, 21, 2, 0xf0, 90, 21, 4, 0x01, 100, 21, 4, 0x01, 104, 21, 2, 0xf0, 106, 21, 6, 0xe8, 112, 21, 2, 0xf0, 114, 21, 4, 0x01
    .word 118, 21, 1, 0xf0, 119, 21, 6, 0xe8, 125, 21, 3, 0xec, 128, 21, 4, 0x01, 134, 21, 4, 0x01, 138, 21, 2, 0xec, 140, 21, 3, 0xe8, 143, 21, 5, 0xec
    .word 148, 21, 6, 0x01, 154, 21, 2, 0xf4, 156, 21, 7, 0xe8, 163, 21, 1, 0xec, 164, 21, 1, 0xe8, 165, 21, 8, 0xec, 173, 21, 3, 0xf0, 176, 21, 3, 0xe8
    .word 179, 21, 5, 0xec, 184, 21, 6, 0x01, 190, 21, 2, 0xf0, 192, 21, 18, 0xec, 210, 21, 2, 0xe8, 212, 21, 4, 0x01, 0, 22, 4, 0x01, 4, 22, 2, 0xc9
    .word 6, 22, 4, 0xa0, 10, 22, 2, 0xc9, 12, 22, 4, 0x01, 18, 22, 4, 0x01, 22, 22, 1, 0xa4, 23, 22, 7, 0xa0, 30, 22, 2, 0xc9, 32, 22, 4, 0x01
    .word 36, 22, 2, 0xc9, 38, 22, 4, 0xa0, 42, 22, 2, 0xa4, 44, 22, 2, 0xc9, 46, 22, 8, 0x01, 54, 22, 1, 0x84, 55, 22, 3, 0xc9, 58, 22, 5, 0xa0
    .word 63, 22, 2, 0xa4, 65, 22, 1, 0xa5, 66, 22, 4, 0x01, 76, 22, 4, 0x01, 80, 22, 1, 0xf0, 81, 22, 7, 0xe8, 88, 22, 2, 0xec, 90, 22, 4, 0x01
    .word 100, 22, 4, 0x01, 104, 22, 1, 0xec, 105, 22, 5, 0xe8, 110, 22, 4, 0xec, 114, 22, 4, 0x01, 118, 22, 2, 0xec, 120, 22, 3, 0xe8, 123, 22, 5, 0xec
    .word 128, 22, 4, 0x01, 134, 22, 4, 0x01, 138, 22, 10, 0xec, 148, 22, 6, 0x01, 154, 22, 1, 0xf4, 155, 22, 8, 0xe8, 163, 22, 11, 0xec, 174, 22, 5, 0xe8
    .word 179, 22, 5, 0xec, 184, 22, 6, 0x01, 190, 22, 15, 0xec, 205, 22, 2, 0xe8, 207, 22, 3, 0xec, 210, 22, 1, 0xe8, 211, 22, 3, 0xec, 214, 22, 4, 0x01
    .word 0, 23, 4, 0x01, 4, 23, 1, 0xa4, 5, 23, 1, 0xc9, 6, 23, 3, 0xa0, 9, 23, 1, 0xa4, 10, 23, 2, 0xc9, 12, 23, 4, 0x01, 18, 23, 4, 0x01
    .word 22, 23, 1, 0xa4, 23, 23, 1, 0xa5, 24, 23, 6, 0xa0, 30, 23, 2, 0xc9, 32, 23, 4, 0x01, 36, 23, 2, 0xc9, 38, 23, 4, 0xa0, 42, 23, 2, 0xa4
    .word 44, 23, 2, 0xc9, 46, 23, 8, 0x01, 54, 23, 1, 0xa5, 55, 23, 2, 0xc9, 57, 23, 1, 0xa4, 58, 23, 1, 0x60, 59, 23, 3, 0xa0, 62, 23, 4, 0xa4
    .word 66, 23, 4, 0x01, 76, 23, 4, 0x01, 80, 23, 1, 0xf0, 81, 23, 4, 0xe8, 85, 23, 5, 0xec, 90, 23, 4, 0x01, 100, 23, 4, 0x01, 104, 23, 2, 0xec
    .word 106, 23, 3, 0xe8, 109, 23, 5, 0xec, 114, 23, 4, 0x01, 118, 23, 10, 0xec, 128, 23, 4, 0x01, 134, 23, 4, 0x01, 138, 23, 10, 0xec, 148, 23, 6, 0x01
    .word 154, 23, 1, 0xec, 155, 23, 6, 0xe8, 161, 23, 14, 0xec, 175, 23, 1, 0xe8, 176, 23, 8, 0xec, 184, 23, 6, 0x01, 190, 23, 16, 0xec, 206, 23, 1, 0xc4
    .word 207, 23, 1, 0xe8, 208, 23, 6, 0xec, 214, 23, 4, 0x01, 0, 24, 4, 0x01, 4, 24, 1, 0xa4, 5, 24, 1, 0xa0, 6, 24, 2, 0x60, 8, 24, 2, 0xa0
    .word 10, 24, 2, 0xa5, 12, 24, 4, 0x01, 18, 24, 4, 0x01, 22, 24, 1, 0xa4, 23, 24, 1, 0xa5, 24, 24, 6, 0x60, 30, 24, 1, 0xa4, 31, 24, 1, 0xc9
    .word 32, 24, 4, 0x01, 36, 24, 2, 0xa4, 38, 24, 8, 0x60, 46, 24, 10, 0xa5, 56, 24, 8, 0x60, 64, 24, 1, 0xa4, 65, 24, 1, 0xa5, 66, 24, 4, 0x01
    .word 76, 24, 4, 0x01, 80, 24, 2, 0xec, 82, 24, 6, 0xc4, 88, 24, 2, 0xec, 90, 24, 4, 0x01, 100, 24, 4, 0x01, 104, 24, 2, 0xec, 106, 24, 6, 0xc4
    .word 112, 24, 2, 0xec, 114, 24, 4, 0x01, 118, 24, 2, 0xec, 120, 24, 6, 0xc4, 126, 24, 2, 0xec, 128, 24, 4, 0x01, 134, 24, 4, 0x01, 138, 24, 2, 0xec
    .word 140, 24, 6, 0xc4, 146, 24, 2, 0xec, 148, 24, 6, 0x01, 154, 24, 2, 0xec, 156, 24, 6, 0xc4, 162, 24, 2, 0xec, 164, 24, 2, 0x01, 166, 24, 2, 0xec
    .word 168, 24, 14, 0xc4, 182, 24, 2, 0xec, 184, 24, 8, 0x01, 192, 24, 2, 0xec, 194, 24, 18, 0xc4, 212, 24, 4, 0xec, 216, 24, 4, 0x01, 0, 25, 4, 0x01
    .word 4, 25, 2, 0xa4, 6, 25, 3, 0x60, 9, 25, 2, 0xa0, 11, 25, 1, 0xa5, 12, 25, 4, 0x01, 18, 25, 4, 0x01, 22, 25, 1, 0xa4, 23, 25, 1, 0xa5
    .word 24, 25, 6, 0x60, 30, 25, 2, 0xa4, 32, 25, 4, 0x01, 36, 25, 2, 0xa4, 38, 25, 8, 0x60, 46, 25, 9, 0xa5, 55, 25, 9, 0x60, 64, 25, 2, 0xa5
    .word 66, 25, 4, 0x01, 76, 25, 4, 0x01, 80, 25, 2, 0xec, 82, 25, 6, 0xc4, 88, 25, 2, 0xec, 90, 25, 4, 0x01, 100, 25, 4, 0x01, 104, 25, 2, 0xec
    .word 106, 25, 6, 0xc4, 112, 25, 2, 0xec, 114, 25, 4, 0x01, 118, 25, 2, 0xec, 120, 25, 6, 0xc4, 126, 25, 2, 0xec, 128, 25, 4, 0x01, 134, 25, 4, 0x01
    .word 138, 25, 2, 0xec, 140, 25, 6, 0xc4, 146, 25, 2, 0xec, 148, 25, 6, 0x01, 154, 25, 2, 0xec, 156, 25, 6, 0xc4, 162, 25, 2, 0xec, 164, 25, 2, 0x01
    .word 166, 25, 2, 0xec, 168, 25, 14, 0xc4, 182, 25, 2, 0xec, 184, 25, 8, 0x01, 192, 25, 2, 0xec, 194, 25, 18, 0xc4, 212, 25, 4, 0xec, 216, 25, 4, 0x01
    .word 0, 26, 4, 0x01, 4, 26, 2, 0xa4, 6, 26, 3, 0x60, 9, 26, 2, 0xa0, 11, 26, 1, 0xa5, 12, 26, 4, 0x01, 18, 26, 4, 0x01, 22, 26, 1, 0xa4
    .word 23, 26, 1, 0xa5, 24, 26, 6, 0x60, 30, 26, 2, 0xa4, 32, 26, 4, 0x01, 36, 26, 2, 0xa4, 38, 26, 24, 0x60, 62, 26, 1, 0xa5, 63, 26, 3, 0xa4
    .word 66, 26, 4, 0x01, 76, 26, 4, 0x01, 80, 26, 2, 0xec, 82, 26, 6, 0xc4, 88, 26, 2, 0xec, 90, 26, 4, 0x01, 100, 26, 4, 0x01, 104, 26, 2, 0xec
    .word 106, 26, 6, 0xc4, 112, 26, 2, 0xec, 114, 26, 4, 0x01, 118, 26, 2, 0xec, 120, 26, 6, 0xc4, 126, 26, 2, 0xec, 128, 26, 4, 0x01, 134, 26, 4, 0x01
    .word 138, 26, 2, 0xec, 140, 26, 6, 0xc4, 146, 26, 1, 0xec, 147, 26, 1, 0xed, 148, 26, 6, 0x01, 154, 26, 2, 0xec, 156, 26, 6, 0xc4, 162, 26, 2, 0xec
    .word 164, 26, 2, 0x01, 166, 26, 4, 0xec, 170, 26, 12, 0xc4, 182, 26, 2, 0xec, 184, 26, 10, 0x01, 194, 26, 4, 0xec, 198, 26, 1, 0xc4, 199, 26, 9, 0xec
    .word 208, 26, 6, 0xc4, 214, 26, 1, 0xec, 215, 26, 1, 0xed, 216, 26, 4, 0x01, 0, 27, 4, 0x01, 4, 27, 2, 0xa4, 6, 27, 4, 0x60, 10, 27, 1, 0xa4
    .word 11, 27, 1, 0xa5, 12, 27, 4, 0x01, 18, 27, 4, 0x01, 22, 27, 1, 0xa4, 23, 27, 1, 0xa5, 24, 27, 6, 0x60, 30, 27, 2, 0xa4, 32, 27, 4, 0x01
    .word 36, 27, 2, 0xa4, 38, 27, 24, 0x60, 62, 27, 4, 0xa4, 66, 27, 4, 0x01, 76, 27, 4, 0x01, 80, 27, 2, 0xec, 82, 27, 6, 0xc4, 88, 27, 2, 0xec
    .word 90, 27, 4, 0x01, 100, 27, 4, 0x01, 104, 27, 2, 0xec, 106, 27, 6, 0xc4, 112, 27, 2, 0xec, 114, 27, 4, 0x01, 118, 27, 2, 0xec, 120, 27, 6, 0xc4
    .word 126, 27, 1, 0xec, 127, 27, 1, 0xed, 128, 27, 4, 0x01, 134, 27, 4, 0x01, 138, 27, 2, 0xec, 140, 27, 6, 0xc4, 146, 27, 2, 0xed, 148, 27, 6, 0x01
    .word 154, 27, 2, 0xec, 156, 27, 6, 0xc4, 162, 27, 2, 0xec, 164, 27, 2, 0x01, 166, 27, 4, 0xec, 170, 27, 12, 0xc4, 182, 27, 2, 0xec, 184, 27, 10, 0x01
    .word 194, 27, 14, 0xec, 208, 27, 6, 0xc4, 214, 27, 2, 0xed, 216, 27, 4, 0x01, 0, 28, 4, 0x01, 4, 28, 2, 0xa4, 6, 28, 4, 0x60, 10, 28, 1, 0xa4
    .word 11, 28, 1, 0xa5, 12, 28, 4, 0x01, 18, 28, 4, 0x01, 22, 28, 1, 0xa4, 23, 28, 1, 0xa5, 24, 28, 6, 0x60, 30, 28, 2, 0xa4, 32, 28, 4, 0x01
    .word 36, 28, 2, 0xa4, 38, 28, 22, 0x60, 60, 28, 4, 0xa4, 64, 28, 4, 0x01, 76, 28, 4, 0x01, 80, 28, 2, 0xec, 82, 28, 6, 0xc4, 88, 28, 1, 0xec
    .word 89, 28, 1, 0xed, 90, 28, 4, 0x01, 100, 28, 4, 0x01, 104, 28, 2, 0xec, 106, 28, 6, 0xc4, 112, 28, 1, 0xec, 113, 28, 1, 0xed, 114, 28, 4, 0x01
    .word 118, 28, 2, 0xec, 120, 28, 6, 0xc4, 126, 28, 2, 0xed, 128, 28, 4, 0x01, 134, 28, 4, 0x01, 138, 28, 1, 0xec, 139, 28, 1, 0xed, 140, 28, 6, 0xc4
    .word 146, 28, 2, 0xed, 148, 28, 6, 0x01, 154, 28, 2, 0xec, 156, 28, 6, 0xc4, 162, 28, 2, 0xed, 164, 28, 4, 0x01, 168, 28, 2, 0xec, 170, 28, 12, 0xc4
    .word 182, 28, 2, 0xec, 184, 28, 4, 0x01, 190, 28, 16, 0x01, 206, 28, 4, 0xec, 210, 28, 4, 0xc4, 214, 28, 2, 0xed, 216, 28, 4, 0x01, 0, 29, 4, 0x01
    .word 4, 29, 2, 0xa4, 6, 29, 4, 0x60, 10, 29, 2, 0xa4, 12, 29, 4, 0x01, 18, 29, 4, 0x01, 22, 29, 1, 0xa4, 23, 29, 1, 0xa5, 24, 29, 6, 0x60
    .word 30, 29, 2, 0xa4, 32, 29, 4, 0x01, 36, 29, 2, 0xa4, 38, 29, 22, 0x60, 60, 29, 4, 0xa4, 64, 29, 4, 0x01, 76, 29, 4, 0x01, 80, 29, 2, 0xec
    .word 82, 29, 6, 0xc4, 88, 29, 2, 0xed, 90, 29, 4, 0x01, 100, 29, 4, 0x01, 104, 29, 2, 0xec, 106, 29, 6, 0xc4, 112, 29, 2, 0xed, 114, 29, 4, 0x01
    .word 118, 29, 2, 0xec, 120, 29, 6, 0xc4, 126, 29, 2, 0xed, 128, 29, 4, 0x01, 134, 29, 4, 0x01, 138, 29, 2, 0xec, 140, 29, 6, 0xc4, 146, 29, 2, 0xed
    .word 148, 29, 6, 0x01, 154, 29, 2, 0xec, 156, 29, 6, 0xc4, 162, 29, 2, 0xed, 164, 29, 4, 0x01, 168, 29, 2, 0xec, 170, 29, 1, 0xc4, 171, 29, 1, 0xec
    .word 172, 29, 10, 0xc4, 182, 29, 2, 0xec, 184, 29, 4, 0x01, 190, 29, 16, 0x01, 206, 29, 4, 0xec, 210, 29, 4, 0xc4, 214, 29, 2, 0xed, 216, 29, 4, 0x01
    .word 0, 30, 4, 0x01, 4, 30, 2, 0xa4, 6, 30, 4, 0x60, 10, 30, 1, 0xa5, 11, 30, 1, 0xa4, 12, 30, 4, 0x01, 18, 30, 4, 0x01, 22, 30, 1, 0xa4
    .word 23, 30, 1, 0xa5, 24, 30, 6, 0x60, 30, 30, 2, 0xa4, 32, 30, 4, 0x01, 36, 30, 2, 0xa4, 38, 30, 7, 0x60, 45, 30, 4, 0xa4, 49, 30, 7, 0xa5
    .word 56, 30, 6, 0xa4, 62, 30, 4, 0x01, 76, 30, 4, 0x01, 80, 30, 2, 0xec, 82, 30, 6, 0xc4, 88, 30, 2, 0xed, 90, 30, 4, 0x01, 100, 30, 4, 0x01
    .word 104, 30, 2, 0xec, 106, 30, 6, 0xc4, 112, 30, 2, 0xed, 114, 30, 4, 0x01, 118, 30, 2, 0xec, 120, 30, 6, 0xc4, 126, 30, 2, 0xed, 128, 30, 4, 0x01
    .word 134, 30, 4, 0x01, 138, 30, 2, 0xec, 140, 30, 6, 0xc4, 146, 30, 2, 0xed, 148, 30, 6, 0x01, 154, 30, 2, 0xec, 156, 30, 6, 0xc4, 162, 30, 2, 0xed
    .word 164, 30, 6, 0x01, 170, 30, 2, 0xec, 172, 30, 10, 0xc4, 182, 30, 2, 0xec, 184, 30, 4, 0x01, 192, 30, 16, 0x01, 208, 30, 2, 0xec, 210, 30, 4, 0xc4
    .word 214, 30, 2, 0xed, 216, 30, 4, 0x01, 0, 31, 4, 0x01, 4, 31, 2, 0xa4, 6, 31, 4, 0x60, 10, 31, 1, 0xa5, 11, 31, 1, 0xa4, 12, 31, 4, 0x01
    .word 18, 31, 4, 0x01, 22, 31, 1, 0xa4, 23, 31, 1, 0xa5, 24, 31, 6, 0x60, 30, 31, 2, 0xa4, 32, 31, 4, 0x01, 36, 31, 2, 0xa4, 38, 31, 6, 0x60
    .word 44, 31, 4, 0xa4, 48, 31, 9, 0xa5, 57, 31, 5, 0xa4, 62, 31, 4, 0x01, 76, 31, 4, 0x01, 80, 31, 2, 0xec, 82, 31, 6, 0xc4, 88, 31, 2, 0xed
    .word 90, 31, 4, 0x01, 100, 31, 4, 0x01, 104, 31, 2, 0xec, 106, 31, 6, 0xc4, 112, 31, 2, 0xed, 114, 31, 4, 0x01, 118, 31, 2, 0xec, 120, 31, 6, 0xc4
    .word 126, 31, 2, 0xed, 128, 31, 4, 0x01, 134, 31, 4, 0x01, 138, 31, 2, 0xec, 140, 31, 6, 0xc4, 146, 31, 2, 0xed, 148, 31, 6, 0x01, 154, 31, 2, 0xec
    .word 156, 31, 6, 0xc4, 162, 31, 2, 0xed, 164, 31, 6, 0x01, 170, 31, 2, 0xec, 172, 31, 10, 0xc4, 182, 31, 2, 0xec, 184, 31, 4, 0x01, 192, 31, 16, 0x01
    .word 208, 31, 2, 0xec, 210, 31, 4, 0xc4, 214, 31, 2, 0xed, 216, 31, 4, 0x01, 0, 32, 4, 0x01, 4, 32, 2, 0xa4, 6, 32, 4, 0x60, 10, 32, 2, 0xa4
    .word 12, 32, 4, 0x01, 18, 32, 4, 0x01, 22, 32, 1, 0xa4, 23, 32, 1, 0xa5, 24, 32, 6, 0x60, 30, 32, 1, 0xa4, 31, 32, 1, 0xa5, 32, 32, 4, 0x01
    .word 36, 32, 2, 0xa4, 38, 32, 6, 0x60, 44, 32, 2, 0xa4, 46, 32, 18, 0x01, 76, 32, 4, 0x01, 80, 32, 2, 0xec, 82, 32, 6, 0xc4, 88, 32, 2, 0xed
    .word 90, 32, 4, 0x01, 100, 32, 4, 0x01, 104, 32, 2, 0xec, 106, 32, 6, 0xc4, 112, 32, 2, 0xed, 114, 32, 4, 0x01, 118, 32, 2, 0xec, 120, 32, 6, 0xc4
    .word 126, 32, 2, 0xed, 128, 32, 4, 0x01, 134, 32, 4, 0x01, 138, 32, 2, 0xec, 140, 32, 6, 0xc4, 146, 32, 2, 0xed, 148, 32, 6, 0x01, 154, 32, 2, 0xec
    .word 156, 32, 6, 0xc4, 162, 32, 2, 0xed, 164, 32, 6, 0x01, 170, 32, 4, 0xec, 174, 32, 8, 0xc4, 182, 32, 2, 0xec, 184, 32, 16, 0x01, 204, 32, 4, 0x01
    .word 208, 32, 2, 0xec, 210, 32, 4, 0xc4, 214, 32, 2, 0xed, 216, 32, 4, 0x01, 0, 33, 4, 0x01, 4, 33, 2, 0xa4, 6, 33, 4, 0x60, 10, 33, 2, 0xa4
    .word 12, 33, 4, 0x01, 18, 33, 4, 0x01, 22, 33, 1, 0xa4, 23, 33, 1, 0xa5, 24, 33, 6, 0x60, 30, 33, 2, 0xa5, 32, 33, 4, 0x01, 36, 33, 2, 0xa4
    .word 38, 33, 6, 0x60, 44, 33, 2, 0xa4, 46, 33, 18, 0x01, 76, 33, 4, 0x01, 80, 33, 2, 0xec, 82, 33, 6, 0xc4, 88, 33, 2, 0xed, 90, 33, 4, 0x01
    .word 100, 33, 4, 0x01, 104, 33, 2, 0xec, 106, 33, 6, 0xc4, 112, 33, 2, 0xed, 114, 33, 4, 0x01, 118, 33, 2, 0xec, 120, 33, 6, 0xc4, 126, 33, 2, 0xed
    .word 128, 33, 4, 0x01, 134, 33, 4, 0x01, 138, 33, 2, 0xec, 140, 33, 6, 0xc4, 146, 33, 2, 0xed, 148, 33, 6, 0x01, 154, 33, 2, 0xec, 156, 33, 6, 0xc4
    .word 162, 33, 2, 0xed, 164, 33, 6, 0x01, 170, 33, 4, 0xec, 174, 33, 8, 0xc4, 182, 33, 1, 0xed, 183, 33, 1, 0xec, 184, 33, 16, 0x01, 204, 33, 4, 0x01
    .word 208, 33, 2, 0xec, 210, 33, 4, 0xc4, 214, 33, 2, 0xed, 216, 33, 4, 0x01, 0, 34, 4, 0x01, 4, 34, 2, 0xa4, 6, 34, 5, 0x60, 11, 34, 1, 0xa4
    .word 12, 34, 10, 0x01, 22, 34, 1, 0xa4, 23, 34, 1, 0xa5, 24, 34, 6, 0x60, 30, 34, 2, 0xa5, 32, 34, 4, 0x01, 36, 34, 2, 0xa4, 38, 34, 6, 0x60
    .word 44, 34, 2, 0xa4, 46, 34, 16, 0x01, 76, 34, 4, 0x01, 80, 34, 2, 0xec, 82, 34, 6, 0xc4, 88, 34, 2, 0xed, 90, 34, 4, 0x01, 100, 34, 4, 0x01
    .word 104, 34, 2, 0xec, 106, 34, 6, 0xc4, 112, 34, 2, 0xed, 114, 34, 4, 0x01, 118, 34, 2, 0xec, 120, 34, 6, 0xc4, 126, 34, 2, 0xed, 128, 34, 10, 0x01
    .word 138, 34, 2, 0xec, 140, 34, 6, 0xc4, 146, 34, 2, 0xed, 148, 34, 6, 0x01, 154, 34, 2, 0xec, 156, 34, 6, 0xc4, 162, 34, 2, 0xed, 164, 34, 8, 0x01
    .word 172, 34, 2, 0xec, 174, 34, 8, 0xc4, 182, 34, 2, 0xed, 184, 34, 24, 0x01, 208, 34, 2, 0xec, 210, 34, 4, 0xc4, 214, 34, 2, 0xed, 216, 34, 4, 0x01
    .word 0, 35, 4, 0x01, 4, 35, 1, 0xa4, 5, 35, 1, 0xa5, 6, 35, 5, 0x60, 11, 35, 1, 0xa4, 12, 35, 10, 0x01, 22, 35, 1, 0xa4, 23, 35, 1, 0xa5
    .word 24, 35, 6, 0x60, 30, 35, 2, 0xa5, 32, 35, 4, 0x01, 36, 35, 2, 0xa4, 38, 35, 6, 0x60, 44, 35, 2, 0xa4, 46, 35, 16, 0x01, 76, 35, 4, 0x01
    .word 80, 35, 2, 0xec, 82, 35, 6, 0xc4, 88, 35, 2, 0xed, 90, 35, 4, 0x01, 100, 35, 4, 0x01, 104, 35, 2, 0xec, 106, 35, 6, 0xc4, 112, 35, 2, 0xed
    .word 114, 35, 4, 0x01, 118, 35, 2, 0xec, 120, 35, 6, 0xc4, 126, 35, 2, 0xed, 128, 35, 10, 0x01, 138, 35, 2, 0xec, 140, 35, 6, 0xc4, 146, 35, 2, 0xed
    .word 148, 35, 6, 0x01, 154, 35, 2, 0xec, 156, 35, 6, 0xc4, 162, 35, 2, 0xed, 164, 35, 8, 0x01, 172, 35, 2, 0xec, 174, 35, 8, 0xc4, 182, 35, 2, 0xed
    .word 184, 35, 24, 0x01, 208, 35, 2, 0xec, 210, 35, 4, 0xc4, 214, 35, 2, 0xed, 216, 35, 4, 0x01, 0, 36, 4, 0x01, 4, 36, 1, 0xa4, 5, 36, 1, 0xa5
    .word 6, 36, 4, 0x60, 10, 36, 4, 0xa5, 14, 36, 6, 0x01, 20, 36, 3, 0xa4, 23, 36, 1, 0xa5, 24, 36, 6, 0x60, 30, 36, 1, 0xa5, 31, 36, 1, 0xa4
    .word 32, 36, 4, 0x01, 36, 36, 2, 0xa4, 38, 36, 5, 0x60, 43, 36, 3, 0xa4, 46, 36, 4, 0x01, 76, 36, 4, 0x01, 80, 36, 2, 0xec, 82, 36, 6, 0xc4
    .word 88, 36, 2, 0xed, 90, 36, 4, 0x01, 100, 36, 4, 0x01, 104, 36, 2, 0xec, 106, 36, 6, 0xc4, 112, 36, 2, 0xed, 114, 36, 4, 0x01, 118, 36, 2, 0xec
    .word 120, 36, 6, 0xc4, 126, 36, 2, 0xed, 128, 36, 1, 0xec, 129, 36, 1, 0xed, 130, 36, 6, 0x01, 136, 36, 1, 0xed, 137, 36, 3, 0xec, 140, 36, 6, 0xc4
    .word 146, 36, 2, 0xed, 148, 36, 6, 0x01, 154, 36, 2, 0xec, 156, 36, 6, 0xc4, 162, 36, 2, 0xed, 164, 36, 4, 0x01, 170, 36, 4, 0x01, 174, 36, 2, 0xec
    .word 176, 36, 6, 0xc4, 182, 36, 2, 0xed, 184, 36, 6, 0x01, 190, 36, 10, 0xec, 200, 36, 6, 0x01, 206, 36, 4, 0xec, 210, 36, 4, 0xc4, 214, 36, 2, 0xed
    .word 216, 36, 4, 0x01, 0, 37, 4, 0x01, 4, 37, 1, 0xa4, 5, 37, 1, 0xa5, 6, 37, 4, 0x60, 10, 37, 3, 0xa5, 13, 37, 1, 0xa4, 14, 37, 6, 0x01
    .word 20, 37, 4, 0xa4, 24, 37, 6, 0x60, 30, 37, 2, 0xa5, 32, 37, 4, 0x01, 36, 37, 2, 0xa4, 38, 37, 5, 0x60, 43, 37, 3, 0xa4, 46, 37, 4, 0x01
    .word 76, 37, 4, 0x01, 80, 37, 2, 0xec, 82, 37, 6, 0xc4, 88, 37, 2, 0xed, 90, 37, 4, 0x01, 100, 37, 4, 0x01, 104, 37, 2, 0xec, 106, 37, 6, 0xc4
    .word 112, 37, 1, 0xec, 113, 37, 1, 0xed, 114, 37, 4, 0x01, 118, 37, 2, 0xec, 120, 37, 6, 0xc4, 126, 37, 1, 0xed, 127, 37, 3, 0xec, 130, 37, 6, 0x01
    .word 136, 37, 4, 0xec, 140, 37, 6, 0xc4, 146, 37, 2, 0xed, 148, 37, 6, 0x01, 154, 37, 2, 0xec, 156, 37, 6, 0xc4, 162, 37, 2, 0xed, 164, 37, 4, 0x01
    .word 170, 37, 4, 0x01, 174, 37, 2, 0xec, 176, 37, 6, 0xc4, 182, 37, 2, 0xed, 184, 37, 6, 0x01, 190, 37, 10, 0xec, 200, 37, 6, 0x01, 206, 37, 4, 0xec
    .word 210, 37, 4, 0xc4, 214, 37, 2, 0xed, 216, 37, 4, 0x01, 0, 38, 4, 0x01, 4, 38, 1, 0xa4, 5, 38, 1, 0xa5, 6, 38, 6, 0x60, 12, 38, 1, 0xa5
    .word 13, 38, 9, 0xa4, 22, 38, 8, 0x60, 30, 38, 2, 0xa5, 32, 38, 4, 0x01, 36, 38, 1, 0xa4, 37, 38, 1, 0xa5, 38, 38, 6, 0x60, 44, 38, 2, 0xa4
    .word 46, 38, 4, 0x01, 76, 38, 4, 0x01, 80, 38, 2, 0xec, 82, 38, 6, 0xc4, 88, 38, 2, 0xed, 90, 38, 4, 0x01, 100, 38, 4, 0x01, 104, 38, 2, 0xec
    .word 106, 38, 6, 0xc4, 112, 38, 1, 0xec, 113, 38, 1, 0xed, 114, 38, 4, 0x01, 118, 38, 2, 0xec, 120, 38, 8, 0xc4, 128, 38, 10, 0xec, 138, 38, 8, 0xc4
    .word 146, 38, 2, 0xed, 148, 38, 6, 0x01, 154, 38, 2, 0xec, 156, 38, 6, 0xc4, 162, 38, 2, 0xed, 164, 38, 4, 0x01, 170, 38, 4, 0x01, 174, 38, 2, 0xec
    .word 176, 38, 6, 0xc4, 182, 38, 2, 0xed, 184, 38, 6, 0x01, 190, 38, 2, 0xec, 192, 38, 6, 0xc4, 198, 38, 10, 0xec, 208, 38, 6, 0xc4, 214, 38, 2, 0xed
    .word 216, 38, 4, 0x01, 0, 39, 4, 0x01, 4, 39, 2, 0xa5, 6, 39, 6, 0x60, 12, 39, 1, 0xa5, 13, 39, 9, 0xa4, 22, 39, 8, 0x60, 30, 39, 2, 0xa5
    .word 32, 39, 4, 0x01, 36, 39, 1, 0xa4, 37, 39, 1, 0xa5, 38, 39, 6, 0x60, 44, 39, 2, 0xa4, 46, 39, 4, 0x01, 76, 39, 4, 0x01, 80, 39, 2, 0xec
    .word 82, 39, 6, 0xc4, 88, 39, 2, 0xed, 90, 39, 4, 0x01, 100, 39, 4, 0x01, 104, 39, 2, 0xec, 106, 39, 6, 0xc4, 112, 39, 2, 0xec, 114, 39, 4, 0x01
    .word 118, 39, 2, 0xec, 120, 39, 8, 0xc4, 128, 39, 10, 0xec, 138, 39, 8, 0xc4, 146, 39, 2, 0xed, 148, 39, 6, 0x01, 154, 39, 2, 0xec, 156, 39, 6, 0xc4
    .word 162, 39, 2, 0xed, 164, 39, 4, 0x01, 170, 39, 4, 0x01, 174, 39, 2, 0xec, 176, 39, 6, 0xc4, 182, 39, 2, 0xed, 184, 39, 6, 0x01, 190, 39, 2, 0xec
    .word 192, 39, 6, 0xc4, 198, 39, 10, 0xec, 208, 39, 6, 0xc4, 214, 39, 2, 0xed, 216, 39, 4, 0x01, 0, 40, 4, 0x01, 4, 40, 2, 0xa5, 6, 40, 15, 0x60
    .word 21, 40, 1, 0xa4, 22, 40, 8, 0x60, 30, 40, 2, 0xa5, 32, 40, 4, 0x01, 36, 40, 1, 0xa4, 37, 40, 1, 0xa5, 38, 40, 6, 0x60, 44, 40, 2, 0xa4
    .word 46, 40, 4, 0x01, 76, 40, 4, 0x01, 80, 40, 2, 0xec, 82, 40, 6, 0xc4, 88, 40, 2, 0xed, 90, 40, 4, 0x01, 100, 40, 4, 0x01, 104, 40, 2, 0xec
    .word 106, 40, 6, 0xc4, 112, 40, 2, 0xec, 114, 40, 4, 0x01, 118, 40, 2, 0xec, 120, 40, 26, 0xc4, 146, 40, 2, 0xed, 148, 40, 6, 0x01, 154, 40, 2, 0xec
    .word 156, 40, 6, 0xc4, 162, 40, 2, 0xed, 164, 40, 4, 0x01, 170, 40, 4, 0x01, 174, 40, 2, 0xec, 176, 40, 6, 0xc4, 182, 40, 2, 0xed, 184, 40, 6, 0x01
    .word 190, 40, 2, 0xec, 192, 40, 22, 0xc4, 214, 40, 2, 0xed, 216, 40, 4, 0x01, 0, 41, 4, 0x01, 4, 41, 2, 0xa5, 6, 41, 3, 0x60, 9, 41, 1, 0x40
    .word 10, 41, 20, 0x60, 30, 41, 2, 0xa5, 32, 41, 4, 0x01, 36, 41, 1, 0xa4, 37, 41, 1, 0xa5, 38, 41, 6, 0x60, 44, 41, 2, 0xa4, 46, 41, 4, 0x01
    .word 76, 41, 4, 0x01, 80, 41, 2, 0xec, 82, 41, 6, 0xc4, 88, 41, 2, 0xed, 90, 41, 4, 0x01, 100, 41, 4, 0x01, 104, 41, 2, 0xec, 106, 41, 6, 0xc4
    .word 112, 41, 2, 0xec, 114, 41, 4, 0x01, 118, 41, 2, 0xec, 120, 41, 26, 0xc4, 146, 41, 2, 0xed, 148, 41, 6, 0x01, 154, 41, 2, 0xec, 156, 41, 6, 0xc4
    .word 162, 41, 2, 0xed, 164, 41, 4, 0x01, 170, 41, 4, 0x01, 174, 41, 2, 0xec, 176, 41, 6, 0xc4, 182, 41, 2, 0xed, 184, 41, 6, 0x01, 190, 41, 2, 0xec
    .word 192, 41, 22, 0xc4, 214, 41, 2, 0xed, 216, 41, 4, 0x01, 0, 42, 4, 0x01, 4, 42, 4, 0xa5, 8, 42, 1, 0x60, 9, 42, 1, 0x40, 10, 42, 18, 0x60
    .word 28, 42, 4, 0xa5, 32, 42, 4, 0x01, 36, 42, 1, 0xa4, 37, 42, 1, 0xa5, 38, 42, 6, 0x60, 44, 42, 2, 0xa4, 46, 42, 4, 0x01, 76, 42, 4, 0x01
    .word 80, 42, 2, 0xec, 82, 42, 6, 0xc4, 88, 42, 2, 0xed, 90, 42, 4, 0x01, 100, 42, 4, 0x01, 104, 42, 2, 0xec, 106, 42, 6, 0xc4, 112, 42, 2, 0xec
    .word 114, 42, 4, 0x01, 118, 42, 4, 0xec, 122, 42, 22, 0xc4, 144, 42, 4, 0xed, 148, 42, 6, 0x01, 154, 42, 2, 0xec, 156, 42, 6, 0xc4, 162, 42, 2, 0xed
    .word 164, 42, 4, 0x01, 170, 42, 4, 0x01, 174, 42, 2, 0xec, 176, 42, 6, 0xc4, 182, 42, 2, 0xed, 184, 42, 6, 0x01, 190, 42, 4, 0xec, 194, 42, 18, 0xc4
    .word 212, 42, 4, 0xed, 216, 42, 4, 0x01, 0, 43, 4, 0x01, 4, 43, 4, 0xa5, 8, 43, 20, 0x60, 28, 43, 3, 0xa5, 31, 43, 1, 0xa4, 32, 43, 4, 0x01
    .word 36, 43, 1, 0xa4, 37, 43, 1, 0xa5, 38, 43, 6, 0x60, 44, 43, 2, 0xa4, 46, 43, 4, 0x01, 76, 43, 4, 0x01, 80, 43, 2, 0xec, 82, 43, 6, 0xc4
    .word 88, 43, 2, 0xed, 90, 43, 4, 0x01, 100, 43, 4, 0x01, 104, 43, 2, 0xec, 106, 43, 6, 0xc4, 112, 43, 2, 0xec, 114, 43, 4, 0x01, 118, 43, 4, 0xec
    .word 122, 43, 22, 0xc4, 144, 43, 4, 0xed, 148, 43, 6, 0x01, 154, 43, 2, 0xec, 156, 43, 6, 0xc4, 162, 43, 2, 0xed, 164, 43, 4, 0x01, 170, 43, 4, 0x01
    .word 174, 43, 2, 0xec, 176, 43, 6, 0xc4, 182, 43, 2, 0xed, 184, 43, 6, 0x01, 190, 43, 4, 0xec, 194, 43, 18, 0xc4, 212, 43, 4, 0xed, 216, 43, 4, 0x01
    .word 0, 44, 5, 0x01, 5, 44, 1, 0x40, 6, 44, 4, 0xa5, 10, 44, 16, 0x60, 26, 44, 2, 0xa5, 28, 44, 8, 0x01, 36, 44, 1, 0xa4, 37, 44, 1, 0xa5
    .word 38, 44, 6, 0x60, 44, 44, 2, 0xa4, 46, 44, 4, 0x01, 76, 44, 4, 0x01, 80, 44, 2, 0xec, 82, 44, 6, 0xc4, 88, 44, 2, 0xed, 90, 44, 4, 0x01
    .word 100, 44, 4, 0x01, 104, 44, 2, 0xec, 106, 44, 6, 0xc4, 112, 44, 2, 0xed, 114, 44, 8, 0x01, 122, 44, 2, 0xec, 124, 44, 18, 0xc4, 142, 44, 2, 0xed
    .word 144, 44, 1, 0x01, 145, 44, 1, 0x20, 146, 44, 8, 0x01, 154, 44, 1, 0xec, 155, 44, 1, 0xed, 156, 44, 6, 0xc4, 162, 44, 2, 0xed, 164, 44, 4, 0x01
    .word 170, 44, 4, 0x01, 174, 44, 2, 0xec, 176, 44, 6, 0xc4, 182, 44, 2, 0xed, 184, 44, 10, 0x01, 194, 44, 2, 0xec, 196, 44, 15, 0xc4, 211, 44, 1, 0xed
    .word 212, 44, 8, 0x01, 0, 45, 6, 0x01, 6, 45, 1, 0xa4, 7, 45, 3, 0xa5, 10, 45, 1, 0xa4, 11, 45, 15, 0x60, 26, 45, 2, 0xa5, 28, 45, 8, 0x01
    .word 36, 45, 2, 0xa5, 38, 45, 6, 0x60, 44, 45, 1, 0xa4, 45, 45, 1, 0xa5, 46, 45, 4, 0x01, 76, 45, 4, 0x01, 80, 45, 2, 0xec, 82, 45, 6, 0xc4
    .word 88, 45, 2, 0xed, 90, 45, 4, 0x01, 100, 45, 4, 0x01, 104, 45, 2, 0xec, 106, 45, 6, 0xc4, 112, 45, 2, 0xed, 114, 45, 8, 0x01, 122, 45, 2, 0xec
    .word 124, 45, 18, 0xc4, 142, 45, 2, 0xed, 144, 45, 1, 0x01, 145, 45, 1, 0x20, 146, 45, 8, 0x01, 154, 45, 1, 0xec, 155, 45, 1, 0xed, 156, 45, 6, 0xc4
    .word 162, 45, 2, 0xed, 164, 45, 4, 0x01, 170, 45, 4, 0x01, 174, 45, 2, 0xec, 176, 45, 6, 0xc4, 182, 45, 2, 0xed, 184, 45, 10, 0x01, 194, 45, 2, 0xec
    .word 196, 45, 14, 0xc4, 210, 45, 2, 0xed, 212, 45, 8, 0x01, 2, 46, 6, 0x01, 8, 46, 7, 0xa4, 15, 46, 12, 0xa5, 27, 46, 1, 0xa4, 28, 46, 8, 0x01
    .word 36, 46, 7, 0xa5, 43, 46, 3, 0xa4, 46, 46, 4, 0x01, 76, 46, 4, 0x01, 80, 46, 10, 0xed, 90, 46, 4, 0x01, 100, 46, 4, 0x01, 104, 46, 10, 0xed
    .word 114, 46, 10, 0x01, 124, 46, 20, 0xed, 144, 46, 4, 0x01, 150, 46, 4, 0x01, 154, 46, 10, 0xed, 164, 46, 4, 0x01, 170, 46, 4, 0x01, 174, 46, 2, 0xec
    .word 176, 46, 8, 0xed, 184, 46, 4, 0x01, 190, 46, 4, 0x01, 194, 46, 4, 0xec, 198, 46, 14, 0xed, 212, 46, 6, 0x01, 2, 47, 6, 0x01, 8, 47, 6, 0xa4
    .word 14, 47, 13, 0xa5, 27, 47, 1, 0xa4, 28, 47, 8, 0x01, 36, 47, 7, 0xa5, 43, 47, 3, 0xa4, 46, 47, 4, 0x01, 76, 47, 4, 0x01, 80, 47, 10, 0xed
    .word 90, 47, 4, 0x01, 100, 47, 4, 0x01, 104, 47, 10, 0xed, 114, 47, 10, 0x01, 124, 47, 20, 0xed, 144, 47, 4, 0x01, 150, 47, 4, 0x01, 154, 47, 10, 0xed
    .word 164, 47, 4, 0x01, 170, 47, 4, 0x01, 174, 47, 1, 0xed, 175, 47, 2, 0xec, 177, 47, 7, 0xed, 184, 47, 4, 0x01, 190, 47, 4, 0x01, 194, 47, 9, 0xec
    .word 203, 47, 9, 0xed, 212, 47, 6, 0x01, 4, 48, 26, 0x01, 32, 48, 18, 0x01, 76, 48, 18, 0x01, 100, 48, 18, 0x01, 120, 48, 28, 0x01, 150, 48, 18, 0x01
    .word 170, 48, 18, 0x01, 192, 48, 24, 0x01, 4, 49, 26, 0x01, 32, 49, 18, 0x01, 76, 49, 18, 0x01, 100, 49, 18, 0x01, 120, 49, 28, 0x01, 150, 49, 18, 0x01
    .word 170, 49, 18, 0x01, 192, 49, 24, 0x01, 8, 50, 20, 0x01, 36, 50, 12, 0x01, 80, 50, 12, 0x01, 102, 50, 12, 0x01, 124, 50, 20, 0x01, 154, 50, 12, 0x01
    .word 174, 50, 12, 0x01, 194, 50, 18, 0x01, 8, 51, 20, 0x01, 36, 51, 12, 0x01, 80, 51, 12, 0x01, 102, 51, 12, 0x01, 124, 51, 20, 0x01, 154, 51, 12, 0x01
    .word 174, 51, 12, 0x01, 194, 51, 18, 0x01, -1, -1, -1, 0

music_label_runs:
    # Texto "MUSICA" em fonte pixel simples.
    .word 0, 0, 3, 0xff, 12, 0, 3, 0xff, 18, 0, 3, 0xff, 30, 0, 3, 0xff, 39, 0, 12, 0xff, 54, 0, 15, 0xff, 75, 0, 12, 0xff, 93, 0, 9, 0xff
    .word 0, 1, 3, 0xff, 12, 1, 3, 0xff, 18, 1, 3, 0xff, 30, 1, 3, 0xff, 39, 1, 12, 0xff, 54, 1, 15, 0xff, 75, 1, 12, 0xff, 93, 1, 9, 0xff
    .word 0, 2, 3, 0xff, 12, 2, 3, 0xff, 18, 2, 3, 0xff, 30, 2, 3, 0xff, 39, 2, 12, 0xff, 54, 2, 15, 0xff, 75, 2, 12, 0xff, 93, 2, 9, 0xff
    .word 0, 3, 6, 0xff, 9, 3, 6, 0xff, 18, 3, 3, 0xff, 30, 3, 3, 0xff, 36, 3, 3, 0xff, 60, 3, 3, 0xff, 72, 3, 3, 0xff, 90, 3, 3, 0xff
    .word 102, 3, 3, 0xff, 0, 4, 6, 0xff, 9, 4, 6, 0xff, 18, 4, 3, 0xff, 30, 4, 3, 0xff, 36, 4, 3, 0xff, 60, 4, 3, 0xff, 72, 4, 3, 0xff
    .word 90, 4, 3, 0xff, 102, 4, 3, 0xff, 0, 5, 6, 0xff, 9, 5, 6, 0xff, 18, 5, 3, 0xff, 30, 5, 3, 0xff, 36, 5, 3, 0xff, 60, 5, 3, 0xff
    .word 72, 5, 3, 0xff, 90, 5, 3, 0xff, 102, 5, 3, 0xff, 0, 6, 3, 0xff, 6, 6, 3, 0xff, 12, 6, 3, 0xff, 18, 6, 3, 0xff, 30, 6, 3, 0xff
    .word 36, 6, 3, 0xff, 60, 6, 3, 0xff, 72, 6, 3, 0xff, 90, 6, 3, 0xff, 102, 6, 3, 0xff, 0, 7, 3, 0xff, 6, 7, 3, 0xff, 12, 7, 3, 0xff
    .word 18, 7, 3, 0xff, 30, 7, 3, 0xff, 36, 7, 3, 0xff, 60, 7, 3, 0xff, 72, 7, 3, 0xff, 90, 7, 3, 0xff, 102, 7, 3, 0xff, 0, 8, 3, 0xff
    .word 6, 8, 3, 0xff, 12, 8, 3, 0xff, 18, 8, 3, 0xff, 30, 8, 3, 0xff, 36, 8, 3, 0xff, 60, 8, 3, 0xff, 72, 8, 3, 0xff, 90, 8, 3, 0xff
    .word 102, 8, 3, 0xff, 0, 9, 3, 0xff, 6, 9, 3, 0xff, 12, 9, 3, 0xff, 18, 9, 3, 0xff, 30, 9, 3, 0xff, 39, 9, 9, 0xff, 60, 9, 3, 0xff
    .word 72, 9, 3, 0xff, 90, 9, 15, 0xff, 0, 10, 3, 0xff, 6, 10, 3, 0xff, 12, 10, 3, 0xff, 18, 10, 3, 0xff, 30, 10, 3, 0xff, 39, 10, 9, 0xff
    .word 60, 10, 3, 0xff, 72, 10, 3, 0xff, 90, 10, 15, 0xff, 0, 11, 3, 0xff, 6, 11, 3, 0xff, 12, 11, 3, 0xff, 18, 11, 3, 0xff, 30, 11, 3, 0xff
    .word 39, 11, 9, 0xff, 60, 11, 3, 0xff, 72, 11, 3, 0xff, 90, 11, 15, 0xff, 0, 12, 3, 0xff, 12, 12, 3, 0xff, 18, 12, 3, 0xff, 30, 12, 3, 0xff
    .word 48, 12, 3, 0xff, 60, 12, 3, 0xff, 72, 12, 3, 0xff, 90, 12, 3, 0xff, 102, 12, 3, 0xff, 0, 13, 3, 0xff, 12, 13, 3, 0xff, 18, 13, 3, 0xff
    .word 30, 13, 3, 0xff, 48, 13, 3, 0xff, 60, 13, 3, 0xff, 72, 13, 3, 0xff, 90, 13, 3, 0xff, 102, 13, 3, 0xff, 0, 14, 3, 0xff, 12, 14, 3, 0xff
    .word 18, 14, 3, 0xff, 30, 14, 3, 0xff, 48, 14, 3, 0xff, 60, 14, 3, 0xff, 72, 14, 3, 0xff, 90, 14, 3, 0xff, 102, 14, 3, 0xff, 0, 15, 3, 0xff
    .word 12, 15, 3, 0xff, 18, 15, 3, 0xff, 30, 15, 3, 0xff, 48, 15, 3, 0xff, 60, 15, 3, 0xff, 72, 15, 3, 0xff, 90, 15, 3, 0xff, 102, 15, 3, 0xff
    .word 0, 16, 3, 0xff, 12, 16, 3, 0xff, 18, 16, 3, 0xff, 30, 16, 3, 0xff, 48, 16, 3, 0xff, 60, 16, 3, 0xff, 72, 16, 3, 0xff, 90, 16, 3, 0xff
    .word 102, 16, 3, 0xff, 0, 17, 3, 0xff, 12, 17, 3, 0xff, 18, 17, 3, 0xff, 30, 17, 3, 0xff, 48, 17, 3, 0xff, 60, 17, 3, 0xff, 72, 17, 3, 0xff
    .word 90, 17, 3, 0xff, 102, 17, 3, 0xff, 0, 18, 3, 0xff, 12, 18, 3, 0xff, 21, 18, 9, 0xff, 36, 18, 12, 0xff, 54, 18, 15, 0xff, 75, 18, 12, 0xff
    .word 90, 18, 3, 0xff, 102, 18, 3, 0xff, 0, 19, 3, 0xff, 12, 19, 3, 0xff, 21, 19, 9, 0xff, 36, 19, 12, 0xff, 54, 19, 15, 0xff, 75, 19, 12, 0xff
    .word 90, 19, 3, 0xff, 102, 19, 3, 0xff, 0, 20, 3, 0xff, 12, 20, 3, 0xff, 21, 20, 9, 0xff, 36, 20, 12, 0xff, 54, 20, 15, 0xff, 75, 20, 12, 0xff
    .word 90, 20, 3, 0xff, 102, 20, 3, 0xff, -1, -1, -1, 0

sfx_label_runs:
    # Texto "SFX" em fonte pixel simples.
    .word 3, 0, 12, 0xff, 18, 0, 15, 0xff, 36, 0, 3, 0xff, 48, 0, 3, 0xff, 3, 1, 12, 0xff, 18, 1, 15, 0xff, 36, 1, 3, 0xff, 48, 1, 3, 0xff
    .word 3, 2, 12, 0xff, 18, 2, 15, 0xff, 36, 2, 3, 0xff, 48, 2, 3, 0xff, 0, 3, 3, 0xff, 18, 3, 3, 0xff, 39, 3, 3, 0xff, 45, 3, 3, 0xff
    .word 0, 4, 3, 0xff, 18, 4, 3, 0xff, 39, 4, 3, 0xff, 45, 4, 3, 0xff, 0, 5, 3, 0xff, 18, 5, 3, 0xff, 39, 5, 3, 0xff, 45, 5, 3, 0xff
    .word 0, 6, 3, 0xff, 18, 6, 3, 0xff, 42, 6, 3, 0xff, 0, 7, 3, 0xff, 18, 7, 3, 0xff, 42, 7, 3, 0xff, 0, 8, 3, 0xff, 18, 8, 3, 0xff
    .word 42, 8, 3, 0xff, 3, 9, 9, 0xff, 18, 9, 12, 0xff, 42, 9, 3, 0xff, 3, 10, 9, 0xff, 18, 10, 12, 0xff, 42, 10, 3, 0xff, 3, 11, 9, 0xff
    .word 18, 11, 12, 0xff, 42, 11, 3, 0xff, 12, 12, 3, 0xff, 18, 12, 3, 0xff, 42, 12, 3, 0xff, 12, 13, 3, 0xff, 18, 13, 3, 0xff, 42, 13, 3, 0xff
    .word 12, 14, 3, 0xff, 18, 14, 3, 0xff, 42, 14, 3, 0xff, 12, 15, 3, 0xff, 18, 15, 3, 0xff, 39, 15, 3, 0xff, 45, 15, 3, 0xff, 12, 16, 3, 0xff
    .word 18, 16, 3, 0xff, 39, 16, 3, 0xff, 45, 16, 3, 0xff, 12, 17, 3, 0xff, 18, 17, 3, 0xff, 39, 17, 3, 0xff, 45, 17, 3, 0xff, 0, 18, 12, 0xff
    .word 18, 18, 3, 0xff, 36, 18, 3, 0xff, 48, 18, 3, 0xff, 0, 19, 12, 0xff, 18, 19, 3, 0xff, 36, 19, 3, 0xff, 48, 19, 3, 0xff, 0, 20, 12, 0xff
    .word 18, 20, 3, 0xff, 36, 20, 3, 0xff, 48, 20, 3, 0xff, -1, -1, -1, 0

back_label_runs:
    # Texto "VOLTAR" em fonte pixel simples.
    .word 0, 0, 3, 0xff, 12, 0, 3, 0xff, 21, 0, 9, 0xff, 36, 0, 3, 0xff, 54, 0, 15, 0xff, 75, 0, 9, 0xff, 90, 0, 12, 0xff, 0, 1, 3, 0xff
    .word 12, 1, 3, 0xff, 21, 1, 9, 0xff, 36, 1, 3, 0xff, 54, 1, 15, 0xff, 75, 1, 9, 0xff, 90, 1, 12, 0xff, 0, 2, 3, 0xff, 12, 2, 3, 0xff
    .word 21, 2, 9, 0xff, 36, 2, 3, 0xff, 54, 2, 15, 0xff, 75, 2, 9, 0xff, 90, 2, 12, 0xff, 0, 3, 3, 0xff, 12, 3, 3, 0xff, 18, 3, 3, 0xff
    .word 30, 3, 3, 0xff, 36, 3, 3, 0xff, 60, 3, 3, 0xff, 72, 3, 3, 0xff, 84, 3, 3, 0xff, 90, 3, 3, 0xff, 102, 3, 3, 0xff, 0, 4, 3, 0xff
    .word 12, 4, 3, 0xff, 18, 4, 3, 0xff, 30, 4, 3, 0xff, 36, 4, 3, 0xff, 60, 4, 3, 0xff, 72, 4, 3, 0xff, 84, 4, 3, 0xff, 90, 4, 3, 0xff
    .word 102, 4, 3, 0xff, 0, 5, 3, 0xff, 12, 5, 3, 0xff, 18, 5, 3, 0xff, 30, 5, 3, 0xff, 36, 5, 3, 0xff, 60, 5, 3, 0xff, 72, 5, 3, 0xff
    .word 84, 5, 3, 0xff, 90, 5, 3, 0xff, 102, 5, 3, 0xff, 0, 6, 3, 0xff, 12, 6, 3, 0xff, 18, 6, 3, 0xff, 30, 6, 3, 0xff, 36, 6, 3, 0xff
    .word 60, 6, 3, 0xff, 72, 6, 3, 0xff, 84, 6, 3, 0xff, 90, 6, 3, 0xff, 102, 6, 3, 0xff, 0, 7, 3, 0xff, 12, 7, 3, 0xff, 18, 7, 3, 0xff
    .word 30, 7, 3, 0xff, 36, 7, 3, 0xff, 60, 7, 3, 0xff, 72, 7, 3, 0xff, 84, 7, 3, 0xff, 90, 7, 3, 0xff, 102, 7, 3, 0xff, 0, 8, 3, 0xff
    .word 12, 8, 3, 0xff, 18, 8, 3, 0xff, 30, 8, 3, 0xff, 36, 8, 3, 0xff, 60, 8, 3, 0xff, 72, 8, 3, 0xff, 84, 8, 3, 0xff, 90, 8, 3, 0xff
    .word 102, 8, 3, 0xff, 0, 9, 3, 0xff, 12, 9, 3, 0xff, 18, 9, 3, 0xff, 30, 9, 3, 0xff, 36, 9, 3, 0xff, 60, 9, 3, 0xff, 72, 9, 15, 0xff
    .word 90, 9, 12, 0xff, 0, 10, 3, 0xff, 12, 10, 3, 0xff, 18, 10, 3, 0xff, 30, 10, 3, 0xff, 36, 10, 3, 0xff, 60, 10, 3, 0xff, 72, 10, 15, 0xff
    .word 90, 10, 12, 0xff, 0, 11, 3, 0xff, 12, 11, 3, 0xff, 18, 11, 3, 0xff, 30, 11, 3, 0xff, 36, 11, 3, 0xff, 60, 11, 3, 0xff, 72, 11, 15, 0xff
    .word 90, 11, 12, 0xff, 0, 12, 3, 0xff, 12, 12, 3, 0xff, 18, 12, 3, 0xff, 30, 12, 3, 0xff, 36, 12, 3, 0xff, 60, 12, 3, 0xff, 72, 12, 3, 0xff
    .word 84, 12, 3, 0xff, 90, 12, 3, 0xff, 96, 12, 3, 0xff, 0, 13, 3, 0xff, 12, 13, 3, 0xff, 18, 13, 3, 0xff, 30, 13, 3, 0xff, 36, 13, 3, 0xff
    .word 60, 13, 3, 0xff, 72, 13, 3, 0xff, 84, 13, 3, 0xff, 90, 13, 3, 0xff, 96, 13, 3, 0xff, 0, 14, 3, 0xff, 12, 14, 3, 0xff, 18, 14, 3, 0xff
    .word 30, 14, 3, 0xff, 36, 14, 3, 0xff, 60, 14, 3, 0xff, 72, 14, 3, 0xff, 84, 14, 3, 0xff, 90, 14, 3, 0xff, 96, 14, 3, 0xff, 3, 15, 3, 0xff
    .word 9, 15, 3, 0xff, 18, 15, 3, 0xff, 30, 15, 3, 0xff, 36, 15, 3, 0xff, 60, 15, 3, 0xff, 72, 15, 3, 0xff, 84, 15, 3, 0xff, 90, 15, 3, 0xff
    .word 99, 15, 3, 0xff, 3, 16, 3, 0xff, 9, 16, 3, 0xff, 18, 16, 3, 0xff, 30, 16, 3, 0xff, 36, 16, 3, 0xff, 60, 16, 3, 0xff, 72, 16, 3, 0xff
    .word 84, 16, 3, 0xff, 90, 16, 3, 0xff, 99, 16, 3, 0xff, 3, 17, 3, 0xff, 9, 17, 3, 0xff, 18, 17, 3, 0xff, 30, 17, 3, 0xff, 36, 17, 3, 0xff
    .word 60, 17, 3, 0xff, 72, 17, 3, 0xff, 84, 17, 3, 0xff, 90, 17, 3, 0xff, 99, 17, 3, 0xff, 6, 18, 3, 0xff, 21, 18, 9, 0xff, 36, 18, 15, 0xff
    .word 60, 18, 3, 0xff, 72, 18, 3, 0xff, 84, 18, 3, 0xff, 90, 18, 3, 0xff, 102, 18, 3, 0xff, 6, 19, 3, 0xff, 21, 19, 9, 0xff, 36, 19, 15, 0xff
    .word 60, 19, 3, 0xff, 72, 19, 3, 0xff, 84, 19, 3, 0xff, 90, 19, 3, 0xff, 102, 19, 3, 0xff, 6, 20, 3, 0xff, 21, 20, 9, 0xff, 36, 20, 15, 0xff
    .word 60, 20, 3, 0xff, 72, 20, 3, 0xff, 84, 20, 3, 0xff, 90, 20, 3, 0xff, 102, 20, 3, 0xff, -1, -1, -1, 0

on_label_runs:
    # Texto "ON" em fonte pixel simples.
    .word 3, 0, 9, 0x38, 18, 0, 3, 0x38, 30, 0, 3, 0x38, 3, 1, 9, 0x38, 18, 1, 3, 0x38, 30, 1, 3, 0x38, 3, 2, 9, 0x38, 18, 2, 3, 0x38
    .word 30, 2, 3, 0x38, 0, 3, 3, 0x38, 12, 3, 3, 0x38, 18, 3, 6, 0x38, 30, 3, 3, 0x38, 0, 4, 3, 0x38, 12, 4, 3, 0x38, 18, 4, 6, 0x38
    .word 30, 4, 3, 0x38, 0, 5, 3, 0x38, 12, 5, 3, 0x38, 18, 5, 6, 0x38, 30, 5, 3, 0x38, 0, 6, 3, 0x38, 12, 6, 3, 0x38, 18, 6, 3, 0x38
    .word 24, 6, 3, 0x38, 30, 6, 3, 0x38, 0, 7, 3, 0x38, 12, 7, 3, 0x38, 18, 7, 3, 0x38, 24, 7, 3, 0x38, 30, 7, 3, 0x38, 0, 8, 3, 0x38
    .word 12, 8, 3, 0x38, 18, 8, 3, 0x38, 24, 8, 3, 0x38, 30, 8, 3, 0x38, 0, 9, 3, 0x38, 12, 9, 3, 0x38, 18, 9, 3, 0x38, 27, 9, 6, 0x38
    .word 0, 10, 3, 0x38, 12, 10, 3, 0x38, 18, 10, 3, 0x38, 27, 10, 6, 0x38, 0, 11, 3, 0x38, 12, 11, 3, 0x38, 18, 11, 3, 0x38, 27, 11, 6, 0x38
    .word 0, 12, 3, 0x38, 12, 12, 3, 0x38, 18, 12, 3, 0x38, 30, 12, 3, 0x38, 0, 13, 3, 0x38, 12, 13, 3, 0x38, 18, 13, 3, 0x38, 30, 13, 3, 0x38
    .word 0, 14, 3, 0x38, 12, 14, 3, 0x38, 18, 14, 3, 0x38, 30, 14, 3, 0x38, 0, 15, 3, 0x38, 12, 15, 3, 0x38, 18, 15, 3, 0x38, 30, 15, 3, 0x38
    .word 0, 16, 3, 0x38, 12, 16, 3, 0x38, 18, 16, 3, 0x38, 30, 16, 3, 0x38, 0, 17, 3, 0x38, 12, 17, 3, 0x38, 18, 17, 3, 0x38, 30, 17, 3, 0x38
    .word 3, 18, 9, 0x38, 18, 18, 3, 0x38, 30, 18, 3, 0x38, 3, 19, 9, 0x38, 18, 19, 3, 0x38, 30, 19, 3, 0x38, 3, 20, 9, 0x38, 18, 20, 3, 0x38
    .word 30, 20, 3, 0x38, -1, -1, -1, 0

off_label_runs:
    # Texto "OFF" em fonte pixel simples.
    .word 3, 0, 9, 0x07, 18, 0, 15, 0x07, 36, 0, 15, 0x07, 3, 1, 9, 0x07, 18, 1, 15, 0x07, 36, 1, 15, 0x07, 3, 2, 9, 0x07, 18, 2, 15, 0x07
    .word 36, 2, 15, 0x07, 0, 3, 3, 0x07, 12, 3, 3, 0x07, 18, 3, 3, 0x07, 36, 3, 3, 0x07, 0, 4, 3, 0x07, 12, 4, 3, 0x07, 18, 4, 3, 0x07
    .word 36, 4, 3, 0x07, 0, 5, 3, 0x07, 12, 5, 3, 0x07, 18, 5, 3, 0x07, 36, 5, 3, 0x07, 0, 6, 3, 0x07, 12, 6, 3, 0x07, 18, 6, 3, 0x07
    .word 36, 6, 3, 0x07, 0, 7, 3, 0x07, 12, 7, 3, 0x07, 18, 7, 3, 0x07, 36, 7, 3, 0x07, 0, 8, 3, 0x07, 12, 8, 3, 0x07, 18, 8, 3, 0x07
    .word 36, 8, 3, 0x07, 0, 9, 3, 0x07, 12, 9, 3, 0x07, 18, 9, 12, 0x07, 36, 9, 12, 0x07, 0, 10, 3, 0x07, 12, 10, 3, 0x07, 18, 10, 12, 0x07
    .word 36, 10, 12, 0x07, 0, 11, 3, 0x07, 12, 11, 3, 0x07, 18, 11, 12, 0x07, 36, 11, 12, 0x07, 0, 12, 3, 0x07, 12, 12, 3, 0x07, 18, 12, 3, 0x07
    .word 36, 12, 3, 0x07, 0, 13, 3, 0x07, 12, 13, 3, 0x07, 18, 13, 3, 0x07, 36, 13, 3, 0x07, 0, 14, 3, 0x07, 12, 14, 3, 0x07, 18, 14, 3, 0x07
    .word 36, 14, 3, 0x07, 0, 15, 3, 0x07, 12, 15, 3, 0x07, 18, 15, 3, 0x07, 36, 15, 3, 0x07, 0, 16, 3, 0x07, 12, 16, 3, 0x07, 18, 16, 3, 0x07
    .word 36, 16, 3, 0x07, 0, 17, 3, 0x07, 12, 17, 3, 0x07, 18, 17, 3, 0x07, 36, 17, 3, 0x07, 3, 18, 9, 0x07, 18, 18, 3, 0x07, 36, 18, 3, 0x07
    .word 3, 19, 9, 0x07, 18, 19, 3, 0x07, 36, 19, 3, 0x07, 3, 20, 9, 0x07, 18, 20, 3, 0x07, 36, 20, 3, 0x07, -1, -1, -1, 0

overlay_0_runs:
    .word 64, 171, 193, 0x38, 64, 172, 1, 0x38, 65, 172, 191, 0x10, 256, 172, 1, 0x38, 64, 173, 1, 0x38, 65, 173, 68, 0x10, 133, 173, 8, 0xff, 141, 173, 2, 0x10
    .word 143, 173, 10, 0xff, 153, 173, 4, 0x10, 157, 173, 6, 0xff, 163, 173, 4, 0x10, 167, 173, 8, 0xff, 175, 173, 4, 0x10, 179, 173, 10, 0xff, 189, 173, 67, 0x10
    .word 256, 173, 1, 0x38, 64, 174, 1, 0x38, 65, 174, 68, 0x10, 133, 174, 8, 0xff, 141, 174, 2, 0x10, 143, 174, 10, 0xff, 153, 174, 4, 0x10, 157, 174, 6, 0xff
    .word 163, 174, 4, 0x10, 167, 174, 8, 0xff, 175, 174, 4, 0x10, 179, 174, 10, 0xff, 189, 174, 67, 0x10, 256, 174, 1, 0x38, 64, 175, 1, 0x38, 65, 175, 11, 0x10
    .word 76, 175, 8, 0x38, 84, 175, 47, 0x10, 131, 175, 2, 0xff, 133, 175, 14, 0x10, 147, 175, 2, 0xff, 149, 175, 6, 0x10, 155, 175, 2, 0xff, 157, 175, 6, 0x10
    .word 163, 175, 2, 0xff, 165, 175, 2, 0x10, 167, 175, 2, 0xff, 169, 175, 6, 0x10, 175, 175, 2, 0xff, 177, 175, 6, 0x10, 183, 175, 2, 0xff, 185, 175, 71, 0x10
    .word 256, 175, 1, 0x38, 64, 176, 1, 0x38, 65, 176, 11, 0x10, 76, 176, 10, 0x38, 86, 176, 45, 0x10, 131, 176, 2, 0xff, 133, 176, 14, 0x10, 147, 176, 2, 0xff
    .word 149, 176, 6, 0x10, 155, 176, 2, 0xff, 157, 176, 6, 0x10, 163, 176, 2, 0xff, 165, 176, 2, 0x10, 167, 176, 2, 0xff, 169, 176, 6, 0x10, 175, 176, 2, 0xff
    .word 177, 176, 6, 0x10, 183, 176, 2, 0xff, 185, 176, 71, 0x10, 256, 176, 1, 0x38, 64, 177, 1, 0x38, 65, 177, 11, 0x10, 76, 177, 12, 0x38, 88, 177, 43, 0x10
    .word 131, 177, 2, 0xff, 133, 177, 14, 0x10, 147, 177, 2, 0xff, 149, 177, 6, 0x10, 155, 177, 2, 0xff, 157, 177, 6, 0x10, 163, 177, 2, 0xff, 165, 177, 2, 0x10
    .word 167, 177, 2, 0xff, 169, 177, 6, 0x10, 175, 177, 2, 0xff, 177, 177, 6, 0x10, 183, 177, 2, 0xff, 185, 177, 71, 0x10, 256, 177, 1, 0x38, 64, 178, 1, 0x38
    .word 65, 178, 11, 0x10, 76, 178, 14, 0x38, 90, 178, 41, 0x10, 131, 178, 2, 0xff, 133, 178, 14, 0x10, 147, 178, 2, 0xff, 149, 178, 6, 0x10, 155, 178, 2, 0xff
    .word 157, 178, 6, 0x10, 163, 178, 2, 0xff, 165, 178, 2, 0x10, 167, 178, 2, 0xff, 169, 178, 6, 0x10, 175, 178, 2, 0xff, 177, 178, 6, 0x10, 183, 178, 2, 0xff
    .word 185, 178, 71, 0x10, 256, 178, 1, 0x38, 64, 179, 1, 0x38, 65, 179, 11, 0x10, 76, 179, 16, 0x38, 92, 179, 41, 0x10, 133, 179, 6, 0xff, 139, 179, 8, 0x10
    .word 147, 179, 2, 0xff, 149, 179, 6, 0x10, 155, 179, 10, 0xff, 165, 179, 2, 0x10, 167, 179, 8, 0xff, 175, 179, 8, 0x10, 183, 179, 2, 0xff, 185, 179, 71, 0x10
    .word 256, 179, 1, 0x38, 64, 180, 1, 0x38, 65, 180, 11, 0x10, 76, 180, 14, 0x38, 90, 180, 43, 0x10, 133, 180, 6, 0xff, 139, 180, 8, 0x10, 147, 180, 2, 0xff
    .word 149, 180, 6, 0x10, 155, 180, 10, 0xff, 165, 180, 2, 0x10, 167, 180, 8, 0xff, 175, 180, 8, 0x10, 183, 180, 2, 0xff, 185, 180, 71, 0x10, 256, 180, 1, 0x38
    .word 64, 181, 1, 0x38, 65, 181, 11, 0x10, 76, 181, 12, 0x38, 88, 181, 51, 0x10, 139, 181, 2, 0xff, 141, 181, 6, 0x10, 147, 181, 2, 0xff, 149, 181, 6, 0x10
    .word 155, 181, 2, 0xff, 157, 181, 6, 0x10, 163, 181, 2, 0xff, 165, 181, 2, 0x10, 167, 181, 2, 0xff, 169, 181, 2, 0x10, 171, 181, 2, 0xff, 173, 181, 10, 0x10
    .word 183, 181, 2, 0xff, 185, 181, 71, 0x10, 256, 181, 1, 0x38, 64, 182, 1, 0x38, 65, 182, 11, 0x10, 76, 182, 10, 0x38, 86, 182, 53, 0x10, 139, 182, 2, 0xff
    .word 141, 182, 6, 0x10, 147, 182, 2, 0xff, 149, 182, 6, 0x10, 155, 182, 2, 0xff, 157, 182, 6, 0x10, 163, 182, 2, 0xff, 165, 182, 2, 0x10, 167, 182, 2, 0xff
    .word 169, 182, 2, 0x10, 171, 182, 2, 0xff, 173, 182, 10, 0x10, 183, 182, 2, 0xff, 185, 182, 71, 0x10, 256, 182, 1, 0x38, 64, 183, 1, 0x38, 65, 183, 11, 0x10
    .word 76, 183, 8, 0x38, 84, 183, 55, 0x10, 139, 183, 2, 0xff, 141, 183, 6, 0x10, 147, 183, 2, 0xff, 149, 183, 6, 0x10, 155, 183, 2, 0xff, 157, 183, 6, 0x10
    .word 163, 183, 2, 0xff, 165, 183, 2, 0x10, 167, 183, 2, 0xff, 169, 183, 4, 0x10, 173, 183, 2, 0xff, 175, 183, 8, 0x10, 183, 183, 2, 0xff, 185, 183, 71, 0x10
    .word 256, 183, 1, 0x38, 64, 184, 1, 0x38, 65, 184, 74, 0x10, 139, 184, 2, 0xff, 141, 184, 6, 0x10, 147, 184, 2, 0xff, 149, 184, 6, 0x10, 155, 184, 2, 0xff
    .word 157, 184, 6, 0x10, 163, 184, 2, 0xff, 165, 184, 2, 0x10, 167, 184, 2, 0xff, 169, 184, 4, 0x10, 173, 184, 2, 0xff, 175, 184, 8, 0x10, 183, 184, 2, 0xff
    .word 185, 184, 71, 0x10, 256, 184, 1, 0x38, 64, 185, 1, 0x38, 65, 185, 66, 0x10, 131, 185, 8, 0xff, 139, 185, 8, 0x10, 147, 185, 2, 0xff, 149, 185, 6, 0x10
    .word 155, 185, 2, 0xff, 157, 185, 6, 0x10, 163, 185, 2, 0xff, 165, 185, 2, 0x10, 167, 185, 2, 0xff, 169, 185, 6, 0x10, 175, 185, 2, 0xff, 177, 185, 6, 0x10
    .word 183, 185, 2, 0xff, 185, 185, 71, 0x10, 256, 185, 1, 0x38, 64, 186, 1, 0x38, 65, 186, 66, 0x10, 131, 186, 8, 0xff, 139, 186, 8, 0x10, 147, 186, 2, 0xff
    .word 149, 186, 6, 0x10, 155, 186, 2, 0xff, 157, 186, 6, 0x10, 163, 186, 2, 0xff, 165, 186, 2, 0x10, 167, 186, 2, 0xff, 169, 186, 6, 0x10, 175, 186, 2, 0xff
    .word 177, 186, 6, 0x10, 183, 186, 2, 0xff, 185, 186, 71, 0x10, 256, 186, 1, 0x38, 64, 187, 193, 0x38, 64, 191, 193, 0x5c, 64, 192, 1, 0x5c, 65, 192, 191, 0x00
    .word 256, 192, 1, 0x5c, 64, 193, 1, 0x5c, 65, 193, 56, 0x00, 121, 193, 6, 0xff, 127, 193, 4, 0x00, 131, 193, 8, 0xff, 139, 193, 4, 0x00, 143, 193, 10, 0xff
    .word 153, 193, 2, 0x00, 155, 193, 10, 0xff, 165, 193, 4, 0x00, 169, 193, 6, 0xff, 175, 193, 4, 0x00, 179, 193, 2, 0xff, 181, 193, 6, 0x00, 187, 193, 2, 0xff
    .word 189, 193, 4, 0x00, 193, 193, 8, 0xff, 201, 193, 55, 0x00, 256, 193, 1, 0x5c, 64, 194, 1, 0x5c, 65, 194, 56, 0x00, 121, 194, 6, 0xff, 127, 194, 4, 0x00
    .word 131, 194, 8, 0xff, 139, 194, 4, 0x00, 143, 194, 10, 0xff, 153, 194, 2, 0x00, 155, 194, 10, 0xff, 165, 194, 4, 0x00, 169, 194, 6, 0xff, 175, 194, 4, 0x00
    .word 179, 194, 2, 0xff, 181, 194, 6, 0x00, 187, 194, 2, 0xff, 189, 194, 4, 0x00, 193, 194, 8, 0xff, 201, 194, 55, 0x00, 256, 194, 1, 0x5c, 64, 195, 1, 0x5c
    .word 65, 195, 54, 0x00, 119, 195, 2, 0xff, 121, 195, 6, 0x00, 127, 195, 2, 0xff, 129, 195, 2, 0x00, 131, 195, 2, 0xff, 133, 195, 6, 0x00, 139, 195, 2, 0xff
    .word 141, 195, 6, 0x00, 147, 195, 2, 0xff, 149, 195, 10, 0x00, 159, 195, 2, 0xff, 161, 195, 6, 0x00, 167, 195, 2, 0xff, 169, 195, 6, 0x00, 175, 195, 2, 0xff
    .word 177, 195, 2, 0x00, 179, 195, 4, 0xff, 183, 195, 4, 0x00, 187, 195, 2, 0xff, 189, 195, 2, 0x00, 191, 195, 2, 0xff, 193, 195, 63, 0x00, 256, 195, 1, 0x5c
    .word 64, 196, 1, 0x5c, 65, 196, 54, 0x00, 119, 196, 2, 0xff, 121, 196, 6, 0x00, 127, 196, 2, 0xff, 129, 196, 2, 0x00, 131, 196, 2, 0xff, 133, 196, 6, 0x00
    .word 139, 196, 2, 0xff, 141, 196, 6, 0x00, 147, 196, 2, 0xff, 149, 196, 10, 0x00, 159, 196, 2, 0xff, 161, 196, 6, 0x00, 167, 196, 2, 0xff, 169, 196, 6, 0x00
    .word 175, 196, 2, 0xff, 177, 196, 2, 0x00, 179, 196, 4, 0xff, 183, 196, 4, 0x00, 187, 196, 2, 0xff, 189, 196, 2, 0x00, 191, 196, 2, 0xff, 193, 196, 63, 0x00
    .word 256, 196, 1, 0x5c, 64, 197, 1, 0x5c, 65, 197, 54, 0x00, 119, 197, 2, 0xff, 121, 197, 6, 0x00, 127, 197, 2, 0xff, 129, 197, 2, 0x00, 131, 197, 2, 0xff
    .word 133, 197, 6, 0x00, 139, 197, 2, 0xff, 141, 197, 6, 0x00, 147, 197, 2, 0xff, 149, 197, 10, 0x00, 159, 197, 2, 0xff, 161, 197, 6, 0x00, 167, 197, 2, 0xff
    .word 169, 197, 6, 0x00, 175, 197, 2, 0xff, 177, 197, 2, 0x00, 179, 197, 2, 0xff, 181, 197, 2, 0x00, 183, 197, 2, 0xff, 185, 197, 2, 0x00, 187, 197, 2, 0xff
    .word 189, 197, 2, 0x00, 191, 197, 2, 0xff, 193, 197, 63, 0x00, 256, 197, 1, 0x5c, 64, 198, 1, 0x5c, 65, 198, 54, 0x00, 119, 198, 2, 0xff, 121, 198, 6, 0x00
    .word 127, 198, 2, 0xff, 129, 198, 2, 0x00, 131, 198, 2, 0xff, 133, 198, 6, 0x00, 139, 198, 2, 0xff, 141, 198, 6, 0x00, 147, 198, 2, 0xff, 149, 198, 10, 0x00
    .word 159, 198, 2, 0xff, 161, 198, 6, 0x00, 167, 198, 2, 0xff, 169, 198, 6, 0x00, 175, 198, 2, 0xff, 177, 198, 2, 0x00, 179, 198, 2, 0xff, 181, 198, 2, 0x00
    .word 183, 198, 2, 0xff, 185, 198, 2, 0x00, 187, 198, 2, 0xff, 189, 198, 2, 0x00, 191, 198, 2, 0xff, 193, 198, 63, 0x00, 256, 198, 1, 0x5c, 64, 199, 1, 0x5c
    .word 65, 199, 54, 0x00, 119, 199, 2, 0xff, 121, 199, 6, 0x00, 127, 199, 2, 0xff, 129, 199, 2, 0x00, 131, 199, 8, 0xff, 139, 199, 8, 0x00, 147, 199, 2, 0xff
    .word 149, 199, 10, 0x00, 159, 199, 2, 0xff, 161, 199, 6, 0x00, 167, 199, 2, 0xff, 169, 199, 6, 0x00, 175, 199, 2, 0xff, 177, 199, 2, 0x00, 179, 199, 2, 0xff
    .word 181, 199, 4, 0x00, 185, 199, 4, 0xff, 189, 199, 4, 0x00, 193, 199, 6, 0xff, 199, 199, 57, 0x00, 256, 199, 1, 0x5c, 64, 200, 1, 0x5c, 65, 200, 54, 0x00
    .word 119, 200, 2, 0xff, 121, 200, 6, 0x00, 127, 200, 2, 0xff, 129, 200, 2, 0x00, 131, 200, 8, 0xff, 139, 200, 8, 0x00, 147, 200, 2, 0xff, 149, 200, 10, 0x00
    .word 159, 200, 2, 0xff, 161, 200, 6, 0x00, 167, 200, 2, 0xff, 169, 200, 6, 0x00, 175, 200, 2, 0xff, 177, 200, 2, 0x00, 179, 200, 2, 0xff, 181, 200, 4, 0x00
    .word 185, 200, 4, 0xff, 189, 200, 4, 0x00, 193, 200, 6, 0xff, 199, 200, 57, 0x00, 256, 200, 1, 0x5c, 64, 201, 1, 0x5c, 65, 201, 54, 0x00, 119, 201, 2, 0xff
    .word 121, 201, 6, 0x00, 127, 201, 2, 0xff, 129, 201, 2, 0x00, 131, 201, 2, 0xff, 133, 201, 14, 0x00, 147, 201, 2, 0xff, 149, 201, 10, 0x00, 159, 201, 2, 0xff
    .word 161, 201, 6, 0x00, 167, 201, 2, 0xff, 169, 201, 6, 0x00, 175, 201, 2, 0xff, 177, 201, 2, 0x00, 179, 201, 2, 0xff, 181, 201, 6, 0x00, 187, 201, 2, 0xff
    .word 189, 201, 10, 0x00, 199, 201, 2, 0xff, 201, 201, 55, 0x00, 256, 201, 1, 0x5c, 64, 202, 1, 0x5c, 65, 202, 54, 0x00, 119, 202, 2, 0xff, 121, 202, 6, 0x00
    .word 127, 202, 2, 0xff, 129, 202, 2, 0x00, 131, 202, 2, 0xff, 133, 202, 14, 0x00, 147, 202, 2, 0xff, 149, 202, 10, 0x00, 159, 202, 2, 0xff, 161, 202, 6, 0x00
    .word 167, 202, 2, 0xff, 169, 202, 6, 0x00, 175, 202, 2, 0xff, 177, 202, 2, 0x00, 179, 202, 2, 0xff, 181, 202, 6, 0x00, 187, 202, 2, 0xff, 189, 202, 10, 0x00
    .word 199, 202, 2, 0xff, 201, 202, 55, 0x00, 256, 202, 1, 0x5c, 64, 203, 1, 0x5c, 65, 203, 54, 0x00, 119, 203, 2, 0xff, 121, 203, 6, 0x00, 127, 203, 2, 0xff
    .word 129, 203, 2, 0x00, 131, 203, 2, 0xff, 133, 203, 14, 0x00, 147, 203, 2, 0xff, 149, 203, 10, 0x00, 159, 203, 2, 0xff, 161, 203, 6, 0x00, 167, 203, 2, 0xff
    .word 169, 203, 6, 0x00, 175, 203, 2, 0xff, 177, 203, 2, 0x00, 179, 203, 2, 0xff, 181, 203, 6, 0x00, 187, 203, 2, 0xff, 189, 203, 10, 0x00, 199, 203, 2, 0xff
    .word 201, 203, 55, 0x00, 256, 203, 1, 0x5c, 64, 204, 1, 0x5c, 65, 204, 54, 0x00, 119, 204, 2, 0xff, 121, 204, 6, 0x00, 127, 204, 2, 0xff, 129, 204, 2, 0x00
    .word 131, 204, 2, 0xff, 133, 204, 14, 0x00, 147, 204, 2, 0xff, 149, 204, 10, 0x00, 159, 204, 2, 0xff, 161, 204, 6, 0x00, 167, 204, 2, 0xff, 169, 204, 6, 0x00
    .word 175, 204, 2, 0xff, 177, 204, 2, 0x00, 179, 204, 2, 0xff, 181, 204, 6, 0x00, 187, 204, 2, 0xff, 189, 204, 10, 0x00, 199, 204, 2, 0xff, 201, 204, 55, 0x00
    .word 256, 204, 1, 0x5c, 64, 205, 1, 0x5c, 65, 205, 56, 0x00, 121, 205, 6, 0xff, 127, 205, 4, 0x00, 131, 205, 2, 0xff, 133, 205, 14, 0x00, 147, 205, 2, 0xff
    .word 149, 205, 6, 0x00, 155, 205, 10, 0xff, 165, 205, 4, 0x00, 169, 205, 6, 0xff, 175, 205, 4, 0x00, 179, 205, 2, 0xff, 181, 205, 6, 0x00, 187, 205, 2, 0xff
    .word 189, 205, 2, 0x00, 191, 205, 8, 0xff, 199, 205, 57, 0x00, 256, 205, 1, 0x5c, 64, 206, 1, 0x5c, 65, 206, 56, 0x00, 121, 206, 6, 0xff, 127, 206, 4, 0x00
    .word 131, 206, 2, 0xff, 133, 206, 14, 0x00, 147, 206, 2, 0xff, 149, 206, 6, 0x00, 155, 206, 10, 0xff, 165, 206, 4, 0x00, 169, 206, 6, 0xff, 175, 206, 4, 0x00
    .word 179, 206, 2, 0xff, 181, 206, 6, 0x00, 187, 206, 2, 0xff, 189, 206, 2, 0x00, 191, 206, 8, 0xff, 199, 206, 57, 0x00, 256, 206, 1, 0x5c, 64, 207, 193, 0x5c
    .word 64, 211, 193, 0x5c, 64, 212, 1, 0x5c, 65, 212, 191, 0x00, 256, 212, 1, 0x5c, 64, 213, 1, 0x5c, 65, 213, 72, 0x00, 137, 213, 10, 0xff, 147, 213, 2, 0x00
    .word 149, 213, 2, 0xff, 151, 213, 6, 0x00, 157, 213, 2, 0xff, 159, 213, 2, 0x00, 161, 213, 10, 0xff, 171, 213, 2, 0x00, 173, 213, 10, 0xff, 183, 213, 73, 0x00
    .word 256, 213, 1, 0x5c, 64, 214, 1, 0x5c, 65, 214, 72, 0x00, 137, 214, 10, 0xff, 147, 214, 2, 0x00, 149, 214, 2, 0xff, 151, 214, 6, 0x00, 157, 214, 2, 0xff
    .word 159, 214, 2, 0x00, 161, 214, 10, 0xff, 171, 214, 2, 0x00, 173, 214, 10, 0xff, 183, 214, 73, 0x00, 256, 214, 1, 0x5c, 64, 215, 1, 0x5c, 65, 215, 72, 0x00
    .word 137, 215, 2, 0xff, 139, 215, 10, 0x00, 149, 215, 2, 0xff, 151, 215, 6, 0x00, 157, 215, 2, 0xff, 159, 215, 6, 0x00, 165, 215, 2, 0xff, 167, 215, 10, 0x00
    .word 177, 215, 2, 0xff, 179, 215, 77, 0x00, 256, 215, 1, 0x5c, 64, 216, 1, 0x5c, 65, 216, 72, 0x00, 137, 216, 2, 0xff, 139, 216, 10, 0x00, 149, 216, 2, 0xff
    .word 151, 216, 6, 0x00, 157, 216, 2, 0xff, 159, 216, 6, 0x00, 165, 216, 2, 0xff, 167, 216, 10, 0x00, 177, 216, 2, 0xff, 179, 216, 77, 0x00, 256, 216, 1, 0x5c
    .word 64, 217, 1, 0x5c, 65, 217, 72, 0x00, 137, 217, 2, 0xff, 139, 217, 12, 0x00, 151, 217, 2, 0xff, 153, 217, 2, 0x00, 155, 217, 2, 0xff, 157, 217, 8, 0x00
    .word 165, 217, 2, 0xff, 167, 217, 10, 0x00, 177, 217, 2, 0xff, 179, 217, 77, 0x00, 256, 217, 1, 0x5c, 64, 218, 1, 0x5c, 65, 218, 72, 0x00, 137, 218, 2, 0xff
    .word 139, 218, 12, 0x00, 151, 218, 2, 0xff, 153, 218, 2, 0x00, 155, 218, 2, 0xff, 157, 218, 8, 0x00, 165, 218, 2, 0xff, 167, 218, 10, 0x00, 177, 218, 2, 0xff
    .word 179, 218, 77, 0x00, 256, 218, 1, 0x5c, 64, 219, 1, 0x5c, 65, 219, 72, 0x00, 137, 219, 8, 0xff, 145, 219, 8, 0x00, 153, 219, 2, 0xff, 155, 219, 10, 0x00
    .word 165, 219, 2, 0xff, 167, 219, 10, 0x00, 177, 219, 2, 0xff, 179, 219, 77, 0x00, 256, 219, 1, 0x5c, 64, 220, 1, 0x5c, 65, 220, 72, 0x00, 137, 220, 8, 0xff
    .word 145, 220, 8, 0x00, 153, 220, 2, 0xff, 155, 220, 10, 0x00, 165, 220, 2, 0xff, 167, 220, 10, 0x00, 177, 220, 2, 0xff, 179, 220, 77, 0x00, 256, 220, 1, 0x5c
    .word 64, 221, 1, 0x5c, 65, 221, 72, 0x00, 137, 221, 2, 0xff, 139, 221, 12, 0x00, 151, 221, 2, 0xff, 153, 221, 2, 0x00, 155, 221, 2, 0xff, 157, 221, 8, 0x00
    .word 165, 221, 2, 0xff, 167, 221, 10, 0x00, 177, 221, 2, 0xff, 179, 221, 77, 0x00, 256, 221, 1, 0x5c, 64, 222, 1, 0x5c, 65, 222, 72, 0x00, 137, 222, 2, 0xff
    .word 139, 222, 12, 0x00, 151, 222, 2, 0xff, 153, 222, 2, 0x00, 155, 222, 2, 0xff, 157, 222, 8, 0x00, 165, 222, 2, 0xff, 167, 222, 10, 0x00, 177, 222, 2, 0xff
    .word 179, 222, 77, 0x00, 256, 222, 1, 0x5c, 64, 223, 1, 0x5c, 65, 223, 72, 0x00, 137, 223, 2, 0xff, 139, 223, 10, 0x00, 149, 223, 2, 0xff, 151, 223, 6, 0x00
    .word 157, 223, 2, 0xff, 159, 223, 6, 0x00, 165, 223, 2, 0xff, 167, 223, 10, 0x00, 177, 223, 2, 0xff, 179, 223, 77, 0x00, 256, 223, 1, 0x5c, 64, 224, 1, 0x5c
    .word 65, 224, 72, 0x00, 137, 224, 2, 0xff, 139, 224, 10, 0x00, 149, 224, 2, 0xff, 151, 224, 6, 0x00, 157, 224, 2, 0xff, 159, 224, 6, 0x00, 165, 224, 2, 0xff
    .word 167, 224, 10, 0x00, 177, 224, 2, 0xff, 179, 224, 77, 0x00, 256, 224, 1, 0x5c, 64, 225, 1, 0x5c, 65, 225, 72, 0x00, 137, 225, 10, 0xff, 147, 225, 2, 0x00
    .word 149, 225, 2, 0xff, 151, 225, 6, 0x00, 157, 225, 2, 0xff, 159, 225, 2, 0x00, 161, 225, 10, 0xff, 171, 225, 6, 0x00, 177, 225, 2, 0xff, 179, 225, 77, 0x00
    .word 256, 225, 1, 0x5c, 64, 226, 1, 0x5c, 65, 226, 72, 0x00, 137, 226, 10, 0xff, 147, 226, 2, 0x00, 149, 226, 2, 0xff, 151, 226, 6, 0x00, 157, 226, 2, 0xff
    .word 159, 226, 2, 0x00, 161, 226, 10, 0xff, 171, 226, 6, 0x00, 177, 226, 2, 0xff, 179, 226, 77, 0x00, 256, 226, 1, 0x5c, 64, 227, 193, 0x5c, -1, -1, -1, 0

overlay_1_runs:
    .word 64, 171, 193, 0x5c, 64, 172, 1, 0x5c, 65, 172, 191, 0x00, 256, 172, 1, 0x5c, 64, 173, 1, 0x5c, 65, 173, 68, 0x00, 133, 173, 8, 0xff, 141, 173, 2, 0x00
    .word 143, 173, 10, 0xff, 153, 173, 4, 0x00, 157, 173, 6, 0xff, 163, 173, 4, 0x00, 167, 173, 8, 0xff, 175, 173, 4, 0x00, 179, 173, 10, 0xff, 189, 173, 67, 0x00
    .word 256, 173, 1, 0x5c, 64, 174, 1, 0x5c, 65, 174, 68, 0x00, 133, 174, 8, 0xff, 141, 174, 2, 0x00, 143, 174, 10, 0xff, 153, 174, 4, 0x00, 157, 174, 6, 0xff
    .word 163, 174, 4, 0x00, 167, 174, 8, 0xff, 175, 174, 4, 0x00, 179, 174, 10, 0xff, 189, 174, 67, 0x00, 256, 174, 1, 0x5c, 64, 175, 1, 0x5c, 65, 175, 66, 0x00
    .word 131, 175, 2, 0xff, 133, 175, 14, 0x00, 147, 175, 2, 0xff, 149, 175, 6, 0x00, 155, 175, 2, 0xff, 157, 175, 6, 0x00, 163, 175, 2, 0xff, 165, 175, 2, 0x00
    .word 167, 175, 2, 0xff, 169, 175, 6, 0x00, 175, 175, 2, 0xff, 177, 175, 6, 0x00, 183, 175, 2, 0xff, 185, 175, 71, 0x00, 256, 175, 1, 0x5c, 64, 176, 1, 0x5c
    .word 65, 176, 66, 0x00, 131, 176, 2, 0xff, 133, 176, 14, 0x00, 147, 176, 2, 0xff, 149, 176, 6, 0x00, 155, 176, 2, 0xff, 157, 176, 6, 0x00, 163, 176, 2, 0xff
    .word 165, 176, 2, 0x00, 167, 176, 2, 0xff, 169, 176, 6, 0x00, 175, 176, 2, 0xff, 177, 176, 6, 0x00, 183, 176, 2, 0xff, 185, 176, 71, 0x00, 256, 176, 1, 0x5c
    .word 64, 177, 1, 0x5c, 65, 177, 66, 0x00, 131, 177, 2, 0xff, 133, 177, 14, 0x00, 147, 177, 2, 0xff, 149, 177, 6, 0x00, 155, 177, 2, 0xff, 157, 177, 6, 0x00
    .word 163, 177, 2, 0xff, 165, 177, 2, 0x00, 167, 177, 2, 0xff, 169, 177, 6, 0x00, 175, 177, 2, 0xff, 177, 177, 6, 0x00, 183, 177, 2, 0xff, 185, 177, 71, 0x00
    .word 256, 177, 1, 0x5c, 64, 178, 1, 0x5c, 65, 178, 66, 0x00, 131, 178, 2, 0xff, 133, 178, 14, 0x00, 147, 178, 2, 0xff, 149, 178, 6, 0x00, 155, 178, 2, 0xff
    .word 157, 178, 6, 0x00, 163, 178, 2, 0xff, 165, 178, 2, 0x00, 167, 178, 2, 0xff, 169, 178, 6, 0x00, 175, 178, 2, 0xff, 177, 178, 6, 0x00, 183, 178, 2, 0xff
    .word 185, 178, 71, 0x00, 256, 178, 1, 0x5c, 64, 179, 1, 0x5c, 65, 179, 68, 0x00, 133, 179, 6, 0xff, 139, 179, 8, 0x00, 147, 179, 2, 0xff, 149, 179, 6, 0x00
    .word 155, 179, 10, 0xff, 165, 179, 2, 0x00, 167, 179, 8, 0xff, 175, 179, 8, 0x00, 183, 179, 2, 0xff, 185, 179, 71, 0x00, 256, 179, 1, 0x5c, 64, 180, 1, 0x5c
    .word 65, 180, 68, 0x00, 133, 180, 6, 0xff, 139, 180, 8, 0x00, 147, 180, 2, 0xff, 149, 180, 6, 0x00, 155, 180, 10, 0xff, 165, 180, 2, 0x00, 167, 180, 8, 0xff
    .word 175, 180, 8, 0x00, 183, 180, 2, 0xff, 185, 180, 71, 0x00, 256, 180, 1, 0x5c, 64, 181, 1, 0x5c, 65, 181, 74, 0x00, 139, 181, 2, 0xff, 141, 181, 6, 0x00
    .word 147, 181, 2, 0xff, 149, 181, 6, 0x00, 155, 181, 2, 0xff, 157, 181, 6, 0x00, 163, 181, 2, 0xff, 165, 181, 2, 0x00, 167, 181, 2, 0xff, 169, 181, 2, 0x00
    .word 171, 181, 2, 0xff, 173, 181, 10, 0x00, 183, 181, 2, 0xff, 185, 181, 71, 0x00, 256, 181, 1, 0x5c, 64, 182, 1, 0x5c, 65, 182, 74, 0x00, 139, 182, 2, 0xff
    .word 141, 182, 6, 0x00, 147, 182, 2, 0xff, 149, 182, 6, 0x00, 155, 182, 2, 0xff, 157, 182, 6, 0x00, 163, 182, 2, 0xff, 165, 182, 2, 0x00, 167, 182, 2, 0xff
    .word 169, 182, 2, 0x00, 171, 182, 2, 0xff, 173, 182, 10, 0x00, 183, 182, 2, 0xff, 185, 182, 71, 0x00, 256, 182, 1, 0x5c, 64, 183, 1, 0x5c, 65, 183, 74, 0x00
    .word 139, 183, 2, 0xff, 141, 183, 6, 0x00, 147, 183, 2, 0xff, 149, 183, 6, 0x00, 155, 183, 2, 0xff, 157, 183, 6, 0x00, 163, 183, 2, 0xff, 165, 183, 2, 0x00
    .word 167, 183, 2, 0xff, 169, 183, 4, 0x00, 173, 183, 2, 0xff, 175, 183, 8, 0x00, 183, 183, 2, 0xff, 185, 183, 71, 0x00, 256, 183, 1, 0x5c, 64, 184, 1, 0x5c
    .word 65, 184, 74, 0x00, 139, 184, 2, 0xff, 141, 184, 6, 0x00, 147, 184, 2, 0xff, 149, 184, 6, 0x00, 155, 184, 2, 0xff, 157, 184, 6, 0x00, 163, 184, 2, 0xff
    .word 165, 184, 2, 0x00, 167, 184, 2, 0xff, 169, 184, 4, 0x00, 173, 184, 2, 0xff, 175, 184, 8, 0x00, 183, 184, 2, 0xff, 185, 184, 71, 0x00, 256, 184, 1, 0x5c
    .word 64, 185, 1, 0x5c, 65, 185, 66, 0x00, 131, 185, 8, 0xff, 139, 185, 8, 0x00, 147, 185, 2, 0xff, 149, 185, 6, 0x00, 155, 185, 2, 0xff, 157, 185, 6, 0x00
    .word 163, 185, 2, 0xff, 165, 185, 2, 0x00, 167, 185, 2, 0xff, 169, 185, 6, 0x00, 175, 185, 2, 0xff, 177, 185, 6, 0x00, 183, 185, 2, 0xff, 185, 185, 71, 0x00
    .word 256, 185, 1, 0x5c, 64, 186, 1, 0x5c, 65, 186, 66, 0x00, 131, 186, 8, 0xff, 139, 186, 8, 0x00, 147, 186, 2, 0xff, 149, 186, 6, 0x00, 155, 186, 2, 0xff
    .word 157, 186, 6, 0x00, 163, 186, 2, 0xff, 165, 186, 2, 0x00, 167, 186, 2, 0xff, 169, 186, 6, 0x00, 175, 186, 2, 0xff, 177, 186, 6, 0x00, 183, 186, 2, 0xff
    .word 185, 186, 71, 0x00, 256, 186, 1, 0x5c, 64, 187, 193, 0x5c, 64, 191, 193, 0x38, 64, 192, 1, 0x38, 65, 192, 191, 0x10, 256, 192, 1, 0x38, 64, 193, 1, 0x38
    .word 65, 193, 56, 0x10, 121, 193, 6, 0xff, 127, 193, 4, 0x10, 131, 193, 8, 0xff, 139, 193, 4, 0x10, 143, 193, 10, 0xff, 153, 193, 2, 0x10, 155, 193, 10, 0xff
    .word 165, 193, 4, 0x10, 169, 193, 6, 0xff, 175, 193, 4, 0x10, 179, 193, 2, 0xff, 181, 193, 6, 0x10, 187, 193, 2, 0xff, 189, 193, 4, 0x10, 193, 193, 8, 0xff
    .word 201, 193, 55, 0x10, 256, 193, 1, 0x38, 64, 194, 1, 0x38, 65, 194, 56, 0x10, 121, 194, 6, 0xff, 127, 194, 4, 0x10, 131, 194, 8, 0xff, 139, 194, 4, 0x10
    .word 143, 194, 10, 0xff, 153, 194, 2, 0x10, 155, 194, 10, 0xff, 165, 194, 4, 0x10, 169, 194, 6, 0xff, 175, 194, 4, 0x10, 179, 194, 2, 0xff, 181, 194, 6, 0x10
    .word 187, 194, 2, 0xff, 189, 194, 4, 0x10, 193, 194, 8, 0xff, 201, 194, 55, 0x10, 256, 194, 1, 0x38, 64, 195, 1, 0x38, 65, 195, 11, 0x10, 76, 195, 8, 0x38
    .word 84, 195, 35, 0x10, 119, 195, 2, 0xff, 121, 195, 6, 0x10, 127, 195, 2, 0xff, 129, 195, 2, 0x10, 131, 195, 2, 0xff, 133, 195, 6, 0x10, 139, 195, 2, 0xff
    .word 141, 195, 6, 0x10, 147, 195, 2, 0xff, 149, 195, 10, 0x10, 159, 195, 2, 0xff, 161, 195, 6, 0x10, 167, 195, 2, 0xff, 169, 195, 6, 0x10, 175, 195, 2, 0xff
    .word 177, 195, 2, 0x10, 179, 195, 4, 0xff, 183, 195, 4, 0x10, 187, 195, 2, 0xff, 189, 195, 2, 0x10, 191, 195, 2, 0xff, 193, 195, 63, 0x10, 256, 195, 1, 0x38
    .word 64, 196, 1, 0x38, 65, 196, 11, 0x10, 76, 196, 10, 0x38, 86, 196, 33, 0x10, 119, 196, 2, 0xff, 121, 196, 6, 0x10, 127, 196, 2, 0xff, 129, 196, 2, 0x10
    .word 131, 196, 2, 0xff, 133, 196, 6, 0x10, 139, 196, 2, 0xff, 141, 196, 6, 0x10, 147, 196, 2, 0xff, 149, 196, 10, 0x10, 159, 196, 2, 0xff, 161, 196, 6, 0x10
    .word 167, 196, 2, 0xff, 169, 196, 6, 0x10, 175, 196, 2, 0xff, 177, 196, 2, 0x10, 179, 196, 4, 0xff, 183, 196, 4, 0x10, 187, 196, 2, 0xff, 189, 196, 2, 0x10
    .word 191, 196, 2, 0xff, 193, 196, 63, 0x10, 256, 196, 1, 0x38, 64, 197, 1, 0x38, 65, 197, 11, 0x10, 76, 197, 12, 0x38, 88, 197, 31, 0x10, 119, 197, 2, 0xff
    .word 121, 197, 6, 0x10, 127, 197, 2, 0xff, 129, 197, 2, 0x10, 131, 197, 2, 0xff, 133, 197, 6, 0x10, 139, 197, 2, 0xff, 141, 197, 6, 0x10, 147, 197, 2, 0xff
    .word 149, 197, 10, 0x10, 159, 197, 2, 0xff, 161, 197, 6, 0x10, 167, 197, 2, 0xff, 169, 197, 6, 0x10, 175, 197, 2, 0xff, 177, 197, 2, 0x10, 179, 197, 2, 0xff
    .word 181, 197, 2, 0x10, 183, 197, 2, 0xff, 185, 197, 2, 0x10, 187, 197, 2, 0xff, 189, 197, 2, 0x10, 191, 197, 2, 0xff, 193, 197, 63, 0x10, 256, 197, 1, 0x38
    .word 64, 198, 1, 0x38, 65, 198, 11, 0x10, 76, 198, 14, 0x38, 90, 198, 29, 0x10, 119, 198, 2, 0xff, 121, 198, 6, 0x10, 127, 198, 2, 0xff, 129, 198, 2, 0x10
    .word 131, 198, 2, 0xff, 133, 198, 6, 0x10, 139, 198, 2, 0xff, 141, 198, 6, 0x10, 147, 198, 2, 0xff, 149, 198, 10, 0x10, 159, 198, 2, 0xff, 161, 198, 6, 0x10
    .word 167, 198, 2, 0xff, 169, 198, 6, 0x10, 175, 198, 2, 0xff, 177, 198, 2, 0x10, 179, 198, 2, 0xff, 181, 198, 2, 0x10, 183, 198, 2, 0xff, 185, 198, 2, 0x10
    .word 187, 198, 2, 0xff, 189, 198, 2, 0x10, 191, 198, 2, 0xff, 193, 198, 63, 0x10, 256, 198, 1, 0x38, 64, 199, 1, 0x38, 65, 199, 11, 0x10, 76, 199, 16, 0x38
    .word 92, 199, 27, 0x10, 119, 199, 2, 0xff, 121, 199, 6, 0x10, 127, 199, 2, 0xff, 129, 199, 2, 0x10, 131, 199, 8, 0xff, 139, 199, 8, 0x10, 147, 199, 2, 0xff
    .word 149, 199, 10, 0x10, 159, 199, 2, 0xff, 161, 199, 6, 0x10, 167, 199, 2, 0xff, 169, 199, 6, 0x10, 175, 199, 2, 0xff, 177, 199, 2, 0x10, 179, 199, 2, 0xff
    .word 181, 199, 4, 0x10, 185, 199, 4, 0xff, 189, 199, 4, 0x10, 193, 199, 6, 0xff, 199, 199, 57, 0x10, 256, 199, 1, 0x38, 64, 200, 1, 0x38, 65, 200, 11, 0x10
    .word 76, 200, 14, 0x38, 90, 200, 29, 0x10, 119, 200, 2, 0xff, 121, 200, 6, 0x10, 127, 200, 2, 0xff, 129, 200, 2, 0x10, 131, 200, 8, 0xff, 139, 200, 8, 0x10
    .word 147, 200, 2, 0xff, 149, 200, 10, 0x10, 159, 200, 2, 0xff, 161, 200, 6, 0x10, 167, 200, 2, 0xff, 169, 200, 6, 0x10, 175, 200, 2, 0xff, 177, 200, 2, 0x10
    .word 179, 200, 2, 0xff, 181, 200, 4, 0x10, 185, 200, 4, 0xff, 189, 200, 4, 0x10, 193, 200, 6, 0xff, 199, 200, 57, 0x10, 256, 200, 1, 0x38, 64, 201, 1, 0x38
    .word 65, 201, 11, 0x10, 76, 201, 12, 0x38, 88, 201, 31, 0x10, 119, 201, 2, 0xff, 121, 201, 6, 0x10, 127, 201, 2, 0xff, 129, 201, 2, 0x10, 131, 201, 2, 0xff
    .word 133, 201, 14, 0x10, 147, 201, 2, 0xff, 149, 201, 10, 0x10, 159, 201, 2, 0xff, 161, 201, 6, 0x10, 167, 201, 2, 0xff, 169, 201, 6, 0x10, 175, 201, 2, 0xff
    .word 177, 201, 2, 0x10, 179, 201, 2, 0xff, 181, 201, 6, 0x10, 187, 201, 2, 0xff, 189, 201, 10, 0x10, 199, 201, 2, 0xff, 201, 201, 55, 0x10, 256, 201, 1, 0x38
    .word 64, 202, 1, 0x38, 65, 202, 11, 0x10, 76, 202, 10, 0x38, 86, 202, 33, 0x10, 119, 202, 2, 0xff, 121, 202, 6, 0x10, 127, 202, 2, 0xff, 129, 202, 2, 0x10
    .word 131, 202, 2, 0xff, 133, 202, 14, 0x10, 147, 202, 2, 0xff, 149, 202, 10, 0x10, 159, 202, 2, 0xff, 161, 202, 6, 0x10, 167, 202, 2, 0xff, 169, 202, 6, 0x10
    .word 175, 202, 2, 0xff, 177, 202, 2, 0x10, 179, 202, 2, 0xff, 181, 202, 6, 0x10, 187, 202, 2, 0xff, 189, 202, 10, 0x10, 199, 202, 2, 0xff, 201, 202, 55, 0x10
    .word 256, 202, 1, 0x38, 64, 203, 1, 0x38, 65, 203, 11, 0x10, 76, 203, 8, 0x38, 84, 203, 35, 0x10, 119, 203, 2, 0xff, 121, 203, 6, 0x10, 127, 203, 2, 0xff
    .word 129, 203, 2, 0x10, 131, 203, 2, 0xff, 133, 203, 14, 0x10, 147, 203, 2, 0xff, 149, 203, 10, 0x10, 159, 203, 2, 0xff, 161, 203, 6, 0x10, 167, 203, 2, 0xff
    .word 169, 203, 6, 0x10, 175, 203, 2, 0xff, 177, 203, 2, 0x10, 179, 203, 2, 0xff, 181, 203, 6, 0x10, 187, 203, 2, 0xff, 189, 203, 10, 0x10, 199, 203, 2, 0xff
    .word 201, 203, 55, 0x10, 256, 203, 1, 0x38, 64, 204, 1, 0x38, 65, 204, 54, 0x10, 119, 204, 2, 0xff, 121, 204, 6, 0x10, 127, 204, 2, 0xff, 129, 204, 2, 0x10
    .word 131, 204, 2, 0xff, 133, 204, 14, 0x10, 147, 204, 2, 0xff, 149, 204, 10, 0x10, 159, 204, 2, 0xff, 161, 204, 6, 0x10, 167, 204, 2, 0xff, 169, 204, 6, 0x10
    .word 175, 204, 2, 0xff, 177, 204, 2, 0x10, 179, 204, 2, 0xff, 181, 204, 6, 0x10, 187, 204, 2, 0xff, 189, 204, 10, 0x10, 199, 204, 2, 0xff, 201, 204, 55, 0x10
    .word 256, 204, 1, 0x38, 64, 205, 1, 0x38, 65, 205, 56, 0x10, 121, 205, 6, 0xff, 127, 205, 4, 0x10, 131, 205, 2, 0xff, 133, 205, 14, 0x10, 147, 205, 2, 0xff
    .word 149, 205, 6, 0x10, 155, 205, 10, 0xff, 165, 205, 4, 0x10, 169, 205, 6, 0xff, 175, 205, 4, 0x10, 179, 205, 2, 0xff, 181, 205, 6, 0x10, 187, 205, 2, 0xff
    .word 189, 205, 2, 0x10, 191, 205, 8, 0xff, 199, 205, 57, 0x10, 256, 205, 1, 0x38, 64, 206, 1, 0x38, 65, 206, 56, 0x10, 121, 206, 6, 0xff, 127, 206, 4, 0x10
    .word 131, 206, 2, 0xff, 133, 206, 14, 0x10, 147, 206, 2, 0xff, 149, 206, 6, 0x10, 155, 206, 10, 0xff, 165, 206, 4, 0x10, 169, 206, 6, 0xff, 175, 206, 4, 0x10
    .word 179, 206, 2, 0xff, 181, 206, 6, 0x10, 187, 206, 2, 0xff, 189, 206, 2, 0x10, 191, 206, 8, 0xff, 199, 206, 57, 0x10, 256, 206, 1, 0x38, 64, 207, 193, 0x38
    .word 64, 211, 193, 0x5c, 64, 212, 1, 0x5c, 65, 212, 191, 0x00, 256, 212, 1, 0x5c, 64, 213, 1, 0x5c, 65, 213, 72, 0x00, 137, 213, 10, 0xff, 147, 213, 2, 0x00
    .word 149, 213, 2, 0xff, 151, 213, 6, 0x00, 157, 213, 2, 0xff, 159, 213, 2, 0x00, 161, 213, 10, 0xff, 171, 213, 2, 0x00, 173, 213, 10, 0xff, 183, 213, 73, 0x00
    .word 256, 213, 1, 0x5c, 64, 214, 1, 0x5c, 65, 214, 72, 0x00, 137, 214, 10, 0xff, 147, 214, 2, 0x00, 149, 214, 2, 0xff, 151, 214, 6, 0x00, 157, 214, 2, 0xff
    .word 159, 214, 2, 0x00, 161, 214, 10, 0xff, 171, 214, 2, 0x00, 173, 214, 10, 0xff, 183, 214, 73, 0x00, 256, 214, 1, 0x5c, 64, 215, 1, 0x5c, 65, 215, 72, 0x00
    .word 137, 215, 2, 0xff, 139, 215, 10, 0x00, 149, 215, 2, 0xff, 151, 215, 6, 0x00, 157, 215, 2, 0xff, 159, 215, 6, 0x00, 165, 215, 2, 0xff, 167, 215, 10, 0x00
    .word 177, 215, 2, 0xff, 179, 215, 77, 0x00, 256, 215, 1, 0x5c, 64, 216, 1, 0x5c, 65, 216, 72, 0x00, 137, 216, 2, 0xff, 139, 216, 10, 0x00, 149, 216, 2, 0xff
    .word 151, 216, 6, 0x00, 157, 216, 2, 0xff, 159, 216, 6, 0x00, 165, 216, 2, 0xff, 167, 216, 10, 0x00, 177, 216, 2, 0xff, 179, 216, 77, 0x00, 256, 216, 1, 0x5c
    .word 64, 217, 1, 0x5c, 65, 217, 72, 0x00, 137, 217, 2, 0xff, 139, 217, 12, 0x00, 151, 217, 2, 0xff, 153, 217, 2, 0x00, 155, 217, 2, 0xff, 157, 217, 8, 0x00
    .word 165, 217, 2, 0xff, 167, 217, 10, 0x00, 177, 217, 2, 0xff, 179, 217, 77, 0x00, 256, 217, 1, 0x5c, 64, 218, 1, 0x5c, 65, 218, 72, 0x00, 137, 218, 2, 0xff
    .word 139, 218, 12, 0x00, 151, 218, 2, 0xff, 153, 218, 2, 0x00, 155, 218, 2, 0xff, 157, 218, 8, 0x00, 165, 218, 2, 0xff, 167, 218, 10, 0x00, 177, 218, 2, 0xff
    .word 179, 218, 77, 0x00, 256, 218, 1, 0x5c, 64, 219, 1, 0x5c, 65, 219, 72, 0x00, 137, 219, 8, 0xff, 145, 219, 8, 0x00, 153, 219, 2, 0xff, 155, 219, 10, 0x00
    .word 165, 219, 2, 0xff, 167, 219, 10, 0x00, 177, 219, 2, 0xff, 179, 219, 77, 0x00, 256, 219, 1, 0x5c, 64, 220, 1, 0x5c, 65, 220, 72, 0x00, 137, 220, 8, 0xff
    .word 145, 220, 8, 0x00, 153, 220, 2, 0xff, 155, 220, 10, 0x00, 165, 220, 2, 0xff, 167, 220, 10, 0x00, 177, 220, 2, 0xff, 179, 220, 77, 0x00, 256, 220, 1, 0x5c
    .word 64, 221, 1, 0x5c, 65, 221, 72, 0x00, 137, 221, 2, 0xff, 139, 221, 12, 0x00, 151, 221, 2, 0xff, 153, 221, 2, 0x00, 155, 221, 2, 0xff, 157, 221, 8, 0x00
    .word 165, 221, 2, 0xff, 167, 221, 10, 0x00, 177, 221, 2, 0xff, 179, 221, 77, 0x00, 256, 221, 1, 0x5c, 64, 222, 1, 0x5c, 65, 222, 72, 0x00, 137, 222, 2, 0xff
    .word 139, 222, 12, 0x00, 151, 222, 2, 0xff, 153, 222, 2, 0x00, 155, 222, 2, 0xff, 157, 222, 8, 0x00, 165, 222, 2, 0xff, 167, 222, 10, 0x00, 177, 222, 2, 0xff
    .word 179, 222, 77, 0x00, 256, 222, 1, 0x5c, 64, 223, 1, 0x5c, 65, 223, 72, 0x00, 137, 223, 2, 0xff, 139, 223, 10, 0x00, 149, 223, 2, 0xff, 151, 223, 6, 0x00
    .word 157, 223, 2, 0xff, 159, 223, 6, 0x00, 165, 223, 2, 0xff, 167, 223, 10, 0x00, 177, 223, 2, 0xff, 179, 223, 77, 0x00, 256, 223, 1, 0x5c, 64, 224, 1, 0x5c
    .word 65, 224, 72, 0x00, 137, 224, 2, 0xff, 139, 224, 10, 0x00, 149, 224, 2, 0xff, 151, 224, 6, 0x00, 157, 224, 2, 0xff, 159, 224, 6, 0x00, 165, 224, 2, 0xff
    .word 167, 224, 10, 0x00, 177, 224, 2, 0xff, 179, 224, 77, 0x00, 256, 224, 1, 0x5c, 64, 225, 1, 0x5c, 65, 225, 72, 0x00, 137, 225, 10, 0xff, 147, 225, 2, 0x00
    .word 149, 225, 2, 0xff, 151, 225, 6, 0x00, 157, 225, 2, 0xff, 159, 225, 2, 0x00, 161, 225, 10, 0xff, 171, 225, 6, 0x00, 177, 225, 2, 0xff, 179, 225, 77, 0x00
    .word 256, 225, 1, 0x5c, 64, 226, 1, 0x5c, 65, 226, 72, 0x00, 137, 226, 10, 0xff, 147, 226, 2, 0x00, 149, 226, 2, 0xff, 151, 226, 6, 0x00, 157, 226, 2, 0xff
    .word 159, 226, 2, 0x00, 161, 226, 10, 0xff, 171, 226, 6, 0x00, 177, 226, 2, 0xff, 179, 226, 77, 0x00, 256, 226, 1, 0x5c, 64, 227, 193, 0x5c, -1, -1, -1, 0

overlay_2_runs:
    .word 64, 171, 193, 0x5c, 64, 172, 1, 0x5c, 65, 172, 191, 0x00, 256, 172, 1, 0x5c, 64, 173, 1, 0x5c, 65, 173, 68, 0x00, 133, 173, 8, 0xff, 141, 173, 2, 0x00
    .word 143, 173, 10, 0xff, 153, 173, 4, 0x00, 157, 173, 6, 0xff, 163, 173, 4, 0x00, 167, 173, 8, 0xff, 175, 173, 4, 0x00, 179, 173, 10, 0xff, 189, 173, 67, 0x00
    .word 256, 173, 1, 0x5c, 64, 174, 1, 0x5c, 65, 174, 68, 0x00, 133, 174, 8, 0xff, 141, 174, 2, 0x00, 143, 174, 10, 0xff, 153, 174, 4, 0x00, 157, 174, 6, 0xff
    .word 163, 174, 4, 0x00, 167, 174, 8, 0xff, 175, 174, 4, 0x00, 179, 174, 10, 0xff, 189, 174, 67, 0x00, 256, 174, 1, 0x5c, 64, 175, 1, 0x5c, 65, 175, 66, 0x00
    .word 131, 175, 2, 0xff, 133, 175, 14, 0x00, 147, 175, 2, 0xff, 149, 175, 6, 0x00, 155, 175, 2, 0xff, 157, 175, 6, 0x00, 163, 175, 2, 0xff, 165, 175, 2, 0x00
    .word 167, 175, 2, 0xff, 169, 175, 6, 0x00, 175, 175, 2, 0xff, 177, 175, 6, 0x00, 183, 175, 2, 0xff, 185, 175, 71, 0x00, 256, 175, 1, 0x5c, 64, 176, 1, 0x5c
    .word 65, 176, 66, 0x00, 131, 176, 2, 0xff, 133, 176, 14, 0x00, 147, 176, 2, 0xff, 149, 176, 6, 0x00, 155, 176, 2, 0xff, 157, 176, 6, 0x00, 163, 176, 2, 0xff
    .word 165, 176, 2, 0x00, 167, 176, 2, 0xff, 169, 176, 6, 0x00, 175, 176, 2, 0xff, 177, 176, 6, 0x00, 183, 176, 2, 0xff, 185, 176, 71, 0x00, 256, 176, 1, 0x5c
    .word 64, 177, 1, 0x5c, 65, 177, 66, 0x00, 131, 177, 2, 0xff, 133, 177, 14, 0x00, 147, 177, 2, 0xff, 149, 177, 6, 0x00, 155, 177, 2, 0xff, 157, 177, 6, 0x00
    .word 163, 177, 2, 0xff, 165, 177, 2, 0x00, 167, 177, 2, 0xff, 169, 177, 6, 0x00, 175, 177, 2, 0xff, 177, 177, 6, 0x00, 183, 177, 2, 0xff, 185, 177, 71, 0x00
    .word 256, 177, 1, 0x5c, 64, 178, 1, 0x5c, 65, 178, 66, 0x00, 131, 178, 2, 0xff, 133, 178, 14, 0x00, 147, 178, 2, 0xff, 149, 178, 6, 0x00, 155, 178, 2, 0xff
    .word 157, 178, 6, 0x00, 163, 178, 2, 0xff, 165, 178, 2, 0x00, 167, 178, 2, 0xff, 169, 178, 6, 0x00, 175, 178, 2, 0xff, 177, 178, 6, 0x00, 183, 178, 2, 0xff
    .word 185, 178, 71, 0x00, 256, 178, 1, 0x5c, 64, 179, 1, 0x5c, 65, 179, 68, 0x00, 133, 179, 6, 0xff, 139, 179, 8, 0x00, 147, 179, 2, 0xff, 149, 179, 6, 0x00
    .word 155, 179, 10, 0xff, 165, 179, 2, 0x00, 167, 179, 8, 0xff, 175, 179, 8, 0x00, 183, 179, 2, 0xff, 185, 179, 71, 0x00, 256, 179, 1, 0x5c, 64, 180, 1, 0x5c
    .word 65, 180, 68, 0x00, 133, 180, 6, 0xff, 139, 180, 8, 0x00, 147, 180, 2, 0xff, 149, 180, 6, 0x00, 155, 180, 10, 0xff, 165, 180, 2, 0x00, 167, 180, 8, 0xff
    .word 175, 180, 8, 0x00, 183, 180, 2, 0xff, 185, 180, 71, 0x00, 256, 180, 1, 0x5c, 64, 181, 1, 0x5c, 65, 181, 74, 0x00, 139, 181, 2, 0xff, 141, 181, 6, 0x00
    .word 147, 181, 2, 0xff, 149, 181, 6, 0x00, 155, 181, 2, 0xff, 157, 181, 6, 0x00, 163, 181, 2, 0xff, 165, 181, 2, 0x00, 167, 181, 2, 0xff, 169, 181, 2, 0x00
    .word 171, 181, 2, 0xff, 173, 181, 10, 0x00, 183, 181, 2, 0xff, 185, 181, 71, 0x00, 256, 181, 1, 0x5c, 64, 182, 1, 0x5c, 65, 182, 74, 0x00, 139, 182, 2, 0xff
    .word 141, 182, 6, 0x00, 147, 182, 2, 0xff, 149, 182, 6, 0x00, 155, 182, 2, 0xff, 157, 182, 6, 0x00, 163, 182, 2, 0xff, 165, 182, 2, 0x00, 167, 182, 2, 0xff
    .word 169, 182, 2, 0x00, 171, 182, 2, 0xff, 173, 182, 10, 0x00, 183, 182, 2, 0xff, 185, 182, 71, 0x00, 256, 182, 1, 0x5c, 64, 183, 1, 0x5c, 65, 183, 74, 0x00
    .word 139, 183, 2, 0xff, 141, 183, 6, 0x00, 147, 183, 2, 0xff, 149, 183, 6, 0x00, 155, 183, 2, 0xff, 157, 183, 6, 0x00, 163, 183, 2, 0xff, 165, 183, 2, 0x00
    .word 167, 183, 2, 0xff, 169, 183, 4, 0x00, 173, 183, 2, 0xff, 175, 183, 8, 0x00, 183, 183, 2, 0xff, 185, 183, 71, 0x00, 256, 183, 1, 0x5c, 64, 184, 1, 0x5c
    .word 65, 184, 74, 0x00, 139, 184, 2, 0xff, 141, 184, 6, 0x00, 147, 184, 2, 0xff, 149, 184, 6, 0x00, 155, 184, 2, 0xff, 157, 184, 6, 0x00, 163, 184, 2, 0xff
    .word 165, 184, 2, 0x00, 167, 184, 2, 0xff, 169, 184, 4, 0x00, 173, 184, 2, 0xff, 175, 184, 8, 0x00, 183, 184, 2, 0xff, 185, 184, 71, 0x00, 256, 184, 1, 0x5c
    .word 64, 185, 1, 0x5c, 65, 185, 66, 0x00, 131, 185, 8, 0xff, 139, 185, 8, 0x00, 147, 185, 2, 0xff, 149, 185, 6, 0x00, 155, 185, 2, 0xff, 157, 185, 6, 0x00
    .word 163, 185, 2, 0xff, 165, 185, 2, 0x00, 167, 185, 2, 0xff, 169, 185, 6, 0x00, 175, 185, 2, 0xff, 177, 185, 6, 0x00, 183, 185, 2, 0xff, 185, 185, 71, 0x00
    .word 256, 185, 1, 0x5c, 64, 186, 1, 0x5c, 65, 186, 66, 0x00, 131, 186, 8, 0xff, 139, 186, 8, 0x00, 147, 186, 2, 0xff, 149, 186, 6, 0x00, 155, 186, 2, 0xff
    .word 157, 186, 6, 0x00, 163, 186, 2, 0xff, 165, 186, 2, 0x00, 167, 186, 2, 0xff, 169, 186, 6, 0x00, 175, 186, 2, 0xff, 177, 186, 6, 0x00, 183, 186, 2, 0xff
    .word 185, 186, 71, 0x00, 256, 186, 1, 0x5c, 64, 187, 193, 0x5c, 64, 191, 193, 0x5c, 64, 192, 1, 0x5c, 65, 192, 191, 0x00, 256, 192, 1, 0x5c, 64, 193, 1, 0x5c
    .word 65, 193, 56, 0x00, 121, 193, 6, 0xff, 127, 193, 4, 0x00, 131, 193, 8, 0xff, 139, 193, 4, 0x00, 143, 193, 10, 0xff, 153, 193, 2, 0x00, 155, 193, 10, 0xff
    .word 165, 193, 4, 0x00, 169, 193, 6, 0xff, 175, 193, 4, 0x00, 179, 193, 2, 0xff, 181, 193, 6, 0x00, 187, 193, 2, 0xff, 189, 193, 4, 0x00, 193, 193, 8, 0xff
    .word 201, 193, 55, 0x00, 256, 193, 1, 0x5c, 64, 194, 1, 0x5c, 65, 194, 56, 0x00, 121, 194, 6, 0xff, 127, 194, 4, 0x00, 131, 194, 8, 0xff, 139, 194, 4, 0x00
    .word 143, 194, 10, 0xff, 153, 194, 2, 0x00, 155, 194, 10, 0xff, 165, 194, 4, 0x00, 169, 194, 6, 0xff, 175, 194, 4, 0x00, 179, 194, 2, 0xff, 181, 194, 6, 0x00
    .word 187, 194, 2, 0xff, 189, 194, 4, 0x00, 193, 194, 8, 0xff, 201, 194, 55, 0x00, 256, 194, 1, 0x5c, 64, 195, 1, 0x5c, 65, 195, 54, 0x00, 119, 195, 2, 0xff
    .word 121, 195, 6, 0x00, 127, 195, 2, 0xff, 129, 195, 2, 0x00, 131, 195, 2, 0xff, 133, 195, 6, 0x00, 139, 195, 2, 0xff, 141, 195, 6, 0x00, 147, 195, 2, 0xff
    .word 149, 195, 10, 0x00, 159, 195, 2, 0xff, 161, 195, 6, 0x00, 167, 195, 2, 0xff, 169, 195, 6, 0x00, 175, 195, 2, 0xff, 177, 195, 2, 0x00, 179, 195, 4, 0xff
    .word 183, 195, 4, 0x00, 187, 195, 2, 0xff, 189, 195, 2, 0x00, 191, 195, 2, 0xff, 193, 195, 63, 0x00, 256, 195, 1, 0x5c, 64, 196, 1, 0x5c, 65, 196, 54, 0x00
    .word 119, 196, 2, 0xff, 121, 196, 6, 0x00, 127, 196, 2, 0xff, 129, 196, 2, 0x00, 131, 196, 2, 0xff, 133, 196, 6, 0x00, 139, 196, 2, 0xff, 141, 196, 6, 0x00
    .word 147, 196, 2, 0xff, 149, 196, 10, 0x00, 159, 196, 2, 0xff, 161, 196, 6, 0x00, 167, 196, 2, 0xff, 169, 196, 6, 0x00, 175, 196, 2, 0xff, 177, 196, 2, 0x00
    .word 179, 196, 4, 0xff, 183, 196, 4, 0x00, 187, 196, 2, 0xff, 189, 196, 2, 0x00, 191, 196, 2, 0xff, 193, 196, 63, 0x00, 256, 196, 1, 0x5c, 64, 197, 1, 0x5c
    .word 65, 197, 54, 0x00, 119, 197, 2, 0xff, 121, 197, 6, 0x00, 127, 197, 2, 0xff, 129, 197, 2, 0x00, 131, 197, 2, 0xff, 133, 197, 6, 0x00, 139, 197, 2, 0xff
    .word 141, 197, 6, 0x00, 147, 197, 2, 0xff, 149, 197, 10, 0x00, 159, 197, 2, 0xff, 161, 197, 6, 0x00, 167, 197, 2, 0xff, 169, 197, 6, 0x00, 175, 197, 2, 0xff
    .word 177, 197, 2, 0x00, 179, 197, 2, 0xff, 181, 197, 2, 0x00, 183, 197, 2, 0xff, 185, 197, 2, 0x00, 187, 197, 2, 0xff, 189, 197, 2, 0x00, 191, 197, 2, 0xff
    .word 193, 197, 63, 0x00, 256, 197, 1, 0x5c, 64, 198, 1, 0x5c, 65, 198, 54, 0x00, 119, 198, 2, 0xff, 121, 198, 6, 0x00, 127, 198, 2, 0xff, 129, 198, 2, 0x00
    .word 131, 198, 2, 0xff, 133, 198, 6, 0x00, 139, 198, 2, 0xff, 141, 198, 6, 0x00, 147, 198, 2, 0xff, 149, 198, 10, 0x00, 159, 198, 2, 0xff, 161, 198, 6, 0x00
    .word 167, 198, 2, 0xff, 169, 198, 6, 0x00, 175, 198, 2, 0xff, 177, 198, 2, 0x00, 179, 198, 2, 0xff, 181, 198, 2, 0x00, 183, 198, 2, 0xff, 185, 198, 2, 0x00
    .word 187, 198, 2, 0xff, 189, 198, 2, 0x00, 191, 198, 2, 0xff, 193, 198, 63, 0x00, 256, 198, 1, 0x5c, 64, 199, 1, 0x5c, 65, 199, 54, 0x00, 119, 199, 2, 0xff
    .word 121, 199, 6, 0x00, 127, 199, 2, 0xff, 129, 199, 2, 0x00, 131, 199, 8, 0xff, 139, 199, 8, 0x00, 147, 199, 2, 0xff, 149, 199, 10, 0x00, 159, 199, 2, 0xff
    .word 161, 199, 6, 0x00, 167, 199, 2, 0xff, 169, 199, 6, 0x00, 175, 199, 2, 0xff, 177, 199, 2, 0x00, 179, 199, 2, 0xff, 181, 199, 4, 0x00, 185, 199, 4, 0xff
    .word 189, 199, 4, 0x00, 193, 199, 6, 0xff, 199, 199, 57, 0x00, 256, 199, 1, 0x5c, 64, 200, 1, 0x5c, 65, 200, 54, 0x00, 119, 200, 2, 0xff, 121, 200, 6, 0x00
    .word 127, 200, 2, 0xff, 129, 200, 2, 0x00, 131, 200, 8, 0xff, 139, 200, 8, 0x00, 147, 200, 2, 0xff, 149, 200, 10, 0x00, 159, 200, 2, 0xff, 161, 200, 6, 0x00
    .word 167, 200, 2, 0xff, 169, 200, 6, 0x00, 175, 200, 2, 0xff, 177, 200, 2, 0x00, 179, 200, 2, 0xff, 181, 200, 4, 0x00, 185, 200, 4, 0xff, 189, 200, 4, 0x00
    .word 193, 200, 6, 0xff, 199, 200, 57, 0x00, 256, 200, 1, 0x5c, 64, 201, 1, 0x5c, 65, 201, 54, 0x00, 119, 201, 2, 0xff, 121, 201, 6, 0x00, 127, 201, 2, 0xff
    .word 129, 201, 2, 0x00, 131, 201, 2, 0xff, 133, 201, 14, 0x00, 147, 201, 2, 0xff, 149, 201, 10, 0x00, 159, 201, 2, 0xff, 161, 201, 6, 0x00, 167, 201, 2, 0xff
    .word 169, 201, 6, 0x00, 175, 201, 2, 0xff, 177, 201, 2, 0x00, 179, 201, 2, 0xff, 181, 201, 6, 0x00, 187, 201, 2, 0xff, 189, 201, 10, 0x00, 199, 201, 2, 0xff
    .word 201, 201, 55, 0x00, 256, 201, 1, 0x5c, 64, 202, 1, 0x5c, 65, 202, 54, 0x00, 119, 202, 2, 0xff, 121, 202, 6, 0x00, 127, 202, 2, 0xff, 129, 202, 2, 0x00
    .word 131, 202, 2, 0xff, 133, 202, 14, 0x00, 147, 202, 2, 0xff, 149, 202, 10, 0x00, 159, 202, 2, 0xff, 161, 202, 6, 0x00, 167, 202, 2, 0xff, 169, 202, 6, 0x00
    .word 175, 202, 2, 0xff, 177, 202, 2, 0x00, 179, 202, 2, 0xff, 181, 202, 6, 0x00, 187, 202, 2, 0xff, 189, 202, 10, 0x00, 199, 202, 2, 0xff, 201, 202, 55, 0x00
    .word 256, 202, 1, 0x5c, 64, 203, 1, 0x5c, 65, 203, 54, 0x00, 119, 203, 2, 0xff, 121, 203, 6, 0x00, 127, 203, 2, 0xff, 129, 203, 2, 0x00, 131, 203, 2, 0xff
    .word 133, 203, 14, 0x00, 147, 203, 2, 0xff, 149, 203, 10, 0x00, 159, 203, 2, 0xff, 161, 203, 6, 0x00, 167, 203, 2, 0xff, 169, 203, 6, 0x00, 175, 203, 2, 0xff
    .word 177, 203, 2, 0x00, 179, 203, 2, 0xff, 181, 203, 6, 0x00, 187, 203, 2, 0xff, 189, 203, 10, 0x00, 199, 203, 2, 0xff, 201, 203, 55, 0x00, 256, 203, 1, 0x5c
    .word 64, 204, 1, 0x5c, 65, 204, 54, 0x00, 119, 204, 2, 0xff, 121, 204, 6, 0x00, 127, 204, 2, 0xff, 129, 204, 2, 0x00, 131, 204, 2, 0xff, 133, 204, 14, 0x00
    .word 147, 204, 2, 0xff, 149, 204, 10, 0x00, 159, 204, 2, 0xff, 161, 204, 6, 0x00, 167, 204, 2, 0xff, 169, 204, 6, 0x00, 175, 204, 2, 0xff, 177, 204, 2, 0x00
    .word 179, 204, 2, 0xff, 181, 204, 6, 0x00, 187, 204, 2, 0xff, 189, 204, 10, 0x00, 199, 204, 2, 0xff, 201, 204, 55, 0x00, 256, 204, 1, 0x5c, 64, 205, 1, 0x5c
    .word 65, 205, 56, 0x00, 121, 205, 6, 0xff, 127, 205, 4, 0x00, 131, 205, 2, 0xff, 133, 205, 14, 0x00, 147, 205, 2, 0xff, 149, 205, 6, 0x00, 155, 205, 10, 0xff
    .word 165, 205, 4, 0x00, 169, 205, 6, 0xff, 175, 205, 4, 0x00, 179, 205, 2, 0xff, 181, 205, 6, 0x00, 187, 205, 2, 0xff, 189, 205, 2, 0x00, 191, 205, 8, 0xff
    .word 199, 205, 57, 0x00, 256, 205, 1, 0x5c, 64, 206, 1, 0x5c, 65, 206, 56, 0x00, 121, 206, 6, 0xff, 127, 206, 4, 0x00, 131, 206, 2, 0xff, 133, 206, 14, 0x00
    .word 147, 206, 2, 0xff, 149, 206, 6, 0x00, 155, 206, 10, 0xff, 165, 206, 4, 0x00, 169, 206, 6, 0xff, 175, 206, 4, 0x00, 179, 206, 2, 0xff, 181, 206, 6, 0x00
    .word 187, 206, 2, 0xff, 189, 206, 2, 0x00, 191, 206, 8, 0xff, 199, 206, 57, 0x00, 256, 206, 1, 0x5c, 64, 207, 193, 0x5c, 64, 211, 193, 0x38, 64, 212, 1, 0x38
    .word 65, 212, 191, 0x10, 256, 212, 1, 0x38, 64, 213, 1, 0x38, 65, 213, 72, 0x10, 137, 213, 10, 0xff, 147, 213, 2, 0x10, 149, 213, 2, 0xff, 151, 213, 6, 0x10
    .word 157, 213, 2, 0xff, 159, 213, 2, 0x10, 161, 213, 10, 0xff, 171, 213, 2, 0x10, 173, 213, 10, 0xff, 183, 213, 73, 0x10, 256, 213, 1, 0x38, 64, 214, 1, 0x38
    .word 65, 214, 72, 0x10, 137, 214, 10, 0xff, 147, 214, 2, 0x10, 149, 214, 2, 0xff, 151, 214, 6, 0x10, 157, 214, 2, 0xff, 159, 214, 2, 0x10, 161, 214, 10, 0xff
    .word 171, 214, 2, 0x10, 173, 214, 10, 0xff, 183, 214, 73, 0x10, 256, 214, 1, 0x38, 64, 215, 1, 0x38, 65, 215, 11, 0x10, 76, 215, 8, 0x38, 84, 215, 53, 0x10
    .word 137, 215, 2, 0xff, 139, 215, 10, 0x10, 149, 215, 2, 0xff, 151, 215, 6, 0x10, 157, 215, 2, 0xff, 159, 215, 6, 0x10, 165, 215, 2, 0xff, 167, 215, 10, 0x10
    .word 177, 215, 2, 0xff, 179, 215, 77, 0x10, 256, 215, 1, 0x38, 64, 216, 1, 0x38, 65, 216, 11, 0x10, 76, 216, 10, 0x38, 86, 216, 51, 0x10, 137, 216, 2, 0xff
    .word 139, 216, 10, 0x10, 149, 216, 2, 0xff, 151, 216, 6, 0x10, 157, 216, 2, 0xff, 159, 216, 6, 0x10, 165, 216, 2, 0xff, 167, 216, 10, 0x10, 177, 216, 2, 0xff
    .word 179, 216, 77, 0x10, 256, 216, 1, 0x38, 64, 217, 1, 0x38, 65, 217, 11, 0x10, 76, 217, 12, 0x38, 88, 217, 49, 0x10, 137, 217, 2, 0xff, 139, 217, 12, 0x10
    .word 151, 217, 2, 0xff, 153, 217, 2, 0x10, 155, 217, 2, 0xff, 157, 217, 8, 0x10, 165, 217, 2, 0xff, 167, 217, 10, 0x10, 177, 217, 2, 0xff, 179, 217, 77, 0x10
    .word 256, 217, 1, 0x38, 64, 218, 1, 0x38, 65, 218, 11, 0x10, 76, 218, 14, 0x38, 90, 218, 47, 0x10, 137, 218, 2, 0xff, 139, 218, 12, 0x10, 151, 218, 2, 0xff
    .word 153, 218, 2, 0x10, 155, 218, 2, 0xff, 157, 218, 8, 0x10, 165, 218, 2, 0xff, 167, 218, 10, 0x10, 177, 218, 2, 0xff, 179, 218, 77, 0x10, 256, 218, 1, 0x38
    .word 64, 219, 1, 0x38, 65, 219, 11, 0x10, 76, 219, 16, 0x38, 92, 219, 45, 0x10, 137, 219, 8, 0xff, 145, 219, 8, 0x10, 153, 219, 2, 0xff, 155, 219, 10, 0x10
    .word 165, 219, 2, 0xff, 167, 219, 10, 0x10, 177, 219, 2, 0xff, 179, 219, 77, 0x10, 256, 219, 1, 0x38, 64, 220, 1, 0x38, 65, 220, 11, 0x10, 76, 220, 14, 0x38
    .word 90, 220, 47, 0x10, 137, 220, 8, 0xff, 145, 220, 8, 0x10, 153, 220, 2, 0xff, 155, 220, 10, 0x10, 165, 220, 2, 0xff, 167, 220, 10, 0x10, 177, 220, 2, 0xff
    .word 179, 220, 77, 0x10, 256, 220, 1, 0x38, 64, 221, 1, 0x38, 65, 221, 11, 0x10, 76, 221, 12, 0x38, 88, 221, 49, 0x10, 137, 221, 2, 0xff, 139, 221, 12, 0x10
    .word 151, 221, 2, 0xff, 153, 221, 2, 0x10, 155, 221, 2, 0xff, 157, 221, 8, 0x10, 165, 221, 2, 0xff, 167, 221, 10, 0x10, 177, 221, 2, 0xff, 179, 221, 77, 0x10
    .word 256, 221, 1, 0x38, 64, 222, 1, 0x38, 65, 222, 11, 0x10, 76, 222, 10, 0x38, 86, 222, 51, 0x10, 137, 222, 2, 0xff, 139, 222, 12, 0x10, 151, 222, 2, 0xff
    .word 153, 222, 2, 0x10, 155, 222, 2, 0xff, 157, 222, 8, 0x10, 165, 222, 2, 0xff, 167, 222, 10, 0x10, 177, 222, 2, 0xff, 179, 222, 77, 0x10, 256, 222, 1, 0x38
    .word 64, 223, 1, 0x38, 65, 223, 11, 0x10, 76, 223, 8, 0x38, 84, 223, 53, 0x10, 137, 223, 2, 0xff, 139, 223, 10, 0x10, 149, 223, 2, 0xff, 151, 223, 6, 0x10
    .word 157, 223, 2, 0xff, 159, 223, 6, 0x10, 165, 223, 2, 0xff, 167, 223, 10, 0x10, 177, 223, 2, 0xff, 179, 223, 77, 0x10, 256, 223, 1, 0x38, 64, 224, 1, 0x38
    .word 65, 224, 72, 0x10, 137, 224, 2, 0xff, 139, 224, 10, 0x10, 149, 224, 2, 0xff, 151, 224, 6, 0x10, 157, 224, 2, 0xff, 159, 224, 6, 0x10, 165, 224, 2, 0xff
    .word 167, 224, 10, 0x10, 177, 224, 2, 0xff, 179, 224, 77, 0x10, 256, 224, 1, 0x38, 64, 225, 1, 0x38, 65, 225, 72, 0x10, 137, 225, 10, 0xff, 147, 225, 2, 0x10
    .word 149, 225, 2, 0xff, 151, 225, 6, 0x10, 157, 225, 2, 0xff, 159, 225, 2, 0x10, 161, 225, 10, 0xff, 171, 225, 6, 0x10, 177, 225, 2, 0xff, 179, 225, 77, 0x10
    .word 256, 225, 1, 0x38, 64, 226, 1, 0x38, 65, 226, 72, 0x10, 137, 226, 10, 0xff, 147, 226, 2, 0x10, 149, 226, 2, 0xff, 151, 226, 6, 0x10, 157, 226, 2, 0xff
    .word 159, 226, 2, 0x10, 161, 226, 10, 0xff, 171, 226, 6, 0x10, 177, 226, 2, 0xff, 179, 226, 77, 0x10, 256, 226, 1, 0x38, 64, 227, 193, 0x38, -1, -1, -1, 0
