# Generated by tools/build_laboratory_bgr233.py; do not edit.
# BGR233 8bpp (BBGGGRRR), 320x240, perceptual floor dithering.

.data
.align 2

# payload-bytes: 76800
laboratory_bgr233_base_pixels:
    .byte 0x5A, 0x5A, 0x5A, 0x5A, 0x5A, 0x5A, 0xFF, 0x5A, 0x74, 0x5A, 0x74, 0x5A, 0x74, 0x74, 0x74, 0x5A, 0x5A, 0x5A, 0x5A, 0x5A, 0x5A, 0x5A, 0x5A, 0x5A, 0x5A, 0x5A, 0x5A, 0x5A, 0x5A, 0x5A, 0xFF, 0x5A
    .byte 0x5A, 0xAD, 0xFF, 0xAD, 0xFF, 0xAD, 0xB6, 0xB6, 0xB6, 0xB6, 0xB6, 0xB6, 0xB6, 0xB6, 0xB6, 0xB6, 0xB6, 0xB6, 0xB6, 0xB6, 0xB6, 0xB6, 0xB6, 0xB6, 0xB6, 0xB6, 0xB6, 0xB6, 0xB6, 0xB6, 0xB6, 0xB6
    .byte 0xB6, 0xB6, 0xB6, 0xA4, 0xA4, 0xA4, 0xA4, 0xA4, 0xA4, 0xA4, 0xA4, 0xA4, 0xA4, 0xB6, 0xB6, 0xB6, 0xB6, 0xB6, 0xB6, 0xB6, 0xB6, 0xB6, 0xB6, 0xB6, 0xB6, 0xB6, 0xB6, 0xB6, 0xB6, 0xB6, 0xB6, 0xB6
    .byte 0xB6, 0xB6, 0xB6, 0xB6, 0xB6, 0xB6, 0xB6, 0xB6, 0xB6, 0xB6, 0xB6, 0xB6, 0xA4, 0xA4, 0xA4, 0xA4, 0xA4, 0xA4, 0xA4, 0xA4, 0xA4, 0xA4, 0xA4, 0xA4, 0xA4, 0xA4, 0xA4, 0xA4, 0xA4, 0xA4, 0xA4, 0xA4
    .byte 0xA4, 0xA4, 0xA4, 0xA4, 0xA4, 0xA4, 0xA4, 0xA4, 0xA4, 0xA4, 0xA4, 0xA4, 0xA4, 0xA4, 0xA4, 0xA4, 0xA4, 0xA4, 0xA4, 0xA4, 0xA4, 0xA4, 0xA4, 0xA4, 0xA4, 0xA4, 0xA4, 0xA4, 0xA4, 0xA4, 0xA4, 0xA4
    .byte 0xA4, 0xA4, 0xA4, 0xA4, 0xA4, 0xA4, 0xB6, 0xB6, 0xB6, 0xB6, 0xB6, 0xB6, 0xB6, 0xB6, 0xB6, 0xB6, 0xB6, 0xB6, 0xB6, 0xB6, 0xB6, 0xB6, 0xB6, 0xB6, 0xB6, 0xB6, 0xB6, 0xB6, 0xB6, 0xB6, 0xB6, 0xB6
    .byte 0xB6, 0xB6, 0xB6, 0xB6, 0xB6, 0xB6, 0xB6, 0xB6, 0xB6, 0xB6, 0xB6, 0xB6, 0xB6, 0xB6, 0xB6, 0xB6, 0xB6, 0xB6, 0xB6, 0xB6, 0xB6, 0xB6, 0xB6, 0xB6, 0xB6, 0xB6, 0xB6, 0xB6, 0xB6, 0xB6, 0xB6, 0xB6
    .byte 0xB6, 0xB6, 0xB6, 0xB6, 0xB6, 0xB6, 0xB6, 0xB6, 0xB6, 0xB6, 0xA4, 0xA4, 0xA4, 0xA4, 0xA4, 0xA4, 0xA4, 0xA4, 0xA4, 0xA4, 0xA4, 0xA4, 0xA4, 0xA4, 0xA4, 0xA4, 0xB6, 0xB6, 0xB6, 0xB6, 0xB6, 0xB6
    .byte 0xB6, 0xB6, 0xB6, 0xB6, 0xB6, 0xB6, 0xB6, 0xB6, 0xB6, 0xB6, 0xB6, 0xB6, 0xB6, 0xB6, 0xB6, 0xB6, 0xB6, 0xB6, 0xB6, 0xB6, 0xB6, 0xB6, 0xB6, 0xB6, 0xB6, 0xB6, 0xB6, 0xB6, 0xB6, 0xB6, 0xB6, 0xB6
    .byte 0xB6, 0xB6, 0xB6, 0xB6, 0xB6, 0xB6, 0xB6, 0xB6, 0xB6, 0xB6, 0xB6, 0xB6, 0xB6, 0xB6, 0xB6, 0xB6, 0xB6, 0xB6, 0xB6, 0xB6, 0xB6, 0xB6, 0xB6, 0xB6, 0xB6, 0xB6, 0xB6, 0xB6, 0xB6, 0xB6, 0xB6, 0xB6
    .byte 0x5A, 0x5A, 0xAD, 0x5A, 0x5A, 0x5A, 0x74, 0x74, 0x6B, 0x6B, 0x6B, 0x74, 0x74, 0x74, 0x74, 0x74, 0x74, 0x5A, 0x5A, 0x5A, 0x5A, 0x5A, 0x5A, 0x5A, 0x5A, 0x5A, 0x5A, 0x5A, 0x5A, 0xFF, 0xAD, 0x5A
    .byte 0x5A, 0x5A, 0xAD, 0xAD, 0xAD, 0xFF, 0xB6, 0xB6, 0xB6, 0xB6, 0xB6, 0xB6, 0xB6, 0xB6, 0xB6, 0xB6, 0xB6, 0xB6, 0xB6, 0xB6, 0xB6, 0xB6, 0xB6, 0xB6, 0xB6, 0xB6, 0xB6, 0xB6, 0xB6, 0xB6, 0xB6, 0xB6
    .byte 0xB6, 0xB6, 0xB6, 0xA4, 0xA4, 0xA4, 0xA4, 0xA4, 0xA4, 0xA4, 0xA4, 0xA4, 0xA4, 0xB6, 0xB6, 0xB6, 0xB6, 0xB6, 0xB6, 0xB6, 0xB6, 0xB6, 0xB6, 0xB6, 0xB6, 0xB6, 0xB6, 0xB6, 0xB6, 0xB6, 0xB6, 0xB6
    .byte 0xB6, 0xB6, 0xB6, 0xB6, 0xB6, 0xB6, 0xB6, 0xB6, 0xB6, 0xB6, 0xB6, 0xB6, 0xA4, 0xA4, 0xA4, 0xA4, 0xA4, 0xA4, 0xA4, 0xA4, 0xA4, 0xA4, 0xA4, 0xA4, 0xA4, 0xA4, 0xA4, 0xA4, 0xA4, 0xA4, 0xA4, 0xA4
    .byte 0xA4, 0xA4, 0xA4, 0xA4, 0xA4, 0xA4, 0xA4, 0xA4, 0xA4, 0xA4, 0xA4, 0xA4, 0xA4, 0xA4, 0xA4, 0xA4, 0xA4, 0xA4, 0xA4, 0xA4, 0xA4, 0xA4, 0xA4, 0xA4, 0xA4, 0xA4, 0xA4, 0xA4, 0xA4, 0xA4, 0xA4, 0xA4
    .byte 0xA4, 0xA4, 0xA4, 0xA4, 0xA4, 0xA4, 0xB6, 0xB6, 0xB6, 0xB6, 0xB6, 0xB6, 0xB6, 0xB6, 0xB6, 0xB6, 0xB6, 0xB6, 0xB6, 0xB6, 0xB6, 0xB6, 0xB6, 0xB6, 0xB6, 0xB6, 0xB6, 0xB6, 0xB6, 0xB6, 0xB6, 0xB6
    .byte 0xB6, 0xB6, 0xB6, 0xB6, 0xB6, 0xB6, 0xB6, 0xB6, 0xB6, 0xB6, 0xB6, 0xB6, 0xB6, 0xB6, 0xB6, 0xB6, 0xB6, 0xB6, 0xB6, 0xB6, 0xB6, 0xB6, 0xB6, 0xB6, 0xB6, 0xB6, 0xB6, 0xB6, 0xB6, 0xB6, 0xB6, 0xB6
    .byte 0xB6, 0xB6, 0xB6, 0xB6, 0xB6, 0xB6, 0xB6, 0xB6, 0xB6, 0xB6, 0xA4, 0xA4, 0xA4, 0xA4, 0xA4, 0xA4, 0xA4, 0xA4, 0xA4, 0xA4, 0xA4, 0xA4, 0xA4, 0xA4, 0xA4, 0xA4, 0xB6, 0xB6, 0xB6, 0xB6, 0xB6, 0xB6
    .byte 0xB6, 0xB6, 0xB6, 0xB6, 0xB6, 0xB6, 0xB6, 0xB6, 0xB6, 0xB6, 0xB6, 0xB6, 0xB6, 0xB6, 0xB6, 0xB6, 0xB6, 0xB6, 0xB6, 0xB6, 0xB6, 0xB6, 0xB6, 0xB6, 0xB6, 0xB6, 0xB6, 0xB6, 0xB6, 0xB6, 0xB6, 0xB6
    .byte 0xB6, 0xB6, 0xB6, 0xB6, 0xB6, 0xB6, 0xB6, 0xB6, 0xB6, 0xB6, 0xB6, 0xB6, 0xB6, 0xB6, 0xB6, 0xB6, 0xB6, 0xB6, 0xB6, 0xB6, 0xB6, 0xB6, 0xB6, 0xB6, 0xB6, 0xB6, 0xB6, 0xB6, 0xB6, 0xB6, 0xB6, 0xB6
    .byte 0x5A, 0x5A, 0x5A, 0x74, 0x74, 0x6B, 0x6B, 0x6B, 0x6B, 0x6B, 0x6B, 0x74, 0x6B, 0x74, 0x74, 0x74, 0x74, 0x5A, 0xFF, 0x5A, 0x5A, 0x5A, 0x5A, 0x5A, 0x5A, 0x5A, 0x5A, 0x5A, 0x5A, 0x5A, 0xFF, 0x5A
    .byte 0x5A, 0xAD, 0xFF, 0xAD, 0xFF, 0xAD, 0xB6, 0xB6, 0xB6, 0xB6, 0xB6, 0xB6, 0xB6, 0xB6, 0xB6, 0xB6, 0xB6, 0xB6, 0xB6, 0xB6, 0xB6, 0xB6, 0xB6, 0xB6, 0xB6, 0xB6, 0xB6, 0xB6, 0xB6, 0xB6, 0xB6, 0xB6
    .byte 0xB6, 0xB6, 0xB6, 0xA4, 0xA4, 0xA4, 0xA4, 0xA4, 0xA4, 0xA4, 0xA4, 0xA4, 0xA4, 0xB6, 0xB6, 0xB6, 0xB6, 0xB6, 0xB6, 0xB6, 0xB6, 0xB6, 0xB6, 0xB6, 0xB6, 0xB6, 0xB6, 0xB6, 0xB6, 0xB6, 0xB6, 0xB6
    .byte 0xB6, 0xB6, 0xB6, 0xB6, 0xB6, 0xB6, 0xB6, 0xB6, 0xB6, 0xB6, 0xB6, 0xB6, 0xA4, 0xA4, 0xA4, 0xA4, 0xA4, 0xA4, 0xA4, 0xA4, 0xA4, 0xA4, 0xA4, 0xA4, 0xA4, 0xA4, 0xA4, 0xA4, 0xA4, 0xA4, 0xA4, 0xA4
    .byte 0xA4, 0xA4, 0xA4, 0xA4, 0xA4, 0xA4, 0xA4, 0xA4, 0xA4, 0xA4, 0xA4, 0xA4, 0xA4, 0xA4, 0xA4, 0xA4, 0xA4, 0xA4, 0xA4, 0xA4, 0xA4, 0xA4, 0xA4, 0xA4, 0xA4, 0xA4, 0xA4, 0xA4, 0xA4, 0xA4, 0xA4, 0xA4
    .byte 0xA4, 0xA4, 0xA4, 0xA4, 0xA4, 0xA4, 0xB6, 0xB6, 0xB6, 0xB6, 0xB6, 0xB6, 0xB6, 0xB6, 0xB6, 0xB6, 0xB6, 0xB6, 0xB6, 0xB6, 0xB6, 0xB6, 0xB6, 0xB6, 0xB6, 0xB6, 0xB6, 0xB6, 0xB6, 0xB6, 0xB6, 0xB6
    .byte 0xB6, 0xB6, 0xB6, 0xB6, 0xB6, 0xB6, 0xB6, 0xB6, 0xB6, 0xB6, 0xB6, 0xB6, 0xB6, 0xB6, 0xB6, 0xB6, 0xB6, 0xB6, 0xB6, 0xB6, 0xB6, 0xB6, 0xB6, 0xB6, 0xB6, 0xB6, 0xB6, 0xB6, 0xB6, 0xB6, 0xB6, 0xB6
    .byte 0xB6, 0xB6, 0xB6, 0xB6, 0xB6, 0xB6, 0xB6, 0xB6, 0xB6, 0xB6, 0xA4, 0xA4, 0xA4, 0xA4, 0xA4, 0xA4, 0xA4, 0xA4, 0xA4, 0xA4, 0xA4, 0xA4, 0xA4, 0xA4, 0xA4, 0xA4, 0xB6, 0xB6, 0xB6, 0xB6, 0xB6, 0xB6
    .byte 0xB6, 0xB6, 0xB6, 0xB6, 0xB6, 0xB6, 0xB6, 0xB6, 0xB6, 0xB6, 0xB6, 0xB6, 0xB6, 0xB6, 0xB6, 0xB6, 0xB6, 0xB6, 0xB6, 0xB6, 0xB6, 0xB6, 0xB6, 0xB6, 0xB6, 0xB6, 0xB6, 0xB6, 0xB6, 0xB6, 0xB6, 0xB6
    .byte 0xB6, 0xB6, 0xB6, 0xB6, 0xB6, 0xB6, 0xB6, 0xB6, 0xB6, 0xB6, 0xB6, 0xB6, 0xB6, 0xB6, 0xB6, 0xB6, 0xB6, 0xB6, 0xB6, 0xB6, 0xB6, 0xB6, 0xB6, 0xB6, 0xB6, 0xB6, 0xB6, 0xB6, 0xB6, 0xB6, 0xB6, 0xB6
    .byte 0x5A, 0x5A, 0x74, 0x74, 0x74, 0x6B, 0x6B, 0x74, 0x6B, 0x6B, 0x6B, 0x6B, 0x6B, 0x6B, 0x74, 0x5A, 0x1A, 0x1A, 0x1A, 0x5A, 0x5A, 0x5A, 0x5A, 0x5A, 0x5A, 0x5A, 0x5A, 0x5A, 0x5A, 0x5A, 0x5A, 0x5A
    .byte 0xAD, 0xAD, 0xAD, 0xAD, 0xAD, 0xAD, 0xB6, 0xB6, 0xB6, 0xB6, 0xB6, 0xB6, 0xB6, 0xB6, 0xB6, 0xB6, 0xB6, 0xB6, 0xB6, 0xB6, 0xB6, 0xB6, 0xB6, 0xB6, 0xB6, 0xB6, 0xB6, 0xB6, 0xB6, 0xB6, 0xB6, 0xB6
    .byte 0xB6, 0xB6, 0xB6, 0xA4, 0xA4, 0xA4, 0xA4, 0xA4, 0xA4, 0xA4, 0xA4, 0xA4, 0xA4, 0xB6, 0xB6, 0xB6, 0xB6, 0xB6, 0xB6, 0xB6, 0xB6, 0xB6, 0xB6, 0xB6, 0xB6, 0xB6, 0xB6, 0xB6, 0xB6, 0xB6, 0xB6, 0xB6
    .byte 0xB6, 0xB6, 0xB6, 0xB6, 0xB6, 0xB6, 0xB6, 0xB6, 0xB6, 0xB6, 0xB6, 0xB6, 0xA4, 0xA4, 0xA4, 0xA4, 0xA4, 0xA4, 0xA4, 0xA4, 0xA4, 0xA4, 0xA4, 0xA4, 0xA4, 0xA4, 0xA4, 0xA4, 0xA4, 0xA4, 0xA4, 0xA4
    .byte 0xA4, 0xA4, 0xA4, 0xA4, 0xA4, 0xA4, 0xA4, 0xA4, 0xA4, 0xA4, 0xA4, 0xA4, 0xA4, 0xA4, 0xA4, 0xA4, 0xA4, 0xA4, 0xA4, 0xA4, 0xA4, 0xA4, 0xA4, 0xA4, 0xA4, 0xA4, 0xA4, 0xA4, 0xA4, 0xA4, 0xA4, 0xA4
    .byte 0xA4, 0xA4, 0xA4, 0xA4, 0xA4, 0xA4, 0xB6, 0xB6, 0xB6, 0xB6, 0xB6, 0xB6, 0xB6, 0xB6, 0xB6, 0xB6, 0xB6, 0xB6, 0xB6, 0xB6, 0xB6, 0xB6, 0xB6, 0xB6, 0xB6, 0xB6, 0xB6, 0xB6, 0xB6, 0xB6, 0xB6, 0xB6
    .byte 0xB6, 0xB6, 0xB6, 0xB6, 0xB6, 0xB6, 0xB6, 0xB6, 0xB6, 0xB6, 0xB6, 0xB6, 0xB6, 0xB6, 0xB6, 0xB6, 0xB6, 0xB6, 0xB6, 0xB6, 0xB6, 0xB6, 0xB6, 0xB6, 0xB6, 0xB6, 0xB6, 0xB6, 0xB6, 0xB6, 0xB6, 0xB6
    .byte 0xB6, 0xB6, 0xB6, 0xB6, 0xB6, 0xB6, 0xB6, 0xB6, 0xB6, 0xB6, 0xA4, 0xA4, 0xA4, 0xA4, 0xA4, 0xA4, 0xA4, 0xA4, 0xA4, 0xA4, 0xA4, 0xA4, 0xA4, 0xA4, 0xA4, 0xA4, 0xB6, 0xB6, 0xB6, 0xB6, 0xB6, 0xB6
    .byte 0xB6, 0xB6, 0xB6, 0xB6, 0xB6, 0xB6, 0xB6, 0xB6, 0xB6, 0xB6, 0xB6, 0xB6, 0xB6, 0xB6, 0xB6, 0xB6, 0xB6, 0xB6, 0xB6, 0xB6, 0xB6, 0xB6, 0xB6, 0xB6, 0xB6, 0xB6, 0xB6, 0xB6, 0xB6, 0xB6, 0xB6, 0xB6
    .byte 0xB6, 0xB6, 0xB6, 0xB6, 0xB6, 0xB6, 0xB6, 0xB6, 0xB6, 0xB6, 0xB6, 0xB6, 0xB6, 0xB6, 0xB6, 0xB6, 0xB6, 0xB6, 0xB6, 0xB6, 0xB6, 0xB6, 0xB6, 0xB6, 0xB6, 0xB6, 0xB6, 0xB6, 0xB6, 0xB6, 0xB6, 0xB6
    .byte 0x5A, 0x5A, 0x74, 0x74, 0x5A, 0x6B, 0x6B, 0x6B, 0x74, 0x74, 0x6B, 0x6B, 0x6B, 0x5A, 0x1A, 0x1A, 0x74, 0x1A, 0x1A, 0x5A, 0x5A, 0x5A, 0x5A, 0x5A, 0x5A, 0x5A, 0x5A, 0x5A, 0x5A, 0xAD, 0x5A, 0x5A
    .byte 0xFF, 0xAD, 0xFF, 0xAD, 0xFF, 0xAD, 0xB6, 0xB6, 0xB6, 0xB6, 0xB6, 0xB6, 0xB6, 0xB6, 0xB6, 0xB6, 0xB6, 0xB6, 0xB6, 0xB6, 0xB6, 0xB6, 0xB6, 0xB6, 0xB6, 0xB6, 0xB6, 0xB6, 0xB6, 0xB6, 0xB6, 0xB6
    .byte 0xB6, 0xB6, 0xB6, 0xA4, 0xA4, 0xA4, 0xA4, 0xA4, 0xA4, 0xA4, 0xA4, 0xA4, 0xA4, 0xB6, 0xB6, 0xB6, 0xB6, 0xB6, 0xB6, 0xB6, 0xB6, 0xB6, 0xB6, 0xB6, 0xB6, 0xB6, 0xB6, 0xB6, 0xB6, 0xB6, 0xB6, 0xB6
    .byte 0xB6, 0xB6, 0xB6, 0xB6, 0xB6, 0xB6, 0xB6, 0xB6, 0xB6, 0xB6, 0xB6, 0xB6, 0xA4, 0xA4, 0xA4, 0xA4, 0xA4, 0xA4, 0xA4, 0xA4, 0xA4, 0xA4, 0xA4, 0xA4, 0xA4, 0xA4, 0xA4, 0xA4, 0xA4, 0xA4, 0xA4, 0xA4
    .byte 0xA4, 0xA4, 0xA4, 0xA4, 0xA4, 0xA4, 0xA4, 0xA4, 0xA4, 0xA4, 0xA4, 0xA4, 0xA4, 0xA4, 0xA4, 0xA4, 0xA4, 0xA4, 0xA4, 0xA4, 0xA4, 0xA4, 0xA4, 0xA4, 0xA4, 0xA4, 0xA4, 0xA4, 0xA4, 0xA4, 0xA4, 0xA4
    .byte 0xA4, 0xA4, 0xA4, 0xA4, 0xA4, 0xA4, 0xB6, 0xB6, 0xB6, 0xB6, 0xB6, 0xB6, 0xB6, 0xB6, 0xB6, 0xB6, 0xB6, 0xB6, 0xB6, 0xB6, 0xB6, 0xB6, 0xB6, 0xB6, 0xB6, 0xB6, 0xB6, 0xB6, 0xB6, 0xB6, 0xB6, 0xB6
    .byte 0xB6, 0xB6, 0xB6, 0xB6, 0xB6, 0xB6, 0xB6, 0xB6, 0xB6, 0xB6, 0xB6, 0xB6, 0xB6, 0xB6, 0xB6, 0xB6, 0xB6, 0xB6, 0xB6, 0xB6, 0xB6, 0xB6, 0xB6, 0xB6, 0xB6, 0xB6, 0xB6, 0xB6, 0xB6, 0xB6, 0xB6, 0xB6
    .byte 0xB6, 0xB6, 0xB6, 0xB6, 0xB6, 0xB6, 0xB6, 0xB6, 0xB6, 0xB6, 0xA4, 0xA4, 0xA4, 0xA4, 0xA4, 0xA4, 0xA4, 0xA4, 0xA4, 0xA4, 0xA4, 0xA4, 0xA4, 0xA4, 0xA4, 0xA4, 0xB6, 0xB6, 0xB6, 0xB6, 0xB6, 0xB6
    .byte 0xB6, 0xB6, 0xB6, 0xB6, 0xB6, 0xB6, 0xB6, 0xB6, 0xB6, 0xB6, 0xB6, 0xB6, 0xB6, 0xB6, 0xB6, 0xB6, 0xB6, 0xB6, 0xB6, 0xB6, 0xB6, 0xB6, 0xB6, 0xB6, 0xB6, 0xB6, 0xB6, 0xB6, 0xB6, 0xB6, 0xB6, 0xB6
    .byte 0xB6, 0xB6, 0xB6, 0xB6, 0xB6, 0xB6, 0xB6, 0xB6, 0xB6, 0xB6, 0xB6, 0xB6, 0xB6, 0xB6, 0xB6, 0xB6, 0xB6, 0xB6, 0xB6, 0xB6, 0xB6, 0xB6, 0xB6, 0xB6, 0xB6, 0xB6, 0xB6, 0xB6, 0xB6, 0xB6, 0xB6, 0xB6
    .byte 0x5A, 0x5A, 0x74, 0x74, 0x6B, 0x6B, 0x74, 0x6B, 0x6B, 0x6B, 0x74, 0x74, 0x6B, 0x03, 0x03, 0x03, 0x03, 0x03, 0x03, 0x5A, 0x5A, 0x1A, 0x5A, 0x5A, 0x5A, 0x5A, 0x5A, 0x5A, 0x5A, 0x5A, 0x5A, 0x5A
    .byte 0x5A, 0xFF, 0xAD, 0xAD, 0xAD, 0xFF, 0xB6, 0xB6, 0xB6, 0xB6, 0xB6, 0xB6, 0xB6, 0xB6, 0xB6, 0xB6, 0xB6, 0xB6, 0xB6, 0xB6, 0xB6, 0xB6, 0xB6, 0xB6, 0xB6, 0xB6, 0xB6, 0xB6, 0xB6, 0xB6, 0xB6, 0xB6
    .byte 0xB6, 0xB6, 0xB6, 0xA4, 0xA4, 0xA4, 0xA4, 0xA4, 0xA4, 0xA4, 0xA4, 0xA4, 0xA4, 0xB6, 0xB6, 0xB6, 0xB6, 0xB6, 0xB6, 0xB6, 0xB6, 0xB6, 0xB6, 0xB6, 0xB6, 0xB6, 0xB6, 0xB6, 0xB6, 0xB6, 0xB6, 0xB6
    .byte 0xB6, 0xB6, 0xB6, 0xB6, 0xB6, 0xB6, 0xB6, 0xB6, 0xB6, 0xB6, 0xB6, 0xB6, 0xA4, 0xA4, 0xA4, 0xA4, 0xA4, 0xA4, 0xA4, 0xA4, 0xA4, 0xA4, 0xA4, 0xA4, 0xA4, 0xA4, 0xA4, 0xA4, 0xA4, 0xA4, 0xA4, 0xA4
    .byte 0xA4, 0xA4, 0xA4, 0xA4, 0xA4, 0xA4, 0xA4, 0xA4, 0xA4, 0xA4, 0xA4, 0xA4, 0xA4, 0xA4, 0xA4, 0xA4, 0xA4, 0xA4, 0xA4, 0xA4, 0xA4, 0xA4, 0xA4, 0xA4, 0xA4, 0xA4, 0xA4, 0xA4, 0xA4, 0xA4, 0xA4, 0xA4
    .byte 0xA4, 0xA4, 0xA4, 0xA4, 0xA4, 0xA4, 0xB6, 0xB6, 0xB6, 0xB6, 0xB6, 0xB6, 0xB6, 0xB6, 0xB6, 0xB6, 0xB6, 0xB6, 0xB6, 0xB6, 0xB6, 0xB6, 0xB6, 0xB6, 0xB6, 0xB6, 0xB6, 0xB6, 0xB6, 0xB6, 0xB6, 0xB6
    .byte 0xB6, 0xB6, 0xB6, 0xB6, 0xB6, 0xB6, 0xB6, 0xB6, 0xB6, 0xB6, 0xB6, 0xB6, 0xB6, 0xB6, 0xB6, 0xB6, 0xB6, 0xB6, 0xB6, 0xB6, 0xB6, 0xB6, 0xB6, 0xB6, 0xB6, 0xB6, 0xB6, 0xB6, 0xB6, 0xB6, 0xB6, 0xB6
    .byte 0xB6, 0xB6, 0xB6, 0xB6, 0xB6, 0xB6, 0xB6, 0xB6, 0xB6, 0xB6, 0xA4, 0xA4, 0xA4, 0xA4, 0xA4, 0xA4, 0xA4, 0xA4, 0xA4, 0xA4, 0xA4, 0xA4, 0xA4, 0xA4, 0xA4, 0xA4, 0xB6, 0xB6, 0xB6, 0xB6, 0xB6, 0xB6
    .byte 0xB6, 0xB6, 0xB6, 0xB6, 0xB6, 0xB6, 0xB6, 0xB6, 0xB6, 0xB6, 0xB6, 0xB6, 0xB6, 0xB6, 0xB6, 0xB6, 0xB6, 0xB6, 0xB6, 0xB6, 0xB6, 0xB6, 0xB6, 0xB6, 0xB6, 0xB6, 0xB6, 0xB6, 0xB6, 0xB6, 0xB6, 0xB6
    .byte 0xB6, 0xB6, 0xB6, 0xB6, 0xB6, 0xB6, 0xB6, 0xB6, 0xB6, 0xB6, 0xB6, 0xB6, 0xB6, 0xB6, 0xB6, 0xB6, 0xB6, 0xB6, 0xB6, 0xB6, 0xB6, 0xB6, 0xB6, 0xB6, 0xB6, 0xB6, 0xB6, 0xB6, 0xB6, 0xB6, 0xB6, 0xB6
    .byte 0x5A, 0x5A, 0x5A, 0x6B, 0x6B, 0x6B, 0x74, 0x6B, 0x74, 0x6B, 0x74, 0x6B, 0x03, 0x1A, 0x1A, 0x03, 0x03, 0x5A, 0x03, 0x5A, 0x1A, 0x1A, 0x5A, 0x5A, 0x5A, 0x5A, 0x5A, 0x5A, 0x5A, 0x5A, 0x5A, 0x5A
    .byte 0xFF, 0xAD, 0xFF, 0xAD, 0xFF, 0xAD, 0xB6, 0xB6, 0xB6, 0xB6, 0xB6, 0xB6, 0xB6, 0xB6, 0xB6, 0xB6, 0xB6, 0xB6, 0xB6, 0xB6, 0xB6, 0xB6, 0xB6, 0xB6, 0xB6, 0xB6, 0xB6, 0xB6, 0xB6, 0xB6, 0xB6, 0xB6
    .byte 0xB6, 0xB6, 0xB6, 0xA4, 0xA4, 0xA4, 0xA4, 0xA4, 0xA4, 0xA4, 0xA4, 0xA4, 0xA4, 0xB6, 0xB6, 0xB6, 0xB6, 0xB6, 0xB6, 0xB6, 0xB6, 0xB6, 0xB6, 0xB6, 0xB6, 0xB6, 0xB6, 0xB6, 0xB6, 0xB6, 0xB6, 0xB6
    .byte 0xB6, 0xB6, 0xB6, 0xB6, 0xB6, 0xB6, 0xB6, 0xB6, 0xB6, 0xB6, 0xB6, 0xB6, 0xA4, 0xA4, 0xA4, 0xA4, 0xA4, 0xA4, 0xA4, 0xA4, 0xA4, 0xA4, 0xA4, 0xA4, 0xA4, 0xA4, 0xA4, 0xA4, 0xA4, 0xA4, 0xA4, 0xA4
    .byte 0xA4, 0xA4, 0xA4, 0xA4, 0xA4, 0xA4, 0xA4, 0xA4, 0xA4, 0xA4, 0xA4, 0xA4, 0xA4, 0xA4, 0xA4, 0xA4, 0xA4, 0xA4, 0xA4, 0xA4, 0xA4, 0xA4, 0xA4, 0xA4, 0xA4, 0xA4, 0xA4, 0xA4, 0xA4, 0xA4, 0xA4, 0xA4
    .byte 0xA4, 0xA4, 0xA4, 0xA4, 0xA4, 0xA4, 0xB6, 0xB6, 0xB6, 0xB6, 0xB6, 0xB6, 0xB6, 0xB6, 0xB6, 0xB6, 0xB6, 0xB6, 0xB6, 0xB6, 0xB6, 0xB6, 0xB6, 0xB6, 0xB6, 0xB6, 0xB6, 0xB6, 0xB6, 0xB6, 0xB6, 0xB6
    .byte 0xB6, 0xB6, 0xB6, 0xB6, 0xB6, 0xB6, 0xB6, 0xB6, 0xB6, 0xB6, 0xB6, 0xB6, 0xB6, 0xB6, 0xB6, 0xB6, 0xB6, 0xB6, 0xB6, 0xB6, 0xB6, 0xB6, 0xB6, 0xB6, 0xB6, 0xB6, 0xB6, 0xB6, 0xB6, 0xB6, 0xB6, 0xB6
    .byte 0xB6, 0xB6, 0xB6, 0xB6, 0xB6, 0xB6, 0xB6, 0xB6, 0xB6, 0xB6, 0xA4, 0xA4, 0xA4, 0xA4, 0xA4, 0xA4, 0xA4, 0xA4, 0xA4, 0xA4, 0xA4, 0xA4, 0xA4, 0xA4, 0xA4, 0xA4, 0xB6, 0xB6, 0xB6, 0xB6, 0xB6, 0xB6
    .byte 0xB6, 0xB6, 0xB6, 0xB6, 0xB6, 0xB6, 0xB6, 0xB6, 0xB6, 0xB6, 0xB6, 0xB6, 0xB6, 0xB6, 0xB6, 0xB6, 0xB6, 0xB6, 0xB6, 0xB6, 0xB6, 0xB6, 0xB6, 0xB6, 0xB6, 0xB6, 0xB6, 0xB6, 0xB6, 0xB6, 0xB6, 0xB6
    .byte 0xB6, 0xB6, 0xB6, 0xB6, 0xB6, 0xB6, 0xB6, 0xB6, 0xB6, 0xB6, 0xB6, 0xB6, 0xB6, 0xB6, 0xB6, 0xB6, 0xB6, 0xB6, 0xB6, 0xB6, 0xB6, 0xB6, 0xB6, 0xB6, 0xB6, 0xB6, 0xB6, 0xB6, 0xB6, 0xB6, 0xB6, 0xB6
    .byte 0x5A, 0x5A, 0x5A, 0x6B, 0x6B, 0x6B, 0x6B, 0x74, 0x1A, 0x6B, 0x03, 0x03, 0x03, 0x03, 0x03, 0x1A, 0x03, 0x03, 0x5A, 0x1A, 0x5A, 0x5A, 0x5A, 0x5A, 0x5A, 0x5A, 0x5A, 0xAD, 0x5A, 0xAD, 0xAD, 0xAD
    .byte 0xAD, 0xAD, 0xAD, 0xAD, 0xAD, 0xAD, 0xB6, 0xB6, 0xB6, 0xB6, 0xB6, 0xB6, 0xB6, 0xB6, 0xB6, 0xB6, 0xB6, 0xB6, 0xB6, 0xB6, 0xB6, 0xB6, 0xB6, 0xB6, 0xB6, 0xB6, 0xB6, 0xB6, 0xB6, 0xB6, 0xB6, 0xB6
    .byte 0xB6, 0xB6, 0xB6, 0xA4, 0xA4, 0xA4, 0xA4, 0xA4, 0xA4, 0xA4, 0xA4, 0xA4, 0xA4, 0xB6, 0xB6, 0xB6, 0xB6, 0xB6, 0xB6, 0xB6, 0xB6, 0xB6, 0xB6, 0xB6, 0xB6, 0xB6, 0xB6, 0xB6, 0xB6, 0xB6, 0xB6, 0xB6
    .byte 0xB6, 0xB6, 0xB6, 0xB6, 0xB6, 0xB6, 0xB6, 0xB6, 0xB6, 0xB6, 0xB6, 0xB6, 0xA4, 0xA4, 0xA4, 0xA4, 0xA4, 0xA4, 0xA4, 0xA4, 0xA4, 0xA4, 0xA4, 0xA4, 0xA4, 0xA4, 0xA4, 0xA4, 0xA4, 0xA4, 0xA4, 0xA4
    .byte 0xA4, 0xA4, 0xA4, 0xA4, 0xA4, 0xA4, 0xA4, 0xA4, 0xA4, 0xA4, 0xA4, 0xA4, 0xA4, 0xA4, 0xA4, 0xA4, 0xA4, 0xA4, 0xA4, 0xA4, 0xA4, 0xA4, 0xA4, 0xA4, 0xA4, 0xA4, 0xA4, 0xA4, 0xA4, 0xA4, 0xA4, 0xA4
    .byte 0xA4, 0xA4, 0xA4, 0xA4, 0xA4, 0xA4, 0xB6, 0xB6, 0xB6, 0xB6, 0xB6, 0xB6, 0xB6, 0xB6, 0xB6, 0xB6, 0xB6, 0xB6, 0xB6, 0xB6, 0xB6, 0xB6, 0xB6, 0xB6, 0xB6, 0xB6, 0xB6, 0xB6, 0xB6, 0xB6, 0xB6, 0xB6
    .byte 0xB6, 0xB6, 0xB6, 0xB6, 0xB6, 0xB6, 0xB6, 0xB6, 0xB6, 0xB6, 0xB6, 0xB6, 0xB6, 0xB6, 0xB6, 0xB6, 0xB6, 0xB6, 0xB6, 0xB6, 0xB6, 0xB6, 0xB6, 0xB6, 0xB6, 0xB6, 0xB6, 0xB6, 0xB6, 0xB6, 0xB6, 0xB6
    .byte 0xB6, 0xB6, 0xB6, 0xB6, 0xB6, 0xB6, 0xB6, 0xB6, 0xB6, 0xB6, 0xA4, 0xA4, 0xA4, 0xA4, 0xA4, 0xA4, 0xA4, 0xA4, 0xA4, 0xA4, 0xA4, 0xA4, 0xA4, 0xA4, 0xA4, 0xA4, 0xB6, 0xB6, 0xB6, 0xB6, 0xB6, 0xB6
    .byte 0xB6, 0xB6, 0xB6, 0xB6, 0xB6, 0xB6, 0xB6, 0xB6, 0xB6, 0xB6, 0xB6, 0xB6, 0xB6, 0xB6, 0xB6, 0xB6, 0xB6, 0xB6, 0xB6, 0xB6, 0xB6, 0xB6, 0xB6, 0xB6, 0xB6, 0xB6, 0xB6, 0xB6, 0xB6, 0xB6, 0xB6, 0xB6
    .byte 0xB6, 0xB6, 0xB6, 0xB6, 0xB6, 0xB6, 0xB6, 0xB6, 0xB6, 0xB6, 0xB6, 0xB6, 0xB6, 0xB6, 0xB6, 0xB6, 0xB6, 0xB6, 0xB6, 0xB6, 0xB6, 0xB6, 0xB6, 0xB6, 0xB6, 0xB6, 0xB6, 0xB6, 0xB6, 0xB6, 0xB6, 0xB6
    .byte 0x5A, 0x5A, 0x74, 0x74, 0x74, 0x74, 0x6B, 0x74, 0x1A, 0x6B, 0x03, 0x03, 0x03, 0x6B, 0x03, 0x03, 0x03, 0x03, 0x03, 0x03, 0x03, 0x1A, 0x1A, 0x1A, 0x5A, 0x5A, 0xFF, 0x5A, 0xFF, 0xAD, 0xFF, 0xAD
    .byte 0xFF, 0xAD, 0xFF, 0xAD, 0xFF, 0xAD, 0xB6, 0xB6, 0xB6, 0xB6, 0xB6, 0xB6, 0xB6, 0xB6, 0xB6, 0xB6, 0xB6, 0xB6, 0xB6, 0xB6, 0xB6, 0xB6, 0xB6, 0xB6, 0xB6, 0xB6, 0xB6, 0xB6, 0xB6, 0xB6, 0xB6, 0xB6
    .byte 0xB6, 0xB6, 0xB6, 0xA4, 0xA4, 0xA4, 0xA4, 0xA4, 0xA4, 0xA4, 0xA4, 0xA4, 0xA4, 0xB6, 0xB6, 0xB6, 0xB6, 0xB6, 0xB6, 0xB6, 0xB6, 0xB6, 0xB6, 0xB6, 0xB6, 0xB6, 0xB6, 0xB6, 0xB6, 0xB6, 0xB6, 0xB6
    .byte 0xB6, 0xB6, 0xB6, 0xB6, 0xB6, 0xB6, 0xB6, 0xB6, 0xB6, 0xB6, 0xB6, 0xB6, 0xA4, 0xA4, 0xA4, 0xA4, 0xA4, 0xA4, 0xA4, 0xA4, 0xA4, 0xA4, 0xA4, 0xA4, 0xA4, 0xA4, 0xA4, 0xA4, 0xA4, 0xA4, 0xA4, 0xA4
    .byte 0xA4, 0xA4, 0xA4, 0xA4, 0xA4, 0xA4, 0xA4, 0xA4, 0xA4, 0xA4, 0xA4, 0xA4, 0xA4, 0xA4, 0xA4, 0xA4, 0xA4, 0xA4, 0xA4, 0xA4, 0xA4, 0xA4, 0xA4, 0xA4, 0xA4, 0xA4, 0xA4, 0xA4, 0xA4, 0xA4, 0xA4, 0xA4
    .byte 0xA4, 0xA4, 0xA4, 0xA4, 0xA4, 0xA4, 0xB6, 0xB6, 0xB6, 0xB6, 0xB6, 0xB6, 0xB6, 0xB6, 0xB6, 0xB6, 0xB6, 0xB6, 0xB6, 0xB6, 0xB6, 0xB6, 0xB6, 0xB6, 0xB6, 0xB6, 0xB6, 0xB6, 0xB6, 0xB6, 0xB6, 0xB6
    .byte 0xB6, 0xB6, 0xB6, 0xB6, 0xB6, 0xB6, 0xB6, 0xB6, 0xB6, 0xB6, 0xB6, 0xB6, 0xB6, 0xB6, 0xB6, 0xB6, 0xB6, 0xB6, 0xB6, 0xB6, 0xB6, 0xB6, 0xB6, 0xB6, 0xB6, 0xB6, 0xB6, 0xB6, 0xB6, 0xB6, 0xB6, 0xB6
    .byte 0xB6, 0xB6, 0xB6, 0xB6, 0xB6, 0xB6, 0xB6, 0xB6, 0xB6, 0xB6, 0xA4, 0xA4, 0xA4, 0xA4, 0xA4, 0xA4, 0xA4, 0xA4, 0xA4, 0xA4, 0xA4, 0xA4, 0xA4, 0xA4, 0xA4, 0xA4, 0xB6, 0xB6, 0xB6, 0xB6, 0xB6, 0xB6
    .byte 0xB6, 0xB6, 0xB6, 0xB6, 0xB6, 0xB6, 0xB6, 0xB6, 0xB6, 0xB6, 0xB6, 0xB6, 0xB6, 0xB6, 0xB6, 0xB6, 0xB6, 0xB6, 0xB6, 0xB6, 0xB6, 0xB6, 0xB6, 0xB6, 0xB6, 0xB6, 0xB6, 0xB6, 0xB6, 0xB6, 0xB6, 0xB6
    .byte 0xB6, 0xB6, 0xB6, 0xB6, 0xB6, 0xB6, 0xB6, 0xB6, 0xB6, 0xB6, 0xB6, 0xB6, 0xB6, 0xB6, 0xB6, 0xB6, 0xB6, 0xB6, 0xB6, 0xB6, 0xB6, 0xB6, 0xB6, 0xB6, 0xB6, 0xB6, 0xB6, 0xB6, 0xB6, 0xB6, 0xB6, 0xB6
    .byte 0x5A, 0x5A, 0x74, 0x74, 0x6B, 0x6B, 0x6B, 0x6B, 0x6B, 0x6B, 0x03, 0x03, 0x6B, 0x1A, 0x03, 0x6B, 0x6B, 0x6B, 0x1A, 0x1A, 0x1A, 0x5A, 0x1A, 0x5A, 0x5A, 0xFF, 0xAD, 0xAD, 0xAD, 0xFF, 0xAD, 0xAD
    .byte 0xAD, 0xFF, 0xAD, 0xAD, 0xAD, 0xFF, 0xB6, 0xB6, 0xB6, 0xB6, 0xB6, 0xB6, 0xB6, 0xB6, 0xB6, 0xB6, 0xB6, 0xB6, 0xB6, 0xB6, 0xB6, 0xB6, 0xB6, 0xB6, 0xB6, 0xB6, 0xB6, 0xB6, 0xB6, 0xB6, 0xB6, 0xB6
    .byte 0xB6, 0xB6, 0xB6, 0xA4, 0xA4, 0xA4, 0xA4, 0xA4, 0xA4, 0xA4, 0xA4, 0xA4, 0xA4, 0xB6, 0xB6, 0xB6, 0xB6, 0xB6, 0xB6, 0xB6, 0xB6, 0xB6, 0xB6, 0xB6, 0xB6, 0xB6, 0xB6, 0xB6, 0xB6, 0xB6, 0xB6, 0xB6
    .byte 0xB6, 0xB6, 0xB6, 0xB6, 0xB6, 0xB6, 0xB6, 0xB6, 0xB6, 0xB6, 0xB6, 0xB6, 0xA4, 0xA4, 0xA4, 0xA4, 0xA4, 0xA4, 0xA4, 0xA4, 0xA4, 0xA4, 0xA4, 0xA4, 0xA4, 0xA4, 0xA4, 0xA4, 0xA4, 0xA4, 0xA4, 0xA4
    .byte 0xA4, 0xA4, 0xA4, 0xA4, 0xA4, 0xA4, 0xA4, 0xA4, 0xA4, 0xA4, 0xA4, 0xA4, 0xA4, 0xA4, 0xA4, 0xA4, 0xA4, 0xA4, 0xA4, 0xA4, 0xA4, 0xA4, 0xA4, 0xA4, 0xA4, 0xA4, 0xA4, 0xA4, 0xA4, 0xA4, 0xA4, 0xA4
    .byte 0xA4, 0xA4, 0xA4, 0xA4, 0xA4, 0xA4, 0xB6, 0xB6, 0xB6, 0xB6, 0xB6, 0xB6, 0xB6, 0xB6, 0xB6, 0xB6, 0xB6, 0xB6, 0xB6, 0xB6, 0xB6, 0xB6, 0xB6, 0xB6, 0xB6, 0xB6, 0xB6, 0xB6, 0xB6, 0xB6, 0xB6, 0xB6
    .byte 0xB6, 0xB6, 0xB6, 0xB6, 0xB6, 0xB6, 0xB6, 0xB6, 0xB6, 0xB6, 0xB6, 0xB6, 0xB6, 0xB6, 0xB6, 0xB6, 0xB6, 0xB6, 0xB6, 0xB6, 0xB6, 0xB6, 0xB6, 0xB6, 0xB6, 0xB6, 0xB6, 0xB6, 0xB6, 0xB6, 0xB6, 0xB6
    .byte 0xB6, 0xB6, 0xB6, 0xB6, 0xB6, 0xB6, 0xB6, 0xB6, 0xB6, 0xB6, 0xA4, 0xA4, 0xA4, 0xA4, 0xA4, 0xA4, 0xA4, 0xA4, 0xA4, 0xA4, 0xA4, 0xA4, 0xA4, 0xA4, 0xA4, 0xA4, 0xB6, 0xB6, 0xB6, 0xB6, 0xB6, 0xB6
    .byte 0xB6, 0xB6, 0xB6, 0xB6, 0xB6, 0xB6, 0xB6, 0xB6, 0xB6, 0xB6, 0xB6, 0xB6, 0xB6, 0xB6, 0xB6, 0xB6, 0xB6, 0xB6, 0xB6, 0xB6, 0xB6, 0xB6, 0xB6, 0xB6, 0xB6, 0xB6, 0xB6, 0xB6, 0xB6, 0xB6, 0xB6, 0xB6
    .byte 0xB6, 0xB6, 0xB6, 0xB6, 0xB6, 0xB6, 0xB6, 0xB6, 0xB6, 0xB6, 0xB6, 0xB6, 0xB6, 0xB6, 0xB6, 0xB6, 0xB6, 0xB6, 0xB6, 0xB6, 0xB6, 0xB6, 0xB6, 0xB6, 0xB6, 0xB6, 0xB6, 0xB6, 0xB6, 0xB6, 0xB6, 0xB6
    .byte 0x5A, 0x74, 0x5A, 0x74, 0x74, 0x6B, 0x6B, 0x6B, 0x6B, 0x03, 0x03, 0x6B, 0x03, 0x03, 0x03, 0x6B, 0x03, 0x03, 0x03, 0x1A, 0x03, 0x1A, 0x1A, 0x1A, 0x5A, 0xAD, 0xFF, 0xAD, 0xFF, 0xAD, 0xFF, 0xAD
    .byte 0xFF, 0xAD, 0xFF, 0xAD, 0xFF, 0xAD, 0xFF, 0xAD, 0xFF, 0xAD, 0xFF, 0xAD, 0xFF, 0xAD, 0xFF, 0xAD, 0xFF, 0xAD, 0xFF, 0xAD, 0xFF, 0xAD, 0xFF, 0xAD, 0xFF, 0xAD, 0xFF, 0xAD, 0xFF, 0xAD, 0xFF, 0xAD
    .byte 0xFF, 0xAD, 0xFF, 0xAD, 0xFF, 0xAD, 0xFF, 0xAD, 0xFF, 0xAD, 0xFF, 0xAD, 0xFF, 0xAD, 0xFF, 0xAD, 0xFF, 0xAD, 0xFF, 0xAD, 0xFF, 0xAD, 0xFF, 0xAD, 0xFF, 0xAD, 0xFF, 0xAD, 0xFF, 0xAD, 0xFF, 0xAD
    .byte 0xFF, 0xAD, 0xFF, 0xAD, 0xFF, 0xAD, 0xFF, 0xAD, 0xFF, 0xAD, 0xFF, 0xAD, 0xFF, 0xAD, 0xFF, 0xAD, 0xFF, 0xAD, 0xFF, 0xAD, 0xFF, 0xAD, 0xFF, 0xAD, 0xFF, 0xAD, 0xFF, 0xAD, 0xFF, 0xAD, 0xFF, 0xAD
    .byte 0xFF, 0xAD, 0xFF, 0xAD, 0xFF, 0xAD, 0xFF, 0xAD, 0xFF, 0xAD, 0xFF, 0xAD, 0xFF, 0xAD, 0xFF, 0xAD, 0xFF, 0xAD, 0xFF, 0xAD, 0xFF, 0xAD, 0xFF, 0xAD, 0xFF, 0xAD, 0xFF, 0xAD, 0xFF, 0xAD, 0xFF, 0xAD
    .byte 0xFF, 0xAD, 0xFF, 0xAD, 0xFF, 0xAD, 0xFF, 0xAD, 0xFF, 0xAD, 0xFF, 0xAD, 0xFF, 0xAD, 0xFF, 0xAD, 0xFF, 0xAD, 0xFF, 0xAD, 0xFF, 0xAD, 0xFF, 0xAD, 0xFF, 0xAD, 0xFF, 0xAD, 0xFF, 0xAD, 0xFF, 0xAD
    .byte 0xFF, 0xAD, 0xFF, 0xAD, 0xFF, 0xAD, 0xFF, 0xAD, 0xFF, 0xAD, 0xFF, 0xAD, 0xFF, 0xAD, 0xFF, 0xAD, 0xFF, 0xAD, 0xFF, 0xAD, 0xFF, 0xAD, 0xFF, 0xAD, 0xFF, 0xAD, 0xFF, 0xAD, 0xFF, 0xAD, 0xFF, 0xAD
    .byte 0xFF, 0xAD, 0xFF, 0xAD, 0xFF, 0xAD, 0xFF, 0xAD, 0xFF, 0xAD, 0xFF, 0xAD, 0xFF, 0xAD, 0xFF, 0xAD, 0xFF, 0xAD, 0xFF, 0xAD, 0xFF, 0xAD, 0xFF, 0xAD, 0xFF, 0xAD, 0xFF, 0xAD, 0xFF, 0xAD, 0xFF, 0xAD
    .byte 0xFF, 0xAD, 0xFF, 0xAD, 0xFF, 0xAD, 0xFF, 0xAD, 0xFF, 0xAD, 0xFF, 0xAD, 0xFF, 0xAD, 0xFF, 0xAD, 0xFF, 0xAD, 0xFF, 0xAD, 0xFF, 0xAD, 0xFF, 0xAD, 0xFF, 0xAD, 0xFF, 0xAD, 0xFF, 0xAD, 0xFF, 0xAD
    .byte 0xFF, 0xAD, 0xFF, 0xAD, 0xFF, 0xAD, 0xFF, 0xAD, 0xFF, 0xAD, 0xFF, 0x52, 0x52, 0x52, 0x52, 0x52, 0x52, 0x52, 0x52, 0x52, 0x52, 0x52, 0xB6, 0xB6, 0xB6, 0xB6, 0xB6, 0xB6, 0xB6, 0xB6, 0xB6, 0xB6
    .byte 0x5A, 0x5A, 0x74, 0x74, 0x74, 0x74, 0x6B, 0x6B, 0x6B, 0x74, 0x03, 0x6B, 0x03, 0x03, 0x03, 0x03, 0x03, 0x03, 0x74, 0x03, 0x03, 0x03, 0x74, 0x5A, 0x74, 0xAD, 0xAD, 0xAD, 0xAD, 0xAD, 0xAD, 0xAD
    .byte 0xAD, 0xAD, 0xAD, 0xAD, 0xAD, 0xAD, 0xAD, 0xAD, 0xAD, 0xAD, 0xAD, 0xAD, 0xAD, 0xAD, 0xAD, 0xAD, 0xAD, 0xAD, 0xAD, 0xAD, 0xAD, 0xAD, 0xAD, 0xAD, 0xAD, 0xAD, 0xAD, 0xAD, 0xAD, 0xAD, 0xAD, 0xAD
    .byte 0xAD, 0xAD, 0xAD, 0xAD, 0xAD, 0xAD, 0xAD, 0xAD, 0xAD, 0xAD, 0xAD, 0xAD, 0xAD, 0xAD, 0xAD, 0xAD, 0xAD, 0xAD, 0xAD, 0xAD, 0xAD, 0xAD, 0xAD, 0xAD, 0xAD, 0xAD, 0xAD, 0xAD, 0xAD, 0xAD, 0xAD, 0xAD
    .byte 0xAD, 0xAD, 0xAD, 0xAD, 0xAD, 0xAD, 0xAD, 0xAD, 0xAD, 0xAD, 0xAD, 0xAD, 0xAD, 0xAD, 0xAD, 0xAD, 0xAD, 0xAD, 0xAD, 0xAD, 0xAD, 0xAD, 0xAD, 0xAD, 0xAD, 0xAD, 0xAD, 0xAD, 0xAD, 0xAD, 0xAD, 0xAD
    .byte 0xAD, 0xAD, 0xAD, 0xAD, 0xAD, 0xAD, 0xAD, 0xAD, 0xAD, 0xAD, 0xAD, 0xAD, 0xAD, 0xAD, 0xAD, 0xAD, 0xAD, 0xAD, 0xAD, 0xAD, 0xAD, 0xAD, 0xAD, 0xAD, 0xAD, 0xAD, 0xAD, 0xAD, 0xAD, 0xAD, 0xAD, 0xAD
    .byte 0xAD, 0xAD, 0xAD, 0xAD, 0xAD, 0xAD, 0xAD, 0xAD, 0xAD, 0xAD, 0xAD, 0xAD, 0xAD, 0xAD, 0xAD, 0xAD, 0xAD, 0xAD, 0xAD, 0xAD, 0xAD, 0xAD, 0xAD, 0xAD, 0xAD, 0xAD, 0xAD, 0xAD, 0xAD, 0xAD, 0xAD, 0xAD
    .byte 0xAD, 0xAD, 0xAD, 0xAD, 0xAD, 0xAD, 0xAD, 0xAD, 0xAD, 0xAD, 0xAD, 0xAD, 0xAD, 0xAD, 0xAD, 0xAD, 0xAD, 0xAD, 0xAD, 0xAD, 0xAD, 0xAD, 0xAD, 0xAD, 0xAD, 0xAD, 0xAD, 0xAD, 0xAD, 0xAD, 0xAD, 0xAD
    .byte 0xAD, 0xAD, 0xAD, 0xAD, 0xAD, 0xAD, 0xAD, 0xAD, 0xAD, 0xAD, 0xAD, 0xAD, 0xAD, 0xAD, 0xAD, 0xAD, 0xAD, 0xAD, 0xAD, 0xAD, 0xAD, 0xAD, 0xAD, 0xAD, 0xAD, 0xAD, 0xAD, 0xAD, 0xAD, 0xAD, 0xAD, 0xAD
    .byte 0xAD, 0xAD, 0xAD, 0xAD, 0xAD, 0xAD, 0xAD, 0xAD, 0xAD, 0xAD, 0xAD, 0xAD, 0xAD, 0xAD, 0xAD, 0xAD, 0xAD, 0xAD, 0xAD, 0xAD, 0xAD, 0xAD, 0xAD, 0xAD, 0xAD, 0xAD, 0xAD, 0xAD, 0xAD, 0xAD, 0xAD, 0xAD
    .byte 0xAD, 0xAD, 0xAD, 0xAD, 0xAD, 0xAD, 0xAD, 0xAD, 0xAD, 0xAD, 0xAD, 0x52, 0x52, 0x52, 0x52, 0x52, 0x52, 0x52, 0x52, 0x52, 0x52, 0x52, 0xB6, 0xB6, 0xB6, 0xB6, 0xB6, 0xB6, 0xB6, 0xB6, 0xB6, 0xB6
    .byte 0x5A, 0x5A, 0x74, 0x74, 0x74, 0x6B, 0x6B, 0x6B, 0x6B, 0x6B, 0x6B, 0x03, 0x6B, 0x03, 0x03, 0x03, 0x03, 0x03, 0x03, 0x03, 0x03, 0x1A, 0x74, 0x5A, 0x74, 0xAD, 0x74, 0xAD, 0xFF, 0xAD, 0xFF, 0xAD
    .byte 0xFF, 0xAD, 0xFF, 0xAD, 0xFF, 0xAD, 0xFF, 0xAD, 0xFF, 0xAD, 0xFF, 0xAD, 0xFF, 0xAD, 0xFF, 0xAD, 0xFF, 0xAD, 0xFF, 0xAD, 0xFF, 0xAD, 0xFF, 0xAD, 0xFF, 0xAD, 0xFF, 0xAD, 0xFF, 0xAD, 0xFF, 0xAD
    .byte 0xFF, 0xAD, 0xFF, 0xAD, 0xFF, 0xAD, 0xFF, 0xAD, 0xFF, 0xAD, 0xFF, 0xAD, 0xFF, 0xAD, 0xFF, 0xAD, 0xFF, 0xAD, 0xFF, 0xAD, 0xFF, 0xAD, 0xFF, 0xAD, 0xFF, 0xAD, 0xFF, 0xAD, 0xFF, 0xAD, 0xFF, 0xAD
    .byte 0xFF, 0xAD, 0xFF, 0xAD, 0xFF, 0xAD, 0xFF, 0xAD, 0xFF, 0xAD, 0xFF, 0xAD, 0xFF, 0xAD, 0xFF, 0xAD, 0xFF, 0xAD, 0xFF, 0xAD, 0xFF, 0xAD, 0xFF, 0xAD, 0xFF, 0xAD, 0xFF, 0xAD, 0xFF, 0xAD, 0xFF, 0xAD
    .byte 0xFF, 0xAD, 0xFF, 0xAD, 0xFF, 0xAD, 0xFF, 0xAD, 0xFF, 0xAD, 0xFF, 0xAD, 0xFF, 0xAD, 0xFF, 0xAD, 0xFF, 0xAD, 0xFF, 0xAD, 0xFF, 0xAD, 0xFF, 0xAD, 0xFF, 0xAD, 0xFF, 0xAD, 0xFF, 0xAD, 0xFF, 0xAD
    .byte 0xFF, 0xAD, 0xFF, 0xAD, 0xFF, 0xAD, 0xFF, 0xAD, 0xFF, 0xAD, 0xFF, 0xAD, 0xFF, 0xAD, 0xFF, 0xAD, 0xFF, 0xAD, 0xFF, 0xAD, 0xFF, 0xAD, 0xFF, 0xAD, 0xFF, 0xAD, 0xFF, 0xAD, 0xFF, 0xAD, 0xFF, 0xAD
    .byte 0xFF, 0xAD, 0xFF, 0xAD, 0xFF, 0xAD, 0xFF, 0xAD, 0xFF, 0xAD, 0xFF, 0xAD, 0xFF, 0xAD, 0xFF, 0xAD, 0xFF, 0xAD, 0xFF, 0xAD, 0xFF, 0xAD, 0xFF, 0xAD, 0xFF, 0xAD, 0xFF, 0xAD, 0xFF, 0xAD, 0xFF, 0xAD
    .byte 0xFF, 0xAD, 0xFF, 0xAD, 0xFF, 0xAD, 0xFF, 0xAD, 0xFF, 0xAD, 0xFF, 0xAD, 0xFF, 0xAD, 0xFF, 0xAD, 0xFF, 0xAD, 0xFF, 0xAD, 0xFF, 0xAD, 0xFF, 0xAD, 0xFF, 0xAD, 0xFF, 0xAD, 0xFF, 0xAD, 0xFF, 0xAD
    .byte 0xFF, 0xAD, 0xFF, 0xAD, 0xFF, 0xAD, 0xFF, 0xAD, 0xFF, 0xAD, 0xFF, 0xAD, 0xFF, 0xAD, 0xFF, 0xAD, 0xFF, 0xAD, 0xFF, 0xAD, 0xFF, 0xAD, 0xFF, 0xAD, 0xFF, 0xAD, 0xFF, 0xAD, 0xFF, 0xAD, 0xFF, 0xAD
    .byte 0xFF, 0xAD, 0xFF, 0xAD, 0xFF, 0xAD, 0xFF, 0xAD, 0xFF, 0xAD, 0xFF, 0x52, 0x52, 0x52, 0x52, 0x52, 0x52, 0x52, 0x52, 0x52, 0x52, 0x52, 0xB6, 0xB6, 0xB6, 0xB6, 0xB6, 0xB6, 0xB6, 0xB6, 0xB6, 0xB6
    .byte 0x5A, 0x74, 0x74, 0x74, 0x5A, 0x74, 0x74, 0x6B, 0x6B, 0x6B, 0x03, 0x03, 0x5A, 0x03, 0x03, 0x03, 0x6B, 0x03, 0x03, 0x03, 0x03, 0x03, 0x74, 0x74, 0x5A, 0x74, 0x74, 0x74, 0xAD, 0xFF, 0xAD, 0xAD
    .byte 0xAD, 0xFF, 0xAD, 0xAD, 0xAD, 0xFF, 0xAD, 0xAD, 0xAD, 0xFF, 0xAD, 0xAD, 0xAD, 0xFF, 0xAD, 0xAD, 0xAD, 0xFF, 0xAD, 0xAD, 0xAD, 0xFF, 0xAD, 0xAD, 0xAD, 0xFF, 0xAD, 0xAD, 0xAD, 0xFF, 0xAD, 0xAD
    .byte 0xAD, 0xFF, 0xAD, 0xAD, 0xAD, 0xFF, 0xAD, 0xAD, 0xAD, 0xFF, 0xAD, 0xAD, 0xAD, 0xFF, 0xAD, 0xAD, 0xAD, 0xFF, 0xAD, 0xAD, 0xAD, 0xFF, 0xAD, 0xAD, 0xAD, 0xFF, 0xAD, 0xAD, 0xAD, 0xFF, 0xAD, 0xAD
    .byte 0xAD, 0xFF, 0xAD, 0xAD, 0xAD, 0xFF, 0xAD, 0xAD, 0xAD, 0xFF, 0xAD, 0xAD, 0xAD, 0xFF, 0xAD, 0xAD, 0xAD, 0xFF, 0xAD, 0xAD, 0xAD, 0xFF, 0xAD, 0xAD, 0xAD, 0xFF, 0xAD, 0xAD, 0xAD, 0xFF, 0xAD, 0xAD
    .byte 0xAD, 0xFF, 0xAD, 0xAD, 0xAD, 0xFF, 0xAD, 0xAD, 0xAD, 0xFF, 0xAD, 0xAD, 0xAD, 0xFF, 0xAD, 0xAD, 0xAD, 0xFF, 0xAD, 0xAD, 0xAD, 0xFF, 0xAD, 0xAD, 0xAD, 0xFF, 0xAD, 0xAD, 0xAD, 0xFF, 0xAD, 0xAD
    .byte 0xAD, 0xFF, 0xAD, 0xAD, 0xAD, 0xFF, 0xAD, 0xAD, 0xAD, 0xFF, 0xAD, 0xAD, 0xAD, 0xFF, 0xAD, 0xAD, 0xAD, 0xFF, 0xAD, 0xAD, 0xAD, 0xFF, 0xAD, 0xAD, 0xAD, 0xFF, 0xAD, 0xAD, 0xAD, 0xFF, 0xAD, 0xAD
    .byte 0xAD, 0xFF, 0xAD, 0xAD, 0xAD, 0xFF, 0xAD, 0xAD, 0xAD, 0xFF, 0xAD, 0xAD, 0xAD, 0xFF, 0xAD, 0xAD, 0xAD, 0xFF, 0xAD, 0xAD, 0xAD, 0xFF, 0xAD, 0xAD, 0xAD, 0xFF, 0xAD, 0xAD, 0xAD, 0xFF, 0xAD, 0xAD
    .byte 0xAD, 0xFF, 0xAD, 0xAD, 0xAD, 0xFF, 0xAD, 0xAD, 0xAD, 0xFF, 0xAD, 0xAD, 0xAD, 0xFF, 0xAD, 0xAD, 0xAD, 0xFF, 0xAD, 0xAD, 0xAD, 0xFF, 0xAD, 0xAD, 0xAD, 0xFF, 0xAD, 0xAD, 0xAD, 0xFF, 0xAD, 0xAD
    .byte 0xAD, 0xFF, 0xAD, 0xAD, 0xAD, 0xFF, 0xAD, 0xAD, 0xAD, 0xFF, 0xAD, 0xAD, 0xAD, 0xFF, 0xAD, 0xAD, 0xAD, 0xFF, 0xAD, 0xAD, 0xAD, 0xFF, 0xAD, 0xAD, 0xAD, 0xFF, 0xAD, 0xAD, 0xAD, 0xFF, 0xAD, 0xAD
    .byte 0xAD, 0xFF, 0xAD, 0xAD, 0xAD, 0xFF, 0xAD, 0xAD, 0xAD, 0xFF, 0xAD, 0x52, 0x52, 0x52, 0x52, 0x52, 0x52, 0x52, 0x52, 0x52, 0x52, 0x52, 0xB6, 0xB6, 0xB6, 0xB6, 0xB6, 0xB6, 0xB6, 0xB6, 0xB6, 0xB6
    .byte 0x5A, 0x5A, 0x74, 0x74, 0x74, 0x5A, 0x5A, 0x6B, 0x6B, 0x6B, 0x6B, 0x03, 0x03, 0x03, 0x03, 0x03, 0x03, 0x03, 0x03, 0x03, 0x03, 0x03, 0x74, 0x74, 0x74, 0xAD, 0x74, 0x74, 0xFF, 0xAD, 0xFF, 0xAD
    .byte 0xFF, 0xAD, 0xFF, 0xAD, 0xFF, 0xAD, 0xFF, 0xAD, 0xFF, 0xAD, 0xFF, 0xAD, 0xFF, 0xAD, 0xFF, 0xAD, 0xFF, 0xAD, 0xFF, 0xAD, 0xFF, 0xAD, 0xFF, 0xAD, 0xFF, 0xAD, 0xFF, 0xAD, 0xFF, 0xAD, 0xFF, 0xAD
    .byte 0xFF, 0xAD, 0xFF, 0xAD, 0xFF, 0xAD, 0xFF, 0xAD, 0xFF, 0xAD, 0xFF, 0xAD, 0xFF, 0xAD, 0xFF, 0xAD, 0xFF, 0xAD, 0xFF, 0xAD, 0xFF, 0xAD, 0xFF, 0xAD, 0xFF, 0xAD, 0xFF, 0xAD, 0xFF, 0xAD, 0xFF, 0xAD
    .byte 0xFF, 0xAD, 0xFF, 0xAD, 0xFF, 0xAD, 0xFF, 0xAD, 0xFF, 0xAD, 0xFF, 0xAD, 0xFF, 0xAD, 0xFF, 0xAD, 0xFF, 0xAD, 0xFF, 0xAD, 0xFF, 0xAD, 0x74, 0x74, 0x74, 0xAD, 0xFF, 0xAD, 0xFF, 0xAD, 0xFF, 0xAD
    .byte 0xFF, 0xAD, 0xFF, 0xAD, 0xFF, 0xAD, 0xFF, 0xAD, 0xFF, 0xAD, 0xFF, 0xAD, 0xFF, 0xAD, 0xFF, 0xAD, 0xFF, 0xAD, 0xFF, 0xAD, 0xFF, 0xAD, 0xFF, 0xAD, 0xFF, 0xAD, 0xFF, 0xAD, 0xFF, 0xAD, 0xFF, 0xAD
    .byte 0xFF, 0xAD, 0xFF, 0xAD, 0xFF, 0xAD, 0xFF, 0xAD, 0xFF, 0xAD, 0xFF, 0xAD, 0xFF, 0xAD, 0xFF, 0xAD, 0xFF, 0xAD, 0xFF, 0xAD, 0xFF, 0xAD, 0xFF, 0xAD, 0xFF, 0xAD, 0xFF, 0xAD, 0xFF, 0xAD, 0xFF, 0xAD
    .byte 0xFF, 0xAD, 0xFF, 0xAD, 0xFF, 0xAD, 0xFF, 0xAD, 0xFF, 0xAD, 0xFF, 0xAD, 0xFF, 0xAD, 0xFF, 0xAD, 0xFF, 0xAD, 0xFF, 0xAD, 0xFF, 0xAD, 0xFF, 0xAD, 0xFF, 0xAD, 0xFF, 0xAD, 0xFF, 0xAD, 0xFF, 0xAD
    .byte 0xFF, 0xAD, 0xFF, 0xAD, 0xFF, 0xAD, 0xFF, 0xAD, 0xFF, 0xAD, 0xFF, 0xAD, 0xFF, 0xAD, 0xFF, 0xAD, 0xFF, 0xAD, 0xFF, 0xAD, 0xFF, 0xAD, 0xFF, 0xAD, 0xFF, 0xAD, 0xFF, 0xAD, 0xFF, 0xAD, 0xFF, 0xAD
    .byte 0xFF, 0xAD, 0xFF, 0xAD, 0xFF, 0xAD, 0xFF, 0xAD, 0xFF, 0xAD, 0xFF, 0xAD, 0xFF, 0xAD, 0xFF, 0xAD, 0xFF, 0xAD, 0xFF, 0xAD, 0xFF, 0xAD, 0xFF, 0xAD, 0xFF, 0xAD, 0xFF, 0xAD, 0xFF, 0xAD, 0xFF, 0xAD
    .byte 0xFF, 0xAD, 0xFF, 0xAD, 0xFF, 0xAD, 0xFF, 0xAD, 0xFF, 0xAD, 0xFF, 0x52, 0x52, 0x52, 0x52, 0x52, 0x52, 0x52, 0x52, 0x52, 0x52, 0x52, 0xB6, 0xB6, 0xB6, 0xB6, 0xB6, 0xB6, 0xB6, 0xB6, 0xB6, 0xB6
    .byte 0x5A, 0x5A, 0x5A, 0x74, 0x5A, 0x74, 0x5A, 0x74, 0x6B, 0x6B, 0x6B, 0x6B, 0x03, 0x03, 0x03, 0x03, 0x03, 0x03, 0x03, 0x03, 0x03, 0x6B, 0x03, 0xAD, 0x74, 0x74, 0x74, 0xAD, 0xAD, 0xAD, 0xAD, 0xAD
    .byte 0xAD, 0xAD, 0xAD, 0xAD, 0xAD, 0xAD, 0xAD, 0xAD, 0xAD, 0xAD, 0xAD, 0xAD, 0xAD, 0xAD, 0xAD, 0xAD, 0xAD, 0xAD, 0xAD, 0xAD, 0xAD, 0xAD, 0xAD, 0xAD, 0xAD, 0xAD, 0xAD, 0xAD, 0xAD, 0xAD, 0xAD, 0xAD
    .byte 0xAD, 0xAD, 0xAD, 0xAD, 0xAD, 0xAD, 0xAD, 0xAD, 0xAD, 0xAD, 0xAD, 0xAD, 0xAD, 0xAD, 0xAD, 0xAD, 0xAD, 0xAD, 0xAD, 0xAD, 0xAD, 0xAD, 0xAD, 0xAD, 0xAD, 0xAD, 0xAD, 0xAD, 0xAD, 0xAD, 0xAD, 0xAD
    .byte 0xAD, 0xAD, 0xAD, 0xAD, 0xAD, 0xAD, 0xAD, 0xAD, 0xAD, 0xAD, 0xAD, 0xAD, 0xAD, 0xAD, 0xAD, 0xAD, 0xAD, 0xAD, 0xAD, 0xAD, 0xAD, 0x6B, 0x6B, 0x6B, 0x6B, 0xAD, 0x74, 0x74, 0x74, 0xAD, 0xAD, 0xAD
    .byte 0xAD, 0xAD, 0xAD, 0xAD, 0xAD, 0xAD, 0xAD, 0xAD, 0xAD, 0xAD, 0xAD, 0xAD, 0xAD, 0xAD, 0xAD, 0xAD, 0xAD, 0xAD, 0xAD, 0xAD, 0xAD, 0xAD, 0xAD, 0xAD, 0xAD, 0xAD, 0xAD, 0xAD, 0xAD, 0xAD, 0xAD, 0xAD
    .byte 0xAD, 0xAD, 0xAD, 0xAD, 0xAD, 0xAD, 0xAD, 0xAD, 0xAD, 0xAD, 0xAD, 0xAD, 0xAD, 0xAD, 0xAD, 0xAD, 0xAD, 0xAD, 0xAD, 0xAD, 0xAD, 0xAD, 0xAD, 0xAD, 0xAD, 0xAD, 0xAD, 0xAD, 0xAD, 0xAD, 0xAD, 0xAD
    .byte 0xAD, 0xAD, 0xAD, 0xAD, 0xAD, 0xAD, 0xAD, 0xAD, 0xAD, 0xAD, 0xAD, 0xAD, 0xAD, 0xAD, 0xAD, 0xAD, 0xAD, 0xAD, 0xAD, 0xAD, 0xAD, 0xAD, 0xAD, 0xAD, 0xAD, 0xAD, 0xAD, 0xAD, 0xAD, 0xAD, 0xAD, 0xAD
    .byte 0xAD, 0xAD, 0xAD, 0xAD, 0xAD, 0xAD, 0xAD, 0xAD, 0xAD, 0xAD, 0xAD, 0xAD, 0xAD, 0xAD, 0xAD, 0xAD, 0xAD, 0xAD, 0xAD, 0xAD, 0xAD, 0xAD, 0xAD, 0xAD, 0xAD, 0xAD, 0xAD, 0xAD, 0xAD, 0xAD, 0xAD, 0xAD
    .byte 0xAD, 0xAD, 0xAD, 0xAD, 0xAD, 0xAD, 0xAD, 0xAD, 0xAD, 0xAD, 0xAD, 0xAD, 0xAD, 0xAD, 0xAD, 0xAD, 0xAD, 0xAD, 0xAD, 0xAD, 0xAD, 0xAD, 0xAD, 0xAD, 0xAD, 0xAD, 0xAD, 0xAD, 0xAD, 0xAD, 0xAD, 0xAD
    .byte 0xAD, 0xAD, 0xAD, 0xAD, 0xAD, 0xAD, 0xAD, 0xAD, 0xAD, 0xAD, 0xAD, 0x52, 0x52, 0x52, 0x52, 0x52, 0x52, 0x52, 0x52, 0x52, 0x52, 0x52, 0xB6, 0xB6, 0xB6, 0xB6, 0xB6, 0xB6, 0xB6, 0xB6, 0xB6, 0xB6
    .byte 0x5A, 0x5A, 0x5A, 0x5A, 0x74, 0x74, 0x74, 0x6B, 0x6B, 0x6B, 0x1A, 0x03, 0x03, 0x03, 0x03, 0x03, 0x6B, 0x03, 0x03, 0x03, 0x03, 0x03, 0x03, 0x74, 0x74, 0x74, 0x74, 0x74, 0x74, 0xAD, 0xFF, 0xAD
    .byte 0xFF, 0xAD, 0xFF, 0xAD, 0xFF, 0xAD, 0xFF, 0xAD, 0xFF, 0xAD, 0xFF, 0xAD, 0xFF, 0xAD, 0xFF, 0xAD, 0xFF, 0xAD, 0xFF, 0xAD, 0xFF, 0xAD, 0xFF, 0xAD, 0xFF, 0xAD, 0xFF, 0xAD, 0xFF, 0xAD, 0xFF, 0xAD
    .byte 0xFF, 0xAD, 0xFF, 0xAD, 0xFF, 0xAD, 0xFF, 0xAD, 0xFF, 0xAD, 0xFF, 0xAD, 0xFF, 0xAD, 0xFF, 0xAD, 0xFF, 0xAD, 0xFF, 0xAD, 0xFF, 0xAD, 0xFF, 0xAD, 0xFF, 0xAD, 0xFF, 0xAD, 0xFF, 0xAD, 0xFF, 0xAD
    .byte 0xFF, 0xAD, 0xFF, 0xAD, 0xFF, 0xAD, 0xFF, 0xAD, 0xFF, 0xAD, 0xFF, 0xAD, 0xFF, 0xAD, 0xFF, 0xAD, 0xFF, 0xAD, 0xFF, 0xAD, 0x6B, 0x6B, 0x74, 0x6B, 0x6B, 0x6B, 0x6B, 0x74, 0xFF, 0x6B, 0xFF, 0xAD
    .byte 0xFF, 0xAD, 0xFF, 0xAD, 0xFF, 0xAD, 0xFF, 0xAD, 0xFF, 0xAD, 0xFF, 0xAD, 0xFF, 0xAD, 0xFF, 0xAD, 0xFF, 0xAD, 0xFF, 0xAD, 0xFF, 0xAD, 0xFF, 0xAD, 0xFF, 0xAD, 0xFF, 0xAD, 0xFF, 0xAD, 0xFF, 0xAD
    .byte 0xFF, 0xAD, 0xFF, 0xAD, 0xFF, 0xAD, 0xFF, 0xAD, 0xFF, 0xAD, 0xFF, 0xAD, 0xFF, 0xAD, 0xFF, 0xAD, 0xFF, 0xAD, 0xFF, 0xAD, 0xFF, 0xAD, 0xFF, 0xAD, 0xFF, 0xAD, 0xFF, 0xAD, 0xFF, 0xAD, 0xFF, 0xAD
    .byte 0xFF, 0xAD, 0xFF, 0xAD, 0xFF, 0xAD, 0xFF, 0xAD, 0xFF, 0xAD, 0xFF, 0xAD, 0xFF, 0xAD, 0xFF, 0xAD, 0xFF, 0xAD, 0xFF, 0xAD, 0xFF, 0xAD, 0xFF, 0xAD, 0xFF, 0xAD, 0xFF, 0xAD, 0xFF, 0xAD, 0xFF, 0xAD
    .byte 0xFF, 0xAD, 0xFF, 0xAD, 0xFF, 0xAD, 0xFF, 0xAD, 0xFF, 0xAD, 0xFF, 0xAD, 0xFF, 0xAD, 0xFF, 0xAD, 0xFF, 0xAD, 0xFF, 0xAD, 0xFF, 0xAD, 0xFF, 0xAD, 0xFF, 0xAD, 0xFF, 0xAD, 0xFF, 0xAD, 0xFF, 0xAD
    .byte 0xFF, 0xAD, 0xFF, 0xAD, 0xFF, 0xAD, 0xFF, 0xAD, 0xFF, 0xAD, 0xFF, 0xAD, 0xFF, 0xAD, 0xFF, 0xAD, 0xFF, 0xAD, 0xFF, 0xAD, 0xFF, 0xAD, 0xFF, 0xAD, 0xFF, 0xAD, 0xFF, 0xAD, 0xFF, 0xAD, 0xFF, 0xAD
    .byte 0xFF, 0xAD, 0xFF, 0xAD, 0xFF, 0xAD, 0xFF, 0xAD, 0xFF, 0xAD, 0xFF, 0x52, 0x52, 0x52, 0x52, 0x52, 0x52, 0x52, 0x52, 0x52, 0x52, 0x52, 0xB6, 0xB6, 0xB6, 0xB6, 0xB6, 0xB6, 0xB6, 0xB6, 0xB6, 0xB6
    .byte 0x5A, 0x5A, 0x5A, 0x5A, 0x5A, 0x74, 0x5A, 0x5A, 0x6B, 0x6B, 0x03, 0x03, 0x6B, 0x03, 0x03, 0x6B, 0x03, 0x03, 0x03, 0x03, 0x6B, 0x03, 0x6B, 0x5A, 0x74, 0x5A, 0x5A, 0x5A, 0x74, 0x5A, 0xAD, 0xAD
    .byte 0xAD, 0xFF, 0xAD, 0xAD, 0xAD, 0xFF, 0xAD, 0xAD, 0xAD, 0xFF, 0xAD, 0xAD, 0xAD, 0xFF, 0xAD, 0xAD, 0xAD, 0xFF, 0xAD, 0xAD, 0xAD, 0xFF, 0xAD, 0xAD, 0xAD, 0xFF, 0xAD, 0xAD, 0xAD, 0xFF, 0xAD, 0xAD
    .byte 0xAD, 0xFF, 0xAD, 0xAD, 0xAD, 0xFF, 0xAD, 0xAD, 0xAD, 0xFF, 0xAD, 0xAD, 0xAD, 0xFF, 0xAD, 0xAD, 0xAD, 0xFF, 0xAD, 0xAD, 0xAD, 0xFF, 0xAD, 0xAD, 0xAD, 0xFF, 0xAD, 0xAD, 0xAD, 0xFF, 0xAD, 0xAD
    .byte 0xAD, 0xFF, 0xAD, 0xAD, 0xAD, 0xFF, 0xAD, 0xAD, 0xAD, 0xFF, 0xAD, 0xAD, 0xAD, 0xFF, 0xAD, 0xAD, 0xAD, 0xFF, 0xAD, 0xAD, 0x6B, 0x74, 0x6B, 0x6B, 0x6B, 0x74, 0x6B, 0x6B, 0x6B, 0x6B, 0x74, 0xAD
    .byte 0xAD, 0xFF, 0xAD, 0x74, 0xAD, 0xFF, 0xAD, 0xAD, 0xAD, 0xFF, 0xAD, 0xAD, 0xAD, 0xFF, 0xAD, 0xAD, 0xAD, 0xFF, 0xAD, 0xAD, 0xAD, 0xFF, 0xAD, 0xAD, 0xAD, 0xFF, 0xAD, 0xAD, 0xAD, 0xFF, 0xAD, 0xAD
    .byte 0xAD, 0xFF, 0xAD, 0xAD, 0xAD, 0xFF, 0xAD, 0xAD, 0xAD, 0xFF, 0xAD, 0xAD, 0xAD, 0xFF, 0xAD, 0xAD, 0xAD, 0xFF, 0xAD, 0xAD, 0xAD, 0xFF, 0xAD, 0xAD, 0xAD, 0xFF, 0xAD, 0xAD, 0xAD, 0xFF, 0xAD, 0xAD
    .byte 0xAD, 0xFF, 0xAD, 0xAD, 0xAD, 0xFF, 0xAD, 0xAD, 0xAD, 0xFF, 0xAD, 0xAD, 0xAD, 0xFF, 0xAD, 0xAD, 0xAD, 0xFF, 0xAD, 0xAD, 0xAD, 0xFF, 0xAD, 0xAD, 0xAD, 0xFF, 0xAD, 0xAD, 0xAD, 0xFF, 0xAD, 0xAD
    .byte 0xAD, 0xFF, 0xAD, 0xAD, 0xAD, 0xFF, 0xAD, 0xAD, 0xAD, 0xFF, 0xAD, 0xAD, 0xAD, 0xFF, 0xAD, 0xAD, 0xAD, 0xFF, 0xAD, 0xAD, 0xAD, 0xFF, 0xAD, 0xAD, 0xAD, 0xFF, 0xAD, 0xAD, 0xAD, 0xFF, 0xAD, 0xAD
    .byte 0xAD, 0xFF, 0xAD, 0xAD, 0xAD, 0xFF, 0xAD, 0xAD, 0xAD, 0xFF, 0xAD, 0xAD, 0xAD, 0xFF, 0xAD, 0xAD, 0xAD, 0xFF, 0xAD, 0xAD, 0xAD, 0xFF, 0xAD, 0xAD, 0xAD, 0xFF, 0xAD, 0xAD, 0xAD, 0xFF, 0xAD, 0xAD
    .byte 0xAD, 0xFF, 0xAD, 0xAD, 0xAD, 0xFF, 0xAD, 0xAD, 0xAD, 0xFF, 0xAD, 0x52, 0x52, 0x52, 0x52, 0x52, 0x52, 0x52, 0x52, 0x52, 0x52, 0x52, 0xB6, 0xB6, 0xB6, 0xB6, 0xB6, 0xB6, 0xB6, 0xB6, 0xB6, 0xB6
    .byte 0x5A, 0x5A, 0x5A, 0x5A, 0x5A, 0x5A, 0x74, 0x74, 0x5A, 0x5A, 0x6B, 0x6B, 0x03, 0x03, 0x03, 0x03, 0x03, 0x03, 0x03, 0x6B, 0x03, 0x03, 0x03, 0x74, 0x74, 0x74, 0x74, 0x5A, 0x5A, 0xAD, 0xFF, 0xAD
    .byte 0xFF, 0xAD, 0xFF, 0xAD, 0xFF, 0xAD, 0xFF, 0xAD, 0xFF, 0xAD, 0xFF, 0xAD, 0xFF, 0xAD, 0xFF, 0xAD, 0xFF, 0xAD, 0xFF, 0xAD, 0xFF, 0xAD, 0xFF, 0xAD, 0xFF, 0xAD, 0xFF, 0xAD, 0xFF, 0xAD, 0xFF, 0xAD
    .byte 0xFF, 0xAD, 0xFF, 0xAD, 0xFF, 0xAD, 0xFF, 0xAD, 0xFF, 0xAD, 0xFF, 0xAD, 0xFF, 0xAD, 0xFF, 0xAD, 0xFF, 0xAD, 0xFF, 0xAD, 0xFF, 0xAD, 0xFF, 0xAD, 0xFF, 0xAD, 0xFF, 0xAD, 0xFF, 0xAD, 0xFF, 0xAD
    .byte 0xFF, 0xAD, 0xFF, 0xAD, 0xFF, 0xAD, 0xFF, 0xAD, 0xFF, 0xAD, 0xFF, 0xAD, 0xFF, 0xAD, 0xFF, 0xAD, 0xFF, 0xAD, 0xFF, 0x6B, 0x74, 0x6B, 0x74, 0x6B, 0x6B, 0x6B, 0xFF, 0x6B, 0x6B, 0x74, 0x74, 0x74
    .byte 0xFF, 0xAD, 0x6B, 0x1A, 0x6B, 0xAD, 0xFF, 0xAD, 0xFF, 0xAD, 0xFF, 0xAD, 0xFF, 0xAD, 0xFF, 0xAD, 0xFF, 0xAD, 0xFF, 0xAD, 0xFF, 0xAD, 0xFF, 0xAD, 0xFF, 0xAD, 0xFF, 0xAD, 0xFF, 0xAD, 0xFF, 0xAD
    .byte 0xFF, 0xAD, 0xFF, 0xAD, 0xFF, 0xAD, 0xFF, 0xAD, 0xFF, 0xAD, 0xFF, 0xAD, 0xFF, 0xAD, 0xFF, 0xAD, 0xFF, 0xAD, 0xFF, 0xAD, 0xFF, 0xAD, 0xFF, 0xAD, 0xFF, 0xAD, 0xFF, 0xAD, 0xFF, 0xAD, 0xFF, 0xAD
    .byte 0xFF, 0xAD, 0xFF, 0xAD, 0xFF, 0xAD, 0xFF, 0xAD, 0xFF, 0xAD, 0xFF, 0xAD, 0xFF, 0xAD, 0xFF, 0xAD, 0xFF, 0xAD, 0xFF, 0xAD, 0xFF, 0xAD, 0xFF, 0xAD, 0xFF, 0xAD, 0xFF, 0xAD, 0xFF, 0xAD, 0xFF, 0xAD
    .byte 0xFF, 0xAD, 0xFF, 0xAD, 0xFF, 0xAD, 0xFF, 0xAD, 0xFF, 0xAD, 0xFF, 0xAD, 0xFF, 0xAD, 0xFF, 0xAD, 0xFF, 0xAD, 0xFF, 0xAD, 0xFF, 0xAD, 0xFF, 0xAD, 0xFF, 0xAD, 0xFF, 0xAD, 0xFF, 0xAD, 0xFF, 0xAD
    .byte 0xFF, 0xAD, 0xFF, 0xAD, 0xFF, 0xAD, 0xFF, 0xAD, 0xFF, 0xAD, 0xFF, 0xAD, 0xFF, 0xAD, 0xFF, 0xAD, 0xFF, 0xAD, 0xFF, 0xAD, 0xFF, 0xAD, 0xFF, 0xAD, 0xFF, 0xAD, 0xFF, 0xAD, 0xFF, 0xAD, 0xFF, 0xAD
    .byte 0xFF, 0xAD, 0xFF, 0xAD, 0xFF, 0xAD, 0xFF, 0xAD, 0xFF, 0xAD, 0xFF, 0x52, 0x52, 0x52, 0x52, 0x52, 0x52, 0x52, 0x52, 0x52, 0x52, 0x52, 0xB6, 0xB6, 0xB6, 0xB6, 0xB6, 0xB6, 0xB6, 0xB6, 0xB6, 0xB6
    .byte 0x5A, 0xAD, 0xAD, 0x5A, 0x5A, 0x5A, 0x5A, 0x5A, 0x5A, 0x5A, 0x5A, 0x03, 0x6B, 0x03, 0x03, 0x03, 0x03, 0x03, 0x03, 0x03, 0x03, 0x03, 0x03, 0x5A, 0x74, 0x74, 0x74, 0x74, 0x5A, 0xAD, 0xAD, 0xAD
    .byte 0xAD, 0xAD, 0xAD, 0xAD, 0xAD, 0xAD, 0xAD, 0xAD, 0xAD, 0xAD, 0xAD, 0xAD, 0xAD, 0xAD, 0xAD, 0xAD, 0xAD, 0xAD, 0xAD, 0xAD, 0xAD, 0xAD, 0xAD, 0xAD, 0xAD, 0xAD, 0xAD, 0xAD, 0xAD, 0xAD, 0xAD, 0xAD
    .byte 0xAD, 0xAD, 0xAD, 0xAD, 0xAD, 0xAD, 0xAD, 0xAD, 0xAD, 0xAD, 0xAD, 0xAD, 0xAD, 0xAD, 0xAD, 0xAD, 0xAD, 0xAD, 0xAD, 0xAD, 0xAD, 0xAD, 0xAD, 0xAD, 0xAD, 0xAD, 0xAD, 0xAD, 0xAD, 0xAD, 0xAD, 0xAD
    .byte 0xAD, 0xAD, 0xAD, 0xAD, 0xAD, 0xAD, 0xAD, 0xAD, 0xAD, 0xAD, 0xAD, 0xAD, 0xAD, 0xAD, 0xAD, 0xAD, 0xAD, 0xAD, 0x74, 0xAD, 0xAD, 0x6B, 0x74, 0xAD, 0x74, 0x6B, 0x6B, 0x6B, 0x5A, 0x6B, 0x1A, 0xAD
    .byte 0x6B, 0x74, 0x6B, 0x6B, 0xAD, 0x6B, 0x6B, 0xAD, 0xAD, 0xAD, 0xAD, 0xAD, 0xAD, 0xAD, 0xAD, 0xAD, 0xAD, 0xAD, 0xAD, 0xAD, 0xAD, 0xAD, 0xAD, 0xAD, 0xAD, 0xAD, 0xAD, 0xAD, 0xAD, 0xAD, 0xAD, 0xAD
    .byte 0xAD, 0xAD, 0xAD, 0xAD, 0xAD, 0xAD, 0xAD, 0xAD, 0xAD, 0xAD, 0xAD, 0xAD, 0xAD, 0xAD, 0xAD, 0xAD, 0xAD, 0xAD, 0xAD, 0xAD, 0xAD, 0xAD, 0xAD, 0xAD, 0xAD, 0xAD, 0xAD, 0xAD, 0xAD, 0xAD, 0xAD, 0xAD
    .byte 0xAD, 0xAD, 0xAD, 0xAD, 0xAD, 0xAD, 0xAD, 0xAD, 0xAD, 0xAD, 0xAD, 0xAD, 0xAD, 0xAD, 0xAD, 0xAD, 0xAD, 0xAD, 0xAD, 0xAD, 0xAD, 0xAD, 0xAD, 0xAD, 0xAD, 0xAD, 0xAD, 0xAD, 0xAD, 0xAD, 0xAD, 0xAD
    .byte 0xAD, 0xAD, 0xAD, 0xAD, 0xAD, 0xAD, 0xAD, 0xAD, 0xAD, 0xAD, 0xAD, 0xAD, 0xAD, 0xAD, 0xAD, 0xAD, 0xAD, 0xAD, 0xAD, 0xAD, 0xAD, 0xAD, 0xAD, 0xAD, 0xAD, 0xAD, 0xAD, 0xAD, 0xAD, 0xAD, 0xAD, 0xAD
    .byte 0xAD, 0xAD, 0xAD, 0xAD, 0xAD, 0xAD, 0xAD, 0xAD, 0xAD, 0xAD, 0xAD, 0xAD, 0xAD, 0xAD, 0xAD, 0xAD, 0xAD, 0xAD, 0xAD, 0xAD, 0xAD, 0xAD, 0xAD, 0xAD, 0xAD, 0xAD, 0xAD, 0xAD, 0xAD, 0xAD, 0xAD, 0xAD
    .byte 0xAD, 0xAD, 0xAD, 0xAD, 0xAD, 0xAD, 0xAD, 0xAD, 0xAD, 0xAD, 0xAD, 0x52, 0x52, 0x52, 0x52, 0x52, 0x52, 0x52, 0x52, 0x52, 0x52, 0x52, 0xB6, 0xB6, 0xB6, 0xB6, 0xB6, 0xB6, 0xB6, 0xB6, 0xB6, 0xB6
    .byte 0x5A, 0x5A, 0x5A, 0x5A, 0x5A, 0x5A, 0x5A, 0x5A, 0x5A, 0x5A, 0x5A, 0x03, 0x03, 0x03, 0x03, 0x03, 0x03, 0x6B, 0x03, 0x03, 0x03, 0x03, 0x03, 0x74, 0x03, 0x74, 0x74, 0x74, 0x5A, 0x5A, 0xFF, 0xAD
    .byte 0xFF, 0xAD, 0xFF, 0xAD, 0xFF, 0xAD, 0xFF, 0xAD, 0xFF, 0xAD, 0xFF, 0xAD, 0xFF, 0xAD, 0xFF, 0xAD, 0xFF, 0xAD, 0xFF, 0xAD, 0xFF, 0xAD, 0xFF, 0xAD, 0xFF, 0xAD, 0xFF, 0xAD, 0xFF, 0xAD, 0xFF, 0xAD
    .byte 0xFF, 0xAD, 0xFF, 0xAD, 0xFF, 0xAD, 0xFF, 0xAD, 0xFF, 0xAD, 0xFF, 0xAD, 0xFF, 0xAD, 0xFF, 0xAD, 0xFF, 0xAD, 0xFF, 0xAD, 0xFF, 0xAD, 0xFF, 0xAD, 0xFF, 0xAD, 0xFF, 0xAD, 0xFF, 0xAD, 0xFF, 0xAD
    .byte 0xFF, 0xAD, 0xFF, 0xAD, 0xFF, 0xAD, 0xFF, 0xAD, 0xFF, 0xAD, 0xFF, 0xAD, 0xFF, 0xAD, 0xFF, 0xAD, 0xFF, 0xAD, 0x6B, 0x6B, 0x6B, 0x74, 0x6B, 0x6B, 0x6B, 0x74, 0xFF, 0x6B, 0x5A, 0x6B, 0x5A, 0x6B
    .byte 0xFF, 0x6B, 0x1A, 0xAD, 0x6B, 0xAD, 0x6B, 0x6B, 0xFF, 0xAD, 0xFF, 0xAD, 0xFF, 0xAD, 0xFF, 0xAD, 0xFF, 0xAD, 0xFF, 0xAD, 0xFF, 0xAD, 0xFF, 0xAD, 0x74, 0xAD, 0x74, 0x74, 0x74, 0xAD, 0x74, 0xAD
    .byte 0xFF, 0xAD, 0xFF, 0xAD, 0xFF, 0xAD, 0xFF, 0xAD, 0xFF, 0xAD, 0xFF, 0xAD, 0xFF, 0xAD, 0xFF, 0xAD, 0xFF, 0xAD, 0xFF, 0xAD, 0xFF, 0xAD, 0xFF, 0xAD, 0xFF, 0xAD, 0xFF, 0xAD, 0xFF, 0xAD, 0xFF, 0xAD
    .byte 0xFF, 0xAD, 0xFF, 0xAD, 0xFF, 0xAD, 0xFF, 0x54, 0xFF, 0xAD, 0xFF, 0xAD, 0xFF, 0xAD, 0xFF, 0xAD, 0xFF, 0xAD, 0xFF, 0xAD, 0xFF, 0xAD, 0xFF, 0xAD, 0xFF, 0xAD, 0xFF, 0xAD, 0xFF, 0xAD, 0xFF, 0xAD
    .byte 0xFF, 0xAD, 0xFF, 0xAD, 0xFF, 0xAD, 0xFF, 0xAD, 0xFF, 0xAD, 0xFF, 0xAD, 0xFF, 0xAD, 0xFF, 0xAD, 0xFF, 0xAD, 0xFF, 0xAD, 0xFF, 0xAD, 0xFF, 0xAD, 0xFF, 0xAD, 0xFF, 0xAD, 0xFF, 0xAD, 0xFF, 0xAD
    .byte 0xFF, 0xAD, 0xFF, 0xAD, 0xFF, 0xAD, 0xFF, 0xAD, 0xFF, 0xAD, 0xFF, 0xAD, 0xFF, 0xAD, 0xFF, 0xAD, 0xFF, 0xAD, 0xFF, 0xAD, 0xFF, 0xAD, 0xFF, 0xAD, 0xFF, 0xAD, 0xFF, 0xAD, 0xFF, 0xAD, 0xFF, 0xAD
    .byte 0xFF, 0xAD, 0xFF, 0xAD, 0xFF, 0xAD, 0xFF, 0xAD, 0xFF, 0xAD, 0xFF, 0x52, 0x52, 0x52, 0x52, 0x52, 0x52, 0x52, 0x52, 0x52, 0x52, 0x52, 0xB6, 0xB6, 0xB6, 0xB6, 0xB6, 0xB6, 0xB6, 0xB6, 0xB6, 0xB6
    .byte 0x5A, 0xFF, 0x5A, 0x5A, 0x5A, 0x5A, 0x5A, 0x5A, 0x5A, 0x5A, 0x5A, 0x6B, 0x03, 0x03, 0x03, 0x6B, 0x03, 0x03, 0x03, 0x03, 0x74, 0x03, 0x03, 0x03, 0x03, 0x74, 0x74, 0x5A, 0x74, 0x5A, 0x5A, 0xAD
    .byte 0xAD, 0xFF, 0xAD, 0xAD, 0xAD, 0xFF, 0xAD, 0xAD, 0xAD, 0xFF, 0xAD, 0xAD, 0xAD, 0xFF, 0xAD, 0xAD, 0xAD, 0xFF, 0xAD, 0xAD, 0xAD, 0xFF, 0xAD, 0xAD, 0xAD, 0xFF, 0xAD, 0xAD, 0xAD, 0xFF, 0xAD, 0xAD
    .byte 0xAD, 0xFF, 0xAD, 0xAD, 0xAD, 0xFF, 0xAD, 0xAD, 0xAD, 0xFF, 0xAD, 0xAD, 0xAD, 0xFF, 0xAD, 0xAD, 0xAD, 0xFF, 0xAD, 0xAD, 0xAD, 0xFF, 0xAD, 0xAD, 0xAD, 0xFF, 0xAD, 0xAD, 0xAD, 0xFF, 0xAD, 0xAD
    .byte 0xAD, 0xFF, 0xAD, 0xAD, 0xAD, 0xFF, 0xAD, 0xAD, 0xAD, 0xFF, 0xAD, 0xAD, 0xAD, 0xFF, 0xAD, 0xAD, 0xAD, 0xFF, 0x74, 0x6B, 0x74, 0x6B, 0x74, 0x74, 0x6B, 0x6B, 0x5A, 0x6B, 0x6B, 0x6B, 0x6B, 0x6B
    .byte 0x6B, 0x6B, 0xAD, 0x6B, 0x74, 0x6B, 0xAD, 0x6B, 0x6B, 0xFF, 0xAD, 0xAD, 0xAD, 0xFF, 0x6B, 0xAD, 0xAD, 0xFF, 0xAD, 0xAD, 0xAD, 0xFF, 0xAD, 0x74, 0xAD, 0xFF, 0xAD, 0xAD, 0x74, 0x74, 0xAD, 0xAD
    .byte 0xAD, 0xFF, 0xAD, 0xAD, 0xAD, 0xFF, 0xAD, 0xAD, 0xAD, 0xFF, 0xAD, 0xAD, 0xAD, 0xFF, 0xAD, 0xAD, 0xAD, 0xFF, 0xAD, 0xAD, 0xAD, 0xFF, 0xAD, 0xAD, 0xAD, 0xFF, 0xAD, 0xAD, 0xAD, 0xFF, 0xAD, 0xAD
    .byte 0xAD, 0xFF, 0xAD, 0xAD, 0xAD, 0xFF, 0x54, 0xAD, 0x54, 0x54, 0xAD, 0xAD, 0xAD, 0xFF, 0xAD, 0xAD, 0xAD, 0xFF, 0xAD, 0xAD, 0xAD, 0xFF, 0xAD, 0xAD, 0xAD, 0xFF, 0xAD, 0xAD, 0xAD, 0xFF, 0xAD, 0xAD
    .byte 0xAD, 0xFF, 0xAD, 0xAD, 0xAD, 0xFF, 0xAD, 0xAD, 0xAD, 0xFF, 0xAD, 0xAD, 0xAD, 0xFF, 0xAD, 0xAD, 0xAD, 0xFF, 0xAD, 0xAD, 0xAD, 0xFF, 0xAD, 0xAD, 0xAD, 0xFF, 0xAD, 0xAD, 0xAD, 0xFF, 0xAD, 0xAD
    .byte 0xAD, 0xFF, 0xAD, 0xAD, 0xAD, 0xFF, 0xAD, 0xAD, 0xAD, 0xFF, 0xAD, 0xAD, 0xAD, 0xFF, 0xAD, 0xAD, 0xAD, 0xFF, 0xAD, 0xAD, 0xAD, 0xFF, 0xAD, 0xAD, 0xAD, 0xFF, 0xAD, 0xAD, 0xAD, 0xFF, 0xAD, 0xAD
    .byte 0xAD, 0xFF, 0xAD, 0xAD, 0xAD, 0xFF, 0xAD, 0xAD, 0xAD, 0xFF, 0xAD, 0x09, 0x09, 0x09, 0x09, 0x09, 0x09, 0x09, 0x09, 0x09, 0x09, 0x52, 0xB6, 0xB6, 0xB6, 0xB6, 0xB6, 0xB6, 0xB6, 0xB6, 0xB6, 0xB6
    .byte 0xFF, 0x5A, 0x5A, 0x5A, 0x5A, 0x5A, 0x5A, 0x5A, 0x5A, 0xAD, 0x5A, 0x03, 0x03, 0x03, 0x6B, 0x03, 0x03, 0x03, 0x03, 0x03, 0x03, 0x03, 0x03, 0x03, 0x03, 0x03, 0x74, 0x74, 0x5A, 0x74, 0xFF, 0xAD
    .byte 0xFF, 0xAD, 0xFF, 0xAD, 0xFF, 0xAD, 0xFF, 0xAD, 0xFF, 0xAD, 0xFF, 0xAD, 0xFF, 0xAD, 0xFF, 0xAD, 0xFF, 0xAD, 0xFF, 0xAD, 0xFF, 0xAD, 0xFF, 0xAD, 0xFF, 0xAD, 0xFF, 0xAD, 0xFF, 0xAD, 0xFF, 0xAD
    .byte 0xFF, 0xAD, 0xFF, 0xAD, 0xFF, 0xAD, 0xFF, 0xAD, 0xFF, 0xAD, 0xFF, 0xAD, 0xFF, 0xAD, 0xFF, 0xAD, 0xFF, 0xAD, 0xFF, 0xAD, 0xFF, 0xAD, 0xFF, 0xAD, 0xFF, 0xAD, 0xFF, 0xAD, 0xFF, 0xAD, 0xFF, 0xAD
    .byte 0xFF, 0xAD, 0xFF, 0xAD, 0xFF, 0xAD, 0xFF, 0xAD, 0xFF, 0xAD, 0xFF, 0xAD, 0xFF, 0xAD, 0xFF, 0xAD, 0xFF, 0xAD, 0xFF, 0x6B, 0x6B, 0x74, 0x74, 0x6B, 0x74, 0x6B, 0x6B, 0x5A, 0x6B, 0x1A, 0x1A, 0x6B
    .byte 0x1A, 0x6B, 0x1A, 0x5A, 0x1A, 0xAD, 0x74, 0x6B, 0x6B, 0xAD, 0x74, 0x74, 0x6B, 0xAD, 0x6B, 0xAD, 0x6B, 0x6B, 0x6B, 0xAD, 0xFF, 0xAD, 0xFF, 0x74, 0x74, 0x74, 0xFF, 0xAD, 0x74, 0x74, 0x74, 0x74
    .byte 0xFF, 0xAD, 0xFF, 0xAD, 0xFF, 0xAD, 0xFF, 0xAD, 0xFF, 0xAD, 0xFF, 0xAD, 0xFF, 0xAD, 0xFF, 0xAD, 0xFF, 0xAD, 0xFF, 0xAD, 0xFF, 0xAD, 0xFF, 0xAD, 0xFF, 0xAD, 0xFF, 0xAD, 0xFF, 0xAD, 0xFF, 0xAD
    .byte 0xFF, 0xAD, 0xFF, 0x54, 0x54, 0x54, 0x54, 0x54, 0x03, 0x54, 0xFF, 0xAD, 0xFF, 0xAD, 0xFF, 0xAD, 0xFF, 0xAD, 0xFF, 0xAD, 0xFF, 0xAD, 0xFF, 0xAD, 0xFF, 0xAD, 0xFF, 0xAD, 0xFF, 0xAD, 0xFF, 0xAD
    .byte 0xFF, 0xAD, 0xFF, 0xAD, 0xFF, 0xAD, 0xFF, 0xAD, 0xFF, 0xAD, 0xFF, 0xAD, 0xFF, 0xAD, 0xFF, 0xAD, 0xFF, 0xAD, 0xFF, 0xAD, 0xFF, 0xAD, 0xFF, 0xAD, 0xFF, 0xAD, 0xFF, 0xAD, 0xFF, 0xAD, 0xFF, 0xAD
    .byte 0xFF, 0xAD, 0xFF, 0xAD, 0xFF, 0xAD, 0xFF, 0xAD, 0xFF, 0xAD, 0xFF, 0xAD, 0xFF, 0xAD, 0xFF, 0xAD, 0xFF, 0xAD, 0xFF, 0xAD, 0xFF, 0xAD, 0xFF, 0xAD, 0xFF, 0xAD, 0xFF, 0xAD, 0xFF, 0xAD, 0xFF, 0xAD
    .byte 0xFF, 0xAD, 0xFF, 0xAD, 0xFF, 0xAD, 0xFF, 0xAD, 0xFF, 0xAD, 0xFF, 0x09, 0x09, 0x09, 0x09, 0x09, 0x09, 0x09, 0x09, 0x09, 0x09, 0x52, 0xB6, 0xB6, 0xB6, 0xB6, 0xB6, 0xB6, 0xB6, 0xB6, 0xB6, 0xB6
    .byte 0xAD, 0xAD, 0x5A, 0xAD, 0x5A, 0x5A, 0xAD, 0x5A, 0x5A, 0x5A, 0x5A, 0x6B, 0x03, 0x03, 0x03, 0x03, 0x03, 0x03, 0x03, 0x03, 0x03, 0x03, 0x03, 0x03, 0x03, 0x03, 0x03, 0x03, 0x74, 0xAD, 0xAD, 0xAD
    .byte 0xAD, 0xAD, 0xAD, 0xAD, 0xAD, 0xAD, 0xAD, 0xAD, 0xAD, 0xAD, 0xAD, 0xAD, 0xAD, 0xAD, 0xAD, 0xAD, 0xAD, 0xAD, 0xAD, 0xAD, 0xAD, 0xAD, 0xAD, 0xAD, 0xAD, 0xAD, 0xAD, 0xAD, 0xAD, 0xAD, 0xAD, 0xAD
    .byte 0xAD, 0xAD, 0xAD, 0xAD, 0xAD, 0xAD, 0xAD, 0xAD, 0xAD, 0xAD, 0xAD, 0xAD, 0xAD, 0xAD, 0xAD, 0xAD, 0xAD, 0xAD, 0xAD, 0xAD, 0xAD, 0xAD, 0xAD, 0xAD, 0xAD, 0xAD, 0xAD, 0xAD, 0xAD, 0xAD, 0xAD, 0xAD
    .byte 0xAD, 0xAD, 0xAD, 0xAD, 0xAD, 0xAD, 0xAD, 0xAD, 0xAD, 0xAD, 0xAD, 0xAD, 0xAD, 0xAD, 0xAD, 0xAD, 0xAD, 0xAD, 0xAD, 0xAD, 0x6B, 0x74, 0x74, 0x74, 0x6B, 0x6B, 0x6B, 0x6B, 0x74, 0x6B, 0x5A, 0x1A
    .byte 0x6B, 0x6B, 0x6B, 0x6B, 0x6B, 0x1A, 0x6B, 0x1A, 0x74, 0x74, 0x74, 0x74, 0x74, 0xAD, 0xAD, 0x6B, 0x6B, 0x6B, 0xAD, 0x6B, 0xAD, 0xAD, 0x74, 0xAD, 0xAD, 0x74, 0x74, 0x74, 0x74, 0xAD, 0xAD, 0x74
    .byte 0x74, 0xAD, 0xAD, 0xAD, 0xAD, 0xAD, 0xAD, 0xAD, 0xAD, 0xAD, 0xAD, 0xAD, 0xAD, 0xAD, 0xAD, 0xAD, 0xAD, 0xAD, 0xAD, 0xAD, 0xAD, 0xAD, 0xAD, 0xAD, 0xAD, 0xAD, 0xAD, 0xAD, 0xAD, 0xAD, 0xAD, 0xAD
    .byte 0xAD, 0xAD, 0xAD, 0x54, 0xAD, 0xAD, 0x54, 0xAD, 0x03, 0x03, 0x03, 0x54, 0x03, 0xAD, 0xAD, 0xAD, 0xAD, 0xAD, 0xAD, 0xAD, 0xAD, 0xAD, 0xAD, 0xAD, 0xAD, 0xAD, 0xAD, 0xAD, 0xAD, 0xAD, 0xAD, 0xAD
    .byte 0xAD, 0xAD, 0xAD, 0xAD, 0xAD, 0xAD, 0xAD, 0xAD, 0xAD, 0xAD, 0xAD, 0xAD, 0xAD, 0xAD, 0xAD, 0xAD, 0xAD, 0xAD, 0xAD, 0xAD, 0xAD, 0xAD, 0xAD, 0xAD, 0xAD, 0xAD, 0xAD, 0xAD, 0xAD, 0xAD, 0xAD, 0xAD
    .byte 0xAD, 0xAD, 0xAD, 0xAD, 0xAD, 0xAD, 0xAD, 0xAD, 0xAD, 0xAD, 0xAD, 0xAD, 0xAD, 0xAD, 0xAD, 0xAD, 0xAD, 0xAD, 0xAD, 0xAD, 0xAD, 0xAD, 0xAD, 0xAD, 0xAD, 0xAD, 0xAD, 0xAD, 0xAD, 0xAD, 0xAD, 0xAD
    .byte 0xAD, 0xAD, 0xAD, 0xAD, 0xAD, 0xAD, 0xAD, 0xAD, 0xAD, 0xAD, 0xAD, 0x09, 0x09, 0x09, 0x09, 0x09, 0x09, 0x09, 0x09, 0x09, 0x09, 0x52, 0xB6, 0xB6, 0xB6, 0xB6, 0xB6, 0xB6, 0xB6, 0xB6, 0xB6, 0xB6
    .byte 0xFF, 0xAD, 0xFF, 0xAD, 0xFF, 0xAD, 0xFF, 0x5A, 0xFF, 0x5A, 0x5A, 0x5A, 0x6B, 0x03, 0x03, 0x03, 0x03, 0x03, 0x03, 0x03, 0x03, 0x03, 0x03, 0x5A, 0x03, 0x74, 0x03, 0x03, 0x74, 0x74, 0x74, 0xAD
    .byte 0xFF, 0xAD, 0xFF, 0xAD, 0xFF, 0xAD, 0xFF, 0xAD, 0xFF, 0xAD, 0xFF, 0xAD, 0xFF, 0xAD, 0xFF, 0xAD, 0xFF, 0xAD, 0xFF, 0xAD, 0xFF, 0xAD, 0xFF, 0xAD, 0xFF, 0xAD, 0xFF, 0xAD, 0xFF, 0xAD, 0xFF, 0xAD
    .byte 0xFF, 0xAD, 0xFF, 0xAD, 0xFF, 0xAD, 0xFF, 0xAD, 0xFF, 0xAD, 0xFF, 0xAD, 0xFF, 0xAD, 0xFF, 0xAD, 0xFF, 0xAD, 0xFF, 0xAD, 0xFF, 0xAD, 0xFF, 0xAD, 0xFF, 0xAD, 0xFF, 0xAD, 0xFF, 0xAD, 0xFF, 0xAD
    .byte 0xFF, 0xAD, 0xFF, 0xAD, 0xFF, 0xAD, 0xFF, 0xAD, 0xFF, 0xAD, 0xFF, 0xAD, 0xFF, 0xAD, 0xFF, 0xAD, 0xFF, 0xAD, 0xFF, 0x74, 0x6B, 0x6B, 0x6B, 0x6B, 0x6B, 0x6B, 0x6B, 0x6B, 0x6B, 0x6B, 0x6B, 0x1A
    .byte 0x6B, 0x6B, 0x5A, 0x6B, 0x5A, 0x6B, 0x1A, 0x6B, 0x6B, 0x74, 0x6B, 0x6B, 0x6B, 0x6B, 0x74, 0xAD, 0x6B, 0xAD, 0x6B, 0xAD, 0x03, 0x6B, 0x03, 0x6B, 0x74, 0x74, 0xFF, 0x74, 0xFF, 0x74, 0xFF, 0x74
    .byte 0x74, 0xAD, 0xFF, 0xAD, 0xFF, 0xAD, 0xFF, 0xAD, 0xFF, 0xAD, 0xFF, 0xAD, 0xFF, 0xAD, 0xFF, 0xAD, 0xFF, 0xAD, 0xFF, 0xAD, 0xFF, 0xAD, 0xFF, 0xAD, 0xFF, 0xAD, 0xFF, 0xAD, 0xFF, 0xAD, 0xFF, 0xAD
    .byte 0xFF, 0xAD, 0xFF, 0x54, 0xFF, 0x03, 0x03, 0xAD, 0x03, 0x03, 0x03, 0x03, 0x03, 0x03, 0x03, 0xAD, 0xFF, 0xAD, 0xFF, 0xAD, 0xFF, 0xAD, 0xFF, 0xAD, 0xFF, 0xAD, 0xFF, 0xAD, 0xFF, 0xAD, 0xFF, 0xAD
    .byte 0xFF, 0xAD, 0xFF, 0xAD, 0xFF, 0xAD, 0xFF, 0xAD, 0xFF, 0xAD, 0xFF, 0xAD, 0xFF, 0xAD, 0xFF, 0xAD, 0xFF, 0xAD, 0xFF, 0xAD, 0xFF, 0xAD, 0xFF, 0xAD, 0xFF, 0xAD, 0xFF, 0xAD, 0xFF, 0xAD, 0xFF, 0xAD
    .byte 0xFF, 0xAD, 0xFF, 0xAD, 0xFF, 0xAD, 0xFF, 0xAD, 0xFF, 0xAD, 0xFF, 0xAD, 0xFF, 0xAD, 0xFF, 0xAD, 0xFF, 0xAD, 0xFF, 0xAD, 0xFF, 0xAD, 0xFF, 0xAD, 0xFF, 0xAD, 0xFF, 0xAD, 0xFF, 0xAD, 0xFF, 0xAD
    .byte 0xFF, 0xAD, 0xFF, 0xAD, 0xFF, 0xAD, 0xFF, 0xAD, 0xFF, 0xAD, 0xFF, 0x09, 0x09, 0x09, 0x09, 0x0E, 0x09, 0x09, 0x09, 0x09, 0x09, 0x52, 0xB6, 0xB6, 0xB6, 0xB6, 0xB6, 0xB6, 0xB6, 0xB6, 0xB6, 0xB6
    .byte 0xAD, 0xFF, 0xAD, 0xAD, 0xAD, 0xFF, 0xAD, 0xAD, 0xAD, 0xFF, 0xAD, 0x5A, 0x5A, 0x6B, 0x03, 0x03, 0x03, 0x03, 0x03, 0x03, 0x03, 0x03, 0x03, 0x03, 0x03, 0x74, 0x74, 0x03, 0x5A, 0x03, 0x5A, 0xAD
    .byte 0xAD, 0xFF, 0xAD, 0xAD, 0xAD, 0xFF, 0xAD, 0xAD, 0xAD, 0xFF, 0xAD, 0xAD, 0xAD, 0xFF, 0xAD, 0xAD, 0xAD, 0xFF, 0xAD, 0xAD, 0xAD, 0xFF, 0xAD, 0xAD, 0xAD, 0xFF, 0xAD, 0xAD, 0xAD, 0xFF, 0xAD, 0xAD
    .byte 0xAD, 0xFF, 0xAD, 0xAD, 0xAD, 0xFF, 0xAD, 0xAD, 0xAD, 0xFF, 0xAD, 0xAD, 0xAD, 0xFF, 0xAD, 0xAD, 0xAD, 0xFF, 0xAD, 0xAD, 0xAD, 0xFF, 0xAD, 0xAD, 0xAD, 0xFF, 0xAD, 0xAD, 0xAD, 0xFF, 0xAD, 0xAD
    .byte 0xAD, 0xFF, 0xAD, 0xAD, 0xAD, 0xFF, 0xAD, 0xAD, 0xAD, 0xFF, 0xAD, 0xAD, 0xAD, 0xFF, 0xAD, 0xAD, 0xAD, 0xFF, 0xAD, 0xAD, 0xAD, 0xFF, 0x74, 0x74, 0x5A, 0x6B, 0x6B, 0x5A, 0x1A, 0x1A, 0x6B, 0x6B
    .byte 0x6B, 0x6B, 0x6B, 0x1A, 0x5A, 0x6B, 0x03, 0x6B, 0x03, 0x6B, 0x6B, 0x03, 0x03, 0x6B, 0x03, 0x6B, 0x6B, 0xFF, 0x6B, 0x03, 0x03, 0x03, 0x03, 0x5A, 0x6B, 0x5A, 0x74, 0x74, 0x74, 0x74, 0xAD, 0x74
    .byte 0x74, 0xFF, 0xAD, 0xAD, 0xAD, 0xFF, 0xAD, 0xAD, 0xAD, 0xFF, 0xAD, 0xAD, 0xAD, 0xFF, 0xAD, 0xAD, 0xAD, 0xFF, 0xAD, 0xAD, 0xAD, 0xFF, 0xAD, 0xAD, 0xAD, 0xFF, 0xAD, 0xAD, 0xAD, 0xFF, 0xAD, 0xAD
    .byte 0xAD, 0xFF, 0x54, 0xAD, 0x03, 0x03, 0x54, 0x54, 0x03, 0x03, 0x03, 0x03, 0x03, 0x03, 0x03, 0x03, 0xAD, 0xFF, 0xAD, 0xAD, 0xAD, 0xFF, 0xAD, 0xAD, 0xAD, 0xFF, 0xAD, 0xAD, 0xAD, 0xFF, 0xAD, 0xAD
    .byte 0xAD, 0xFF, 0xAD, 0xAD, 0xAD, 0xFF, 0xAD, 0xAD, 0xAD, 0xFF, 0xAD, 0xAD, 0xAD, 0xFF, 0xAD, 0xAD, 0xAD, 0xFF, 0xAD, 0xAD, 0xAD, 0xFF, 0xAD, 0xAD, 0xAD, 0xFF, 0xAD, 0xAD, 0xAD, 0xFF, 0xAD, 0xAD
    .byte 0xAD, 0xFF, 0xAD, 0xAD, 0xAD, 0xFF, 0xAD, 0xAD, 0xAD, 0xFF, 0xAD, 0xAD, 0xAD, 0xFF, 0xAD, 0xAD, 0xAD, 0xFF, 0xAD, 0xAD, 0xAD, 0xFF, 0xAD, 0xAD, 0xAD, 0xFF, 0xAD, 0xAD, 0xAD, 0xFF, 0xAD, 0xAD
    .byte 0xAD, 0xFF, 0xAD, 0xAD, 0xAD, 0xFF, 0xAD, 0xAD, 0xAD, 0xFF, 0xAD, 0x09, 0x09, 0x09, 0x09, 0x09, 0x09, 0x09, 0x09, 0x09, 0x09, 0x52, 0xB6, 0xB6, 0xB6, 0xB6, 0xB6, 0xB6, 0xB6, 0xB6, 0xB6, 0xB6
    .byte 0xFF, 0xAD, 0xFF, 0xAD, 0xFF, 0xAD, 0xFF, 0xAD, 0xFF, 0x5A, 0x5A, 0xAD, 0x6B, 0x5A, 0x03, 0xAD, 0x03, 0x03, 0x6B, 0x03, 0x03, 0x03, 0x03, 0x03, 0x03, 0x5A, 0x74, 0x74, 0x74, 0x03, 0x03, 0xAD
    .byte 0xFF, 0xAD, 0xFF, 0xAD, 0xFF, 0xAD, 0xFF, 0xAD, 0xFF, 0xAD, 0xFF, 0xAD, 0xFF, 0xAD, 0xFF, 0xAD, 0xFF, 0xAD, 0xFF, 0xAD, 0xFF, 0xAD, 0xFF, 0xAD, 0xFF, 0xAD, 0xFF, 0xAD, 0xFF, 0xAD, 0xFF, 0xAD
    .byte 0xFF, 0xAD, 0xFF, 0xAD, 0xFF, 0xAD, 0xFF, 0xAD, 0xFF, 0xAD, 0xFF, 0xAD, 0xFF, 0xAD, 0xFF, 0xAD, 0xFF, 0xAD, 0xFF, 0xAD, 0xFF, 0xAD, 0xFF, 0xAD, 0xFF, 0xAD, 0xFF, 0xAD, 0xFF, 0xAD, 0xFF, 0xAD
    .byte 0xFF, 0xAD, 0xFF, 0xAD, 0xFF, 0xAD, 0xFF, 0xAD, 0xFF, 0xAD, 0xFF, 0xAD, 0xFF, 0xAD, 0xFF, 0xAD, 0xFF, 0xAD, 0xFF, 0xAD, 0xFF, 0xAD, 0x6B, 0x74, 0x6B, 0x6B, 0x5A, 0x5A, 0x1A, 0x1A, 0x6B, 0x6B
    .byte 0x6B, 0x03, 0x6B, 0x03, 0x6B, 0x6B, 0x03, 0x03, 0x74, 0x03, 0x03, 0x6B, 0x6B, 0x74, 0x03, 0x6B, 0x6B, 0x03, 0x6B, 0x6B, 0x03, 0x03, 0x03, 0x03, 0x6B, 0x6B, 0x74, 0x74, 0xFF, 0x74, 0xFF, 0xAD
    .byte 0x74, 0x74, 0xFF, 0xAD, 0xFF, 0xAD, 0xFF, 0xAD, 0xFF, 0xAD, 0xFF, 0xAD, 0xFF, 0xAD, 0xFF, 0xAD, 0xFF, 0xAD, 0xFF, 0xAD, 0xFF, 0xAD, 0xFF, 0xAD, 0xFF, 0xAD, 0xFF, 0xAD, 0xFF, 0xAD, 0xFF, 0xAD
    .byte 0xFF, 0x54, 0x54, 0xAD, 0x03, 0x54, 0x03, 0x03, 0x03, 0x03, 0x03, 0x03, 0x03, 0x03, 0x03, 0x03, 0xFF, 0xAD, 0xFF, 0xAD, 0xFF, 0xAD, 0xFF, 0xAD, 0xFF, 0xAD, 0xFF, 0xAD, 0xFF, 0xAD, 0xFF, 0xAD
    .byte 0xFF, 0xAD, 0xFF, 0xAD, 0xFF, 0xAD, 0xFF, 0xAD, 0xFF, 0xAD, 0xFF, 0xAD, 0xFF, 0xAD, 0xFF, 0xAD, 0xFF, 0xAD, 0xFF, 0xAD, 0xFF, 0xAD, 0xFF, 0xAD, 0xFF, 0xAD, 0xFF, 0xAD, 0xFF, 0xAD, 0xFF, 0xAD
    .byte 0xFF, 0xAD, 0xFF, 0xAD, 0xFF, 0xAD, 0xFF, 0xAD, 0xFF, 0xAD, 0xFF, 0xAD, 0xFF, 0xAD, 0xFF, 0xAD, 0xFF, 0xAD, 0xFF, 0xAD, 0xFF, 0xAD, 0xFF, 0xAD, 0xFF, 0xAD, 0xFF, 0xAD, 0xFF, 0xAD, 0xFF, 0xAD
    .byte 0xFF, 0xAD, 0xFF, 0xAD, 0xFF, 0xAD, 0xFF, 0xAD, 0xFF, 0xAD, 0xFF, 0x09, 0x09, 0x09, 0x09, 0x0E, 0x09, 0x09, 0x09, 0x09, 0x09, 0x52, 0xB6, 0xB6, 0xB6, 0xB6, 0xB6, 0xB6, 0xB6, 0xB6, 0xB6, 0xB6
    .byte 0xAD, 0xAD, 0xAD, 0xAD, 0xAD, 0xAD, 0xAD, 0xAD, 0xAD, 0xAD, 0x5A, 0xAD, 0xAD, 0xAD, 0x6B, 0x6B, 0x03, 0x6B, 0x03, 0x03, 0x03, 0x74, 0x03, 0x03, 0x5A, 0x03, 0x5A, 0x03, 0x74, 0xAD, 0x03, 0xAD
    .byte 0xAD, 0xAD, 0xAD, 0xAD, 0xAD, 0xAD, 0xAD, 0xAD, 0xAD, 0xAD, 0xAD, 0xAD, 0xAD, 0xAD, 0xAD, 0xAD, 0xAD, 0xAD, 0xAD, 0xAD, 0xAD, 0xAD, 0xAD, 0xAD, 0xAD, 0xAD, 0xAD, 0xAD, 0xAD, 0xAD, 0xAD, 0xAD
    .byte 0xAD, 0xAD, 0xAD, 0xAD, 0xAD, 0xAD, 0xAD, 0xAD, 0xAD, 0xAD, 0xAD, 0xAD, 0xAD, 0xAD, 0xAD, 0xAD, 0xAD, 0xAD, 0xAD, 0xAD, 0xAD, 0xAD, 0xAD, 0xAD, 0xAD, 0xAD, 0xAD, 0xAD, 0xAD, 0xAD, 0xAD, 0xAD
    .byte 0xAD, 0xAD, 0xAD, 0xAD, 0xAD, 0xAD, 0xAD, 0xAD, 0xAD, 0xAD, 0xAD, 0xAD, 0xAD, 0xAD, 0xAD, 0xAD, 0xAD, 0xAD, 0xAD, 0xAD, 0xAD, 0xAD, 0xAD, 0xAD, 0x74, 0x5A, 0x5A, 0x5A, 0x1A, 0x1A, 0x6B, 0x6B
    .byte 0x03, 0x6B, 0x03, 0x03, 0x03, 0x03, 0x03, 0x03, 0x03, 0x03, 0x03, 0x6B, 0x03, 0xAD, 0x6B, 0x74, 0x6B, 0x03, 0x6B, 0x03, 0x6B, 0x5A, 0x03, 0x74, 0x03, 0x03, 0x03, 0x74, 0x74, 0x74, 0x74, 0xAD
    .byte 0xAD, 0xAD, 0xAD, 0xAD, 0xAD, 0xAD, 0xAD, 0xAD, 0xAD, 0xAD, 0xAD, 0xAD, 0xAD, 0xAD, 0xAD, 0xAD, 0xAD, 0xAD, 0xAD, 0xAD, 0xAD, 0xAD, 0xAD, 0xAD, 0xAD, 0xAD, 0xAD, 0xAD, 0xAD, 0xAD, 0xAD, 0xAD
    .byte 0xAD, 0xAD, 0xAD, 0x03, 0x03, 0x03, 0x03, 0x03, 0x03, 0x03, 0x03, 0x03, 0x03, 0x03, 0x03, 0x03, 0xAD, 0x03, 0xAD, 0xAD, 0xAD, 0xAD, 0xAD, 0xAD, 0xAD, 0xAD, 0xAD, 0xAD, 0xAD, 0xAD, 0xAD, 0xAD
    .byte 0xAD, 0xAD, 0xAD, 0xAD, 0xAD, 0xAD, 0xAD, 0xAD, 0xAD, 0xAD, 0xAD, 0xAD, 0xAD, 0xAD, 0xAD, 0xAD, 0xAD, 0xAD, 0xAD, 0xAD, 0xAD, 0xAD, 0xAD, 0xAD, 0xAD, 0xAD, 0xAD, 0xAD, 0xAD, 0xAD, 0xAD, 0xAD
    .byte 0xAD, 0xAD, 0xAD, 0xAD, 0xAD, 0xAD, 0xAD, 0xAD, 0xAD, 0xAD, 0xAD, 0xAD, 0xAD, 0xAD, 0xAD, 0xAD, 0xAD, 0xAD, 0xAD, 0xAD, 0xAD, 0xAD, 0xAD, 0xAD, 0xAD, 0xAD, 0xAD, 0xAD, 0xAD, 0xAD, 0xAD, 0xAD
    .byte 0xAD, 0xAD, 0xAD, 0xAD, 0xAD, 0xAD, 0xAD, 0xAD, 0xAD, 0xAD, 0xAD, 0x09, 0x09, 0x09, 0x09, 0x0E, 0x09, 0x09, 0x09, 0x09, 0x09, 0x52, 0xB6, 0xB6, 0xB6, 0xB6, 0xB6, 0xB6, 0xB6, 0xB6, 0xB6, 0xB6
    .byte 0xFF, 0xAD, 0xFF, 0xAD, 0xFF, 0xAD, 0xFF, 0xAD, 0xFF, 0xAD, 0xFF, 0xAD, 0xFF, 0xAD, 0xFF, 0xAD, 0x03, 0x5A, 0x03, 0x03, 0x03, 0x03, 0x03, 0x03, 0x74, 0x03, 0x03, 0x03, 0xFF, 0x5A, 0x03, 0xAD
    .byte 0xFF, 0xAD, 0xFF, 0xAD, 0xFF, 0xAD, 0xFF, 0xAD, 0xFF, 0xAD, 0xFF, 0xAD, 0xFF, 0xAD, 0xFF, 0xAD, 0xFF, 0xAD, 0xFF, 0xAD, 0xFF, 0xAD, 0xFF, 0xAD, 0xFF, 0xAD, 0xFF, 0xAD, 0xFF, 0xAD, 0xFF, 0xAD
    .byte 0xFF, 0xAD, 0xFF, 0xAD, 0xFF, 0xAD, 0xFF, 0xAD, 0xFF, 0xAD, 0xFF, 0xAD, 0xFF, 0xAD, 0xFF, 0xAD, 0xFF, 0xAD, 0xFF, 0xAD, 0xFF, 0xAD, 0xFF, 0xAD, 0xFF, 0xAD, 0xFF, 0xAD, 0xFF, 0xAD, 0xFF, 0xAD
    .byte 0xFF, 0xAD, 0xFF, 0xAD, 0xFF, 0xAD, 0xFF, 0xAD, 0xFF, 0xAD, 0xFF, 0xAD, 0xFF, 0xAD, 0xFF, 0xAD, 0xFF, 0xAD, 0xFF, 0xAD, 0xFF, 0xAD, 0xFF, 0xAD, 0xFF, 0xAD, 0x5A, 0xAD, 0x5A, 0x1A, 0x1A, 0x1A
    .byte 0x03, 0x03, 0x6B, 0x1A, 0x03, 0x03, 0x6B, 0x03, 0x03, 0x03, 0x03, 0x03, 0x03, 0x03, 0x03, 0x74, 0x03, 0x03, 0x03, 0x5A, 0x6B, 0x03, 0x5A, 0x5A, 0x03, 0x03, 0x03, 0x5A, 0x74, 0x74, 0x74, 0x74
    .byte 0x74, 0xAD, 0xFF, 0xAD, 0xFF, 0xAD, 0xFF, 0xAD, 0xFF, 0xAD, 0xFF, 0xAD, 0xFF, 0xAD, 0xFF, 0xAD, 0xFF, 0xAD, 0xFF, 0xAD, 0xFF, 0xAD, 0xFF, 0xAD, 0xFF, 0xAD, 0xFF, 0xAD, 0xFF, 0xAD, 0xFF, 0xAD
    .byte 0xFF, 0xAD, 0x54, 0x03, 0x03, 0x03, 0x03, 0x03, 0x03, 0x03, 0x03, 0x03, 0x03, 0x03, 0x03, 0x03, 0x03, 0x03, 0xFF, 0xAD, 0xFF, 0xAD, 0xFF, 0xAD, 0xFF, 0xAD, 0xFF, 0xAD, 0xFF, 0xAD, 0xFF, 0xAD
    .byte 0xFF, 0xAD, 0xFF, 0xAD, 0xFF, 0xAD, 0xFF, 0xAD, 0xFF, 0xAD, 0xFF, 0xAD, 0xFF, 0xAD, 0xFF, 0xAD, 0xFF, 0xAD, 0xFF, 0xAD, 0xFF, 0xAD, 0xFF, 0xAD, 0xFF, 0xAD, 0xFF, 0xAD, 0xFF, 0xAD, 0xAD, 0xAD
    .byte 0xAD, 0xAD, 0xAD, 0xAD, 0xAD, 0xB6, 0xB6, 0xAD, 0xFF, 0xAD, 0xFF, 0xAD, 0xFF, 0xAD, 0xFF, 0xAD, 0xFF, 0xAD, 0xFF, 0xAD, 0xFF, 0xAD, 0xFF, 0xAD, 0xFF, 0xAD, 0xFF, 0xAD, 0xFF, 0xAD, 0xFF, 0xAD
    .byte 0xFF, 0xAD, 0xFF, 0xAD, 0xFF, 0xAD, 0xFF, 0xAD, 0xFF, 0xAD, 0xFF, 0x09, 0x09, 0x09, 0x09, 0x09, 0x09, 0x09, 0x09, 0x09, 0x09, 0x52, 0xB6, 0xB6, 0xB6, 0xB6, 0xB6, 0xB6, 0xB6, 0xB6, 0xB6, 0xB6
    .byte 0xAD, 0xFF, 0xAD, 0xAD, 0xAD, 0xFF, 0xAD, 0xAD, 0xAD, 0xFF, 0xAD, 0xAD, 0xAD, 0xFF, 0xAD, 0xAD, 0xAD, 0xFF, 0x03, 0x03, 0x03, 0x74, 0x03, 0x03, 0x03, 0x03, 0x03, 0x03, 0xAD, 0x03, 0x03, 0xAD
    .byte 0xAD, 0xFF, 0xAD, 0xAD, 0xAD, 0xFF, 0xAD, 0xAD, 0xAD, 0xFF, 0xAD, 0xAD, 0xAD, 0xFF, 0xAD, 0xAD, 0xAD, 0xFF, 0xAD, 0xAD, 0xAD, 0xFF, 0xAD, 0xAD, 0xAD, 0xFF, 0xAD, 0xAD, 0xAD, 0xFF, 0xAD, 0xAD
    .byte 0xAD, 0xFF, 0xAD, 0xAD, 0xAD, 0xFF, 0xAD, 0xAD, 0xAD, 0xFF, 0xAD, 0xAD, 0xAD, 0xFF, 0xAD, 0xAD, 0xAD, 0xFF, 0xAD, 0xAD, 0xAD, 0xFF, 0xAD, 0xAD, 0xAD, 0xFF, 0xAD, 0xAD, 0xAD, 0xFF, 0xAD, 0xAD
    .byte 0xAD, 0xFF, 0xAD, 0xAD, 0xAD, 0xFF, 0xAD, 0xAD, 0xAD, 0xFF, 0xAD, 0xAD, 0xAD, 0xFF, 0xAD, 0xAD, 0xAD, 0xFF, 0xAD, 0xAD, 0xAD, 0xFF, 0xAD, 0xAD, 0xAD, 0xFF, 0xAD, 0x5A, 0x5A, 0x5A, 0x1A, 0x1A
    .byte 0x5A, 0x1A, 0x03, 0x03, 0x03, 0x6B, 0x03, 0x03, 0x03, 0x03, 0x03, 0x6B, 0x5A, 0x74, 0x03, 0x03, 0x03, 0x03, 0x03, 0x03, 0x03, 0x03, 0x6B, 0x6B, 0x03, 0x03, 0x03, 0x5A, 0x6B, 0x74, 0x74, 0xAD
    .byte 0xAD, 0xFF, 0xAD, 0xAD, 0xAD, 0xFF, 0xAD, 0xAD, 0xAD, 0xFF, 0xAD, 0xAD, 0xAD, 0xFF, 0xAD, 0xAD, 0xAD, 0xFF, 0xAD, 0xAD, 0xAD, 0xFF, 0xAD, 0xAD, 0xAD, 0xFF, 0xAD, 0xAD, 0xAD, 0xFF, 0xAD, 0xAD
    .byte 0xAD, 0xFF, 0xAD, 0x03, 0x03, 0x03, 0x03, 0x03, 0x03, 0x54, 0x03, 0x03, 0x03, 0x03, 0x03, 0x03, 0x03, 0xFF, 0xAD, 0xAD, 0xAD, 0xFF, 0xAD, 0xAD, 0xAD, 0xFF, 0xAD, 0xAD, 0xAD, 0xFF, 0xAD, 0xAD
    .byte 0xAD, 0xFF, 0xAD, 0xAD, 0xAD, 0xFF, 0xAD, 0xAD, 0xAD, 0xFF, 0xAD, 0xAD, 0xAD, 0xFF, 0xAD, 0xAD, 0xAD, 0xFF, 0xAD, 0xAD, 0xAD, 0xFF, 0xAD, 0xAD, 0xAD, 0xFF, 0xAD, 0xAD, 0xAD, 0xAD, 0xAD, 0xAD
    .byte 0xAD, 0xAD, 0xAD, 0xAD, 0xAD, 0xB6, 0xB6, 0xB6, 0xAD, 0xFF, 0xAD, 0xAD, 0xAD, 0xFF, 0xAD, 0xAD, 0xAD, 0xFF, 0xAD, 0xAD, 0xAD, 0xFF, 0xAD, 0xAD, 0xAD, 0xFF, 0xAD, 0xAD, 0xAD, 0xFF, 0xAD, 0xAD
    .byte 0xAD, 0xFF, 0xAD, 0xAD, 0xAD, 0xFF, 0xAD, 0xAD, 0xAD, 0xFF, 0xAD, 0x09, 0x09, 0x09, 0x09, 0x0E, 0x09, 0x09, 0x09, 0x09, 0x09, 0x52, 0xB6, 0xB6, 0xB6, 0xB6, 0xB6, 0xB6, 0xB6, 0xB6, 0xB6, 0xB6
    .byte 0xFF, 0xAD, 0xFF, 0xAD, 0xFF, 0xAD, 0xFF, 0xAD, 0xFF, 0xAD, 0xFF, 0xAD, 0xFF, 0xAD, 0xFF, 0xAD, 0xFF, 0xAD, 0x5A, 0x03, 0x03, 0x03, 0x03, 0x03, 0x74, 0x03, 0x03, 0xAD, 0x03, 0xAD, 0xFF, 0xAD
    .byte 0xFF, 0xAD, 0xFF, 0xAD, 0xFF, 0xAD, 0xFF, 0xAD, 0xFF, 0xAD, 0xFF, 0xAD, 0xFF, 0xAD, 0xFF, 0xAD, 0xFF, 0xAD, 0xFF, 0xAD, 0xFF, 0xAD, 0xFF, 0xAD, 0xFF, 0xAD, 0xFF, 0xAD, 0xFF, 0xAD, 0xFF, 0xAD
    .byte 0xFF, 0xAD, 0xFF, 0xAD, 0xFF, 0xAD, 0xFF, 0xAD, 0xFF, 0xAD, 0xFF, 0xAD, 0xFF, 0xAD, 0xFF, 0xAD, 0xFF, 0xAD, 0xFF, 0xAD, 0xFF, 0xAD, 0xFF, 0xAD, 0xFF, 0xAD, 0xFF, 0xAD, 0xFF, 0xAD, 0xFF, 0xAD
    .byte 0xFF, 0xAD, 0xFF, 0xAD, 0xFF, 0xAD, 0xFF, 0xAD, 0xFF, 0xAD, 0xFF, 0xAD, 0xFF, 0xAD, 0xFF, 0xAD, 0xFF, 0xAD, 0xFF, 0xAD, 0xFF, 0xAD, 0xFF, 0xAD, 0xFF, 0xAD, 0xFF, 0xAD, 0x5A, 0xAD, 0x5A, 0x03
    .byte 0x03, 0xAD, 0x03, 0x03, 0x74, 0x5A, 0x03, 0x03, 0x03, 0x03, 0x03, 0x5A, 0x03, 0x03, 0x03, 0x03, 0x03, 0x03, 0x03, 0x6B, 0x03, 0x03, 0x5A, 0x6B, 0x03, 0x03, 0x03, 0x6B, 0x6B, 0x74, 0x74, 0xAD
    .byte 0xFF, 0xAD, 0xFF, 0xAD, 0xFF, 0xAD, 0xFF, 0xAD, 0xFF, 0xAD, 0xFF, 0xAD, 0xFF, 0xAD, 0xFF, 0xAD, 0xFF, 0xAD, 0xFF, 0xAD, 0xFF, 0xAD, 0xFF, 0xAD, 0xFF, 0xAD, 0xFF, 0xAD, 0xFF, 0xAD, 0xFF, 0xAD
    .byte 0xFF, 0xAD, 0x54, 0x54, 0x03, 0x03, 0x03, 0x03, 0x03, 0x03, 0x03, 0x03, 0x03, 0x03, 0x03, 0x03, 0x03, 0x03, 0xFF, 0xAD, 0xFF, 0xAD, 0xFF, 0xAD, 0xFF, 0xAD, 0xFF, 0xAD, 0xFF, 0xAD, 0xFF, 0xAD
    .byte 0xFF, 0xAD, 0xFF, 0xAD, 0xFF, 0xAD, 0xFF, 0xAD, 0xFF, 0xAD, 0xFF, 0xAD, 0xFF, 0xAD, 0xFF, 0xAD, 0xFF, 0xAD, 0xFF, 0xAD, 0xFF, 0xAD, 0xFF, 0xAD, 0xFF, 0xAD, 0xFF, 0xAD, 0xFF, 0xAD, 0xAD, 0xA4
    .byte 0xA4, 0xAD, 0xAD, 0xAD, 0xAD, 0xAD, 0xB6, 0xB6, 0xFF, 0xAD, 0xFF, 0xAD, 0xFF, 0xAD, 0xFF, 0xAD, 0xFF, 0xAD, 0xFF, 0xAD, 0xFF, 0xAD, 0xFF, 0xAD, 0xFF, 0xAD, 0xFF, 0xAD, 0xFF, 0xAD, 0xFF, 0xAD
    .byte 0xFF, 0xAD, 0xFF, 0xAD, 0xFF, 0xAD, 0xFF, 0xAD, 0xFF, 0xAD, 0xFF, 0x09, 0x09, 0x09, 0x09, 0x09, 0x09, 0x09, 0x09, 0x09, 0x09, 0x52, 0xB6, 0xB6, 0xB6, 0xB6, 0xB6, 0xB6, 0xB6, 0xB6, 0xB6, 0xB6
    .byte 0xAD, 0xAD, 0xAD, 0xAD, 0xAD, 0xAD, 0xAD, 0xAD, 0xAD, 0xAD, 0xAD, 0xAD, 0xAD, 0xAD, 0xAD, 0xAD, 0xAD, 0xAD, 0xAD, 0x03, 0x03, 0x03, 0xAD, 0xAD, 0x03, 0x03, 0x03, 0x03, 0x03, 0xAD, 0xAD, 0xAD
    .byte 0xAD, 0xAD, 0xAD, 0xAD, 0xAD, 0xAD, 0xAD, 0xAD, 0xAD, 0xAD, 0xAD, 0xAD, 0xAD, 0xAD, 0xAD, 0xAD, 0xAD, 0xAD, 0xAD, 0xAD, 0xAD, 0xAD, 0xAD, 0xAD, 0xAD, 0xAD, 0xAD, 0xAD, 0xAD, 0xAD, 0xAD, 0xAD
    .byte 0xAD, 0xAD, 0xAD, 0xAD, 0xAD, 0xAD, 0xAD, 0xAD, 0xAD, 0xAD, 0xAD, 0xAD, 0xAD, 0xAD, 0xAD, 0xAD, 0xAD, 0xAD, 0xAD, 0xAD, 0xAD, 0xAD, 0xAD, 0xAD, 0xAD, 0xAD, 0xAD, 0xAD, 0xAD, 0xAD, 0xAD, 0xAD
    .byte 0xAD, 0xAD, 0xAD, 0xAD, 0xAD, 0xAD, 0xAD, 0xAD, 0xAD, 0xAD, 0xAD, 0xAD, 0xAD, 0xAD, 0xAD, 0xAD, 0xAD, 0xAD, 0xAD, 0xAD, 0xAD, 0xAD, 0xAD, 0xAD, 0xAD, 0xAD, 0xAD, 0xAD, 0x5A, 0x5A, 0x5A, 0xAD
    .byte 0x03, 0x03, 0xAD, 0x03, 0x74, 0x5A, 0x03, 0x03, 0x03, 0x03, 0x03, 0x6B, 0x03, 0x03, 0x03, 0x03, 0x03, 0x03, 0x03, 0x03, 0x6B, 0x03, 0x03, 0x03, 0x5A, 0x03, 0x6B, 0xAD, 0x74, 0x74, 0xAD, 0xAD
    .byte 0xAD, 0xAD, 0xAD, 0xAD, 0xAD, 0xAD, 0xAD, 0xAD, 0xAD, 0xAD, 0xAD, 0xAD, 0xAD, 0xAD, 0xAD, 0xAD, 0xAD, 0xAD, 0xAD, 0xAD, 0xAD, 0xAD, 0xAD, 0xAD, 0xAD, 0xAD, 0xAD, 0xAD, 0xAD, 0xAD, 0xAD, 0xAD
    .byte 0xAD, 0xAD, 0xAD, 0x03, 0x03, 0x54, 0x03, 0x03, 0x03, 0x03, 0x03, 0xAD, 0x03, 0x03, 0x03, 0x03, 0x03, 0x03, 0x03, 0xAD, 0x03, 0xAD, 0xAD, 0xAD, 0xAD, 0xAD, 0xAD, 0xAD, 0xAD, 0xAD, 0xAD, 0xAD
    .byte 0xAD, 0xAD, 0xAD, 0xAD, 0xAD, 0xAD, 0xAD, 0xAD, 0xAD, 0xAD, 0xAD, 0xAD, 0xAD, 0xAD, 0xAD, 0xAD, 0xAD, 0xAD, 0xAD, 0xAD, 0xAD, 0xAD, 0xAD, 0xAD, 0xAD, 0xAD, 0xAD, 0xAD, 0xAD, 0xAD, 0xAD, 0xA4
    .byte 0xA4, 0xAD, 0xAD, 0xAD, 0xAD, 0xAD, 0xB6, 0xB6, 0xB6, 0xAD, 0xAD, 0xAD, 0xAD, 0xAD, 0xAD, 0xAD, 0xAD, 0xAD, 0xAD, 0xAD, 0xAD, 0xAD, 0xAD, 0xAD, 0xAD, 0xAD, 0xAD, 0xAD, 0xAD, 0xAD, 0xAD, 0xAD
    .byte 0xAD, 0xAD, 0xAD, 0xAD, 0xAD, 0xAD, 0xAD, 0xAD, 0xAD, 0xAD, 0xAD, 0x09, 0x09, 0x09, 0x09, 0x0E, 0x09, 0x09, 0x09, 0x09, 0x09, 0x52, 0xB6, 0xB6, 0xB6, 0xB6, 0xB6, 0xB6, 0xB6, 0xB6, 0xB6, 0xB6
    .byte 0xFF, 0xAD, 0xFF, 0xAD, 0xFF, 0xAD, 0xFF, 0xAD, 0xFF, 0xAD, 0xFF, 0xAD, 0xFF, 0xAD, 0xFF, 0xAD, 0xFF, 0xAD, 0xFF, 0xAD, 0x03, 0x03, 0x03, 0xAD, 0xFF, 0x03, 0x03, 0x03, 0x03, 0xAD, 0xFF, 0xAD
    .byte 0xFF, 0xAD, 0xFF, 0xAD, 0xFF, 0xAD, 0xFF, 0xAD, 0xFF, 0xAD, 0xFF, 0xAD, 0xFF, 0xAD, 0xFF, 0xAD, 0xFF, 0xAD, 0xFF, 0xAD, 0xFF, 0xAD, 0xFF, 0xAD, 0xFF, 0xAD, 0xFF, 0xAD, 0xFF, 0xAD, 0xFF, 0xAD
    .byte 0xFF, 0xAD, 0xFF, 0xAD, 0xFF, 0xAD, 0xFF, 0xAD, 0xFF, 0xAD, 0xFF, 0xAD, 0xFF, 0xAD, 0xFF, 0xAD, 0xFF, 0xAD, 0xFF, 0xAD, 0xFF, 0xAD, 0xFF, 0xAD, 0xFF, 0xAD, 0xFF, 0xAD, 0xFF, 0xAD, 0xFF, 0xAD
    .byte 0xFF, 0xAD, 0xFF, 0xAD, 0xFF, 0xAD, 0xFF, 0xAD, 0xFF, 0xAD, 0xFF, 0xAD, 0xFF, 0xAD, 0xFF, 0xAD, 0xFF, 0xAD, 0xFF, 0xAD, 0xFF, 0xAD, 0xFF, 0xAD, 0xFF, 0xAD, 0xFF, 0xAD, 0xFF, 0xAD, 0xFF, 0xAD
    .byte 0xFF, 0x03, 0x03, 0x03, 0x03, 0x03, 0x03, 0x03, 0x03, 0x03, 0x03, 0x03, 0x03, 0x6B, 0x03, 0x03, 0x03, 0x03, 0x6B, 0x03, 0x03, 0x03, 0x03, 0x03, 0x03, 0x6B, 0x5A, 0x6B, 0x6B, 0x74, 0xFF, 0xAD
    .byte 0xFF, 0xAD, 0xFF, 0xAD, 0xFF, 0xAD, 0xFF, 0xAD, 0xFF, 0xAD, 0xFF, 0xAD, 0xFF, 0xAD, 0xFF, 0xAD, 0xFF, 0xAD, 0xFF, 0xAD, 0xFF, 0xAD, 0xFF, 0xAD, 0xFF, 0xAD, 0xFF, 0xAD, 0xFF, 0xAD, 0xFF, 0xAD
    .byte 0xFF, 0xAD, 0xFF, 0xAD, 0x03, 0xAD, 0x03, 0x03, 0x03, 0x03, 0x03, 0x03, 0x03, 0x03, 0x03, 0x03, 0x03, 0x03, 0x03, 0x03, 0x03, 0x03, 0x03, 0xAD, 0xFF, 0xAD, 0xFF, 0xAD, 0xFF, 0xAD, 0xFF, 0xAD
    .byte 0xFF, 0xAD, 0xFF, 0xAD, 0xFF, 0xAD, 0xFF, 0xAD, 0xFF, 0xAD, 0xFF, 0xAD, 0xFF, 0xAD, 0xFF, 0xAD, 0xFF, 0xAD, 0xFF, 0xAD, 0xFF, 0xAD, 0xFF, 0xAD, 0xFF, 0xAD, 0xFF, 0xAD, 0xFF, 0xAD, 0xAD, 0xA4
    .byte 0xA4, 0xA4, 0xAD, 0xAD, 0xAD, 0xAD, 0xAD, 0xB6, 0xB6, 0xAD, 0xFF, 0xAD, 0xFF, 0xAD, 0xFF, 0xAD, 0xFF, 0xAD, 0xFF, 0xAD, 0xFF, 0xAD, 0xFF, 0xAD, 0xFF, 0xAD, 0xFF, 0xAD, 0xFF, 0xAD, 0xFF, 0xAD
    .byte 0xFF, 0xAD, 0xFF, 0xAD, 0xFF, 0xAD, 0xFF, 0xAD, 0xFF, 0xAD, 0xFF, 0x09, 0x09, 0x09, 0x09, 0x09, 0x09, 0x09, 0x09, 0x09, 0x09, 0x52, 0xB6, 0xB6, 0xB6, 0xB6, 0xB6, 0xB6, 0xB6, 0xB6, 0xB6, 0xB6
    .byte 0xAD, 0xFF, 0xAD, 0xAD, 0xAD, 0xFF, 0xAD, 0xAD, 0xAD, 0xFF, 0xAD, 0xAD, 0xAD, 0xFF, 0xAD, 0xAD, 0xAD, 0xFF, 0xAD, 0xAD, 0xAD, 0xFF, 0xAD, 0x03, 0x03, 0x03, 0xAD, 0x03, 0x03, 0xFF, 0xAD, 0xAD
    .byte 0xAD, 0xFF, 0xAD, 0xAD, 0xAD, 0xFF, 0xAD, 0xAD, 0xAD, 0xFF, 0xAD, 0xAD, 0xAD, 0xFF, 0xAD, 0xAD, 0xAD, 0xFF, 0xAD, 0xAD, 0xAD, 0xFF, 0xAD, 0xAD, 0xAD, 0xFF, 0xAD, 0xAD, 0xAD, 0xFF, 0xAD, 0xAD
    .byte 0xAD, 0xFF, 0xAD, 0xAD, 0xAD, 0xFF, 0xAD, 0xAD, 0xAD, 0xFF, 0xAD, 0xAD, 0xAD, 0xFF, 0xAD, 0xAD, 0xAD, 0xFF, 0xAD, 0xAD, 0xAD, 0xFF, 0xAD, 0xAD, 0xAD, 0xFF, 0xAD, 0xAD, 0xAD, 0xFF, 0xAD, 0xAD
    .byte 0xAD, 0xFF, 0xAD, 0xAD, 0xAD, 0xFF, 0xAD, 0xAD, 0xAD, 0xFF, 0xAD, 0xAD, 0xAD, 0xFF, 0xAD, 0xAD, 0xAD, 0xFF, 0xAD, 0xAD, 0xAD, 0xFF, 0xAD, 0xAD, 0xAD, 0xFF, 0xAD, 0xAD, 0xAD, 0xFF, 0xAD, 0xAD
    .byte 0xAD, 0x03, 0x03, 0x03, 0x5A, 0x74, 0x03, 0x03, 0x03, 0x03, 0x03, 0x5A, 0x03, 0x03, 0x74, 0x5A, 0x03, 0x6B, 0x5A, 0x6B, 0x5A, 0x6B, 0x03, 0x6B, 0x03, 0x6B, 0x5A, 0x6B, 0xAD, 0xFF, 0xAD, 0xAD
    .byte 0xAD, 0xFF, 0xAD, 0xAD, 0xAD, 0xFF, 0xAD, 0xAD, 0xAD, 0xFF, 0xAD, 0xAD, 0xAD, 0xFF, 0xAD, 0xAD, 0xAD, 0xFF, 0xAD, 0xAD, 0xAD, 0xFF, 0xAD, 0xAD, 0xAD, 0xFF, 0xAD, 0xAD, 0xAD, 0xFF, 0xAD, 0xAD
    .byte 0xAD, 0xFF, 0xAD, 0xAD, 0xAD, 0xFF, 0x03, 0x03, 0x03, 0x03, 0x03, 0x03, 0x03, 0x03, 0x03, 0x03, 0x03, 0x03, 0x03, 0x03, 0x03, 0x03, 0x03, 0x03, 0x03, 0xFF, 0xAD, 0xAD, 0xAD, 0xFF, 0xAD, 0xAD
    .byte 0xAD, 0xFF, 0xAD, 0xAD, 0xAD, 0xFF, 0xAD, 0xAD, 0xAD, 0xFF, 0xAD, 0xAD, 0xAD, 0xFF, 0xAD, 0xAD, 0xAD, 0xFF, 0xAD, 0xAD, 0xAD, 0xFF, 0xAD, 0xAD, 0xAD, 0xFF, 0xAD, 0xAD, 0xAD, 0xAD, 0xAD, 0xAD
    .byte 0xA4, 0xA4, 0xAD, 0xAD, 0xAD, 0xAD, 0xAD, 0xB6, 0xB6, 0xB6, 0xAD, 0xAD, 0xAD, 0xFF, 0xAD, 0xAD, 0xAD, 0xFF, 0xAD, 0xAD, 0xAD, 0xFF, 0xAD, 0xAD, 0xAD, 0xFF, 0xAD, 0xAD, 0xAD, 0xFF, 0xAD, 0xAD
    .byte 0xAD, 0xFF, 0xAD, 0xAD, 0xAD, 0xFF, 0xAD, 0xAD, 0xAD, 0xFF, 0xAD, 0x09, 0x09, 0x09, 0x09, 0x09, 0x09, 0x09, 0x09, 0x09, 0x09, 0x52, 0xB6, 0xB6, 0xB6, 0xB6, 0xB6, 0xB6, 0xB6, 0xB6, 0xB6, 0xB6
    .byte 0xFF, 0xAD, 0xFF, 0xAD, 0xFF, 0xAD, 0xFF, 0xAD, 0xFF, 0xAD, 0xFF, 0xAD, 0xFF, 0xAD, 0xFF, 0xAD, 0xFF, 0xAD, 0xFF, 0xAD, 0xFF, 0xAD, 0xFF, 0xAD, 0xFF, 0xAD, 0xFF, 0xAD, 0xFF, 0xAD, 0xFF, 0xAD
    .byte 0xFF, 0xAD, 0xFF, 0xAD, 0xFF, 0xAD, 0xFF, 0xAD, 0xFF, 0xAD, 0xFF, 0xAD, 0xFF, 0xAD, 0xFF, 0xAD, 0xFF, 0xAD, 0xFF, 0xAD, 0xFF, 0xAD, 0xFF, 0xAD, 0xFF, 0xAD, 0xFF, 0xAD, 0xFF, 0xAD, 0xFF, 0xAD
    .byte 0xFF, 0xAD, 0xFF, 0xAD, 0xFF, 0xAD, 0xFF, 0xAD, 0xFF, 0xAD, 0xFF, 0xAD, 0xFF, 0xAD, 0xFF, 0xAD, 0xFF, 0xAD, 0xFF, 0xAD, 0xFF, 0xAD, 0xFF, 0xAD, 0xFF, 0xAD, 0xFF, 0xAD, 0xFF, 0xAD, 0xFF, 0xAD
    .byte 0xFF, 0xAD, 0xFF, 0xAD, 0xFF, 0xAD, 0xFF, 0xAD, 0xFF, 0xAD, 0xFF, 0xAD, 0xFF, 0xAD, 0xFF, 0xAD, 0xFF, 0xAD, 0xFF, 0xAD, 0xFF, 0xAD, 0xFF, 0xAD, 0xFF, 0xAD, 0xFF, 0xAD, 0xFF, 0xAD, 0xFF, 0xAD
    .byte 0xFF, 0x03, 0x03, 0xAD, 0xFF, 0x03, 0x5A, 0x03, 0x5A, 0x03, 0x03, 0x03, 0x5A, 0x74, 0x03, 0x03, 0x5A, 0x5A, 0x5A, 0x03, 0x6B, 0x6B, 0x6B, 0x03, 0x03, 0x03, 0x5A, 0xAD, 0xFF, 0xAD, 0xFF, 0xAD
    .byte 0xFF, 0xAD, 0xFF, 0xAD, 0xFF, 0xAD, 0xFF, 0xAD, 0xFF, 0xAD, 0xFF, 0xAD, 0xFF, 0xAD, 0xFF, 0xAD, 0xFF, 0xAD, 0xFF, 0xAD, 0xFF, 0xAD, 0xFF, 0xAD, 0xFF, 0xAD, 0xFF, 0xAD, 0xFF, 0xAD, 0xFF, 0xAD
    .byte 0xFF, 0xAD, 0xFF, 0xAD, 0xFF, 0xAD, 0xFF, 0xAD, 0x03, 0x03, 0x03, 0x03, 0x03, 0x03, 0x03, 0x03, 0x03, 0x03, 0x03, 0x03, 0x03, 0x03, 0xFF, 0x03, 0x03, 0xAD, 0xFF, 0xAD, 0xFF, 0xAD, 0xFF, 0xAD
    .byte 0xFF, 0xAD, 0xFF, 0xAD, 0xFF, 0xAD, 0xFF, 0xAD, 0xFF, 0xAD, 0xFF, 0xAD, 0xFF, 0xAD, 0xFF, 0xAD, 0xFF, 0xAD, 0xFF, 0xAD, 0xFF, 0xAD, 0xFF, 0xAD, 0xFF, 0xAD, 0xFF, 0xAD, 0xFF, 0xAD, 0xAD, 0xAD
    .byte 0xA4, 0xA4, 0xA4, 0xAD, 0xAD, 0xAD, 0xAD, 0xAD, 0xB6, 0xB6, 0xFF, 0xAD, 0xFF, 0xAD, 0xFF, 0xAD, 0xFF, 0xAD, 0xFF, 0xAD, 0xFF, 0xAD, 0xFF, 0xAD, 0xFF, 0xAD, 0xFF, 0xAD, 0xFF, 0xAD, 0xFF, 0xAD
    .byte 0xFF, 0xAD, 0xFF, 0xAD, 0xFF, 0xAD, 0xFF, 0xAD, 0xFF, 0xAD, 0xFF, 0x09, 0x09, 0x09, 0x09, 0x0E, 0x09, 0x09, 0x09, 0x09, 0x09, 0x52, 0xB6, 0xB6, 0xB6, 0xB6, 0xB6, 0xB6, 0xB6, 0xB6, 0xB6, 0xB6
    .byte 0xAD, 0xAD, 0xAD, 0xAD, 0xAD, 0xAD, 0xAD, 0xAD, 0xAD, 0xAD, 0xAD, 0xAD, 0xAD, 0xAD, 0xAD, 0xAD, 0xAD, 0xAD, 0xAD, 0xAD, 0xAD, 0xAD, 0xAD, 0xAD, 0xAD, 0xAD, 0xAD, 0xAD, 0xAD, 0xAD, 0xAD, 0xAD
    .byte 0xAD, 0xAD, 0xAD, 0xAD, 0xAD, 0xAD, 0xAD, 0xAD, 0xAD, 0xAD, 0xAD, 0xAD, 0xAD, 0xAD, 0xAD, 0xAD, 0xAD, 0xAD, 0xAD, 0xAD, 0xAD, 0xAD, 0xAD, 0xAD, 0xAD, 0xAD, 0xAD, 0xAD, 0xAD, 0xAD, 0xAD, 0xAD
    .byte 0xAD, 0xAD, 0xAD, 0xAD, 0xAD, 0xAD, 0xAD, 0xAD, 0xAD, 0xAD, 0xAD, 0xAD, 0xAD, 0xAD, 0xAD, 0xAD, 0xAD, 0xAD, 0xAD, 0xAD, 0xAD, 0xAD, 0xAD, 0xAD, 0xAD, 0xAD, 0xAD, 0xAD, 0xAD, 0xAD, 0xAD, 0xAD
    .byte 0xAD, 0xAD, 0xAD, 0xAD, 0xAD, 0xAD, 0xAD, 0xAD, 0xAD, 0xAD, 0xAD, 0xAD, 0xAD, 0xAD, 0xAD, 0xAD, 0xAD, 0xAD, 0xAD, 0xAD, 0xAD, 0xAD, 0xAD, 0xAD, 0xAD, 0xAD, 0xAD, 0xAD, 0xAD, 0xAD, 0xAD, 0xAD
    .byte 0xAD, 0xAD, 0xAD, 0xAD, 0x5A, 0xAD, 0x5A, 0x03, 0x03, 0x5A, 0x03, 0x03, 0x5A, 0x74, 0x74, 0x03, 0x74, 0x74, 0x03, 0x03, 0x03, 0x03, 0x03, 0x03, 0x03, 0x6B, 0xAD, 0xAD, 0xAD, 0xAD, 0xAD, 0xAD
    .byte 0xAD, 0xAD, 0xAD, 0xAD, 0xAD, 0xAD, 0xAD, 0xAD, 0xAD, 0xAD, 0xAD, 0xAD, 0xAD, 0xAD, 0xAD, 0xAD, 0xAD, 0xAD, 0xAD, 0xAD, 0xAD, 0xAD, 0xAD, 0xAD, 0xAD, 0xAD, 0xAD, 0xAD, 0xAD, 0xAD, 0xAD, 0xAD
    .byte 0xAD, 0xAD, 0xAD, 0xAD, 0xAD, 0xAD, 0xAD, 0xAD, 0xAD, 0x03, 0x03, 0xAD, 0x03, 0x03, 0x03, 0x03, 0x03, 0x03, 0x03, 0x03, 0x03, 0x03, 0x03, 0x03, 0x03, 0xAD, 0xAD, 0xAD, 0xAD, 0xAD, 0xAD, 0xAD
    .byte 0xAD, 0xAD, 0xAD, 0xAD, 0xAD, 0xAD, 0xAD, 0xAD, 0xAD, 0xAD, 0xAD, 0xAD, 0xAD, 0xAD, 0xAD, 0xAD, 0xAD, 0xAD, 0xAD, 0xAD, 0xAD, 0xAD, 0xAD, 0xAD, 0xAD, 0xAD, 0xAD, 0xAD, 0xAD, 0xAD, 0xAD, 0xAD
    .byte 0xAD, 0xA4, 0xA4, 0xAD, 0xAD, 0xAD, 0xAD, 0xAD, 0xB6, 0xB6, 0xB6, 0xAD, 0xAD, 0xAD, 0xAD, 0xAD, 0xAD, 0xAD, 0xAD, 0xAD, 0xAD, 0xAD, 0xAD, 0xAD, 0xAD, 0xAD, 0xAD, 0xAD, 0xAD, 0xAD, 0xAD, 0xAD
    .byte 0xAD, 0xAD, 0xAD, 0xAD, 0xAD, 0xAD, 0xAD, 0xAD, 0xAD, 0xAD, 0xAD, 0x09, 0x09, 0x09, 0x09, 0x09, 0x09, 0x09, 0x09, 0x09, 0x09, 0x52, 0xB6, 0xB6, 0xB6, 0xB6, 0xB6, 0xB6, 0xB6, 0xB6, 0xB6, 0xB6
    .byte 0xFF, 0xAD, 0xFF, 0xAD, 0xFF, 0xAD, 0xFF, 0xAD, 0xFF, 0xAD, 0xFF, 0xAD, 0xFF, 0xAD, 0xFF, 0xAD, 0xFF, 0xAD, 0xFF, 0xAD, 0xFF, 0xAD, 0xFF, 0xAD, 0xFF, 0xAD, 0xFF, 0xAD, 0xFF, 0xAD, 0xFF, 0xAD
    .byte 0xFF, 0xAD, 0xFF, 0xAD, 0xFF, 0xAD, 0xFF, 0xAD, 0xFF, 0xAD, 0xFF, 0xAD, 0xFF, 0xAD, 0xFF, 0xAD, 0xFF, 0xAD, 0xFF, 0xAD, 0xFF, 0xAD, 0xFF, 0xAD, 0xFF, 0xAD, 0xFF, 0xAD, 0xFF, 0xAD, 0xFF, 0xAD
    .byte 0xFF, 0xAD, 0xFF, 0xAD, 0xFF, 0xAD, 0xFF, 0xAD, 0xFF, 0xAD, 0xFF, 0xAD, 0xFF, 0xAD, 0xFF, 0xAD, 0xFF, 0xAD, 0xFF, 0xAD, 0xFF, 0xAD, 0xFF, 0xAD, 0xFF, 0xAD, 0xFF, 0xAD, 0xFF, 0xAD, 0xFF, 0xAD
    .byte 0xFF, 0xAD, 0xFF, 0xAD, 0xFF, 0xAD, 0xFF, 0xAD, 0xFF, 0xAD, 0xFF, 0xAD, 0xFF, 0xAD, 0xFF, 0xAD, 0xFF, 0xAD, 0xFF, 0xAD, 0xFF, 0xAD, 0xFF, 0xAD, 0xFF, 0xAD, 0xFF, 0xAD, 0xFF, 0xAD, 0xFF, 0xAD
    .byte 0xFF, 0xAD, 0xFF, 0xAD, 0xFF, 0xAD, 0x5A, 0xAD, 0x5A, 0x03, 0x03, 0x03, 0x03, 0x5A, 0x5A, 0x74, 0x74, 0x74, 0x74, 0xAD, 0x5A, 0x6B, 0x5A, 0x5A, 0xFF, 0xAD, 0xFF, 0xAD, 0xFF, 0xAD, 0xFF, 0xAD
    .byte 0xFF, 0xAD, 0xFF, 0xAD, 0xFF, 0xAD, 0xFF, 0xAD, 0xFF, 0xAD, 0xFF, 0xAD, 0xFF, 0xAD, 0xFF, 0xAD, 0xFF, 0xAD, 0xFF, 0xAD, 0xFF, 0xAD, 0xFF, 0xAD, 0xFF, 0xAD, 0xFF, 0xAD, 0xFF, 0xAD, 0xFF, 0xAD
    .byte 0xFF, 0xAD, 0xFF, 0xAD, 0xFF, 0xAD, 0xFF, 0xAD, 0xFF, 0x03, 0x03, 0x03, 0x03, 0x03, 0x03, 0x03, 0x03, 0x03, 0x03, 0x03, 0x03, 0x03, 0x03, 0x03, 0x03, 0x03, 0xFF, 0xAD, 0xFF, 0xAD, 0xFF, 0xAD
    .byte 0xFF, 0xAD, 0xFF, 0xAD, 0xFF, 0xAD, 0xFF, 0xAD, 0xFF, 0xAD, 0xFF, 0xAD, 0xFF, 0xAD, 0xFF, 0xAD, 0xFF, 0xAD, 0xFF, 0xAD, 0xFF, 0xAD, 0xFF, 0xAD, 0xFF, 0xAD, 0xFF, 0xAD, 0xFF, 0xAD, 0xAD, 0xAD
    .byte 0xAD, 0xA4, 0xA4, 0xAD, 0xAD, 0xAD, 0xAD, 0xAD, 0xAD, 0xB6, 0xB6, 0xAD, 0xFF, 0xAD, 0xFF, 0xAD, 0xFF, 0xAD, 0xFF, 0xAD, 0xFF, 0xAD, 0xFF, 0xAD, 0xFF, 0xAD, 0xFF, 0xAD, 0xFF, 0xAD, 0xFF, 0xAD
    .byte 0xFF, 0xAD, 0xFF, 0xAD, 0xFF, 0xAD, 0xFF, 0xAD, 0xFF, 0xAD, 0xFF, 0x09, 0x09, 0x09, 0x09, 0x09, 0x09, 0x09, 0x09, 0x09, 0x09, 0x52, 0xB6, 0xB6, 0xB6, 0xB6, 0xB6, 0xB6, 0xB6, 0xB6, 0xB6, 0xB6
    .byte 0xAD, 0xFF, 0xAD, 0xAD, 0xAD, 0xFF, 0xAD, 0xAD, 0xAD, 0xFF, 0xAD, 0xAD, 0xAD, 0xFF, 0xAD, 0xAD, 0xAD, 0xFF, 0xAD, 0xAD, 0xAD, 0xFF, 0xAD, 0xAD, 0xAD, 0xFF, 0xAD, 0xAD, 0xAD, 0xFF, 0xAD, 0xAD
    .byte 0xAD, 0xFF, 0xAD, 0xAD, 0xAD, 0xFF, 0xAD, 0xAD, 0xAD, 0xFF, 0xAD, 0xAD, 0xAD, 0xFF, 0xAD, 0xAD, 0xAD, 0xFF, 0xAD, 0xAD, 0xAD, 0xFF, 0xAD, 0xAD, 0xAD, 0xFF, 0xAD, 0xAD, 0xAD, 0xFF, 0xAD, 0xAD
    .byte 0xAD, 0xFF, 0xAD, 0xAD, 0xAD, 0xFF, 0xAD, 0xAD, 0xAD, 0xFF, 0xAD, 0xAD, 0xAD, 0xFF, 0xAD, 0xAD, 0xAD, 0xFF, 0xAD, 0xAD, 0xAD, 0xFF, 0xAD, 0xAD, 0xAD, 0xFF, 0xAD, 0xAD, 0xAD, 0xFF, 0xAD, 0xAD
    .byte 0xAD, 0xFF, 0xAD, 0xAD, 0xAD, 0xFF, 0xAD, 0xAD, 0xAD, 0xFF, 0xAD, 0xAD, 0xAD, 0xFF, 0xAD, 0xAD, 0xAD, 0xFF, 0xAD, 0xAD, 0xAD, 0xFF, 0xAD, 0xAD, 0xAD, 0xFF, 0xAD, 0xAD, 0xAD, 0xFF, 0xAD, 0xAD
    .byte 0xAD, 0xFF, 0xAD, 0xAD, 0xAD, 0xFF, 0xAD, 0x5A, 0xAD, 0x5A, 0xAD, 0x03, 0x74, 0x03, 0xAD, 0xAD, 0xAD, 0x74, 0xAD, 0xAD, 0xAD, 0xFF, 0xAD, 0xAD, 0xAD, 0xFF, 0xAD, 0xAD, 0xAD, 0xFF, 0xAD, 0xAD
    .byte 0xAD, 0xFF, 0xAD, 0xAD, 0xAD, 0xFF, 0xAD, 0xAD, 0xAD, 0xFF, 0xAD, 0xAD, 0xAD, 0xFF, 0xAD, 0xAD, 0xAD, 0xFF, 0xAD, 0xAD, 0xAD, 0xFF, 0xAD, 0xAD, 0xAD, 0xFF, 0xAD, 0xAD, 0xAD, 0xFF, 0xAD, 0xAD
    .byte 0xAD, 0xFF, 0xAD, 0xAD, 0xAD, 0xFF, 0xAD, 0xAD, 0xAD, 0x03, 0x03, 0x03, 0x03, 0x03, 0x03, 0x03, 0x03, 0x03, 0x03, 0x03, 0x03, 0x03, 0xAD, 0x03, 0x03, 0x03, 0xAD, 0xAD, 0xAD, 0xFF, 0xAD, 0xAD
    .byte 0xAD, 0xFF, 0xAD, 0xAD, 0xAD, 0xFF, 0xAD, 0xAD, 0xAD, 0xFF, 0xAD, 0xAD, 0xAD, 0xFF, 0xAD, 0xAD, 0xAD, 0xFF, 0xAD, 0xAD, 0xAD, 0xFF, 0xAD, 0xAD, 0xAD, 0xFF, 0xAD, 0xAD, 0xAD, 0xAD, 0xAD, 0xAD
    .byte 0xAD, 0xA4, 0xA4, 0xA4, 0xAD, 0xAD, 0xAD, 0xAD, 0xAD, 0xB6, 0xB6, 0xB6, 0xAD, 0xFF, 0xAD, 0xAD, 0xAD, 0xFF, 0xAD, 0xAD, 0xAD, 0xFF, 0xAD, 0xAD, 0xAD, 0xFF, 0xAD, 0xAD, 0xAD, 0xFF, 0xAD, 0xAD
    .byte 0xAD, 0xFF, 0xAD, 0xAD, 0xAD, 0xFF, 0xAD, 0xAD, 0xAD, 0xFF, 0xAD, 0x09, 0x09, 0x09, 0x09, 0x09, 0x09, 0x09, 0x09, 0x09, 0x09, 0x52, 0xB6, 0xB6, 0xB6, 0xB6, 0xB6, 0xB6, 0xB6, 0xB6, 0xB6, 0xB6
    .byte 0xB6, 0xB6, 0xB6, 0xB6, 0xB6, 0xB6, 0xB6, 0xB6, 0xB6, 0xB6, 0xFF, 0xAD, 0xFF, 0xAD, 0xFF, 0xAD, 0xFF, 0xAD, 0xFF, 0xAD, 0xFF, 0xAD, 0xFF, 0xAD, 0xFF, 0xAD, 0xFF, 0xAD, 0xFF, 0xAD, 0xFF, 0xAD
    .byte 0xFF, 0xAD, 0xFF, 0xAD, 0xFF, 0xAD, 0xFF, 0xAD, 0xFF, 0xAD, 0xFF, 0xAD, 0xFF, 0xAD, 0xFF, 0xAD, 0xFF, 0xAD, 0xFF, 0xAD, 0xFF, 0xAD, 0xFF, 0xAD, 0xFF, 0xAD, 0xFF, 0xAD, 0xFF, 0xAD, 0xFF, 0xAD
    .byte 0xFF, 0xAD, 0xFF, 0xAD, 0xFF, 0xAD, 0xFF, 0xAD, 0xFF, 0xAD, 0xFF, 0xAD, 0xFF, 0xAD, 0xFF, 0xAD, 0xFF, 0xAD, 0xFF, 0xAD, 0xFF, 0xAD, 0xFF, 0xAD, 0xFF, 0xAD, 0xFF, 0xAD, 0xFF, 0xAD, 0xFF, 0xAD
    .byte 0xFF, 0xAD, 0xFF, 0xAD, 0xFF, 0xAD, 0xFF, 0xAD, 0xFF, 0xAD, 0xFF, 0xAD, 0xFF, 0xAD, 0xFF, 0xAD, 0xFF, 0xAD, 0xFF, 0xAD, 0xFF, 0xAD, 0xFF, 0xAD, 0xFF, 0xAD, 0xFF, 0xAD, 0xFF, 0xAD, 0xFF, 0xAD
    .byte 0xFF, 0xAD, 0xFF, 0xAD, 0xFF, 0xAD, 0xFF, 0xAD, 0x5A, 0x5A, 0xFF, 0x74, 0x74, 0xAD, 0xFF, 0x74, 0x74, 0xAD, 0xFF, 0xAD, 0xFF, 0xAD, 0xFF, 0xAD, 0xFF, 0xAD, 0xFF, 0xAD, 0xFF, 0xAD, 0xFF, 0xAD
    .byte 0xFF, 0xAD, 0xFF, 0xAD, 0xFF, 0xAD, 0xFF, 0xAD, 0xFF, 0xAD, 0xFF, 0xAD, 0xFF, 0xAD, 0xFF, 0xAD, 0xFF, 0xAD, 0xFF, 0xAD, 0xFF, 0xAD, 0xFF, 0xAD, 0xFF, 0xAD, 0xFF, 0xAD, 0xFF, 0xAD, 0xFF, 0xAD
    .byte 0xFF, 0xAD, 0xFF, 0xAD, 0xFF, 0xAD, 0xFF, 0xAD, 0xFF, 0x03, 0x03, 0x03, 0x03, 0x03, 0x03, 0x03, 0x03, 0x03, 0x03, 0x03, 0x03, 0x03, 0x03, 0x03, 0x03, 0xAD, 0xFF, 0xAD, 0xFF, 0xAD, 0xFF, 0xAD
    .byte 0xFF, 0xAD, 0xFF, 0xAD, 0xFF, 0xAD, 0xFF, 0xAD, 0xFF, 0xAD, 0xFF, 0xAD, 0xFF, 0xAD, 0xFF, 0xAD, 0xFF, 0xAD, 0xFF, 0xAD, 0xFF, 0xAD, 0xFF, 0xAD, 0xFF, 0xAD, 0xFF, 0xAD, 0xFF, 0xAD, 0xAD, 0xAD
    .byte 0xAD, 0xAD, 0xA4, 0xA4, 0xAD, 0xAD, 0xAD, 0xAD, 0xAD, 0xAD, 0xB6, 0xB6, 0xB6, 0xAD, 0xFF, 0xAD, 0xFF, 0xAD, 0xFF, 0xAD, 0xFF, 0xAD, 0xFF, 0xAD, 0xFF, 0xAD, 0xFF, 0xAD, 0xFF, 0xAD, 0xFF, 0xAD
    .byte 0xFF, 0xAD, 0xFF, 0xAD, 0xFF, 0xAD, 0xFF, 0xAD, 0xFF, 0xAD, 0xFF, 0x09, 0x09, 0x09, 0x09, 0x09, 0x00, 0x00, 0x09, 0x09, 0x09, 0x52, 0xB6, 0xB6, 0xB6, 0xB6, 0xB6, 0xB6, 0xB6, 0xB6, 0xB6, 0xB6
    .byte 0xB6, 0xB6, 0xB6, 0xB6, 0xB6, 0xB6, 0xB6, 0xB6, 0xB6, 0xB6, 0xAD, 0xAD, 0xAD, 0xAD, 0xAD, 0xAD, 0xAD, 0xAD, 0xAD, 0xAD, 0xAD, 0xAD, 0xAD, 0xAD, 0xAD, 0xAD, 0xAD, 0xAD, 0xAD, 0xAD, 0xAD, 0xAD
    .byte 0xAD, 0xAD, 0xAD, 0xAD, 0xAD, 0xAD, 0xAD, 0xAD, 0xAD, 0xAD, 0xAD, 0xAD, 0xAD, 0xAD, 0xAD, 0xAD, 0xAD, 0xAD, 0xAD, 0xAD, 0xAD, 0xAD, 0xAD, 0xAD, 0xAD, 0xAD, 0xAD, 0xAD, 0xAD, 0xAD, 0xAD, 0xAD
    .byte 0xAD, 0xAD, 0xAD, 0xAD, 0xAD, 0xAD, 0xAD, 0xAD, 0xAD, 0xAD, 0xAD, 0xAD, 0xAD, 0xAD, 0xAD, 0xAD, 0xAD, 0xAD, 0xAD, 0xAD, 0xAD, 0xAD, 0xAD, 0xAD, 0xAD, 0xAD, 0xAD, 0xAD, 0xAD, 0xAD, 0xAD, 0xAD
    .byte 0xAD, 0xAD, 0xAD, 0xAD, 0xAD, 0xAD, 0xAD, 0xAD, 0xAD, 0xAD, 0xAD, 0xAD, 0xAD, 0xAD, 0xAD, 0xAD, 0xAD, 0xAD, 0xAD, 0xAD, 0xAD, 0xAD, 0xAD, 0xAD, 0xAD, 0xAD, 0xAD, 0xAD, 0xAD, 0xAD, 0xAD, 0xAD
    .byte 0xAD, 0xAD, 0xAD, 0xAD, 0xAD, 0xAD, 0xAD, 0xAD, 0xAD, 0xAD, 0x5A, 0xAD, 0xAD, 0xAD, 0xAD, 0xAD, 0xAD, 0xAD, 0xAD, 0xAD, 0xAD, 0xAD, 0xAD, 0xAD, 0xAD, 0xAD, 0xAD, 0xAD, 0xAD, 0xAD, 0xAD, 0xAD
    .byte 0xAD, 0xAD, 0xAD, 0xAD, 0xAD, 0xAD, 0xAD, 0xAD, 0xAD, 0xAD, 0xAD, 0xAD, 0xAD, 0xAD, 0xAD, 0xAD, 0xAD, 0xAD, 0xAD, 0xAD, 0xAD, 0xAD, 0xAD, 0xAD, 0xAD, 0xAD, 0xAD, 0xAD, 0xAD, 0xAD, 0xAD, 0xAD
    .byte 0xAD, 0xAD, 0xAD, 0xAD, 0xAD, 0xAD, 0x03, 0x03, 0x03, 0x03, 0x03, 0x03, 0x03, 0x03, 0x03, 0x03, 0x03, 0x03, 0x03, 0x03, 0x03, 0x03, 0x03, 0x03, 0x03, 0xAD, 0xAD, 0xAD, 0xAD, 0xAD, 0xAD, 0xAD
    .byte 0xAD, 0xAD, 0xAD, 0xAD, 0xAD, 0xAD, 0xAD, 0xAD, 0xAD, 0xAD, 0xAD, 0xAD, 0xAD, 0xAD, 0xAD, 0xAD, 0xAD, 0xAD, 0xAD, 0xAD, 0xAD, 0xAD, 0xAD, 0xAD, 0xAD, 0xAD, 0xAD, 0xAD, 0xAD, 0xAD, 0xAD, 0xAD
    .byte 0xAD, 0xAD, 0xA4, 0xA4, 0xA4, 0xAD, 0xAD, 0xAD, 0xAD, 0xAD, 0xAD, 0xB6, 0xB6, 0xAD, 0xAD, 0xAD, 0xAD, 0xAD, 0xAD, 0xAD, 0xAD, 0xAD, 0xAD, 0xAD, 0xAD, 0xAD, 0xAD, 0xAD, 0xAD, 0xAD, 0xAD, 0xAD
    .byte 0xAD, 0xAD, 0xAD, 0xAD, 0xAD, 0xAD, 0xAD, 0xAD, 0xAD, 0xAD, 0xAD, 0x09, 0x09, 0x09, 0x09, 0x09, 0x00, 0x00, 0x09, 0x09, 0x09, 0x52, 0xB6, 0xB6, 0xB6, 0xB6, 0xB6, 0xB6, 0xB6, 0xB6, 0xB6, 0xB6
    .byte 0xB6, 0xB6, 0xB6, 0xB6, 0xB6, 0xB6, 0xB6, 0xB6, 0xB6, 0xB6, 0xFF, 0xAD, 0xFF, 0xAD, 0xFF, 0xAD, 0xFF, 0xAD, 0xFF, 0xAD, 0xFF, 0xAD, 0xFF, 0xAD, 0xFF, 0xAD, 0xFF, 0xAD, 0xFF, 0xAD, 0xFF, 0xAD
    .byte 0xFF, 0xAD, 0xFF, 0xAD, 0xFF, 0xAD, 0xFF, 0xAD, 0xFF, 0xAD, 0xFF, 0xAD, 0xFF, 0xAD, 0xFF, 0xAD, 0xFF, 0xAD, 0xFF, 0xAD, 0xFF, 0xAD, 0xFF, 0xAD, 0xFF, 0xAD, 0xFF, 0xAD, 0xFF, 0xAD, 0xFF, 0xAD
    .byte 0xFF, 0xAD, 0xFF, 0xAD, 0xFF, 0xAD, 0xFF, 0xAD, 0xFF, 0xAD, 0xFF, 0xAD, 0xFF, 0xAD, 0xFF, 0xAD, 0xFF, 0xAD, 0xFF, 0xAD, 0xFF, 0xAD, 0xFF, 0xAD, 0xFF, 0xAD, 0xFF, 0xAD, 0xFF, 0xAD, 0xFF, 0xAD
    .byte 0xFF, 0xAD, 0xFF, 0xAD, 0xFF, 0xAD, 0xFF, 0xAD, 0xFF, 0xAD, 0xFF, 0xAD, 0xFF, 0xAD, 0xFF, 0xAD, 0xFF, 0xAD, 0xFF, 0xAD, 0xFF, 0xAD, 0xFF, 0xAD, 0xFF, 0xAD, 0xFF, 0xAD, 0xFF, 0xAD, 0xFF, 0xAD
    .byte 0xFF, 0xAD, 0xFF, 0xAD, 0xFF, 0xAD, 0xFF, 0xAD, 0xFF, 0xAD, 0xFF, 0xAD, 0xFF, 0xAD, 0xFF, 0xAD, 0xFF, 0xAD, 0xFF, 0xAD, 0xFF, 0xAD, 0xFF, 0xAD, 0xFF, 0xAD, 0xFF, 0xAD, 0xFF, 0xAD, 0xFF, 0xAD
    .byte 0xFF, 0xAD, 0xFF, 0xAD, 0xFF, 0xAD, 0xFF, 0xAD, 0xFF, 0xAD, 0xFF, 0xAD, 0xFF, 0xAD, 0xFF, 0xAD, 0xFF, 0xAD, 0xFF, 0xAD, 0xFF, 0xAD, 0xFF, 0xAD, 0xFF, 0xAD, 0xFF, 0xAD, 0xFF, 0xAD, 0xFF, 0xAD
    .byte 0xFF, 0xAD, 0xFF, 0xAD, 0xFF, 0xAD, 0xFF, 0x03, 0x03, 0x03, 0x03, 0x03, 0x03, 0x03, 0x03, 0x03, 0x03, 0x03, 0x03, 0x03, 0x03, 0x03, 0x03, 0x03, 0xFF, 0xAD, 0xFF, 0xAD, 0xFF, 0xAD, 0xFF, 0xAD
    .byte 0xFF, 0xAD, 0xFF, 0xAD, 0xFF, 0xAD, 0xFF, 0xAD, 0xFF, 0xAD, 0xFF, 0xAD, 0xFF, 0xAD, 0xFF, 0xAD, 0xFF, 0xAD, 0xFF, 0xAD, 0xFF, 0xAD, 0xFF, 0xAD, 0xFF, 0xAD, 0xFF, 0xAD, 0xFF, 0xAD, 0xFF, 0xAD
    .byte 0xAD, 0xAD, 0xAD, 0xA4, 0xA4, 0xAD, 0xAD, 0xAD, 0xAD, 0xAD, 0xAD, 0xB6, 0xB6, 0xB6, 0xFF, 0xAD, 0xFF, 0xAD, 0xFF, 0xAD, 0xFF, 0xAD, 0xFF, 0xAD, 0xFF, 0xAD, 0xFF, 0xAD, 0xFF, 0xAD, 0xFF, 0xAD
    .byte 0xFF, 0xAD, 0xFF, 0xAD, 0xFF, 0xAD, 0xFF, 0xAD, 0xFF, 0xAD, 0xFF, 0x09, 0x09, 0x09, 0x09, 0x09, 0x00, 0x00, 0x09, 0x09, 0x09, 0x52, 0xB6, 0xB6, 0xB6, 0xB6, 0xB6, 0xB6, 0xB6, 0xB6, 0xB6, 0xB6
    .byte 0xB6, 0xB6, 0xB6, 0xB6, 0xB6, 0xB6, 0xB6, 0xB6, 0xB6, 0xB6, 0xAD, 0xAD, 0xAD, 0xFF, 0xAD, 0xAD, 0xAD, 0xFF, 0xAD, 0xAD, 0xAD, 0xFF, 0xAD, 0xAD, 0xAD, 0xFF, 0xAD, 0xAD, 0xAD, 0xFF, 0xAD, 0xAD
    .byte 0xAD, 0xFF, 0xAD, 0xAD, 0xAD, 0xFF, 0xAD, 0xAD, 0xAD, 0xFF, 0xAD, 0xAD, 0xAD, 0xFF, 0xAD, 0xAD, 0xAD, 0xFF, 0xAD, 0xAD, 0xAD, 0xFF, 0xAD, 0xAD, 0xAD, 0xFF, 0xAD, 0xAD, 0xAD, 0xFF, 0xAD, 0xAD
    .byte 0xAD, 0xFF, 0xAD, 0xAD, 0xAD, 0xFF, 0xAD, 0xAD, 0xAD, 0xFF, 0xAD, 0xAD, 0xAD, 0xFF, 0xAD, 0xAD, 0xAD, 0xFF, 0xAD, 0xAD, 0xAD, 0xFF, 0xAD, 0xAD, 0xAD, 0xFF, 0xAD, 0xAD, 0xAD, 0xFF, 0xAD, 0xAD
    .byte 0xAD, 0xFF, 0xAD, 0xAD, 0xAD, 0xFF, 0xAD, 0xAD, 0xAD, 0xFF, 0xAD, 0xAD, 0xAD, 0xFF, 0xAD, 0xAD, 0xAD, 0xFF, 0xAD, 0xAD, 0xAD, 0xFF, 0xAD, 0xAD, 0xAD, 0xFF, 0xAD, 0xAD, 0xAD, 0xFF, 0xAD, 0xAD
    .byte 0xAD, 0xFF, 0xAD, 0xAD, 0xAD, 0xFF, 0xAD, 0xAD, 0xAD, 0xFF, 0xAD, 0xAD, 0xAD, 0xFF, 0xAD, 0xAD, 0xAD, 0xFF, 0xAD, 0xAD, 0xAD, 0xFF, 0xAD, 0xAD, 0xAD, 0xFF, 0xAD, 0xAD, 0xAD, 0xFF, 0xAD, 0xAD
    .byte 0xAD, 0xFF, 0xAD, 0xAD, 0xAD, 0xFF, 0xAD, 0xAD, 0xAD, 0xFF, 0xAD, 0xAD, 0xAD, 0xFF, 0xAD, 0xAD, 0xAD, 0xFF, 0xAD, 0xAD, 0xAD, 0xFF, 0xAD, 0xAD, 0xAD, 0xFF, 0xAD, 0xAD, 0xAD, 0xFF, 0xAD, 0xAD
    .byte 0xAD, 0xFF, 0xAD, 0xAD, 0xAD, 0xFF, 0x03, 0x03, 0x03, 0x03, 0x03, 0x03, 0x03, 0x03, 0x03, 0x03, 0x03, 0x03, 0x03, 0x03, 0x03, 0x03, 0x03, 0x03, 0x03, 0xFF, 0xAD, 0xAD, 0xAD, 0xFF, 0xAD, 0xAD
    .byte 0xAD, 0xFF, 0xAD, 0xAD, 0xAD, 0xFF, 0xAD, 0xAD, 0xAD, 0xFF, 0xAD, 0xAD, 0xAD, 0xFF, 0xAD, 0xAD, 0xAD, 0xFF, 0xAD, 0xAD, 0xAD, 0xFF, 0xAD, 0xAD, 0xAD, 0xFF, 0xAD, 0xAD, 0xAD, 0xFF, 0xAD, 0xAD
    .byte 0xAD, 0xAD, 0xAD, 0xA4, 0xA4, 0xA4, 0xAD, 0xAD, 0xAD, 0xAD, 0xAD, 0xAD, 0xB6, 0xB6, 0xAD, 0xAD, 0xAD, 0xFF, 0xAD, 0xAD, 0xAD, 0xFF, 0xAD, 0xAD, 0xAD, 0xFF, 0xAD, 0xAD, 0xAD, 0xFF, 0xAD, 0xAD
    .byte 0xAD, 0xFF, 0xAD, 0xAD, 0xAD, 0xFF, 0xAD, 0xAD, 0xAD, 0xFF, 0xAD, 0x09, 0x00, 0x00, 0x09, 0x09, 0x00, 0x00, 0x09, 0x09, 0x09, 0x52, 0xB6, 0xB6, 0xB6, 0xB6, 0xB6, 0xB6, 0xB6, 0xB6, 0xB6, 0xB6
    .byte 0xB6, 0xB6, 0xB6, 0xB6, 0xB6, 0xB6, 0xB6, 0xB6, 0xB6, 0xB6, 0xFF, 0xAD, 0xFF, 0xAD, 0xFF, 0xAD, 0xFF, 0xAD, 0xFF, 0xAD, 0xFF, 0xAD, 0xFF, 0xAD, 0xFF, 0xAD, 0xFF, 0xAD, 0xFF, 0xAD, 0xFF, 0xAD
    .byte 0xFF, 0xAD, 0xFF, 0xAD, 0xFF, 0xAD, 0xFF, 0xAD, 0xFF, 0xAD, 0xFF, 0xAD, 0xFF, 0xAD, 0xFF, 0xAD, 0xFF, 0xAD, 0xFF, 0xAD, 0xFF, 0xAD, 0xFF, 0xAD, 0xFF, 0xAD, 0xFF, 0xAD, 0xFF, 0xAD, 0xFF, 0xAD
    .byte 0xFF, 0xAD, 0xFF, 0xAD, 0xFF, 0xAD, 0xFF, 0xAD, 0xFF, 0xAD, 0xFF, 0xAD, 0xFF, 0xAD, 0xFF, 0xAD, 0xFF, 0xAD, 0xFF, 0xAD, 0xFF, 0xAD, 0xFF, 0xAD, 0xFF, 0xAD, 0xFF, 0xAD, 0xFF, 0xAD, 0xFF, 0xAD
    .byte 0xFF, 0xAD, 0xFF, 0xAD, 0xFF, 0xAD, 0xFF, 0xAD, 0xFF, 0xAD, 0xFF, 0xAD, 0xFF, 0xAD, 0xFF, 0xAD, 0xFF, 0xAD, 0xFF, 0xAD, 0xFF, 0xAD, 0xFF, 0xAD, 0xFF, 0xAD, 0xFF, 0xAD, 0xFF, 0xAD, 0xFF, 0xAD
    .byte 0xFF, 0xAD, 0xFF, 0xAD, 0xFF, 0xAD, 0xFF, 0xAD, 0xFF, 0xAD, 0xFF, 0xAD, 0xFF, 0xAD, 0xFF, 0xAD, 0xFF, 0xAD, 0xFF, 0xAD, 0xFF, 0xAD, 0xFF, 0xAD, 0xFF, 0xAD, 0xFF, 0xAD, 0xFF, 0xAD, 0xFF, 0xAD
    .byte 0xFF, 0xAD, 0xFF, 0xAD, 0xFF, 0xAD, 0xFF, 0xAD, 0xFF, 0xAD, 0xFF, 0xAD, 0xFF, 0xAD, 0xFF, 0xAD, 0xFF, 0xAD, 0xFF, 0xAD, 0xFF, 0xAD, 0xFF, 0xAD, 0xFF, 0xAD, 0xFF, 0xAD, 0xFF, 0xAD, 0xFF, 0xAD
    .byte 0xFF, 0xAD, 0xFF, 0xAD, 0x03, 0x03, 0x03, 0x03, 0x03, 0x03, 0x03, 0x03, 0x03, 0x03, 0x03, 0x03, 0x03, 0x03, 0x03, 0x03, 0x03, 0x03, 0x03, 0x03, 0x03, 0xAD, 0xFF, 0xAD, 0xFF, 0xAD, 0xFF, 0xAD
    .byte 0xFF, 0xAD, 0xFF, 0xAD, 0xFF, 0xAD, 0xFF, 0xAD, 0xFF, 0xAD, 0xFF, 0xAD, 0xFF, 0xAD, 0xFF, 0xAD, 0xFF, 0xAD, 0xFF, 0xAD, 0xFF, 0xAD, 0xFF, 0xAD, 0xFF, 0xAD, 0xFF, 0xAD, 0xFF, 0xAD, 0xFF, 0xAD
    .byte 0xAD, 0xAD, 0xAD, 0xAD, 0xA4, 0xA4, 0xAD, 0xAD, 0xAD, 0xAD, 0xAD, 0xAD, 0xB6, 0xB6, 0xB6, 0xAD, 0xFF, 0xAD, 0xFF, 0xAD, 0xFF, 0xAD, 0xFF, 0xAD, 0xFF, 0xAD, 0xFF, 0xAD, 0xFF, 0xAD, 0xFF, 0xAD
    .byte 0xFF, 0xAD, 0xFF, 0xAD, 0xFF, 0xAD, 0xFF, 0xAD, 0xFF, 0xAD, 0xFF, 0x09, 0x00, 0x00, 0x09, 0x09, 0x00, 0x00, 0x09, 0x09, 0x09, 0x52, 0xB6, 0xB6, 0xB6, 0xB6, 0xB6, 0xB6, 0xB6, 0xB6, 0xB6, 0xB6
    .byte 0xB6, 0xB6, 0xB6, 0xB6, 0xB6, 0xB6, 0xB6, 0xB6, 0xB6, 0xB6, 0xAD, 0xAD, 0xAD, 0xAD, 0xAD, 0xAD, 0xAD, 0xAD, 0xAD, 0xAD, 0xAD, 0xAD, 0xAD, 0xAD, 0xAD, 0xAD, 0xAD, 0xAD, 0xAD, 0xAD, 0xAD, 0xAD
    .byte 0xAD, 0xAD, 0xAD, 0xAD, 0xAD, 0xAD, 0xAD, 0xAD, 0xAD, 0xAD, 0xAD, 0xAD, 0xAD, 0xAD, 0xAD, 0xAD, 0xAD, 0xAD, 0xAD, 0xAD, 0xAD, 0xAD, 0xAD, 0xAD, 0xAD, 0xAD, 0xAD, 0xAD, 0xAD, 0xAD, 0xAD, 0xAD
    .byte 0xAD, 0xAD, 0xAD, 0xAD, 0xAD, 0xAD, 0xAD, 0xAD, 0xAD, 0xAD, 0xAD, 0xAD, 0xAD, 0xAD, 0xAD, 0xAD, 0xAD, 0xAD, 0xAD, 0xAD, 0xAD, 0xAD, 0xAD, 0xAD, 0xAD, 0xAD, 0xAD, 0xAD, 0xAD, 0xAD, 0xAD, 0xAD
    .byte 0xAD, 0xAD, 0xAD, 0xAD, 0xAD, 0xAD, 0xAD, 0xAD, 0xAD, 0xAD, 0xAD, 0xAD, 0xAD, 0xAD, 0xAD, 0xAD, 0xAD, 0xAD, 0xAD, 0xAD, 0xAD, 0xAD, 0xAD, 0xAD, 0xAD, 0xAD, 0xAD, 0xAD, 0xAD, 0xAD, 0xAD, 0xAD
    .byte 0xAD, 0xAD, 0xAD, 0xAD, 0xAD, 0xAD, 0xAD, 0xAD, 0xAD, 0xAD, 0xAD, 0xAD, 0xAD, 0xAD, 0xAD, 0xAD, 0xAD, 0xAD, 0xAD, 0xAD, 0xAD, 0xAD, 0xAD, 0xAD, 0xAD, 0xAD, 0xAD, 0xAD, 0xAD, 0xAD, 0xAD, 0xAD
    .byte 0xAD, 0xAD, 0xAD, 0xAD, 0xAD, 0xAD, 0xAD, 0xAD, 0xAD, 0xAD, 0xAD, 0xAD, 0xAD, 0xAD, 0xAD, 0xAD, 0xAD, 0xAD, 0xAD, 0xAD, 0xAD, 0xAD, 0xAD, 0xAD, 0xAD, 0xAD, 0xAD, 0xAD, 0xAD, 0xAD, 0xAD, 0xAD
    .byte 0xAD, 0xAD, 0xAD, 0xAD, 0x03, 0x03, 0x03, 0x03, 0x03, 0x03, 0x03, 0x03, 0x03, 0x03, 0x03, 0x03, 0x03, 0x03, 0x03, 0x03, 0x03, 0x03, 0x03, 0x03, 0x03, 0x03, 0x03, 0xAD, 0xAD, 0xAD, 0xAD, 0xAD
    .byte 0xAD, 0xAD, 0xAD, 0xAD, 0xAD, 0xAD, 0xAD, 0xAD, 0xAD, 0xAD, 0xAD, 0xAD, 0xAD, 0xAD, 0xAD, 0xAD, 0xAD, 0xAD, 0xAD, 0xAD, 0xAD, 0xAD, 0xAD, 0xAD, 0xAD, 0xAD, 0xAD, 0xAD, 0xAD, 0xAD, 0xAD, 0xAD
    .byte 0xAD, 0xAD, 0xAD, 0xAD, 0xA4, 0xA4, 0xAD, 0xAD, 0xAD, 0xAD, 0xAD, 0xAD, 0xAD, 0xB6, 0xB6, 0xAD, 0xAD, 0xAD, 0xAD, 0xAD, 0xAD, 0xAD, 0xAD, 0xAD, 0xAD, 0xAD, 0xAD, 0xAD, 0xAD, 0xAD, 0xAD, 0xAD
    .byte 0xAD, 0xAD, 0xAD, 0xAD, 0xAD, 0xAD, 0xAD, 0xAD, 0xAD, 0xAD, 0xAD, 0x09, 0x09, 0x09, 0x09, 0x09, 0x00, 0x00, 0x09, 0x09, 0x09, 0x52, 0xB6, 0xB6, 0xB6, 0xB6, 0xB6, 0xB6, 0xB6, 0xB6, 0xB6, 0xB6
    .byte 0xB6, 0xB6, 0xB6, 0xB6, 0xB6, 0xB6, 0xB6, 0xB6, 0xB6, 0xB6, 0xFF, 0xAD, 0xFF, 0xAD, 0xFF, 0xAD, 0xFF, 0xAD, 0xFF, 0xAD, 0xFF, 0xAD, 0xFF, 0xAD, 0xFF, 0xAD, 0xFF, 0xAD, 0xFF, 0xAD, 0xFF, 0xAD
    .byte 0xFF, 0xAD, 0xFF, 0xAD, 0xFF, 0xAD, 0xFF, 0xAD, 0xFF, 0xAD, 0xFF, 0xAD, 0xFF, 0xAD, 0xFF, 0xAD, 0xFF, 0xAD, 0xFF, 0xAD, 0xFF, 0xAD, 0xFF, 0xAD, 0xFF, 0xAD, 0xFF, 0xAD, 0xFF, 0xAD, 0xFF, 0xAD
    .byte 0xFF, 0xAD, 0xFF, 0xAD, 0xFF, 0xAD, 0xFF, 0xAD, 0xFF, 0xAD, 0xFF, 0xAD, 0xFF, 0xAD, 0xFF, 0xAD, 0xFF, 0xAD, 0xFF, 0xAD, 0xFF, 0xAD, 0xFF, 0xAD, 0xFF, 0xAD, 0xFF, 0xAD, 0xFF, 0xAD, 0xFF, 0xAD
    .byte 0xFF, 0xAD, 0xFF, 0xAD, 0xFF, 0xAD, 0xFF, 0xAD, 0xFF, 0xAD, 0xFF, 0xAD, 0xFF, 0xAD, 0xFF, 0xAD, 0xFF, 0xAD, 0xFF, 0xAD, 0xFF, 0xAD, 0xFF, 0xAD, 0xFF, 0xAD, 0xFF, 0xAD, 0xFF, 0xAD, 0xFF, 0xAD
    .byte 0xFF, 0xAD, 0xFF, 0xAD, 0xFF, 0xAD, 0xFF, 0xAD, 0xFF, 0xAD, 0xFF, 0xAD, 0xFF, 0xAD, 0xFF, 0xAD, 0xFF, 0xAD, 0xFF, 0xAD, 0xFF, 0xAD, 0xFF, 0xAD, 0xFF, 0xAD, 0xFF, 0xAD, 0xFF, 0xAD, 0xFF, 0xAD
    .byte 0xFF, 0xAD, 0xFF, 0xAD, 0xFF, 0xAD, 0xFF, 0xAD, 0xFF, 0xAD, 0xFF, 0xAD, 0xFF, 0xAD, 0xFF, 0xAD, 0xFF, 0xAD, 0xFF, 0xAD, 0xFF, 0xAD, 0xFF, 0xAD, 0xFF, 0xAD, 0xFF, 0xAD, 0xFF, 0xAD, 0xFF, 0xAD
    .byte 0xFF, 0xAD, 0xFF, 0xAD, 0xFF, 0x03, 0x03, 0x03, 0x03, 0x03, 0x03, 0x03, 0x03, 0x03, 0x03, 0x03, 0x03, 0x03, 0x03, 0x03, 0x03, 0xAD, 0x03, 0x03, 0x03, 0x03, 0xFF, 0x03, 0x03, 0xAD, 0xFF, 0xAD
    .byte 0xFF, 0xAD, 0xFF, 0xAD, 0xFF, 0xAD, 0xFF, 0xAD, 0xFF, 0xAD, 0xFF, 0xAD, 0xFF, 0xAD, 0xFF, 0xAD, 0xFF, 0xAD, 0xFF, 0xAD, 0xFF, 0xAD, 0xFF, 0xAD, 0xFF, 0xAD, 0xFF, 0xAD, 0xFF, 0xAD, 0xFF, 0xAD
    .byte 0xFF, 0xAD, 0xAD, 0xAD, 0xAD, 0xAD, 0xAD, 0xAD, 0xAD, 0xAD, 0xAD, 0xAD, 0xAD, 0xB6, 0xB6, 0xB6, 0xFF, 0xAD, 0xFF, 0xAD, 0xFF, 0xAD, 0xFF, 0xAD, 0xFF, 0xAD, 0xFF, 0xAD, 0xFF, 0xAD, 0xFF, 0xAD
    .byte 0xFF, 0xAD, 0xFF, 0xAD, 0xFF, 0xAD, 0xFF, 0xAD, 0xFF, 0xAD, 0xFF, 0x09, 0x09, 0x09, 0x09, 0x09, 0x00, 0x00, 0x09, 0x09, 0x09, 0x52, 0xB6, 0xB6, 0xB6, 0xB6, 0xB6, 0xB6, 0xB6, 0xB6, 0xB6, 0xB6
    .byte 0xB6, 0xB6, 0xB6, 0xB6, 0xB6, 0xB6, 0xB6, 0xB6, 0xB6, 0xB6, 0xAD, 0xAD, 0xAD, 0xFF, 0xAD, 0xAD, 0xAD, 0xFF, 0xAD, 0xAD, 0xAD, 0xFF, 0xAD, 0xAD, 0xAD, 0xFF, 0xAD, 0xAD, 0xAD, 0xFF, 0xAD, 0xAD
    .byte 0xAD, 0xFF, 0xAD, 0xAD, 0xAD, 0xFF, 0xAD, 0xAD, 0xAD, 0xFF, 0xAD, 0xAD, 0xAD, 0xFF, 0xAD, 0xAD, 0xAD, 0xFF, 0xAD, 0xAD, 0xAD, 0xFF, 0xAD, 0xAD, 0xAD, 0xFF, 0xAD, 0xAD, 0xAD, 0xFF, 0xAD, 0xAD
    .byte 0xAD, 0xFF, 0xAD, 0xAD, 0xAD, 0xFF, 0xAD, 0xAD, 0xAD, 0xFF, 0xAD, 0xAD, 0xAD, 0xFF, 0xAD, 0xAD, 0xAD, 0xFF, 0xAD, 0xAD, 0xAD, 0xFF, 0xAD, 0xAD, 0xAD, 0xFF, 0xAD, 0xAD, 0xAD, 0xFF, 0xAD, 0xAD
    .byte 0xAD, 0xFF, 0xAD, 0xAD, 0xAD, 0xFF, 0xAD, 0xAD, 0xAD, 0xFF, 0xAD, 0xAD, 0xAD, 0xFF, 0xAD, 0xAD, 0xAD, 0xFF, 0xAD, 0xAD, 0xAD, 0xFF, 0xAD, 0xAD, 0xAD, 0xFF, 0xAD, 0xAD, 0xAD, 0xFF, 0xAD, 0xAD
    .byte 0xAD, 0xFF, 0xAD, 0xAD, 0xAD, 0xFF, 0xAD, 0xAD, 0xAD, 0xFF, 0xAD, 0xAD, 0xAD, 0xFF, 0xAD, 0xAD, 0xAD, 0xFF, 0xAD, 0xAD, 0xAD, 0xFF, 0xAD, 0xAD, 0xAD, 0xFF, 0xAD, 0xAD, 0xAD, 0xFF, 0xAD, 0xAD
    .byte 0xAD, 0xFF, 0xAD, 0xAD, 0xAD, 0xFF, 0xAD, 0xAD, 0xAD, 0xFF, 0xAD, 0xAD, 0xAD, 0xFF, 0xAD, 0xAD, 0xAD, 0xFF, 0xAD, 0xAD, 0xAD, 0xFF, 0xAD, 0xAD, 0xAD, 0xFF, 0xAD, 0xAD, 0xAD, 0xFF, 0xAD, 0xAD
    .byte 0xAD, 0xFF, 0xAD, 0xAD, 0xAD, 0x03, 0x03, 0x03, 0x03, 0x03, 0x03, 0x03, 0x03, 0x03, 0x03, 0x03, 0x03, 0x03, 0x03, 0x03, 0x03, 0x03, 0x03, 0x03, 0x03, 0x03, 0xAD, 0x03, 0xAD, 0xFF, 0xAD, 0xAD
    .byte 0xAD, 0xFF, 0xAD, 0xAD, 0xAD, 0xFF, 0xAD, 0xAD, 0xAD, 0xFF, 0xAD, 0xAD, 0xAD, 0xFF, 0xAD, 0xAD, 0xAD, 0xFF, 0xAD, 0xAD, 0xAD, 0xFF, 0xAD, 0xAD, 0xAD, 0xFF, 0xAD, 0xAD, 0xAD, 0xFF, 0xAD, 0xAD
    .byte 0xAD, 0xAD, 0xAD, 0xAD, 0xAD, 0xAD, 0xAD, 0xAD, 0xAD, 0xAD, 0xAD, 0xAD, 0xAD, 0xAD, 0xB6, 0xB6, 0xAD, 0xFF, 0xAD, 0xAD, 0xAD, 0xFF, 0xAD, 0xAD, 0xAD, 0xFF, 0xAD, 0xAD, 0xAD, 0xFF, 0xAD, 0xAD
    .byte 0xAD, 0xFF, 0xAD, 0xAD, 0xAD, 0xFF, 0xAD, 0xAD, 0xAD, 0xFF, 0xAD, 0x09, 0x09, 0x09, 0x09, 0x09, 0x00, 0x00, 0x09, 0x09, 0x09, 0x52, 0xB6, 0xB6, 0xB6, 0xB6, 0xB6, 0xB6, 0xB6, 0xB6, 0xB6, 0xB6
    .byte 0xB6, 0xB6, 0xB6, 0xB6, 0xB6, 0xB6, 0xB6, 0xB6, 0xB6, 0xB6, 0xFF, 0xAD, 0xFF, 0xAD, 0xFF, 0xAD, 0xFF, 0xAD, 0xFF, 0xAD, 0xFF, 0xAD, 0xFF, 0xAD, 0xFF, 0xAD, 0xFF, 0xAD, 0xFF, 0xAD, 0xFF, 0xAD
    .byte 0xFF, 0xAD, 0xFF, 0xAD, 0xFF, 0xAD, 0xFF, 0xAD, 0xFF, 0xAD, 0xFF, 0xAD, 0xFF, 0xAD, 0xFF, 0xAD, 0xFF, 0xAD, 0xFF, 0xAD, 0xFF, 0xAD, 0xFF, 0xAD, 0xFF, 0xAD, 0xFF, 0xAD, 0xFF, 0xAD, 0xFF, 0xAD
    .byte 0xFF, 0xAD, 0xFF, 0xAD, 0xFF, 0xAD, 0xFF, 0xAD, 0xFF, 0xAD, 0xFF, 0xAD, 0xFF, 0xAD, 0xFF, 0xAD, 0xFF, 0xAD, 0xFF, 0xAD, 0xFF, 0xAD, 0xFF, 0xAD, 0xFF, 0xAD, 0xFF, 0xAD, 0xFF, 0xAD, 0xFF, 0xAD
    .byte 0xFF, 0xAD, 0xFF, 0xAD, 0xFF, 0xAD, 0xFF, 0xAD, 0xFF, 0xAD, 0xFF, 0xAD, 0xFF, 0xAD, 0xFF, 0xAD, 0xFF, 0xAD, 0xFF, 0xAD, 0xFF, 0xAD, 0xFF, 0xAD, 0xFF, 0xAD, 0xFF, 0xAD, 0xFF, 0xAD, 0xFF, 0xAD
    .byte 0xFF, 0xAD, 0xFF, 0xAD, 0xFF, 0xAD, 0xFF, 0xAD, 0xFF, 0xAD, 0xFF, 0xAD, 0xFF, 0xAD, 0xFF, 0xAD, 0xFF, 0xAD, 0xFF, 0xAD, 0xFF, 0xAD, 0xFF, 0xAD, 0xFF, 0xAD, 0xFF, 0xAD, 0xFF, 0xAD, 0xFF, 0xAD
    .byte 0xFF, 0xAD, 0xFF, 0xAD, 0xFF, 0xAD, 0xFF, 0xAD, 0xFF, 0xAD, 0xFF, 0xAD, 0xFF, 0xAD, 0xFF, 0xAD, 0xFF, 0xAD, 0xFF, 0xAD, 0xFF, 0xAD, 0xFF, 0xAD, 0xFF, 0xAD, 0xFF, 0xAD, 0xFF, 0xAD, 0xFF, 0xAD
    .byte 0xFF, 0xAD, 0xFF, 0xAD, 0x03, 0xAD, 0x03, 0x03, 0x03, 0x03, 0x03, 0x03, 0x03, 0x03, 0x03, 0x03, 0x03, 0x03, 0x03, 0xAD, 0x03, 0x03, 0x03, 0x03, 0x03, 0x03, 0xFF, 0x03, 0x03, 0xAD, 0xFF, 0xAD
    .byte 0xFF, 0xAD, 0xFF, 0xAD, 0xFF, 0xAD, 0xFF, 0xAD, 0xFF, 0xAD, 0xFF, 0xAD, 0xFF, 0xAD, 0xFF, 0xAD, 0xFF, 0xAD, 0xFF, 0xAD, 0xFF, 0xAD, 0xFF, 0xAD, 0xFF, 0xAD, 0xFF, 0xAD, 0xFF, 0xAD, 0xFF, 0xAD
    .byte 0xFF, 0xAD, 0xAD, 0xAD, 0xAD, 0xAD, 0xAD, 0xAD, 0xAD, 0xAD, 0xAD, 0xAD, 0xAD, 0xAD, 0xB6, 0xB6, 0xB6, 0xAD, 0xFF, 0xAD, 0xFF, 0xAD, 0xFF, 0xAD, 0xFF, 0xAD, 0xFF, 0xAD, 0xFF, 0xAD, 0xFF, 0xAD
    .byte 0xFF, 0xAD, 0xFF, 0xAD, 0xFF, 0xAD, 0xFF, 0xAD, 0xFF, 0xAD, 0xFF, 0x09, 0x09, 0x09, 0x09, 0x09, 0x00, 0x00, 0x09, 0x09, 0x09, 0x52, 0xB6, 0xB6, 0xB6, 0xB6, 0xB6, 0xB6, 0xB6, 0xB6, 0xB6, 0xB6
    .byte 0xB6, 0xB6, 0xB6, 0xB6, 0xB6, 0xB6, 0xB6, 0xB6, 0xB6, 0xB6, 0xAD, 0xAD, 0xAD, 0xAD, 0xAD, 0xAD, 0xAD, 0xAD, 0xAD, 0xAD, 0xAD, 0xAD, 0xAD, 0xAD, 0xAD, 0xAD, 0xAD, 0xAD, 0xAD, 0xAD, 0xAD, 0xAD
    .byte 0xAD, 0xAD, 0xAD, 0xAD, 0xAD, 0xAD, 0xAD, 0xAD, 0xAD, 0xAD, 0xAD, 0xAD, 0xAD, 0xAD, 0xAD, 0xAD, 0xAD, 0xAD, 0xAD, 0xAD, 0xAD, 0xAD, 0xAD, 0xAD, 0xAD, 0xAD, 0xAD, 0xAD, 0xAD, 0xAD, 0xAD, 0xAD
    .byte 0xAD, 0xAD, 0xAD, 0xAD, 0xAD, 0xAD, 0xAD, 0xAD, 0xAD, 0xAD, 0xAD, 0xAD, 0xAD, 0xAD, 0xAD, 0xAD, 0xAD, 0xAD, 0xAD, 0xAD, 0xAD, 0xAD, 0xAD, 0xAD, 0xAD, 0xAD, 0xAD, 0xAD, 0xAD, 0xAD, 0xAD, 0xAD
    .byte 0xAD, 0xAD, 0xAD, 0xAD, 0xAD, 0xAD, 0xAD, 0xAD, 0xAD, 0xAD, 0xAD, 0xAD, 0xAD, 0xAD, 0xAD, 0xAD, 0xAD, 0xAD, 0xAD, 0xAD, 0xAD, 0xAD, 0xAD, 0xAD, 0xAD, 0xAD, 0xAD, 0xAD, 0xAD, 0xAD, 0xAD, 0xAD
    .byte 0xAD, 0xAD, 0xAD, 0xAD, 0xAD, 0xAD, 0xAD, 0xAD, 0xAD, 0xAD, 0xAD, 0xAD, 0xAD, 0xAD, 0xAD, 0xAD, 0xAD, 0xAD, 0xAD, 0xAD, 0xAD, 0xAD, 0xAD, 0xAD, 0xAD, 0xAD, 0xAD, 0xAD, 0xAD, 0xAD, 0xAD, 0xAD
    .byte 0xAD, 0xAD, 0xAD, 0xAD, 0xAD, 0xAD, 0xAD, 0xAD, 0xAD, 0xAD, 0xAD, 0xAD, 0xAD, 0xAD, 0xAD, 0xAD, 0xAD, 0xAD, 0xAD, 0xAD, 0xAD, 0xAD, 0xAD, 0xAD, 0xAD, 0xAD, 0xAD, 0xAD, 0xAD, 0xAD, 0xAD, 0xAD
    .byte 0xAD, 0xAD, 0xAD, 0xAD, 0x03, 0x03, 0x03, 0x03, 0x03, 0x03, 0x03, 0x03, 0x03, 0x03, 0x03, 0x03, 0x03, 0x03, 0x03, 0x03, 0x03, 0x03, 0x03, 0x03, 0x03, 0xAD, 0xAD, 0xAD, 0x03, 0xAD, 0xAD, 0xAD
    .byte 0xAD, 0xAD, 0xAD, 0xAD, 0xAD, 0xAD, 0xAD, 0xAD, 0xAD, 0xAD, 0xAD, 0xAD, 0xAD, 0xAD, 0xAD, 0xAD, 0xAD, 0xAD, 0xAD, 0xAD, 0xAD, 0xAD, 0xAD, 0xAD, 0xAD, 0xAD, 0xAD, 0xAD, 0xAD, 0xAD, 0xAD, 0xAD
    .byte 0xAD, 0xAD, 0xAD, 0xAD, 0xAD, 0xAD, 0xAD, 0xAD, 0xAD, 0xAD, 0xAD, 0xAD, 0xAD, 0xAD, 0xAD, 0xB6, 0xB6, 0xAD, 0xAD, 0xAD, 0xAD, 0xAD, 0xAD, 0xAD, 0xAD, 0xAD, 0xAD, 0xAD, 0xAD, 0xAD, 0xAD, 0xAD
    .byte 0xAD, 0xAD, 0xAD, 0xAD, 0xAD, 0xAD, 0xAD, 0xAD, 0xAD, 0xAD, 0xAD, 0x09, 0x09, 0x09, 0x09, 0x09, 0x09, 0x09, 0x09, 0x09, 0x09, 0x52, 0xB6, 0xB6, 0xB6, 0xB6, 0xB6, 0xB6, 0xB6, 0xB6, 0xB6, 0xB6
    .byte 0xB6, 0xB6, 0xB6, 0xB6, 0xB6, 0xB6, 0xB6, 0xB6, 0xB6, 0xB6, 0xFF, 0xAD, 0xFF, 0xAD, 0xFF, 0xAD, 0xFF, 0xAD, 0xFF, 0xAD, 0xFF, 0xAD, 0xFF, 0xAD, 0xFF, 0xAD, 0xFF, 0xAD, 0xFF, 0xAD, 0xFF, 0xAD
    .byte 0xFF, 0xAD, 0xFF, 0xAD, 0xFF, 0xAD, 0xFF, 0xAD, 0xFF, 0xAD, 0xFF, 0xAD, 0xFF, 0xAD, 0xFF, 0xAD, 0xFF, 0xAD, 0xFF, 0xAD, 0xFF, 0xAD, 0xFF, 0xAD, 0xFF, 0xAD, 0xFF, 0xAD, 0xFF, 0xAD, 0xFF, 0xAD
    .byte 0xFF, 0xAD, 0xFF, 0xAD, 0xFF, 0xAD, 0xFF, 0xAD, 0xFF, 0xAD, 0xFF, 0xAD, 0xFF, 0xAD, 0xFF, 0xAD, 0xFF, 0xAD, 0xFF, 0xAD, 0xFF, 0xAD, 0xFF, 0xAD, 0xFF, 0xAD, 0xFF, 0xAD, 0xFF, 0xAD, 0xFF, 0xAD
    .byte 0xFF, 0xAD, 0xFF, 0xAD, 0xFF, 0xAD, 0xFF, 0xAD, 0xFF, 0xAD, 0xFF, 0xAD, 0xFF, 0xAD, 0xFF, 0xAD, 0xFF, 0xAD, 0xFF, 0xAD, 0xFF, 0xAD, 0xFF, 0xAD, 0xFF, 0xAD, 0xFF, 0xAD, 0xFF, 0xAD, 0xFF, 0xAD
    .byte 0xFF, 0xAD, 0xFF, 0xAD, 0xFF, 0xAD, 0xFF, 0xAD, 0xFF, 0xAD, 0xFF, 0xAD, 0xFF, 0xAD, 0xFF, 0xAD, 0xFF, 0xAD, 0xFF, 0xAD, 0xFF, 0xAD, 0xFF, 0xAD, 0xFF, 0xAD, 0xFF, 0xAD, 0xFF, 0xAD, 0xFF, 0xAD
    .byte 0xFF, 0xAD, 0xFF, 0xAD, 0xFF, 0xAD, 0xFF, 0xAD, 0xFF, 0xAD, 0xFF, 0xAD, 0xFF, 0xAD, 0xFF, 0xAD, 0xFF, 0xAD, 0xFF, 0xAD, 0xFF, 0xAD, 0xFF, 0xAD, 0xFF, 0xAD, 0xFF, 0xAD, 0xFF, 0xAD, 0xFF, 0xAD
    .byte 0xFF, 0xAD, 0xFF, 0xAD, 0xFF, 0xAD, 0x03, 0x03, 0x03, 0x03, 0x03, 0x03, 0x03, 0x03, 0x03, 0x03, 0x03, 0x03, 0x03, 0x03, 0x03, 0x03, 0x03, 0x03, 0x03, 0x03, 0xFF, 0x03, 0x03, 0xAD, 0x03, 0xAD
    .byte 0xFF, 0xAD, 0xFF, 0xAD, 0xFF, 0xAD, 0xFF, 0xAD, 0xFF, 0xAD, 0xFF, 0xAD, 0xFF, 0xAD, 0xFF, 0xAD, 0xFF, 0xAD, 0xFF, 0xAD, 0xFF, 0xAD, 0xFF, 0xAD, 0xFF, 0xAD, 0xFF, 0xAD, 0xFF, 0xAD, 0xFF, 0xAD
    .byte 0xFF, 0xAD, 0xFF, 0xAD, 0xAD, 0xAD, 0xAD, 0xAD, 0xAD, 0xAD, 0xAD, 0xAD, 0xAD, 0xAD, 0xAD, 0xB6, 0xB6, 0xB6, 0xFF, 0xAD, 0xFF, 0xAD, 0xFF, 0xAD, 0xFF, 0xAD, 0xFF, 0xAD, 0xFF, 0xAD, 0xFF, 0xAD
    .byte 0xFF, 0xAD, 0xFF, 0xAD, 0xFF, 0xAD, 0xFF, 0xAD, 0xFF, 0xAD, 0xFF, 0x09, 0x09, 0x09, 0x09, 0x09, 0x09, 0x09, 0x09, 0x09, 0x09, 0x52, 0xB6, 0xB6, 0xB6, 0xB6, 0xB6, 0xB6, 0xB6, 0xB6, 0xB6, 0xB6
    .byte 0xB6, 0xB6, 0xB6, 0xB6, 0xB6, 0xB6, 0xB6, 0xB6, 0xB6, 0xB6, 0xAD, 0xAD, 0xAD, 0xFF, 0xAD, 0xAD, 0xAD, 0xFF, 0xAD, 0xAD, 0xAD, 0xFF, 0xAD, 0xAD, 0xAD, 0xFF, 0xAD, 0xAD, 0xAD, 0xFF, 0xAD, 0xAD
    .byte 0xAD, 0xFF, 0xAD, 0xAD, 0xAD, 0xFF, 0xAD, 0xAD, 0xAD, 0xFF, 0xAD, 0xAD, 0xAD, 0xFF, 0xAD, 0xAD, 0xAD, 0xFF, 0xAD, 0xAD, 0xAD, 0xFF, 0xAD, 0xAD, 0xAD, 0xFF, 0xAD, 0xAD, 0xAD, 0xFF, 0xAD, 0xAD
    .byte 0xAD, 0xFF, 0xAD, 0xAD, 0xAD, 0xFF, 0xAD, 0xAD, 0xAD, 0xFF, 0xAD, 0xAD, 0xAD, 0xFF, 0xAD, 0xAD, 0xAD, 0xFF, 0xAD, 0xAD, 0xAD, 0xFF, 0xAD, 0xAD, 0xAD, 0xFF, 0xAD, 0xAD, 0xAD, 0xFF, 0xAD, 0xAD
    .byte 0xAD, 0xFF, 0xAD, 0xAD, 0xAD, 0xFF, 0xAD, 0xAD, 0xAD, 0xFF, 0xAD, 0xAD, 0xAD, 0xFF, 0xAD, 0xAD, 0xAD, 0xFF, 0xAD, 0xAD, 0xAD, 0xFF, 0xAD, 0xAD, 0xAD, 0xFF, 0xAD, 0xAD, 0xAD, 0xFF, 0xAD, 0xAD
    .byte 0xAD, 0xFF, 0xAD, 0xAD, 0xAD, 0xFF, 0xAD, 0xAD, 0xAD, 0xFF, 0xAD, 0xAD, 0xAD, 0xFF, 0xAD, 0xAD, 0xAD, 0xFF, 0xAD, 0xAD, 0xAD, 0xFF, 0xAD, 0xAD, 0xAD, 0xFF, 0xAD, 0xAD, 0xAD, 0xFF, 0xAD, 0xAD
    .byte 0xAD, 0xFF, 0xAD, 0xAD, 0xAD, 0xFF, 0xAD, 0xAD, 0xAD, 0xFF, 0xAD, 0xAD, 0xAD, 0xFF, 0xAD, 0xAD, 0xAD, 0xFF, 0xAD, 0xAD, 0xAD, 0xFF, 0xAD, 0xAD, 0xAD, 0xFF, 0xAD, 0xAD, 0xAD, 0xFF, 0xAD, 0xAD
    .byte 0xAD, 0xFF, 0xAD, 0xAD, 0xAD, 0xFF, 0x03, 0x03, 0x03, 0x03, 0x03, 0x03, 0x03, 0x03, 0x03, 0x03, 0x03, 0x03, 0x03, 0x03, 0x03, 0xFF, 0x03, 0x03, 0x03, 0x03, 0xAD, 0x03, 0x03, 0xFF, 0x03, 0xAD
    .byte 0xAD, 0xFF, 0xAD, 0xAD, 0xAD, 0xFF, 0xAD, 0xAD, 0xAD, 0xFF, 0xAD, 0xAD, 0xAD, 0xFF, 0xAD, 0xAD, 0xAD, 0xFF, 0xAD, 0xAD, 0xAD, 0xFF, 0xAD, 0xAD, 0xAD, 0xFF, 0xAD, 0xAD, 0xAD, 0xFF, 0xAD, 0xAD
    .byte 0xAD, 0xFF, 0xAD, 0xAD, 0xAD, 0xAD, 0xAD, 0xAD, 0xAD, 0xAD, 0xAD, 0xAD, 0xAD, 0xAD, 0xAD, 0xAD, 0xB6, 0xB6, 0xB6, 0xAD, 0xAD, 0xFF, 0xAD, 0xAD, 0xAD, 0xFF, 0xAD, 0xAD, 0xAD, 0xFF, 0xAD, 0xAD
    .byte 0xAD, 0xFF, 0xAD, 0xAD, 0xAD, 0xFF, 0xAD, 0xAD, 0xAD, 0xFF, 0xAD, 0x52, 0x52, 0x52, 0x52, 0x52, 0x52, 0x52, 0x52, 0x52, 0x52, 0x52, 0xB6, 0xB6, 0xB6, 0xB6, 0xB6, 0xB6, 0xB6, 0xB6, 0xB6, 0xB6
    .byte 0xB6, 0xB6, 0xB6, 0xB6, 0xB6, 0xB6, 0xB6, 0xB6, 0xB6, 0xB6, 0xFF, 0xAD, 0xFF, 0xAD, 0xFF, 0xAD, 0xFF, 0xAD, 0xFF, 0xAD, 0xFF, 0xAD, 0xFF, 0xAD, 0xFF, 0xAD, 0xFF, 0xAD, 0xFF, 0xAD, 0xFF, 0xAD
    .byte 0xFF, 0xAD, 0xFF, 0xAD, 0xFF, 0xAD, 0xFF, 0xAD, 0xFF, 0xAD, 0xFF, 0xAD, 0xFF, 0xAD, 0xFF, 0xAD, 0xFF, 0xAD, 0xFF, 0xAD, 0xFF, 0xAD, 0xFF, 0xAD, 0xFF, 0xAD, 0xFF, 0xAD, 0xFF, 0xAD, 0xFF, 0xAD
    .byte 0xFF, 0xAD, 0xFF, 0xAD, 0xFF, 0xAD, 0xFF, 0xAD, 0xFF, 0xAD, 0xFF, 0xAD, 0xFF, 0xAD, 0xFF, 0xAD, 0xFF, 0xAD, 0xFF, 0xAD, 0xFF, 0xAD, 0xFF, 0xAD, 0xFF, 0xAD, 0xFF, 0xAD, 0xFF, 0xAD, 0xFF, 0xAD
    .byte 0xFF, 0xAD, 0xFF, 0xAD, 0xFF, 0xAD, 0xFF, 0xAD, 0xFF, 0xAD, 0xFF, 0xAD, 0xFF, 0xAD, 0xFF, 0xAD, 0xFF, 0xAD, 0xFF, 0xAD, 0xFF, 0xAD, 0xFF, 0xAD, 0xFF, 0xAD, 0xFF, 0xAD, 0xFF, 0xAD, 0xFF, 0xAD
    .byte 0xFF, 0xAD, 0xFF, 0xAD, 0xFF, 0xAD, 0xFF, 0xAD, 0xFF, 0xAD, 0xFF, 0xAD, 0xFF, 0xAD, 0xFF, 0xAD, 0xFF, 0xAD, 0xFF, 0xAD, 0xFF, 0xAD, 0xFF, 0xAD, 0xFF, 0xAD, 0xFF, 0xAD, 0xFF, 0xAD, 0xFF, 0xAD
    .byte 0xFF, 0xAD, 0xFF, 0xAD, 0xFF, 0xAD, 0xFF, 0xAD, 0xFF, 0xAD, 0xFF, 0xAD, 0xFF, 0xAD, 0xFF, 0xAD, 0xFF, 0xAD, 0xFF, 0xAD, 0xFF, 0xAD, 0xFF, 0xAD, 0xFF, 0xAD, 0xFF, 0xAD, 0xFF, 0xAD, 0xFF, 0xAD
    .byte 0xFF, 0xAD, 0xFF, 0xAD, 0xFF, 0xAD, 0x03, 0x03, 0x03, 0x03, 0x03, 0x03, 0x03, 0x03, 0x03, 0x03, 0x03, 0xAD, 0x03, 0x03, 0x03, 0x03, 0x03, 0x03, 0x03, 0x03, 0x03, 0x03, 0xFF, 0x03, 0xFF, 0xAD
    .byte 0xFF, 0xAD, 0xFF, 0xAD, 0xFF, 0xAD, 0xFF, 0xAD, 0xFF, 0xAD, 0xFF, 0xAD, 0xFF, 0xAD, 0xFF, 0xAD, 0xFF, 0xAD, 0xFF, 0xAD, 0xFF, 0xAD, 0xFF, 0xAD, 0xFF, 0xAD, 0xFF, 0xAD, 0xFF, 0xAD, 0xFF, 0xAD
    .byte 0xFF, 0xAD, 0xFF, 0xAD, 0xAD, 0xAD, 0xAD, 0xAD, 0xAD, 0xAD, 0xAD, 0xAD, 0xAD, 0xAD, 0xAD, 0xAD, 0xAD, 0xB6, 0xB6, 0xAD, 0xFF, 0xAD, 0xFF, 0xAD, 0xFF, 0xAD, 0xFF, 0xAD, 0xFF, 0xAD, 0xFF, 0xAD
    .byte 0xFF, 0xAD, 0xFF, 0xAD, 0xFF, 0xAD, 0xFF, 0xAD, 0xFF, 0xAD, 0xFF, 0x52, 0x52, 0x52, 0x52, 0x52, 0x52, 0x52, 0x52, 0x52, 0x52, 0x52, 0xB6, 0xB6, 0xB6, 0xB6, 0xB6, 0xB6, 0xB6, 0xB6, 0xB6, 0xB6
    .byte 0xB6, 0xB6, 0xB6, 0xB6, 0xB6, 0xB6, 0xB6, 0xB6, 0xB6, 0xB6, 0xAD, 0xAD, 0xAD, 0xAD, 0xAD, 0xAD, 0xAD, 0xAD, 0xAD, 0xAD, 0xAD, 0xAD, 0xAD, 0xAD, 0xAD, 0xAD, 0xAD, 0xAD, 0xAD, 0xAD, 0xAD, 0xAD
    .byte 0xAD, 0xAD, 0xAD, 0xAD, 0xAD, 0xAD, 0xAD, 0xAD, 0xAD, 0xAD, 0xAD, 0xAD, 0xAD, 0xAD, 0xAD, 0xAD, 0xAD, 0xAD, 0xAD, 0xAD, 0xAD, 0xAD, 0xAD, 0xAD, 0xAD, 0xAD, 0xAD, 0xAD, 0xAD, 0xAD, 0xAD, 0xAD
    .byte 0xAD, 0xAD, 0xAD, 0xAD, 0xAD, 0xAD, 0xAD, 0xAD, 0xAD, 0xAD, 0xAD, 0xAD, 0xAD, 0xAD, 0xAD, 0xAD, 0xAD, 0xAD, 0xAD, 0xAD, 0xAD, 0xAD, 0xAD, 0xAD, 0xAD, 0xAD, 0xAD, 0xAD, 0xAD, 0xAD, 0xAD, 0xAD
    .byte 0xAD, 0xAD, 0xAD, 0xAD, 0xAD, 0xAD, 0xAD, 0xAD, 0xAD, 0xAD, 0xAD, 0xAD, 0xAD, 0xAD, 0xAD, 0xAD, 0xAD, 0xAD, 0xAD, 0xAD, 0xAD, 0xAD, 0xAD, 0xAD, 0xAD, 0xAD, 0xAD, 0xAD, 0xAD, 0xAD, 0xAD, 0xAD
    .byte 0xAD, 0xAD, 0xAD, 0xAD, 0xAD, 0xAD, 0xAD, 0xAD, 0xAD, 0xAD, 0xAD, 0xAD, 0xAD, 0xAD, 0xAD, 0xAD, 0xAD, 0xAD, 0xAD, 0xAD, 0xAD, 0xAD, 0xAD, 0xAD, 0xAD, 0xAD, 0xAD, 0xAD, 0xAD, 0xAD, 0xAD, 0xAD
    .byte 0xAD, 0xAD, 0xAD, 0xAD, 0xAD, 0xAD, 0xAD, 0xAD, 0xAD, 0xAD, 0xAD, 0xAD, 0xAD, 0xAD, 0xAD, 0xAD, 0xAD, 0xAD, 0xAD, 0xAD, 0xAD, 0xAD, 0xAD, 0xAD, 0xAD, 0xAD, 0xAD, 0xAD, 0xAD, 0xAD, 0xAD, 0xAD
    .byte 0xAD, 0xAD, 0xAD, 0xAD, 0xAD, 0xAD, 0xAD, 0x03, 0x03, 0x03, 0x03, 0x03, 0x03, 0x03, 0x03, 0x03, 0x03, 0x03, 0x03, 0x03, 0x03, 0x03, 0x03, 0x03, 0x03, 0xAD, 0x03, 0x03, 0x03, 0x03, 0xAD, 0xAD
    .byte 0xAD, 0xAD, 0xAD, 0xAD, 0xAD, 0xAD, 0xAD, 0xAD, 0xAD, 0xAD, 0xAD, 0xAD, 0xAD, 0xAD, 0xAD, 0xAD, 0xAD, 0xAD, 0xAD, 0xAD, 0xAD, 0xAD, 0xAD, 0xAD, 0xAD, 0xAD, 0xAD, 0xAD, 0xAD, 0xAD, 0xAD, 0xAD
    .byte 0xAD, 0xAD, 0xAD, 0xAD, 0xAD, 0xAD, 0xAD, 0xAD, 0xAD, 0xAD, 0xAD, 0xAD, 0xAD, 0xAD, 0xAD, 0xAD, 0xAD, 0xB6, 0xB6, 0xB6, 0xAD, 0xAD, 0xAD, 0xAD, 0xAD, 0xAD, 0xAD, 0xAD, 0xAD, 0xAD, 0xAD, 0xAD
    .byte 0xAD, 0xAD, 0xAD, 0xAD, 0xAD, 0xAD, 0xAD, 0xAD, 0xAD, 0xAD, 0xAD, 0x52, 0x52, 0x52, 0x52, 0x52, 0x52, 0x52, 0x52, 0x52, 0x52, 0x52, 0xB6, 0xB6, 0xB6, 0xB6, 0xB6, 0xB6, 0xB6, 0xB6, 0xB6, 0xB6
    .byte 0xB6, 0xB6, 0xB6, 0xB6, 0xB6, 0xB6, 0xB6, 0xB6, 0xB6, 0xB6, 0xFF, 0xAD, 0xFF, 0xAD, 0xFF, 0xAD, 0xFF, 0xAD, 0xFF, 0xAD, 0xFF, 0xAD, 0xFF, 0xAD, 0xFF, 0xAD, 0xFF, 0xAD, 0xFF, 0xAD, 0xFF, 0xAD
    .byte 0xFF, 0xAD, 0xFF, 0xAD, 0xFF, 0xAD, 0xFF, 0xAD, 0xFF, 0xAD, 0xFF, 0xAD, 0xFF, 0xAD, 0xFF, 0xAD, 0xFF, 0xAD, 0xFF, 0xAD, 0xFF, 0xAD, 0xFF, 0xAD, 0xFF, 0xAD, 0xFF, 0xAD, 0xFF, 0xAD, 0xFF, 0xAD
    .byte 0xFF, 0xAD, 0xFF, 0xAD, 0xFF, 0xAD, 0xFF, 0xAD, 0xFF, 0xAD, 0xFF, 0xAD, 0xFF, 0xAD, 0xFF, 0xAD, 0xFF, 0xAD, 0xFF, 0xAD, 0xFF, 0xAD, 0xFF, 0xAD, 0xFF, 0xAD, 0xFF, 0xAD, 0xFF, 0xAD, 0xFF, 0xAD
    .byte 0xFF, 0xAD, 0xFF, 0xAD, 0xFF, 0xAD, 0xFF, 0xAD, 0xFF, 0xAD, 0xFF, 0xAD, 0xFF, 0xAD, 0xFF, 0xAD, 0xFF, 0xAD, 0xFF, 0xAD, 0xFF, 0xAD, 0xFF, 0xAD, 0xFF, 0xAD, 0xFF, 0xAD, 0xFF, 0xAD, 0xFF, 0xAD
    .byte 0xFF, 0xAD, 0xFF, 0xAD, 0xFF, 0xAD, 0xFF, 0xAD, 0xFF, 0xAD, 0xFF, 0xAD, 0xFF, 0xAD, 0xFF, 0xAD, 0xFF, 0xAD, 0xFF, 0xAD, 0xFF, 0xAD, 0xFF, 0xAD, 0xFF, 0xAD, 0xFF, 0xAD, 0xFF, 0xAD, 0xFF, 0xAD
    .byte 0xFF, 0xAD, 0xFF, 0xAD, 0xFF, 0xAD, 0xFF, 0xAD, 0xFF, 0xAD, 0xFF, 0xAD, 0xFF, 0xAD, 0xFF, 0xAD, 0xFF, 0xAD, 0xFF, 0xAD, 0xFF, 0xAD, 0xFF, 0xAD, 0xFF, 0xAD, 0xFF, 0xAD, 0xFF, 0xAD, 0xFF, 0xAD
    .byte 0xFF, 0xAD, 0xFF, 0xAD, 0xFF, 0xAD, 0xFF, 0x03, 0x03, 0xAD, 0x03, 0x03, 0x03, 0x03, 0xFF, 0x03, 0x03, 0xAD, 0x03, 0x03, 0x03, 0x03, 0x03, 0xAD, 0x03, 0xAD, 0x03, 0x03, 0xFF, 0xAD, 0xFF, 0xAD
    .byte 0xFF, 0xAD, 0xFF, 0xAD, 0xFF, 0xAD, 0xFF, 0xAD, 0xFF, 0xAD, 0xFF, 0xAD, 0xFF, 0xAD, 0xFF, 0xAD, 0xFF, 0xAD, 0xFF, 0xAD, 0xFF, 0xAD, 0xFF, 0xAD, 0xFF, 0xAD, 0xFF, 0xAD, 0xFF, 0xAD, 0xFF, 0xAD
    .byte 0xFF, 0xAD, 0xFF, 0xAD, 0xFF, 0xAD, 0xAD, 0xAD, 0xAD, 0xAD, 0xAD, 0xAD, 0xAD, 0xAD, 0xAD, 0xAD, 0xAD, 0xAD, 0xB6, 0xB6, 0xFF, 0xAD, 0xFF, 0xAD, 0xFF, 0xAD, 0xFF, 0xAD, 0xFF, 0xAD, 0xFF, 0xAD
    .byte 0xFF, 0xAD, 0xFF, 0xAD, 0xFF, 0xAD, 0xFF, 0xAD, 0xFF, 0xAD, 0xFF, 0x52, 0x52, 0x52, 0x52, 0x52, 0x52, 0x52, 0x52, 0x52, 0x52, 0x52, 0xB6, 0xB6, 0xB6, 0xB6, 0xB6, 0xB6, 0xB6, 0xB6, 0xB6, 0xB6
    .byte 0xB6, 0xB6, 0xB6, 0xB6, 0xB6, 0xB6, 0xB6, 0xB6, 0xB6, 0xB6, 0xAD, 0xAD, 0xAD, 0xFF, 0xAD, 0xAD, 0xAD, 0xFF, 0xAD, 0xAD, 0xAD, 0xFF, 0xAD, 0xAD, 0xAD, 0xFF, 0xAD, 0xAD, 0xAD, 0xFF, 0xAD, 0xAD
    .byte 0xAD, 0xFF, 0xAD, 0xAD, 0xAD, 0xFF, 0xAD, 0xAD, 0xAD, 0xFF, 0xAD, 0xAD, 0xAD, 0xFF, 0xAD, 0xAD, 0xAD, 0xFF, 0xAD, 0xAD, 0xAD, 0xFF, 0xAD, 0xAD, 0xAD, 0xFF, 0xAD, 0xAD, 0xAD, 0xFF, 0xAD, 0xAD
    .byte 0xAD, 0xFF, 0xAD, 0xAD, 0xAD, 0xFF, 0xAD, 0xAD, 0xAD, 0xFF, 0xAD, 0xAD, 0xAD, 0xFF, 0xAD, 0xAD, 0xAD, 0xFF, 0xAD, 0xAD, 0xAD, 0xFF, 0xAD, 0xAD, 0xAD, 0xFF, 0xAD, 0xAD, 0xAD, 0xFF, 0xAD, 0xAD
    .byte 0xAD, 0xFF, 0xAD, 0xAD, 0xAD, 0xFF, 0xAD, 0xAD, 0xAD, 0xFF, 0xAD, 0xAD, 0xAD, 0xFF, 0xAD, 0xAD, 0xAD, 0xFF, 0xAD, 0xAD, 0xAD, 0xFF, 0xAD, 0xAD, 0xAD, 0xFF, 0xAD, 0xAD, 0xAD, 0xFF, 0xAD, 0xAD
    .byte 0xAD, 0xFF, 0xAD, 0xAD, 0xAD, 0xFF, 0xAD, 0xAD, 0xAD, 0xFF, 0xAD, 0xAD, 0xAD, 0xFF, 0xAD, 0xAD, 0xAD, 0xFF, 0xAD, 0xAD, 0xAD, 0xFF, 0xAD, 0xAD, 0xAD, 0xFF, 0xAD, 0xAD, 0xAD, 0xFF, 0xAD, 0xAD
    .byte 0xAD, 0xFF, 0xAD, 0xAD, 0xAD, 0xFF, 0xAD, 0xAD, 0xAD, 0xFF, 0xAD, 0xAD, 0xAD, 0xFF, 0xAD, 0xAD, 0xAD, 0xFF, 0xAD, 0xAD, 0xAD, 0xFF, 0xAD, 0xAD, 0xAD, 0xFF, 0xAD, 0xAD, 0xAD, 0xFF, 0xAD, 0xAD
    .byte 0xAD, 0xFF, 0xAD, 0xAD, 0xAD, 0xFF, 0x03, 0x03, 0x03, 0x03, 0x03, 0x03, 0xAD, 0x03, 0x03, 0x03, 0x03, 0x03, 0xAD, 0xAD, 0x03, 0xFF, 0x03, 0x03, 0x03, 0x03, 0x03, 0x03, 0xAD, 0xFF, 0xAD, 0xAD
    .byte 0xAD, 0xFF, 0xAD, 0xAD, 0xAD, 0xFF, 0xAD, 0xAD, 0xAD, 0xFF, 0xAD, 0xAD, 0xAD, 0xFF, 0xAD, 0xAD, 0xAD, 0xFF, 0xAD, 0xAD, 0xAD, 0xFF, 0xAD, 0xAD, 0xAD, 0xFF, 0xAD, 0xAD, 0xAD, 0xFF, 0xAD, 0xAD
    .byte 0xAD, 0xFF, 0xAD, 0xAD, 0xAD, 0xFF, 0xAD, 0xAD, 0xAD, 0xAD, 0xAD, 0xAD, 0xAD, 0xAD, 0xAD, 0xAD, 0xAD, 0xAD, 0xB6, 0xB6, 0xB6, 0xFF, 0xAD, 0xAD, 0xAD, 0xFF, 0xAD, 0xAD, 0xAD, 0xFF, 0xAD, 0xAD
    .byte 0xAD, 0xFF, 0xAD, 0xAD, 0xAD, 0xFF, 0xAD, 0xAD, 0xAD, 0xFF, 0xAD, 0x52, 0x52, 0x52, 0x52, 0x52, 0x52, 0x52, 0x52, 0x52, 0x52, 0x52, 0xB6, 0xB6, 0xB6, 0xB6, 0xB6, 0xB6, 0xB6, 0xB6, 0xB6, 0xB6
    .byte 0xB6, 0xB6, 0xB6, 0xB6, 0xB6, 0xB6, 0xB6, 0xB6, 0xB6, 0xB6, 0xFF, 0xAD, 0xFF, 0xAD, 0xFF, 0xAD, 0xFF, 0xAD, 0xFF, 0xAD, 0xFF, 0xAD, 0xFF, 0xAD, 0xFF, 0xAD, 0xFF, 0xAD, 0xFF, 0xAD, 0xFF, 0xAD
    .byte 0xFF, 0xAD, 0xFF, 0xAD, 0xFF, 0xAD, 0xFF, 0xAD, 0xFF, 0xAD, 0xFF, 0xAD, 0xFF, 0xAD, 0xFF, 0xAD, 0xFF, 0xAD, 0xFF, 0xAD, 0xFF, 0xAD, 0xFF, 0xAD, 0xFF, 0xAD, 0xFF, 0xAD, 0xFF, 0xAD, 0xFF, 0xAD
    .byte 0xFF, 0xAD, 0xFF, 0xAD, 0xFF, 0xAD, 0xFF, 0xAD, 0xFF, 0xAD, 0xFF, 0xAD, 0xFF, 0xAD, 0xFF, 0xAD, 0xFF, 0xAD, 0xFF, 0xAD, 0xFF, 0xAD, 0xFF, 0xAD, 0xFF, 0xAD, 0xFF, 0xAD, 0xFF, 0xAD, 0xFF, 0xAD
    .byte 0xFF, 0xAD, 0xFF, 0xAD, 0xFF, 0xAD, 0xFF, 0xAD, 0xFF, 0xAD, 0xFF, 0xAD, 0xFF, 0xAD, 0xFF, 0xAD, 0xFF, 0xAD, 0xFF, 0xAD, 0xFF, 0xAD, 0xFF, 0xAD, 0xFF, 0xAD, 0xFF, 0xAD, 0xFF, 0xAD, 0xFF, 0xAD
    .byte 0xFF, 0xAD, 0xFF, 0xAD, 0xFF, 0xAD, 0xFF, 0xAD, 0xFF, 0xAD, 0xFF, 0xAD, 0xFF, 0xAD, 0xFF, 0xAD, 0xFF, 0xAD, 0xFF, 0xAD, 0xFF, 0xAD, 0xFF, 0xAD, 0xFF, 0xAD, 0xFF, 0xAD, 0xFF, 0xAD, 0xFF, 0xAD
    .byte 0xFF, 0xAD, 0xFF, 0xAD, 0xFF, 0xAD, 0xFF, 0xAD, 0xFF, 0xAD, 0xFF, 0xAD, 0xFF, 0xAD, 0xFF, 0xAD, 0xFF, 0xAD, 0xFF, 0xAD, 0xFF, 0xAD, 0xFF, 0xAD, 0xFF, 0xAD, 0xFF, 0xAD, 0xFF, 0xAD, 0xFF, 0xAD
    .byte 0xFF, 0xAD, 0xFF, 0xAD, 0xFF, 0xAD, 0xFF, 0x03, 0x03, 0xAD, 0x03, 0xAD, 0xFF, 0x03, 0x03, 0x03, 0x03, 0xAD, 0xFF, 0xAD, 0xFF, 0xAD, 0xFF, 0x03, 0xFF, 0x03, 0x03, 0xAD, 0xFF, 0xAD, 0xFF, 0xAD
    .byte 0xFF, 0xAD, 0xFF, 0xAD, 0xFF, 0xAD, 0xFF, 0xAD, 0xFF, 0xAD, 0xFF, 0xAD, 0xFF, 0xAD, 0xFF, 0xAD, 0xFF, 0xAD, 0xFF, 0xAD, 0xFF, 0xAD, 0xFF, 0xAD, 0xFF, 0xAD, 0xFF, 0xAD, 0xFF, 0xAD, 0xFF, 0xAD
    .byte 0xFF, 0xAD, 0xFF, 0xAD, 0xFF, 0xAD, 0xAD, 0xAD, 0xAD, 0xAD, 0xAD, 0xAD, 0xAD, 0xAD, 0xAD, 0xAD, 0xAD, 0xAD, 0xAD, 0xB6, 0xB6, 0xAD, 0xFF, 0xAD, 0xFF, 0xAD, 0xFF, 0xAD, 0xFF, 0xAD, 0xFF, 0xAD
    .byte 0xFF, 0xAD, 0xFF, 0xAD, 0xFF, 0xAD, 0xFF, 0xAD, 0xFF, 0xAD, 0xFF, 0x52, 0x52, 0x52, 0x52, 0x52, 0x52, 0x52, 0x52, 0x52, 0x52, 0x52, 0xB6, 0xB6, 0xB6, 0xB6, 0xB6, 0xB6, 0xB6, 0xB6, 0xB6, 0xB6
    .byte 0xB6, 0xB6, 0xB6, 0xB6, 0xB6, 0xB6, 0xB6, 0xB6, 0xB6, 0xB6, 0xAD, 0xAD, 0xAD, 0xAD, 0xAD, 0xAD, 0xAD, 0xAD, 0xAD, 0xAD, 0xAD, 0xAD, 0xAD, 0xAD, 0xAD, 0xAD, 0xAD, 0xAD, 0xAD, 0xAD, 0xAD, 0xAD
    .byte 0xAD, 0xAD, 0xAD, 0xAD, 0xAD, 0xAD, 0xAD, 0xAD, 0xAD, 0xAD, 0xAD, 0xAD, 0xAD, 0xAD, 0xAD, 0xAD, 0xAD, 0xAD, 0xAD, 0xAD, 0xAD, 0xAD, 0xAD, 0xAD, 0xAD, 0xAD, 0xAD, 0xAD, 0xAD, 0xAD, 0xAD, 0xAD
    .byte 0xAD, 0xAD, 0xAD, 0xAD, 0xAD, 0xAD, 0xAD, 0xAD, 0xAD, 0xAD, 0xAD, 0xAD, 0xAD, 0xAD, 0xAD, 0xAD, 0xAD, 0xAD, 0xAD, 0xAD, 0xAD, 0xAD, 0xAD, 0xAD, 0xAD, 0xAD, 0xAD, 0xAD, 0xAD, 0xAD, 0xAD, 0xAD
    .byte 0xAD, 0xAD, 0xAD, 0xAD, 0xAD, 0xAD, 0xAD, 0xAD, 0xAD, 0xAD, 0xAD, 0xAD, 0xAD, 0xAD, 0xAD, 0xAD, 0xAD, 0xAD, 0xAD, 0xAD, 0xAD, 0xAD, 0xAD, 0xAD, 0xAD, 0xAD, 0xAD, 0xAD, 0xAD, 0xAD, 0xAD, 0xAD
    .byte 0xAD, 0xAD, 0xAD, 0xAD, 0xAD, 0xAD, 0xAD, 0xAD, 0xAD, 0xAD, 0xAD, 0xAD, 0xAD, 0xAD, 0xAD, 0xAD, 0xAD, 0xAD, 0xAD, 0xAD, 0xAD, 0xAD, 0xAD, 0xAD, 0xAD, 0xAD, 0xAD, 0xAD, 0xAD, 0xAD, 0xAD, 0xAD
    .byte 0xAD, 0xAD, 0xAD, 0xAD, 0xAD, 0xAD, 0xAD, 0xAD, 0xAD, 0xAD, 0xAD, 0xAD, 0xAD, 0xAD, 0xAD, 0xAD, 0xAD, 0xAD, 0xAD, 0xAD, 0xAD, 0xAD, 0xAD, 0xAD, 0xAD, 0xAD, 0xAD, 0xAD, 0xAD, 0xAD, 0xAD, 0xAD
    .byte 0xAD, 0xAD, 0xAD, 0xAD, 0xAD, 0xAD, 0xAD, 0xAD, 0x03, 0x03, 0xAD, 0xAD, 0x03, 0x03, 0x03, 0xAD, 0x03, 0x03, 0xAD, 0xAD, 0xAD, 0xAD, 0xAD, 0xAD, 0xAD, 0xAD, 0xAD, 0xAD, 0xAD, 0xAD, 0xAD, 0xAD
    .byte 0xAD, 0xAD, 0xAD, 0xAD, 0xAD, 0xAD, 0xAD, 0xAD, 0xAD, 0xAD, 0xAD, 0xAD, 0xAD, 0xAD, 0xAD, 0xAD, 0xAD, 0xAD, 0xAD, 0xAD, 0xAD, 0xAD, 0xAD, 0xAD, 0xAD, 0xAD, 0xAD, 0xAD, 0xAD, 0xAD, 0xAD, 0xAD
    .byte 0xAD, 0xAD, 0xAD, 0xAD, 0xAD, 0xAD, 0xAD, 0xAD, 0xAD, 0xAD, 0xAD, 0xAD, 0xAD, 0xAD, 0xAD, 0xAD, 0xAD, 0xAD, 0xAD, 0xB6, 0xB6, 0xB6, 0xAD, 0xAD, 0xAD, 0xAD, 0xAD, 0xAD, 0xAD, 0xAD, 0xAD, 0xAD
    .byte 0xAD, 0xAD, 0xAD, 0xAD, 0xAD, 0xAD, 0xAD, 0xAD, 0xAD, 0xAD, 0xAD, 0x52, 0x52, 0x52, 0x52, 0x52, 0x52, 0x52, 0x52, 0x52, 0x52, 0x52, 0xB6, 0xB6, 0xB6, 0xB6, 0xB6, 0xB6, 0xB6, 0xB6, 0xB6, 0xB6
    .byte 0xB6, 0xB6, 0xB6, 0xB6, 0xB6, 0xB6, 0xB6, 0xB6, 0xB6, 0xB6, 0xFF, 0xAD, 0xFF, 0xAD, 0xFF, 0xAD, 0xFF, 0xAD, 0xFF, 0xAD, 0xFF, 0xAD, 0xFF, 0xAD, 0xFF, 0xAD, 0xFF, 0xAD, 0xFF, 0xAD, 0xFF, 0xAD
    .byte 0xFF, 0xAD, 0xFF, 0xAD, 0xFF, 0xAD, 0xFF, 0xAD, 0xFF, 0xAD, 0xFF, 0xAD, 0xFF, 0xAD, 0xFF, 0xAD, 0xFF, 0xAD, 0xFF, 0xAD, 0xFF, 0xAD, 0xFF, 0xAD, 0xFF, 0xAD, 0xFF, 0xAD, 0xFF, 0xAD, 0xFF, 0xAD
    .byte 0xFF, 0xAD, 0xFF, 0xAD, 0xFF, 0xAD, 0xFF, 0xAD, 0xFF, 0xAD, 0xFF, 0xAD, 0xFF, 0xAD, 0xFF, 0xAD, 0xFF, 0xAD, 0xFF, 0xAD, 0xFF, 0xAD, 0xFF, 0xAD, 0xFF, 0xAD, 0xFF, 0xAD, 0xFF, 0xAD, 0xFF, 0xAD
    .byte 0xFF, 0xAD, 0xFF, 0xAD, 0xFF, 0xAD, 0xFF, 0xAD, 0xFF, 0xAD, 0xFF, 0xAD, 0xFF, 0xAD, 0xFF, 0xAD, 0xFF, 0xAD, 0xFF, 0xAD, 0xFF, 0xAD, 0xFF, 0xAD, 0xFF, 0xAD, 0xFF, 0xAD, 0xFF, 0xAD, 0xFF, 0xAD
    .byte 0xFF, 0xAD, 0xFF, 0xAD, 0xFF, 0xAD, 0xFF, 0xAD, 0xFF, 0xAD, 0xFF, 0xAD, 0xFF, 0xAD, 0xFF, 0xAD, 0xFF, 0xAD, 0xFF, 0xAD, 0xFF, 0xAD, 0xFF, 0xAD, 0xFF, 0xAD, 0xFF, 0xAD, 0xFF, 0xAD, 0xFF, 0xAD
    .byte 0xFF, 0xAD, 0xFF, 0xAD, 0xFF, 0xAD, 0xFF, 0xAD, 0xFF, 0xAD, 0xFF, 0xAD, 0xFF, 0xAD, 0xFF, 0xAD, 0xFF, 0xAD, 0xFF, 0xAD, 0xFF, 0xAD, 0xFF, 0xAD, 0xFF, 0xAD, 0xFF, 0xAD, 0xFF, 0xAD, 0xFF, 0xAD
    .byte 0xFF, 0xAD, 0xFF, 0xAD, 0xFF, 0xAD, 0xFF, 0xAD, 0xFF, 0x03, 0x03, 0x03, 0x03, 0x03, 0x03, 0x03, 0xFF, 0xAD, 0xFF, 0xAD, 0xFF, 0xAD, 0xFF, 0xAD, 0xFF, 0xAD, 0xFF, 0xAD, 0xFF, 0xAD, 0xFF, 0xAD
    .byte 0xFF, 0xAD, 0xFF, 0xAD, 0xFF, 0xAD, 0xFF, 0xAD, 0xFF, 0xAD, 0xFF, 0xAD, 0xFF, 0xAD, 0xFF, 0xAD, 0xFF, 0xAD, 0xFF, 0xAD, 0xFF, 0xAD, 0xFF, 0xAD, 0xFF, 0xAD, 0xFF, 0xAD, 0xFF, 0xAD, 0xFF, 0xAD
    .byte 0xFF, 0xAD, 0xFF, 0xAD, 0xFF, 0xAD, 0xFF, 0xAD, 0xAD, 0xAD, 0xAD, 0xAD, 0xAD, 0xAD, 0xAD, 0xAD, 0xAD, 0xAD, 0xAD, 0xAD, 0xB6, 0xB6, 0xFF, 0xAD, 0xFF, 0xAD, 0xFF, 0xAD, 0xFF, 0xAD, 0xFF, 0xAD
    .byte 0xFF, 0xAD, 0xFF, 0xAD, 0xFF, 0xAD, 0xFF, 0xAD, 0xFF, 0xAD, 0xFF, 0x52, 0x52, 0x52, 0x52, 0x52, 0x52, 0x52, 0x52, 0x52, 0x52, 0x52, 0xB6, 0xB6, 0xB6, 0xB6, 0xB6, 0xB6, 0xB6, 0xB6, 0xB6, 0xB6
    .byte 0xB6, 0xB6, 0xB6, 0xB6, 0xB6, 0xB6, 0xB6, 0xB6, 0xB6, 0xB6, 0xAD, 0xAD, 0xAD, 0xFF, 0xAD, 0xAD, 0xAD, 0xFF, 0xAD, 0xAD, 0xAD, 0xFF, 0xAD, 0xAD, 0xAD, 0xFF, 0xAD, 0xAD, 0xAD, 0xFF, 0xAD, 0xAD
    .byte 0xAD, 0xFF, 0xAD, 0xAD, 0xAD, 0xFF, 0xAD, 0xAD, 0xAD, 0xFF, 0xAD, 0xAD, 0xAD, 0xFF, 0xAD, 0xAD, 0xAD, 0xFF, 0xAD, 0xAD, 0xAD, 0xFF, 0xAD, 0xAD, 0xAD, 0xFF, 0xAD, 0xAD, 0xAD, 0xFF, 0xAD, 0xAD
    .byte 0xAD, 0xFF, 0xAD, 0xAD, 0xAD, 0xFF, 0xAD, 0xAD, 0xAD, 0xFF, 0xAD, 0xAD, 0xAD, 0xFF, 0xAD, 0xAD, 0xAD, 0xFF, 0xAD, 0xAD, 0xAD, 0xFF, 0xAD, 0xAD, 0xAD, 0xFF, 0xAD, 0xAD, 0xAD, 0xFF, 0xAD, 0xAD
    .byte 0xAD, 0xFF, 0xAD, 0xAD, 0xAD, 0xFF, 0xAD, 0xAD, 0xAD, 0xFF, 0xAD, 0xAD, 0xAD, 0xFF, 0xAD, 0xAD, 0xAD, 0xFF, 0xAD, 0xAD, 0xAD, 0xFF, 0xAD, 0xAD, 0xAD, 0xFF, 0xAD, 0xAD, 0xAD, 0xFF, 0xAD, 0xAD
    .byte 0xAD, 0xFF, 0xAD, 0xAD, 0xAD, 0xFF, 0xAD, 0xAD, 0xAD, 0xFF, 0xAD, 0xAD, 0xAD, 0xFF, 0xAD, 0xAD, 0xAD, 0xFF, 0xAD, 0xAD, 0xAD, 0xFF, 0xAD, 0xAD, 0xAD, 0xFF, 0xAD, 0xAD, 0xAD, 0xFF, 0xAD, 0xAD
    .byte 0xAD, 0xFF, 0xAD, 0xAD, 0xAD, 0xFF, 0xAD, 0xAD, 0xAD, 0xFF, 0xAD, 0xAD, 0xAD, 0xFF, 0xAD, 0xAD, 0xAD, 0xFF, 0xAD, 0xAD, 0xAD, 0xFF, 0xAD, 0xAD, 0xAD, 0xFF, 0xAD, 0xAD, 0xAD, 0xFF, 0xAD, 0xAD
    .byte 0xAD, 0xFF, 0xAD, 0xAD, 0xAD, 0xFF, 0xAD, 0xAD, 0xAD, 0xFF, 0x03, 0xAD, 0x03, 0x03, 0xAD, 0xAD, 0xAD, 0xFF, 0xAD, 0xAD, 0xAD, 0xFF, 0xAD, 0xAD, 0xAD, 0xFF, 0xAD, 0xAD, 0xAD, 0xFF, 0xAD, 0xAD
    .byte 0xAD, 0xFF, 0xAD, 0xAD, 0xAD, 0xFF, 0xAD, 0xAD, 0xAD, 0xFF, 0xAD, 0xAD, 0xAD, 0xFF, 0xAD, 0xAD, 0xAD, 0xFF, 0xAD, 0xAD, 0xAD, 0xFF, 0xAD, 0xAD, 0xAD, 0xFF, 0xAD, 0xAD, 0xAD, 0xFF, 0xAD, 0xAD
    .byte 0xAD, 0xFF, 0xAD, 0xAD, 0xAD, 0xFF, 0xAD, 0xAD, 0xAD, 0xAD, 0xAD, 0xAD, 0xAD, 0xAD, 0xAD, 0xAD, 0xAD, 0xAD, 0xAD, 0xAD, 0xB6, 0xB6, 0xB6, 0xAD, 0xAD, 0xFF, 0xAD, 0xAD, 0xAD, 0xFF, 0xAD, 0xAD
    .byte 0xAD, 0xFF, 0xAD, 0xAD, 0xAD, 0xFF, 0xAD, 0xAD, 0xAD, 0xFF, 0xAD, 0x52, 0x52, 0x52, 0x52, 0x52, 0x52, 0x52, 0x52, 0x52, 0x52, 0x52, 0xB6, 0xB6, 0xB6, 0xB6, 0xB6, 0xB6, 0xB6, 0xB6, 0xB6, 0xB6
    .byte 0xA4, 0xA4, 0xA4, 0xA4, 0xA4, 0xA4, 0xA4, 0xA4, 0xA4, 0xA4, 0xFF, 0xAD, 0xFF, 0xAD, 0xFF, 0xAD, 0xFF, 0xAD, 0xFF, 0xAD, 0xFF, 0xAD, 0xFF, 0xAD, 0xFF, 0xAD, 0xFF, 0xAD, 0xFF, 0xAD, 0xFF, 0xAD
    .byte 0xFF, 0xAD, 0xFF, 0xAD, 0xFF, 0xAD, 0xFF, 0xAD, 0xFF, 0xAD, 0xFF, 0xAD, 0xFF, 0xAD, 0xFF, 0xAD, 0xFF, 0xAD, 0xFF, 0xAD, 0xFF, 0xAD, 0xFF, 0xAD, 0xFF, 0xAD, 0xFF, 0xAD, 0xFF, 0xAD, 0xFF, 0xAD
    .byte 0xFF, 0xAD, 0xFF, 0xAD, 0xFF, 0xAD, 0xFF, 0xAD, 0xFF, 0xAD, 0xFF, 0xAD, 0xFF, 0xAD, 0xFF, 0xAD, 0xFF, 0xAD, 0xFF, 0xAD, 0xFF, 0xAD, 0xFF, 0xAD, 0xFF, 0xAD, 0xFF, 0xAD, 0xFF, 0xAD, 0xFF, 0xAD
    .byte 0xFF, 0xAD, 0xFF, 0xAD, 0xFF, 0xAD, 0xFF, 0xAD, 0xFF, 0xAD, 0xFF, 0xAD, 0xFF, 0xAD, 0xFF, 0xAD, 0xFF, 0xAD, 0xFF, 0xAD, 0xFF, 0xAD, 0xFF, 0xAD, 0xFF, 0xAD, 0xFF, 0xAD, 0xFF, 0xAD, 0xFF, 0xAD
    .byte 0xFF, 0xAD, 0xFF, 0xAD, 0xFF, 0xAD, 0xFF, 0xAD, 0xFF, 0xAD, 0xFF, 0xAD, 0xFF, 0xAD, 0xFF, 0xAD, 0xFF, 0xAD, 0xFF, 0xAD, 0xFF, 0xAD, 0xFF, 0xAD, 0xFF, 0xAD, 0xFF, 0xAD, 0xFF, 0xAD, 0xFF, 0xAD
    .byte 0xFF, 0xAD, 0xFF, 0xAD, 0xFF, 0xAD, 0xFF, 0xAD, 0xFF, 0xAD, 0xFF, 0xAD, 0xFF, 0xAD, 0xFF, 0xAD, 0xFF, 0xAD, 0xFF, 0xAD, 0xFF, 0xAD, 0xFF, 0xAD, 0xFF, 0xAD, 0xFF, 0xAD, 0xFF, 0xAD, 0xFF, 0xAD
    .byte 0xFF, 0xAD, 0xFF, 0xAD, 0xFF, 0xAD, 0xFF, 0xAD, 0xFF, 0xAD, 0xFF, 0xAD, 0xFF, 0xAD, 0xFF, 0xAD, 0xFF, 0xAD, 0xFF, 0xAD, 0xFF, 0xAD, 0xFF, 0xAD, 0xFF, 0xAD, 0xFF, 0xAD, 0xFF, 0xAD, 0xFF, 0xAD
    .byte 0xFF, 0xAD, 0xFF, 0xAD, 0xFF, 0xAD, 0xFF, 0xAD, 0xFF, 0xAD, 0xFF, 0xAD, 0xFF, 0xAD, 0xFF, 0xAD, 0xFF, 0xAD, 0xFF, 0xAD, 0xFF, 0xAD, 0xFF, 0xAD, 0xFF, 0xAD, 0xFF, 0xAD, 0xFF, 0xAD, 0xFF, 0xAD
    .byte 0xFF, 0xAD, 0xFF, 0xAD, 0xFF, 0xAD, 0xFF, 0xAD, 0xAD, 0xAD, 0xAD, 0xAD, 0xAD, 0xAD, 0xAD, 0xAD, 0xAD, 0xAD, 0xAD, 0xAD, 0xAD, 0xB6, 0xB6, 0xAD, 0xFF, 0xAD, 0xFF, 0xAD, 0xFF, 0xAD, 0xFF, 0xAD
    .byte 0xFF, 0xAD, 0xFF, 0xAD, 0xFF, 0xAD, 0xFF, 0xAD, 0xFF, 0xAD, 0xFF, 0xAD, 0xFF, 0xAD, 0xFF, 0xAD, 0xFF, 0xAD, 0xFF, 0xAD, 0xFF, 0xAD, 0xB6, 0xB6, 0xB6, 0xB6, 0xB6, 0xB6, 0xB6, 0xB6, 0xB6, 0xB6
    .byte 0xA4, 0xA4, 0xA4, 0xA4, 0xA4, 0xA4, 0xA4, 0xA4, 0xA4, 0xA4, 0xAD, 0xAD, 0xAD, 0xAD, 0xAD, 0xAD, 0xAD, 0xAD, 0xAD, 0xAD, 0xAD, 0xAD, 0xAD, 0xAD, 0xAD, 0xAD, 0xAD, 0xAD, 0xAD, 0xAD, 0xAD, 0xAD
    .byte 0xAD, 0xAD, 0xAD, 0xAD, 0xAD, 0xAD, 0xAD, 0xAD, 0xAD, 0xAD, 0xAD, 0xAD, 0xAD, 0xAD, 0xAD, 0xAD, 0xAD, 0xAD, 0xAD, 0xAD, 0xAD, 0xAD, 0xAD, 0xAD, 0xAD, 0xAD, 0xAD, 0xAD, 0xAD, 0xAD, 0xAD, 0xAD
    .byte 0xAD, 0xAD, 0xAD, 0xAD, 0xAD, 0xAD, 0xAD, 0xAD, 0xAD, 0xAD, 0xAD, 0xAD, 0xAD, 0xAD, 0xAD, 0xAD, 0xAD, 0xAD, 0xAD, 0xAD, 0xAD, 0xAD, 0xAD, 0xAD, 0xAD, 0xAD, 0xAD, 0xAD, 0xAD, 0xAD, 0xAD, 0xAD
    .byte 0xAD, 0xAD, 0xAD, 0xAD, 0xAD, 0xAD, 0xAD, 0xAD, 0xAD, 0xAD, 0xAD, 0xAD, 0xAD, 0xAD, 0xAD, 0xAD, 0xAD, 0xAD, 0xAD, 0xAD, 0xAD, 0xAD, 0xAD, 0xAD, 0xAD, 0xAD, 0xAD, 0xAD, 0xAD, 0xAD, 0xAD, 0xAD
    .byte 0xAD, 0xAD, 0xAD, 0xAD, 0xAD, 0xAD, 0xAD, 0xAD, 0xAD, 0xAD, 0xAD, 0xAD, 0xAD, 0xAD, 0xAD, 0xAD, 0xAD, 0xAD, 0xAD, 0xAD, 0xAD, 0xAD, 0xAD, 0xAD, 0xAD, 0xAD, 0xAD, 0xAD, 0xAD, 0xAD, 0xAD, 0xAD
    .byte 0xAD, 0xAD, 0xAD, 0xAD, 0xAD, 0xAD, 0xAD, 0xAD, 0xAD, 0xAD, 0xAD, 0xAD, 0xAD, 0xAD, 0xAD, 0xAD, 0xAD, 0xAD, 0xAD, 0xAD, 0xAD, 0xAD, 0xAD, 0xAD, 0xAD, 0xAD, 0xAD, 0xAD, 0xAD, 0xAD, 0xAD, 0xAD
    .byte 0xAD, 0xAD, 0xAD, 0xAD, 0xAD, 0xAD, 0xAD, 0xAD, 0xAD, 0xAD, 0xAD, 0xAD, 0xAD, 0xAD, 0xAD, 0xAD, 0xAD, 0xAD, 0xAD, 0xAD, 0xAD, 0xAD, 0xAD, 0xAD, 0xAD, 0xAD, 0xAD, 0xAD, 0xAD, 0xAD, 0xAD, 0xAD
    .byte 0xAD, 0xAD, 0xAD, 0xAD, 0xAD, 0xAD, 0xAD, 0xAD, 0xAD, 0xAD, 0xAD, 0xAD, 0xAD, 0xAD, 0xAD, 0xAD, 0xAD, 0xAD, 0xAD, 0xAD, 0xAD, 0xAD, 0xAD, 0xAD, 0xAD, 0xAD, 0xAD, 0xAD, 0xAD, 0xAD, 0xAD, 0xAD
    .byte 0xAD, 0xAD, 0xAD, 0xAD, 0xAD, 0xAD, 0xAD, 0xAD, 0xAD, 0xAD, 0xAD, 0xAD, 0xAD, 0xAD, 0xAD, 0xAD, 0xAD, 0xAD, 0xAD, 0xAD, 0xAD, 0xB6, 0xB6, 0xAD, 0xAD, 0xAD, 0xAD, 0xAD, 0xAD, 0xAD, 0xAD, 0xAD
    .byte 0xAD, 0xAD, 0xAD, 0xAD, 0xAD, 0xAD, 0xAD, 0xAD, 0xAD, 0xAD, 0xAD, 0xAD, 0xAD, 0xAD, 0xAD, 0xAD, 0xAD, 0xAD, 0xAD, 0xAD, 0xAD, 0xAD, 0xB6, 0xB6, 0xB6, 0xB6, 0xB6, 0xB6, 0xB6, 0xB6, 0xB6, 0xB6
    .byte 0xA4, 0xA4, 0xA4, 0xA4, 0xA4, 0xA4, 0xA4, 0xA4, 0xA4, 0xA4, 0xFF, 0xAD, 0xFF, 0xAD, 0xFF, 0xAD, 0xFF, 0xAD, 0xFF, 0xAD, 0xFF, 0xAD, 0xFF, 0xAD, 0xFF, 0xAD, 0xFF, 0xAD, 0xFF, 0xAD, 0xFF, 0xAD
    .byte 0xFF, 0xAD, 0xFF, 0xAD, 0xFF, 0xAD, 0xFF, 0xAD, 0xFF, 0xAD, 0xFF, 0xAD, 0xFF, 0xAD, 0xFF, 0xAD, 0xFF, 0xAD, 0xFF, 0xAD, 0xFF, 0xAD, 0xFF, 0xAD, 0xFF, 0xAD, 0xFF, 0xAD, 0xFF, 0xAD, 0xFF, 0xAD
    .byte 0xFF, 0xAD, 0xFF, 0xAD, 0xFF, 0xAD, 0xFF, 0xAD, 0xFF, 0xAD, 0xFF, 0xAD, 0xFF, 0xAD, 0xFF, 0xAD, 0xFF, 0xAD, 0xFF, 0xAD, 0xFF, 0xAD, 0xFF, 0xAD, 0xFF, 0xAD, 0xFF, 0xAD, 0xFF, 0xAD, 0xFF, 0xAD
    .byte 0xFF, 0xAD, 0xFF, 0xAD, 0xFF, 0xAD, 0xFF, 0xAD, 0xFF, 0xAD, 0xFF, 0xAD, 0xFF, 0xAD, 0xFF, 0xAD, 0xFF, 0xAD, 0xFF, 0xAD, 0xFF, 0xAD, 0xFF, 0xAD, 0xFF, 0xAD, 0xFF, 0xAD, 0xFF, 0xAD, 0xFF, 0xAD
    .byte 0xFF, 0xAD, 0xFF, 0xAD, 0xFF, 0xAD, 0xFF, 0xAD, 0xFF, 0xAD, 0xFF, 0xAD, 0xFF, 0xAD, 0xFF, 0xAD, 0xFF, 0xAD, 0xFF, 0xAD, 0xFF, 0xAD, 0xFF, 0xAD, 0xFF, 0xAD, 0xFF, 0xAD, 0xFF, 0xAD, 0xFF, 0xAD
    .byte 0xFF, 0xAD, 0xFF, 0xAD, 0xFF, 0xAD, 0xFF, 0xAD, 0xFF, 0xAD, 0xFF, 0xAD, 0xFF, 0xAD, 0xFF, 0xAD, 0xFF, 0xAD, 0xFF, 0xAD, 0xFF, 0xAD, 0xFF, 0xAD, 0xFF, 0xAD, 0xFF, 0xAD, 0xFF, 0xAD, 0xFF, 0xAD
    .byte 0xFF, 0xAD, 0xFF, 0xAD, 0xFF, 0xAD, 0xFF, 0xAD, 0xFF, 0xAD, 0xFF, 0xAD, 0xFF, 0xAD, 0xFF, 0xAD, 0xFF, 0xAD, 0xFF, 0xAD, 0xFF, 0xAD, 0xFF, 0xAD, 0xFF, 0xAD, 0xFF, 0xAD, 0xFF, 0xAD, 0xFF, 0xAD
    .byte 0xFF, 0xAD, 0xFF, 0xAD, 0xFF, 0xAD, 0xFF, 0xAD, 0xFF, 0xAD, 0xFF, 0xAD, 0xFF, 0xAD, 0xFF, 0xAD, 0xFF, 0xAD, 0xFF, 0xAD, 0xFF, 0xAD, 0xFF, 0xAD, 0xFF, 0xAD, 0xFF, 0xAD, 0xFF, 0xAD, 0xFF, 0xAD
    .byte 0xFF, 0xAD, 0xFF, 0xAD, 0xFF, 0xAD, 0xFF, 0xAD, 0xFF, 0xAD, 0xAD, 0xAD, 0xAD, 0xAD, 0xAD, 0xAD, 0xAD, 0xAD, 0xAD, 0xAD, 0xAD, 0xB6, 0xB6, 0xAD, 0xFF, 0xAD, 0xFF, 0xAD, 0xFF, 0xAD, 0xFF, 0xAD
    .byte 0xFF, 0xAD, 0xFF, 0xAD, 0xFF, 0xAD, 0xFF, 0xAD, 0xFF, 0xAD, 0xFF, 0xAD, 0xFF, 0xAD, 0xFF, 0xAD, 0xFF, 0xAD, 0xFF, 0xAD, 0xFF, 0xAD, 0xB6, 0xB6, 0xB6, 0xB6, 0xB6, 0xB6, 0xB6, 0xB6, 0xB6, 0xB6
    .byte 0xA4, 0xA4, 0xA4, 0xA4, 0xA4, 0xA4, 0xA4, 0xA4, 0xA4, 0xA4, 0xAD, 0xAD, 0xAD, 0xFF, 0xAD, 0xAD, 0xAD, 0xFF, 0xAD, 0xAD, 0xAD, 0xFF, 0xAD, 0xAD, 0xAD, 0xFF, 0xAD, 0xAD, 0xAD, 0xFF, 0xAD, 0xAD
    .byte 0xAD, 0xFF, 0xAD, 0xAD, 0xAD, 0xFF, 0xAD, 0xAD, 0xAD, 0xFF, 0xAD, 0xAD, 0xAD, 0xFF, 0xAD, 0xAD, 0xAD, 0xFF, 0xAD, 0xAD, 0xAD, 0xFF, 0xAD, 0xAD, 0xAD, 0xFF, 0xAD, 0xAD, 0xAD, 0xFF, 0xAD, 0xAD
    .byte 0xAD, 0xFF, 0xAD, 0xAD, 0xAD, 0xFF, 0xAD, 0xAD, 0xAD, 0xFF, 0xAD, 0xAD, 0xAD, 0xFF, 0xAD, 0xAD, 0xAD, 0xFF, 0xAD, 0xAD, 0xAD, 0xFF, 0xAD, 0xAD, 0xAD, 0xFF, 0xAD, 0xAD, 0xAD, 0xFF, 0xAD, 0xAD
    .byte 0xAD, 0xFF, 0xAD, 0xAD, 0xAD, 0xFF, 0xAD, 0xAD, 0xAD, 0xFF, 0xAD, 0xAD, 0xAD, 0xFF, 0xAD, 0xAD, 0xAD, 0xFF, 0xAD, 0xAD, 0xAD, 0xFF, 0xAD, 0xAD, 0xAD, 0xFF, 0xAD, 0xAD, 0xAD, 0xFF, 0xAD, 0xAD
    .byte 0xAD, 0xFF, 0xAD, 0xAD, 0xAD, 0xFF, 0xAD, 0xAD, 0xAD, 0xFF, 0xAD, 0xAD, 0xAD, 0xFF, 0xAD, 0xAD, 0xAD, 0xFF, 0xAD, 0xAD, 0xAD, 0xFF, 0xAD, 0xAD, 0xAD, 0xFF, 0xAD, 0xAD, 0xAD, 0xFF, 0xAD, 0xAD
    .byte 0xAD, 0xFF, 0xAD, 0xAD, 0xAD, 0xFF, 0xAD, 0xAD, 0xAD, 0xFF, 0xAD, 0xAD, 0xAD, 0xFF, 0xAD, 0xAD, 0xAD, 0xFF, 0xAD, 0xAD, 0xAD, 0xFF, 0xAD, 0xAD, 0xAD, 0xFF, 0xAD, 0xAD, 0xAD, 0xFF, 0xAD, 0xAD
    .byte 0xAD, 0xFF, 0xAD, 0xAD, 0xAD, 0xFF, 0xAD, 0xAD, 0xAD, 0xFF, 0xAD, 0xAD, 0xAD, 0xFF, 0xAD, 0xAD, 0xAD, 0xFF, 0xAD, 0xAD, 0xAD, 0xFF, 0xAD, 0xAD, 0xAD, 0xFF, 0xAD, 0xAD, 0xAD, 0xFF, 0xAD, 0xAD
    .byte 0xAD, 0xFF, 0xAD, 0xAD, 0xAD, 0xFF, 0xAD, 0xAD, 0xAD, 0xFF, 0xAD, 0xAD, 0xAD, 0xFF, 0xAD, 0xAD, 0xAD, 0xFF, 0xAD, 0xAD, 0xAD, 0xFF, 0xAD, 0xAD, 0xAD, 0xFF, 0xAD, 0xAD, 0xAD, 0xFF, 0xAD, 0xAD
    .byte 0xAD, 0xFF, 0xAD, 0xAD, 0xAD, 0xFF, 0xAD, 0xAD, 0xAD, 0xFF, 0xAD, 0xAD, 0xAD, 0xAD, 0xAD, 0xAD, 0xAD, 0xAD, 0xAD, 0xAD, 0xAD, 0xB6, 0xB6, 0xAD, 0xAD, 0xFF, 0xAD, 0xAD, 0xAD, 0xFF, 0xAD, 0xAD
    .byte 0xAD, 0xFF, 0xAD, 0xAD, 0xAD, 0xFF, 0xAD, 0xAD, 0xAD, 0xFF, 0xAD, 0xAD, 0xAD, 0xFF, 0xAD, 0xAD, 0xAD, 0xFF, 0xAD, 0xAD, 0xAD, 0xFF, 0xB6, 0xB6, 0xB6, 0xB6, 0xB6, 0xB6, 0xB6, 0xB6, 0xB6, 0xB6
    .byte 0xA4, 0xA4, 0xA4, 0xA4, 0xA4, 0xA4, 0xA4, 0xA4, 0xA4, 0xA4, 0xFF, 0xAD, 0xFF, 0xAD, 0xFF, 0xAD, 0xFF, 0xAD, 0xFF, 0xAD, 0xFF, 0xAD, 0xFF, 0xAD, 0xFF, 0xAD, 0xFF, 0xAD, 0xFF, 0xAD, 0xFF, 0xAD
    .byte 0xFF, 0xAD, 0xFF, 0xAD, 0xFF, 0xAD, 0xFF, 0xAD, 0xFF, 0xAD, 0xFF, 0xAD, 0xFF, 0xAD, 0xFF, 0xAD, 0xFF, 0xAD, 0xFF, 0xAD, 0xFF, 0xAD, 0xFF, 0xAD, 0xFF, 0xAD, 0xFF, 0xAD, 0xFF, 0xAD, 0xFF, 0xAD
    .byte 0xFF, 0xAD, 0xFF, 0xAD, 0xFF, 0xAD, 0xFF, 0xAD, 0xFF, 0xAD, 0xFF, 0xAD, 0xFF, 0xAD, 0xFF, 0xAD, 0xFF, 0xAD, 0xFF, 0xAD, 0xFF, 0xAD, 0xFF, 0xAD, 0xFF, 0xAD, 0xFF, 0xAD, 0xFF, 0xAD, 0xFF, 0xAD
    .byte 0xFF, 0xAD, 0xFF, 0xAD, 0xFF, 0xAD, 0xFF, 0xAD, 0xFF, 0xAD, 0xFF, 0xAD, 0xFF, 0xAD, 0xFF, 0xAD, 0xFF, 0xAD, 0xFF, 0xAD, 0xFF, 0xAD, 0xFF, 0xAD, 0xFF, 0xAD, 0xFF, 0xAD, 0xFF, 0xAD, 0xFF, 0xAD
    .byte 0xFF, 0xAD, 0xFF, 0xAD, 0xFF, 0xAD, 0xFF, 0xAD, 0xFF, 0xAD, 0xFF, 0xAD, 0xFF, 0xAD, 0xFF, 0xAD, 0xFF, 0xAD, 0xFF, 0xAD, 0xFF, 0xAD, 0xFF, 0xAD, 0xFF, 0xAD, 0xFF, 0xAD, 0xFF, 0xAD, 0xFF, 0xAD
    .byte 0xFF, 0xAD, 0xFF, 0xAD, 0xFF, 0xAD, 0xFF, 0xAD, 0xFF, 0xAD, 0xFF, 0xAD, 0xFF, 0xAD, 0xFF, 0xAD, 0xFF, 0xAD, 0xFF, 0xAD, 0xFF, 0xAD, 0xFF, 0xAD, 0xFF, 0xAD, 0xFF, 0xAD, 0xFF, 0xAD, 0xFF, 0xAD
    .byte 0xFF, 0xAD, 0xFF, 0xAD, 0xFF, 0xAD, 0xFF, 0xAD, 0xFF, 0xAD, 0xFF, 0xAD, 0xFF, 0xAD, 0xFF, 0xAD, 0xFF, 0xAD, 0xFF, 0xAD, 0xFF, 0xAD, 0xFF, 0xAD, 0xFF, 0xAD, 0xFF, 0xAD, 0xFF, 0xAD, 0xFF, 0xAD
    .byte 0xFF, 0xAD, 0xFF, 0xAD, 0xFF, 0xAD, 0xFF, 0xAD, 0xFF, 0xAD, 0xFF, 0xAD, 0xFF, 0xAD, 0xFF, 0xAD, 0xFF, 0xAD, 0xFF, 0xAD, 0xFF, 0xAD, 0xFF, 0xAD, 0xFF, 0xAD, 0xFF, 0xAD, 0xFF, 0xAD, 0xFF, 0xAD
    .byte 0xFF, 0xAD, 0xFF, 0xAD, 0xFF, 0xAD, 0xFF, 0xAD, 0xFF, 0xAD, 0xAD, 0xAD, 0xAD, 0xAD, 0xAD, 0xAD, 0xAD, 0xAD, 0xAD, 0xAD, 0xAD, 0xB6, 0xB6, 0xAD, 0xFF, 0xAD, 0xFF, 0xAD, 0xFF, 0xAD, 0xFF, 0xAD
    .byte 0xFF, 0xAD, 0xFF, 0xAD, 0xFF, 0xAD, 0xFF, 0xAD, 0xFF, 0xAD, 0xFF, 0xAD, 0xFF, 0xAD, 0xFF, 0xAD, 0xFF, 0xAD, 0xFF, 0xAD, 0xFF, 0xAD, 0xB6, 0xB6, 0xB6, 0xB6, 0xB6, 0xB6, 0xB6, 0xB6, 0xB6, 0xB6
    .byte 0xA4, 0xA4, 0xA4, 0xA4, 0xA4, 0xA4, 0xA4, 0xA4, 0xA4, 0xA4, 0xAD, 0xAD, 0xAD, 0xAD, 0xAD, 0xAD, 0xAD, 0xAD, 0xAD, 0xAD, 0xAD, 0xAD, 0xAD, 0xAD, 0xAD, 0xAD, 0xAD, 0xAD, 0xAD, 0xAD, 0xAD, 0xAD
    .byte 0xAD, 0xAD, 0xAD, 0xAD, 0xAD, 0xAD, 0xAD, 0xAD, 0xAD, 0xAD, 0xAD, 0xAD, 0xAD, 0xAD, 0xAD, 0xAD, 0xAD, 0xAD, 0xAD, 0xAD, 0xAD, 0xAD, 0xAD, 0xAD, 0xAD, 0xAD, 0xAD, 0xAD, 0xAD, 0xAD, 0xAD, 0xAD
    .byte 0xAD, 0xAD, 0xAD, 0xAD, 0xAD, 0xAD, 0xAD, 0xAD, 0xAD, 0xAD, 0xAD, 0xAD, 0xAD, 0xAD, 0xAD, 0xAD, 0xAD, 0xAD, 0xAD, 0xAD, 0xAD, 0xAD, 0xAD, 0xAD, 0xAD, 0xAD, 0xAD, 0xAD, 0xAD, 0xAD, 0xAD, 0xAD
    .byte 0xAD, 0xAD, 0xAD, 0xAD, 0xAD, 0xAD, 0xAD, 0xAD, 0xAD, 0xAD, 0xAD, 0xAD, 0xAD, 0xAD, 0xAD, 0xAD, 0xAD, 0xAD, 0xAD, 0xAD, 0xAD, 0xAD, 0xAD, 0xAD, 0xAD, 0xAD, 0xAD, 0xAD, 0xAD, 0xAD, 0xAD, 0xAD
    .byte 0xAD, 0xAD, 0xAD, 0xAD, 0xAD, 0xAD, 0xAD, 0xAD, 0xAD, 0xAD, 0xAD, 0xAD, 0xAD, 0xAD, 0xAD, 0xAD, 0xAD, 0xAD, 0xAD, 0xAD, 0xAD, 0xAD, 0xAD, 0xAD, 0xAD, 0xAD, 0xAD, 0xAD, 0xAD, 0xAD, 0xAD, 0xAD
    .byte 0xAD, 0xAD, 0xAD, 0xAD, 0xAD, 0xAD, 0xAD, 0xAD, 0xAD, 0xAD, 0xAD, 0xAD, 0xAD, 0xAD, 0xAD, 0xAD, 0xAD, 0xAD, 0xAD, 0xAD, 0xAD, 0xAD, 0xAD, 0xAD, 0xAD, 0xAD, 0xAD, 0xAD, 0xAD, 0xAD, 0xAD, 0xAD
    .byte 0xAD, 0xAD, 0xAD, 0xAD, 0xAD, 0xAD, 0xAD, 0xAD, 0xAD, 0xAD, 0xAD, 0xAD, 0xAD, 0xAD, 0xAD, 0xAD, 0xAD, 0xAD, 0xAD, 0xAD, 0xAD, 0xAD, 0xAD, 0xAD, 0xAD, 0xAD, 0xAD, 0xAD, 0xAD, 0xAD, 0xAD, 0xAD
    .byte 0xAD, 0xAD, 0xAD, 0xAD, 0xAD, 0xAD, 0xAD, 0xAD, 0xAD, 0xAD, 0xAD, 0xAD, 0xAD, 0xAD, 0xAD, 0xAD, 0xAD, 0xAD, 0xAD, 0xAD, 0xAD, 0xAD, 0xAD, 0xAD, 0xAD, 0xAD, 0xAD, 0xAD, 0xAD, 0xAD, 0xAD, 0xAD
    .byte 0xAD, 0xAD, 0xAD, 0xAD, 0xAD, 0xAD, 0xAD, 0xAD, 0xAD, 0xAD, 0xAD, 0xA4, 0xA4, 0xAD, 0xAD, 0xAD, 0xAD, 0xAD, 0xAD, 0xAD, 0xAD, 0xB6, 0xB6, 0xAD, 0xAD, 0xAD, 0xAD, 0xAD, 0xAD, 0xAD, 0xAD, 0xAD
    .byte 0xAD, 0xAD, 0xAD, 0xAD, 0xAD, 0xAD, 0xAD, 0xAD, 0xAD, 0xAD, 0xAD, 0xAD, 0xAD, 0xAD, 0xAD, 0xAD, 0xAD, 0xAD, 0xAD, 0xAD, 0xAD, 0xAD, 0xB6, 0xB6, 0xB6, 0xB6, 0xB6, 0xB6, 0xB6, 0xB6, 0xB6, 0xB6
    .byte 0xA4, 0xA4, 0xA4, 0xA4, 0xA4, 0xA4, 0xA4, 0xA4, 0xA4, 0xA4, 0xFF, 0xAD, 0xFF, 0xAD, 0xFF, 0xAD, 0xFF, 0xAD, 0xFF, 0xAD, 0xFF, 0xAD, 0xFF, 0xAD, 0xFF, 0xAD, 0xFF, 0xAD, 0xFF, 0xAD, 0xFF, 0xAD
    .byte 0xFF, 0xAD, 0xFF, 0xAD, 0xFF, 0xAD, 0xFF, 0xAD, 0xFF, 0xAD, 0xFF, 0xAD, 0xFF, 0xAD, 0xFF, 0xAD, 0xFF, 0xAD, 0xFF, 0xAD, 0xFF, 0xAD, 0xFF, 0xAD, 0xFF, 0xAD, 0xFF, 0xAD, 0xFF, 0xAD, 0xFF, 0xAD
    .byte 0xFF, 0xAD, 0xFF, 0xAD, 0xFF, 0xAD, 0xFF, 0xAD, 0xFF, 0xAD, 0xFF, 0xAD, 0xFF, 0xAD, 0xFF, 0xAD, 0xFF, 0xAD, 0xFF, 0xAD, 0xFF, 0xAD, 0xFF, 0xAD, 0xFF, 0xAD, 0xFF, 0xAD, 0xFF, 0xAD, 0xFF, 0xAD
    .byte 0xFF, 0xAD, 0xFF, 0xAD, 0xFF, 0xAD, 0xFF, 0xAD, 0xFF, 0xAD, 0xFF, 0xAD, 0xFF, 0xAD, 0xFF, 0xAD, 0xFF, 0xAD, 0xFF, 0xAD, 0xFF, 0xAD, 0xFF, 0xAD, 0xFF, 0xAD, 0xFF, 0xAD, 0xFF, 0xAD, 0xFF, 0xAD
    .byte 0xFF, 0xAD, 0xFF, 0xAD, 0xFF, 0xAD, 0xFF, 0xAD, 0xFF, 0xAD, 0xFF, 0xAD, 0xFF, 0xAD, 0xFF, 0xAD, 0xFF, 0xAD, 0xFF, 0xAD, 0xFF, 0xAD, 0xFF, 0xAD, 0xFF, 0xAD, 0xFF, 0xAD, 0xFF, 0xAD, 0xFF, 0xAD
    .byte 0xFF, 0xAD, 0xFF, 0xAD, 0xFF, 0xAD, 0xFF, 0xAD, 0xFF, 0xAD, 0xFF, 0xAD, 0xFF, 0xAD, 0xFF, 0xAD, 0xFF, 0xAD, 0xFF, 0xAD, 0xFF, 0xAD, 0xFF, 0xAD, 0xFF, 0xAD, 0xFF, 0xAD, 0xFF, 0xAD, 0xFF, 0xAD
    .byte 0xFF, 0xAD, 0xFF, 0xAD, 0xFF, 0xAD, 0xFF, 0xAD, 0xFF, 0xAD, 0xFF, 0xAD, 0xFF, 0xAD, 0xFF, 0xAD, 0xFF, 0xAD, 0xFF, 0xAD, 0xFF, 0xAD, 0xFF, 0xAD, 0xFF, 0xAD, 0xFF, 0xAD, 0xFF, 0xAD, 0xFF, 0xAD
    .byte 0xFF, 0xAD, 0xFF, 0xAD, 0xFF, 0xAD, 0xFF, 0xAD, 0xFF, 0xAD, 0xFF, 0xAD, 0xFF, 0xAD, 0xFF, 0xAD, 0xFF, 0xAD, 0xFF, 0xAD, 0xFF, 0xAD, 0xFF, 0xAD, 0xFF, 0xAD, 0xFF, 0xAD, 0xFF, 0xAD, 0xFF, 0xAD
    .byte 0xFF, 0xAD, 0xFF, 0xAD, 0xFF, 0xAD, 0xFF, 0xAD, 0xFF, 0xAD, 0xFF, 0xA4, 0xA4, 0xA4, 0xA4, 0xA4, 0xA4, 0xA4, 0xA4, 0xA4, 0xA4, 0xB6, 0xB6, 0xAD, 0xFF, 0xAD, 0xFF, 0xAD, 0xFF, 0xAD, 0xFF, 0xAD
    .byte 0xFF, 0xAD, 0xFF, 0xAD, 0xFF, 0xAD, 0xFF, 0xAD, 0xFF, 0xAD, 0xFF, 0xAD, 0xFF, 0xAD, 0xFF, 0xAD, 0xFF, 0xAD, 0xFF, 0xAD, 0xFF, 0xAD, 0xB6, 0xB6, 0xB6, 0xB6, 0xB6, 0xB6, 0xB6, 0xB6, 0xB6, 0xB6
    .byte 0xA4, 0xA4, 0xA4, 0xA4, 0xA4, 0xA4, 0xA4, 0xA4, 0xA4, 0xA4, 0xAD, 0xAD, 0xAD, 0xFF, 0xAD, 0xAD, 0xAD, 0xFF, 0xAD, 0xAD, 0xAD, 0xFF, 0xAD, 0xAD, 0xAD, 0xFF, 0xAD, 0xAD, 0xAD, 0xFF, 0xAD, 0xAD
    .byte 0xAD, 0xFF, 0xAD, 0xAD, 0xAD, 0xFF, 0xAD, 0xAD, 0xAD, 0xFF, 0xAD, 0xAD, 0xAD, 0xFF, 0xAD, 0xAD, 0xAD, 0xFF, 0xAD, 0xAD, 0xAD, 0xFF, 0xAD, 0xAD, 0xAD, 0xFF, 0xAD, 0xAD, 0xAD, 0xFF, 0xAD, 0xAD
    .byte 0xAD, 0xFF, 0xAD, 0xAD, 0xAD, 0xFF, 0xAD, 0xAD, 0xAD, 0xFF, 0xAD, 0xAD, 0xAD, 0xFF, 0xAD, 0xAD, 0xAD, 0xFF, 0xAD, 0xAD, 0xAD, 0xFF, 0xAD, 0xAD, 0xAD, 0xFF, 0xAD, 0xAD, 0xAD, 0xFF, 0xAD, 0xAD
    .byte 0xAD, 0xFF, 0xAD, 0xAD, 0xAD, 0xFF, 0xAD, 0xAD, 0xAD, 0xFF, 0xAD, 0xAD, 0xAD, 0xFF, 0xAD, 0xAD, 0xAD, 0xFF, 0xAD, 0xAD, 0xAD, 0xFF, 0xAD, 0xAD, 0xAD, 0xFF, 0xAD, 0xAD, 0xAD, 0xFF, 0xAD, 0xAD
    .byte 0xAD, 0xFF, 0xAD, 0xAD, 0xAD, 0xFF, 0xAD, 0xAD, 0xAD, 0xFF, 0xAD, 0xAD, 0xAD, 0xFF, 0xAD, 0xAD, 0xAD, 0xFF, 0xAD, 0xAD, 0xAD, 0xFF, 0xAD, 0xAD, 0xAD, 0xFF, 0xAD, 0xAD, 0xAD, 0xFF, 0xAD, 0xAD
    .byte 0xAD, 0xFF, 0xAD, 0xAD, 0xAD, 0xFF, 0xAD, 0xAD, 0xAD, 0xFF, 0xAD, 0xAD, 0xAD, 0xFF, 0xAD, 0xAD, 0xAD, 0xFF, 0xAD, 0xAD, 0xAD, 0xFF, 0xAD, 0xAD, 0xAD, 0xFF, 0xAD, 0xAD, 0xAD, 0xFF, 0xAD, 0xAD
    .byte 0xAD, 0xFF, 0xAD, 0xAD, 0xAD, 0xFF, 0xAD, 0xAD, 0xAD, 0xFF, 0xAD, 0xAD, 0xAD, 0xFF, 0xAD, 0xAD, 0xAD, 0xFF, 0xAD, 0xAD, 0xAD, 0xFF, 0xAD, 0xAD, 0xAD, 0xFF, 0xAD, 0xAD, 0xAD, 0xFF, 0xAD, 0xAD
    .byte 0xAD, 0xFF, 0xAD, 0xAD, 0xAD, 0xFF, 0xAD, 0xAD, 0xAD, 0xFF, 0xAD, 0xAD, 0xAD, 0xFF, 0xAD, 0xAD, 0xAD, 0xFF, 0xAD, 0xAD, 0xAD, 0xFF, 0xAD, 0xAD, 0xAD, 0xFF, 0xAD, 0xAD, 0xAD, 0xFF, 0xAD, 0xAD
    .byte 0xAD, 0xFF, 0xAD, 0xAD, 0xAD, 0xFF, 0xAD, 0xAD, 0xAD, 0xFF, 0xAD, 0xAD, 0xA4, 0xA4, 0xA4, 0xA4, 0xA4, 0xA4, 0xA4, 0xA4, 0xA4, 0xB6, 0xB6, 0xAD, 0xAD, 0xFF, 0xAD, 0xAD, 0xAD, 0xFF, 0xAD, 0xAD
    .byte 0xAD, 0xFF, 0xAD, 0xAD, 0xAD, 0xFF, 0xAD, 0xAD, 0xAD, 0xFF, 0xAD, 0xAD, 0xAD, 0xFF, 0xAD, 0xAD, 0xAD, 0xFF, 0xAD, 0xAD, 0xAD, 0xFF, 0xB6, 0xB6, 0xB6, 0xB6, 0xB6, 0xB6, 0xB6, 0xB6, 0xB6, 0xB6
    .byte 0xA4, 0xA4, 0xA4, 0xA4, 0xA4, 0xA4, 0xA4, 0xA4, 0xA4, 0xA4, 0xFF, 0xAD, 0xFF, 0xAD, 0xFF, 0xAD, 0xFF, 0xAD, 0xFF, 0xAD, 0xFF, 0xAD, 0xFF, 0xAD, 0xFF, 0xAD, 0xFF, 0xAD, 0xFF, 0xAD, 0xFF, 0xAD
    .byte 0xFF, 0xAD, 0xFF, 0xAD, 0xFF, 0xAD, 0xFF, 0xAD, 0xFF, 0xAD, 0xFF, 0xAD, 0xFF, 0xAD, 0xFF, 0xAD, 0xFF, 0xAD, 0xFF, 0xAD, 0xFF, 0xAD, 0xFF, 0xAD, 0xFF, 0xAD, 0xFF, 0xAD, 0xFF, 0xAD, 0xFF, 0xAD
    .byte 0xFF, 0xAD, 0xFF, 0xAD, 0xFF, 0xAD, 0xFF, 0xAD, 0xFF, 0xAD, 0xFF, 0xAD, 0xFF, 0xAD, 0xFF, 0xAD, 0xFF, 0xAD, 0xFF, 0xAD, 0xFF, 0xAD, 0xFF, 0xAD, 0xFF, 0xAD, 0xFF, 0xAD, 0xFF, 0xAD, 0xFF, 0xAD
    .byte 0xFF, 0xAD, 0xFF, 0xAD, 0xFF, 0xAD, 0xFF, 0xAD, 0xFF, 0xAD, 0xFF, 0xAD, 0xFF, 0xAD, 0xFF, 0xAD, 0xFF, 0xAD, 0xFF, 0xAD, 0xFF, 0xAD, 0xFF, 0xAD, 0xFF, 0xAD, 0xFF, 0xAD, 0xFF, 0xAD, 0xFF, 0xAD
    .byte 0xFF, 0xAD, 0xFF, 0xAD, 0xFF, 0xAD, 0xFF, 0xAD, 0xFF, 0xAD, 0xFF, 0xAD, 0xFF, 0xAD, 0xFF, 0xAD, 0xFF, 0xAD, 0xFF, 0xAD, 0xFF, 0xAD, 0xFF, 0xAD, 0xFF, 0xAD, 0xFF, 0xAD, 0xFF, 0xAD, 0xFF, 0xAD
    .byte 0xFF, 0xAD, 0xFF, 0xAD, 0xFF, 0xAD, 0xFF, 0xAD, 0xFF, 0xAD, 0xFF, 0xAD, 0xFF, 0xAD, 0xFF, 0xAD, 0xFF, 0xAD, 0xFF, 0xAD, 0xFF, 0xAD, 0xFF, 0xAD, 0xFF, 0xAD, 0xFF, 0xAD, 0xFF, 0xAD, 0xFF, 0xAD
    .byte 0xFF, 0xAD, 0xFF, 0xAD, 0xFF, 0xAD, 0xFF, 0xAD, 0xFF, 0xAD, 0xFF, 0xAD, 0xFF, 0xAD, 0xFF, 0xAD, 0xFF, 0xAD, 0xFF, 0xAD, 0xFF, 0xAD, 0xFF, 0xAD, 0xFF, 0xAD, 0xFF, 0xAD, 0xFF, 0xAD, 0xFF, 0xAD
    .byte 0xFF, 0xAD, 0xFF, 0xAD, 0xFF, 0xAD, 0xFF, 0xAD, 0xFF, 0xAD, 0xFF, 0xAD, 0xFF, 0xAD, 0xFF, 0xAD, 0xFF, 0xAD, 0xFF, 0xAD, 0xFF, 0xAD, 0xFF, 0xAD, 0xFF, 0xAD, 0xFF, 0xAD, 0xFF, 0xAD, 0xFF, 0xAD
    .byte 0xFF, 0xAD, 0xFF, 0xAD, 0xFF, 0xAD, 0xFF, 0xAD, 0xFF, 0xAD, 0xFF, 0xAD, 0xFF, 0xAD, 0xFF, 0xAD, 0xFF, 0xAD, 0xFF, 0xAD, 0xFF, 0xAD, 0xFF, 0xAD, 0xFF, 0xAD, 0xFF, 0xAD, 0xFF, 0xAD, 0xFF, 0xAD
    .byte 0xFF, 0xAD, 0xFF, 0xAD, 0xFF, 0xAD, 0xFF, 0xAD, 0xFF, 0xAD, 0xFF, 0xAD, 0xFF, 0xAD, 0xFF, 0xAD, 0xFF, 0xAD, 0xFF, 0xAD, 0xFF, 0xAD, 0xB6, 0xB6, 0xB6, 0xB6, 0xB6, 0xB6, 0xB6, 0xB6, 0xB6, 0xB6
    .byte 0xA4, 0xA4, 0xA4, 0xA4, 0xA4, 0xA4, 0xA4, 0xA4, 0xA4, 0xA4, 0xAD, 0xAD, 0xAD, 0xAD, 0xAD, 0xAD, 0xAD, 0xAD, 0xAD, 0xAD, 0xAD, 0xAD, 0xAD, 0xAD, 0xAD, 0xAD, 0xAD, 0xAD, 0xAD, 0xAD, 0xAD, 0xAD
    .byte 0xAD, 0xAD, 0xAD, 0xAD, 0xAD, 0xAD, 0xAD, 0xAD, 0xAD, 0xAD, 0xAD, 0xAD, 0xAD, 0xAD, 0xAD, 0xAD, 0xAD, 0xAD, 0xAD, 0xAD, 0xAD, 0xAD, 0xAD, 0xAD, 0xAD, 0xAD, 0xAD, 0xAD, 0xAD, 0xAD, 0xAD, 0xAD
    .byte 0xAD, 0xAD, 0xAD, 0xAD, 0xAD, 0xAD, 0xAD, 0xAD, 0xAD, 0xAD, 0xAD, 0xAD, 0xAD, 0xAD, 0xAD, 0xAD, 0xAD, 0xAD, 0xAD, 0xAD, 0xAD, 0xAD, 0xAD, 0xAD, 0xAD, 0xAD, 0xAD, 0xAD, 0xAD, 0xAD, 0xAD, 0xAD
    .byte 0xAD, 0xAD, 0xAD, 0xAD, 0xAD, 0xAD, 0xAD, 0xAD, 0xAD, 0xAD, 0xAD, 0xAD, 0xAD, 0xAD, 0xAD, 0xAD, 0xAD, 0xAD, 0xAD, 0xAD, 0xAD, 0xAD, 0xAD, 0xAD, 0xAD, 0xAD, 0xAD, 0xAD, 0xAD, 0xAD, 0xAD, 0xAD
    .byte 0xAD, 0xAD, 0xAD, 0xAD, 0xAD, 0xAD, 0xAD, 0xAD, 0xAD, 0xAD, 0xAD, 0xAD, 0xAD, 0xAD, 0xAD, 0xAD, 0xAD, 0xAD, 0xAD, 0xAD, 0xAD, 0xAD, 0xAD, 0xAD, 0xAD, 0xAD, 0xAD, 0xAD, 0xAD, 0xAD, 0xAD, 0xAD
    .byte 0xAD, 0xAD, 0xAD, 0xAD, 0xAD, 0xAD, 0xAD, 0xAD, 0xAD, 0xAD, 0xAD, 0xAD, 0xAD, 0xAD, 0xAD, 0xAD, 0xAD, 0xAD, 0xAD, 0xAD, 0xAD, 0xAD, 0xAD, 0xAD, 0xAD, 0xAD, 0xAD, 0xAD, 0xAD, 0xAD, 0xAD, 0xAD
    .byte 0xAD, 0xAD, 0xAD, 0xAD, 0xAD, 0xAD, 0xAD, 0xAD, 0xAD, 0xAD, 0xAD, 0xAD, 0xAD, 0xAD, 0xAD, 0xAD, 0xAD, 0xAD, 0xAD, 0xAD, 0xAD, 0xAD, 0xAD, 0xAD, 0xAD, 0xAD, 0xAD, 0xAD, 0xAD, 0xAD, 0xAD, 0xAD
    .byte 0xAD, 0xAD, 0xAD, 0xAD, 0xAD, 0xAD, 0xAD, 0xAD, 0xAD, 0xAD, 0xAD, 0xAD, 0xAD, 0xAD, 0xAD, 0xAD, 0xAD, 0xAD, 0xAD, 0xAD, 0xAD, 0xAD, 0xAD, 0xAD, 0xAD, 0xAD, 0xAD, 0xAD, 0xAD, 0xAD, 0xAD, 0xAD
    .byte 0xAD, 0xAD, 0xAD, 0xAD, 0xAD, 0xAD, 0xAD, 0xAD, 0xAD, 0xAD, 0xAD, 0xAD, 0xAD, 0xAD, 0xAD, 0xAD, 0xAD, 0xAD, 0xAD, 0xAD, 0xAD, 0xAD, 0xAD, 0xAD, 0xAD, 0xAD, 0xAD, 0xAD, 0xAD, 0xAD, 0xAD, 0xAD
    .byte 0xAD, 0xAD, 0xAD, 0xAD, 0xAD, 0xAD, 0xAD, 0xAD, 0xAD, 0xAD, 0xAD, 0xAD, 0xAD, 0xAD, 0xAD, 0xAD, 0xAD, 0xAD, 0xAD, 0xAD, 0xAD, 0xAD, 0xB6, 0xB6, 0xB6, 0xB6, 0xB6, 0xB6, 0xB6, 0xB6, 0xB6, 0xB6
    .byte 0xA4, 0xA4, 0xA4, 0xA4, 0xA4, 0xA4, 0xA4, 0xA4, 0xA4, 0xA4, 0xFF, 0xAD, 0xFF, 0xAD, 0xFF, 0xAD, 0xFF, 0xAD, 0xFF, 0xAD, 0xFF, 0xAD, 0xFF, 0xAD, 0xFF, 0xAD, 0xFF, 0xAD, 0xFF, 0xAD, 0xFF, 0xAD
    .byte 0xFF, 0xAD, 0xFF, 0xAD, 0xFF, 0xAD, 0xFF, 0xAD, 0xFF, 0xAD, 0xFF, 0xAD, 0xFF, 0xAD, 0xFF, 0xAD, 0xFF, 0xAD, 0xFF, 0xAD, 0xFF, 0xAD, 0xFF, 0xAD, 0xFF, 0xAD, 0xFF, 0xAD, 0xFF, 0xAD, 0xFF, 0xAD
    .byte 0xFF, 0xAD, 0xFF, 0xAD, 0xFF, 0xAD, 0xFF, 0xAD, 0xFF, 0xAD, 0xFF, 0xAD, 0xFF, 0xAD, 0xFF, 0xAD, 0xFF, 0xAD, 0xFF, 0xAD, 0xFF, 0xAD, 0xFF, 0xAD, 0xFF, 0xAD, 0xFF, 0xAD, 0xFF, 0xAD, 0xFF, 0xAD
    .byte 0xFF, 0xAD, 0xFF, 0xAD, 0xFF, 0xAD, 0xFF, 0xAD, 0xFF, 0xAD, 0xFF, 0xAD, 0xFF, 0xAD, 0xFF, 0xAD, 0xFF, 0xAD, 0xFF, 0xAD, 0xFF, 0xAD, 0xFF, 0xAD, 0xFF, 0xAD, 0xFF, 0xAD, 0xFF, 0xAD, 0xFF, 0xAD
    .byte 0xFF, 0xAD, 0xFF, 0xAD, 0xFF, 0xAD, 0xFF, 0xAD, 0xFF, 0xAD, 0xFF, 0xAD, 0xFF, 0xAD, 0xFF, 0xAD, 0xFF, 0xAD, 0xFF, 0xAD, 0xFF, 0xAD, 0xFF, 0xAD, 0xFF, 0xAD, 0xFF, 0xAD, 0xFF, 0xAD, 0xFF, 0xAD
    .byte 0xFF, 0xAD, 0xFF, 0xAD, 0xFF, 0xAD, 0xFF, 0xAD, 0xFF, 0xAD, 0xFF, 0xAD, 0xFF, 0xAD, 0xFF, 0xAD, 0xFF, 0xAD, 0xFF, 0xAD, 0xFF, 0xAD, 0xFF, 0xAD, 0xFF, 0xAD, 0xFF, 0xAD, 0xFF, 0xAD, 0xFF, 0xAD
    .byte 0xFF, 0xAD, 0xFF, 0xAD, 0xFF, 0xAD, 0xFF, 0xAD, 0xFF, 0xAD, 0xFF, 0xAD, 0xFF, 0xAD, 0xFF, 0xAD, 0xFF, 0xAD, 0xFF, 0xAD, 0xFF, 0xAD, 0xFF, 0xAD, 0xFF, 0xAD, 0xFF, 0xAD, 0xFF, 0xAD, 0xFF, 0xAD
    .byte 0xFF, 0xAD, 0xFF, 0xAD, 0xFF, 0xAD, 0xFF, 0xAD, 0xFF, 0xAD, 0xFF, 0xAD, 0xFF, 0xAD, 0xFF, 0xAD, 0xFF, 0xAD, 0xFF, 0xAD, 0xFF, 0xAD, 0xFF, 0xAD, 0xFF, 0xAD, 0xFF, 0xAD, 0xFF, 0xAD, 0xFF, 0xAD
    .byte 0xFF, 0xAD, 0xFF, 0xAD, 0xFF, 0xAD, 0xFF, 0xAD, 0xFF, 0xAD, 0xFF, 0xAD, 0xFF, 0xAD, 0xFF, 0xAD, 0xFF, 0xAD, 0xFF, 0xAD, 0xFF, 0xAD, 0xFF, 0xAD, 0xFF, 0xAD, 0xFF, 0xAD, 0xFF, 0xAD, 0xFF, 0xAD
    .byte 0xFF, 0xAD, 0xFF, 0xAD, 0xFF, 0xAD, 0xFF, 0xAD, 0xFF, 0xAD, 0xFF, 0xAD, 0xFF, 0xAD, 0xFF, 0xAD, 0xFF, 0xAD, 0xFF, 0xAD, 0xFF, 0xAD, 0xB6, 0xB6, 0xB6, 0xB6, 0xB6, 0xB6, 0xB6, 0xB6, 0xB6, 0xB6
    .byte 0xA4, 0xA4, 0xA4, 0xA4, 0xA4, 0xA4, 0xA4, 0xA4, 0xA4, 0xA4, 0xAD, 0xAD, 0xAD, 0xFF, 0xAD, 0xAD, 0xAD, 0xFF, 0xAD, 0xAD, 0xAD, 0xFF, 0xAD, 0xAD, 0xAD, 0xFF, 0xAD, 0xAD, 0xAD, 0xFF, 0xAD, 0xAD
    .byte 0xAD, 0xFF, 0xAD, 0xAD, 0xAD, 0xFF, 0xAD, 0xAD, 0xAD, 0xFF, 0xAD, 0xAD, 0xAD, 0xFF, 0xAD, 0xAD, 0xAD, 0xFF, 0xAD, 0xAD, 0xAD, 0xFF, 0xAD, 0xAD, 0xAD, 0xFF, 0xAD, 0xAD, 0xAD, 0xFF, 0xAD, 0xAD
    .byte 0xAD, 0xFF, 0xAD, 0xAD, 0xAD, 0xFF, 0xAD, 0xAD, 0xAD, 0xFF, 0xAD, 0xAD, 0xAD, 0xFF, 0xAD, 0xAD, 0xAD, 0xFF, 0xAD, 0xAD, 0xAD, 0xFF, 0xAD, 0xAD, 0xAD, 0xFF, 0xAD, 0xAD, 0xAD, 0xFF, 0xAD, 0xAD
    .byte 0xAD, 0xFF, 0xAD, 0xAD, 0xAD, 0xFF, 0xAD, 0xAD, 0xAD, 0xFF, 0xAD, 0xAD, 0xAD, 0xFF, 0xAD, 0xAD, 0xAD, 0xFF, 0xAD, 0xAD, 0xAD, 0xFF, 0xAD, 0xAD, 0xAD, 0xFF, 0xAD, 0xAD, 0xAD, 0xFF, 0xAD, 0xAD
    .byte 0xAD, 0xFF, 0xAD, 0xAD, 0xAD, 0xFF, 0xAD, 0xAD, 0xAD, 0xFF, 0xAD, 0xAD, 0xAD, 0xFF, 0xAD, 0xAD, 0xAD, 0xFF, 0xAD, 0xAD, 0xAD, 0xFF, 0xAD, 0xAD, 0xAD, 0xFF, 0xAD, 0xAD, 0xAD, 0xFF, 0xAD, 0xAD
    .byte 0xAD, 0xFF, 0xAD, 0xAD, 0xAD, 0xFF, 0xAD, 0xAD, 0xAD, 0xFF, 0xAD, 0xAD, 0xAD, 0xFF, 0xAD, 0xAD, 0xAD, 0xFF, 0xAD, 0xAD, 0xAD, 0xFF, 0xAD, 0xAD, 0xAD, 0xFF, 0xAD, 0xAD, 0xAD, 0xFF, 0xAD, 0xAD
    .byte 0xAD, 0xFF, 0xAD, 0xAD, 0xAD, 0xFF, 0xAD, 0xAD, 0xAD, 0xFF, 0xAD, 0xAD, 0xAD, 0xFF, 0xAD, 0xAD, 0xAD, 0xFF, 0xAD, 0xAD, 0xAD, 0xFF, 0xAD, 0xAD, 0xAD, 0xFF, 0xAD, 0xAD, 0xAD, 0xFF, 0xAD, 0xAD
    .byte 0xAD, 0xFF, 0xAD, 0xAD, 0xAD, 0xFF, 0xAD, 0xAD, 0xAD, 0xFF, 0xAD, 0xAD, 0xAD, 0xFF, 0xAD, 0xAD, 0xAD, 0xFF, 0xAD, 0xAD, 0xAD, 0xFF, 0xAD, 0xAD, 0xAD, 0xFF, 0xAD, 0xAD, 0xAD, 0xFF, 0xAD, 0xAD
    .byte 0xAD, 0xFF, 0xAD, 0xAD, 0xAD, 0xFF, 0xAD, 0xAD, 0xAD, 0xFF, 0xAD, 0xAD, 0xAD, 0xFF, 0xAD, 0xAD, 0xAD, 0xFF, 0xAD, 0xAD, 0xAD, 0xFF, 0xAD, 0xAD, 0xAD, 0xFF, 0xAD, 0xAD, 0xAD, 0xFF, 0xAD, 0xAD
    .byte 0xAD, 0xFF, 0xAD, 0xAD, 0xAD, 0xFF, 0xAD, 0xAD, 0xAD, 0xFF, 0xAD, 0xAD, 0xAD, 0xFF, 0xAD, 0xAD, 0xAD, 0xFF, 0xAD, 0xAD, 0xAD, 0xFF, 0xB6, 0xB6, 0xB6, 0xB6, 0xB6, 0xB6, 0xB6, 0xB6, 0xB6, 0xB6
    .byte 0xA4, 0xA4, 0xA4, 0xA4, 0xA4, 0xA4, 0xA4, 0xA4, 0xA4, 0xA4, 0xFF, 0xAD, 0xFF, 0xAD, 0xFF, 0xAD, 0xFF, 0xAD, 0xFF, 0xAD, 0xFF, 0xAD, 0xFF, 0xAD, 0xFF, 0xAD, 0xFF, 0xAD, 0xFF, 0xAD, 0xFF, 0xAD
    .byte 0xFF, 0xAD, 0xFF, 0xAD, 0xFF, 0xAD, 0xB6, 0xB6, 0xB6, 0xB6, 0xB6, 0xB6, 0xB6, 0xB6, 0xB6, 0xB6, 0xB6, 0xB6, 0xB6, 0xB6, 0xB6, 0xB6, 0xB6, 0xB6, 0xB6, 0xB6, 0xB6, 0xB6, 0xB6, 0xB6, 0xB6, 0xB6
    .byte 0xB6, 0xB6, 0xB6, 0xB6, 0xB6, 0xB6, 0xB6, 0xB6, 0xB6, 0xB6, 0xB6, 0xB6, 0xB6, 0xB6, 0xB6, 0xB6, 0xB6, 0xB6, 0xB6, 0xB6, 0xB6, 0xB6, 0xB6, 0xB6, 0xB6, 0xB6, 0xFF, 0xAD, 0xFF, 0xAD, 0xFF, 0xAD
    .byte 0xFF, 0xAD, 0xFF, 0xAD, 0xFF, 0xAD, 0xFF, 0xAD, 0xFF, 0xAD, 0xFF, 0xAD, 0xFF, 0xAD, 0xFF, 0xAD, 0xFF, 0xAD, 0xFF, 0xAD, 0xFF, 0xAD, 0xFF, 0xAD, 0xFF, 0xAD, 0xFF, 0xAD, 0xFF, 0xAD, 0xFF, 0xAD
    .byte 0xFF, 0xAD, 0xFF, 0xAD, 0xFF, 0xAD, 0xFF, 0xAD, 0xFF, 0xAD, 0xFF, 0xAD, 0xFF, 0xAD, 0xFF, 0xAD, 0xFF, 0xAD, 0xFF, 0xAD, 0xFF, 0xAD, 0xFF, 0xAD, 0xFF, 0xAD, 0xFF, 0xAD, 0xFF, 0xAD, 0xFF, 0xAD
    .byte 0xFF, 0xAD, 0xFF, 0xAD, 0xFF, 0xAD, 0xFF, 0xAD, 0xFF, 0xAD, 0xFF, 0xAD, 0xFF, 0xAD, 0xFF, 0xAD, 0xFF, 0xAD, 0xFF, 0xAD, 0xFF, 0xAD, 0xFF, 0xAD, 0xFF, 0xAD, 0xFF, 0xAD, 0xFF, 0xAD, 0xFF, 0xAD
    .byte 0xFF, 0xAD, 0xFF, 0xAD, 0xFF, 0xAD, 0xFF, 0xAD, 0xFF, 0xAD, 0xFF, 0xAD, 0xFF, 0xAD, 0xFF, 0xAD, 0xFF, 0xAD, 0xFF, 0xAD, 0xFF, 0xAD, 0xFF, 0xAD, 0xFF, 0xAD, 0xFF, 0xAD, 0xFF, 0xAD, 0xFF, 0xAD
    .byte 0xFF, 0xAD, 0xFF, 0xAD, 0xFF, 0xAD, 0xFF, 0xAD, 0xFF, 0xAD, 0xFF, 0xAD, 0xFF, 0xAD, 0xFF, 0xAD, 0xFF, 0xAD, 0xFF, 0xAD, 0xFF, 0xAD, 0xFF, 0xAD, 0xFF, 0xAD, 0xFF, 0xAD, 0xFF, 0xAD, 0xFF, 0xAD
    .byte 0xFF, 0xAD, 0xFF, 0xAD, 0xFF, 0xAD, 0xFF, 0xAD, 0xFF, 0xAD, 0xFF, 0xAD, 0xFF, 0xAD, 0xFF, 0xAD, 0xFF, 0xAD, 0xFF, 0xAD, 0xFF, 0xAD, 0xFF, 0xAD, 0xFF, 0xAD, 0xFF, 0xAD, 0xFF, 0xAD, 0xFF, 0xAD
    .byte 0xFF, 0xAD, 0xFF, 0xAD, 0xFF, 0xAD, 0xFF, 0xAD, 0xFF, 0xAD, 0xFF, 0xAD, 0xFF, 0xAD, 0xFF, 0xAD, 0xFF, 0xAD, 0xFF, 0xAD, 0xFF, 0xAD, 0xB6, 0xB6, 0xB6, 0xB6, 0xB6, 0xB6, 0xB6, 0xB6, 0xB6, 0xB6
    .byte 0xA4, 0xA4, 0xA4, 0xA4, 0xA4, 0xA4, 0xA4, 0xA4, 0xA4, 0xA4, 0xAD, 0xAD, 0xAD, 0xAD, 0xAD, 0xAD, 0xAD, 0xAD, 0xAD, 0xAD, 0xAD, 0xAD, 0xAD, 0xAD, 0xAD, 0xAD, 0xAD, 0xAD, 0xAD, 0xAD, 0xAD, 0xAD
    .byte 0xAD, 0xAD, 0xAD, 0xAD, 0xAD, 0xAD, 0xB6, 0xB6, 0xB6, 0xB6, 0xB6, 0xB6, 0xB6, 0xB6, 0xB6, 0xB6, 0xB6, 0xB6, 0xB6, 0xB6, 0xB6, 0xB6, 0xB6, 0xB6, 0xB6, 0xB6, 0xB6, 0xB6, 0xB6, 0xB6, 0xB6, 0xB6
    .byte 0xB6, 0xB6, 0xB6, 0xB6, 0xB6, 0xB6, 0xB6, 0xB6, 0xB6, 0xB6, 0xB6, 0xB6, 0xB6, 0xB6, 0xB6, 0xB6, 0xB6, 0xB6, 0xB6, 0xB6, 0xB6, 0xB6, 0xB6, 0xB6, 0xB6, 0xB6, 0xAD, 0xAD, 0xAD, 0xAD, 0xAD, 0xAD
    .byte 0xAD, 0xAD, 0xAD, 0xAD, 0xAD, 0xAD, 0xAD, 0xAD, 0xAD, 0xAD, 0xAD, 0xAD, 0xAD, 0xAD, 0xAD, 0xAD, 0xAD, 0xAD, 0xAD, 0xAD, 0xAD, 0xAD, 0xAD, 0xAD, 0xAD, 0xAD, 0xAD, 0xAD, 0xAD, 0xAD, 0xAD, 0xAD
    .byte 0xAD, 0xAD, 0xAD, 0xAD, 0xAD, 0xAD, 0xAD, 0xAD, 0xAD, 0xAD, 0xAD, 0xAD, 0xAD, 0xAD, 0xAD, 0xAD, 0xAD, 0xAD, 0xAD, 0xAD, 0xAD, 0xAD, 0xAD, 0xAD, 0xAD, 0xAD, 0xAD, 0xAD, 0xAD, 0xAD, 0xAD, 0xAD
    .byte 0xAD, 0xAD, 0xAD, 0xAD, 0xAD, 0xAD, 0xAD, 0xAD, 0xAD, 0xAD, 0xAD, 0xAD, 0xAD, 0xAD, 0xAD, 0xAD, 0xAD, 0xAD, 0xAD, 0xAD, 0xAD, 0xAD, 0xAD, 0xAD, 0xAD, 0xAD, 0xAD, 0xAD, 0xAD, 0xAD, 0xAD, 0xAD
    .byte 0xAD, 0xAD, 0xAD, 0xAD, 0xAD, 0xAD, 0xAD, 0xAD, 0xAD, 0xAD, 0xAD, 0xAD, 0xAD, 0xAD, 0xAD, 0xAD, 0xAD, 0xAD, 0xAD, 0xAD, 0xAD, 0xAD, 0xAD, 0xAD, 0xAD, 0xAD, 0xAD, 0xAD, 0xAD, 0xAD, 0xAD, 0xAD
    .byte 0xAD, 0xAD, 0xAD, 0xAD, 0xAD, 0xAD, 0xAD, 0xAD, 0xAD, 0xAD, 0xAD, 0xAD, 0xAD, 0xAD, 0xAD, 0xAD, 0xAD, 0xAD, 0xAD, 0xAD, 0xAD, 0xAD, 0xAD, 0xAD, 0xAD, 0xAD, 0xAD, 0xAD, 0xAD, 0xAD, 0xAD, 0xAD
    .byte 0xAD, 0xAD, 0xAD, 0xAD, 0xAD, 0xAD, 0xAD, 0xAD, 0xAD, 0xAD, 0xAD, 0xAD, 0xAD, 0xAD, 0xAD, 0xAD, 0xAD, 0xAD, 0xAD, 0xAD, 0xAD, 0xAD, 0xAD, 0xAD, 0xAD, 0xAD, 0xAD, 0xAD, 0xAD, 0xAD, 0xAD, 0xAD
    .byte 0xAD, 0xAD, 0xAD, 0xAD, 0xAD, 0xAD, 0xAD, 0xAD, 0xAD, 0xAD, 0xAD, 0xAD, 0xAD, 0xAD, 0xAD, 0xAD, 0xAD, 0xAD, 0xAD, 0xAD, 0xAD, 0xAD, 0xB6, 0xB6, 0xB6, 0xB6, 0xB6, 0xB6, 0xB6, 0xB6, 0xB6, 0xB6
    .byte 0xA4, 0xA4, 0xA4, 0xA4, 0xA4, 0xA4, 0xA4, 0xA4, 0xA4, 0xA4, 0xFF, 0xAD, 0xFF, 0xAD, 0xFF, 0xAD, 0xFF, 0xAD, 0xFF, 0xAD, 0xFF, 0xAD, 0xFF, 0xAD, 0xFF, 0xAD, 0xFF, 0xAD, 0xFF, 0xAD, 0xFF, 0xAD
    .byte 0xFF, 0xAD, 0xFF, 0xAD, 0xFF, 0xAD, 0xAD, 0xAD, 0xAD, 0xAD, 0xAD, 0xAD, 0xAD, 0xAD, 0xAD, 0xAD, 0xAD, 0xAD, 0xAD, 0xAD, 0xAD, 0xAD, 0xAD, 0xAD, 0xAD, 0xAD, 0xAD, 0xAD, 0xAD, 0xAD, 0xAD, 0xAD
    .byte 0xAD, 0xAD, 0xAD, 0xAD, 0xAD, 0xAD, 0xAD, 0xAD, 0xAD, 0xAD, 0xAD, 0xAD, 0xAD, 0xAD, 0xAD, 0xAD, 0xAD, 0xAD, 0xAD, 0xAD, 0xAD, 0xAD, 0xAD, 0xAD, 0xAD, 0xAD, 0xFF, 0xAD, 0xFF, 0xAD, 0xFF, 0xAD
    .byte 0xFF, 0xAD, 0xFF, 0xAD, 0xFF, 0xAD, 0xFF, 0xAD, 0xFF, 0xAD, 0xFF, 0xAD, 0xFF, 0xAD, 0xFF, 0xAD, 0xFF, 0xAD, 0xFF, 0xAD, 0xFF, 0xAD, 0xFF, 0xAD, 0xFF, 0xAD, 0xFF, 0xAD, 0xFF, 0xAD, 0xFF, 0xAD
    .byte 0xFF, 0xAD, 0xFF, 0xAD, 0xFF, 0xAD, 0xFF, 0xAD, 0xFF, 0xAD, 0xFF, 0xAD, 0xFF, 0xAD, 0xFF, 0xAD, 0xFF, 0xAD, 0xFF, 0xAD, 0xFF, 0xAD, 0xFF, 0xAD, 0xFF, 0xAD, 0xFF, 0xAD, 0xFF, 0xAD, 0xFF, 0xAD
    .byte 0xFF, 0xAD, 0xFF, 0xAD, 0xFF, 0xAD, 0xFF, 0xAD, 0xFF, 0xAD, 0xFF, 0xAD, 0xFF, 0xAD, 0xFF, 0xAD, 0xFF, 0xAD, 0xFF, 0xAD, 0xFF, 0xAD, 0xFF, 0xAD, 0xFF, 0xAD, 0xFF, 0xAD, 0xFF, 0xAD, 0xFF, 0xAD
    .byte 0xFF, 0xAD, 0xFF, 0xAD, 0xFF, 0xAD, 0xFF, 0xAD, 0xFF, 0xAD, 0xFF, 0xAD, 0xFF, 0xAD, 0xFF, 0xAD, 0xFF, 0xAD, 0xFF, 0xAD, 0xFF, 0xAD, 0xFF, 0xAD, 0xFF, 0xAD, 0xFF, 0xAD, 0xFF, 0xAD, 0xFF, 0xAD
    .byte 0xFF, 0xAD, 0xFF, 0xAD, 0xFF, 0xAD, 0xFF, 0xAD, 0xFF, 0xAD, 0xFF, 0xAD, 0xFF, 0xAD, 0xFF, 0xAD, 0xFF, 0xAD, 0xFF, 0xAD, 0xFF, 0xAD, 0xFF, 0xAD, 0xFF, 0xAD, 0xFF, 0xAD, 0xFF, 0xAD, 0xFF, 0xAD
    .byte 0xFF, 0xAD, 0xFF, 0xAD, 0xFF, 0xAD, 0xFF, 0xAD, 0xFF, 0xAD, 0xFF, 0xAD, 0xFF, 0xAD, 0xFF, 0xAD, 0xFF, 0xAD, 0xFF, 0xAD, 0xFF, 0xAD, 0xFF, 0xAD, 0xFF, 0xAD, 0xFF, 0xAD, 0xFF, 0xAD, 0xFF, 0xAD
    .byte 0xFF, 0xAD, 0xFF, 0xAD, 0xFF, 0xAD, 0xFF, 0xAD, 0xFF, 0xAD, 0xFF, 0xAD, 0xFF, 0xAD, 0xFF, 0xAD, 0xFF, 0xAD, 0xFF, 0xAD, 0xFF, 0xAD, 0xB6, 0xB6, 0xB6, 0xB6, 0xB6, 0xB6, 0xB6, 0xB6, 0xB6, 0xB6
    .byte 0xA4, 0xA4, 0xA4, 0xA4, 0xA4, 0xA4, 0xA4, 0xA4, 0xA4, 0xA4, 0xAD, 0xAD, 0xAD, 0xFF, 0xAD, 0xAD, 0xAD, 0xFF, 0xAD, 0xAD, 0xAD, 0xFF, 0xAD, 0xAD, 0xAD, 0xFF, 0xAD, 0xAD, 0xAD, 0xFF, 0xAD, 0xAD
    .byte 0xAD, 0xFF, 0xAD, 0xAD, 0xAD, 0xFF, 0xAD, 0xAD, 0xAD, 0xAD, 0xAD, 0xAD, 0xAD, 0xAD, 0xAD, 0xAD, 0xAD, 0xAD, 0xA4, 0xA4, 0xAD, 0xAD, 0xAD, 0xAD, 0xAD, 0xAD, 0xAD, 0xAD, 0xAD, 0xAD, 0xAD, 0xAD
    .byte 0xAD, 0xAD, 0xAD, 0xAD, 0xAD, 0xAD, 0xAD, 0xAD, 0xAD, 0xAD, 0xAD, 0xAD, 0xAD, 0xAD, 0xAD, 0xAD, 0xAD, 0xAD, 0xAD, 0xAD, 0xAD, 0xAD, 0xAD, 0xAD, 0xAD, 0xAD, 0xAD, 0xAD, 0xAD, 0xFF, 0xAD, 0xAD
    .byte 0xAD, 0xFF, 0xAD, 0xAD, 0xAD, 0xFF, 0xAD, 0xAD, 0xAD, 0xFF, 0xAD, 0xAD, 0xAD, 0xFF, 0xAD, 0xAD, 0xAD, 0xFF, 0xAD, 0xAD, 0xAD, 0xFF, 0xAD, 0xAD, 0xAD, 0xFF, 0xAD, 0xAD, 0xAD, 0xFF, 0xAD, 0xAD
    .byte 0xAD, 0xFF, 0xAD, 0xAD, 0xAD, 0xFF, 0xAD, 0xAD, 0xAD, 0xFF, 0xAD, 0xAD, 0xAD, 0xFF, 0xAD, 0xAD, 0xAD, 0xFF, 0xAD, 0xAD, 0xAD, 0xFF, 0xAD, 0xAD, 0xAD, 0xFF, 0xAD, 0xAD, 0xAD, 0xFF, 0xAD, 0xAD
    .byte 0xAD, 0xFF, 0xAD, 0xAD, 0xAD, 0xFF, 0xAD, 0xAD, 0xAD, 0xFF, 0xAD, 0xAD, 0xAD, 0xFF, 0xAD, 0xAD, 0xAD, 0xFF, 0xAD, 0xAD, 0xAD, 0xFF, 0xAD, 0xAD, 0xAD, 0xFF, 0xAD, 0xAD, 0xAD, 0xFF, 0xAD, 0xAD
    .byte 0xAD, 0xFF, 0xAD, 0xAD, 0xAD, 0xFF, 0xAD, 0xAD, 0xAD, 0xFF, 0xAD, 0xAD, 0xAD, 0xFF, 0xAD, 0xAD, 0xAD, 0xFF, 0xAD, 0xAD, 0xAD, 0xFF, 0xAD, 0xAD, 0xAD, 0xFF, 0xAD, 0xAD, 0xAD, 0xFF, 0xAD, 0xAD
    .byte 0xAD, 0xFF, 0xAD, 0xAD, 0xAD, 0xFF, 0xAD, 0xAD, 0xAD, 0xFF, 0xAD, 0xAD, 0xAD, 0xFF, 0xAD, 0xAD, 0xAD, 0xFF, 0xAD, 0xAD, 0xAD, 0xFF, 0xAD, 0xAD, 0xAD, 0xFF, 0xAD, 0xAD, 0xAD, 0xFF, 0xAD, 0xAD
    .byte 0xAD, 0xFF, 0xAD, 0xAD, 0xAD, 0xFF, 0xAD, 0xAD, 0xAD, 0xFF, 0xAD, 0xAD, 0xAD, 0xFF, 0xAD, 0xAD, 0xAD, 0xFF, 0xAD, 0xAD, 0xAD, 0xFF, 0xAD, 0xAD, 0xAD, 0xFF, 0xAD, 0xAD, 0xAD, 0xFF, 0xAD, 0xAD
    .byte 0xAD, 0xFF, 0xAD, 0xAD, 0xAD, 0xFF, 0xAD, 0xAD, 0xAD, 0xFF, 0xAD, 0xAD, 0xAD, 0xFF, 0xAD, 0xAD, 0xAD, 0xFF, 0xAD, 0xAD, 0xAD, 0xFF, 0xB6, 0xB6, 0xB6, 0xB6, 0xB6, 0xB6, 0xB6, 0xB6, 0xB6, 0xB6
    .byte 0xA4, 0xA4, 0xA4, 0xA4, 0xA4, 0xA4, 0xA4, 0xA4, 0xA4, 0xA4, 0xFF, 0xAD, 0xFF, 0xAD, 0xFF, 0xAD, 0xFF, 0xAD, 0xFF, 0xAD, 0xFF, 0xAD, 0xFF, 0xAD, 0xFF, 0xAD, 0xFF, 0xAD, 0xFF, 0xAD, 0xFF, 0xAD
    .byte 0xFF, 0xAD, 0xFF, 0xAD, 0xFF, 0xAD, 0xA4, 0xA4, 0xAD, 0xAD, 0xAD, 0xAD, 0xAD, 0xAD, 0xAD, 0xAD, 0xAD, 0xAD, 0xA4, 0xA4, 0xAD, 0xAD, 0xAD, 0xAD, 0xAD, 0xAD, 0xAD, 0xAD, 0xAD, 0xAD, 0xAD, 0xAD
    .byte 0xAD, 0xAD, 0xAD, 0xAD, 0xAD, 0xAD, 0xAD, 0xAD, 0xAD, 0xAD, 0xAD, 0xAD, 0xAD, 0xAD, 0xAD, 0xAD, 0xAD, 0xAD, 0xAD, 0xAD, 0xAD, 0xAD, 0xAD, 0xAD, 0xAD, 0xAD, 0xFF, 0xAD, 0xFF, 0xAD, 0xFF, 0xAD
    .byte 0xFF, 0xAD, 0xFF, 0xAD, 0xFF, 0xAD, 0xFF, 0xAD, 0xFF, 0xAD, 0xFF, 0xAD, 0xFF, 0xAD, 0xFF, 0xAD, 0xFF, 0xAD, 0xFF, 0xAD, 0xFF, 0xAD, 0xFF, 0xAD, 0xFF, 0xAD, 0xFF, 0xAD, 0xFF, 0xAD, 0xFF, 0xAD
    .byte 0xFF, 0xAD, 0xFF, 0xAD, 0xFF, 0xAD, 0xFF, 0xAD, 0xFF, 0xAD, 0xFF, 0xAD, 0xFF, 0xAD, 0xFF, 0xAD, 0xFF, 0xAD, 0xFF, 0xAD, 0xFF, 0xAD, 0xFF, 0xAD, 0xFF, 0xAD, 0xFF, 0xAD, 0xFF, 0xAD, 0xFF, 0xAD
    .byte 0xFF, 0xAD, 0xFF, 0xAD, 0xFF, 0xAD, 0xFF, 0xAD, 0xFF, 0xAD, 0xFF, 0xAD, 0xFF, 0xAD, 0xFF, 0xAD, 0xFF, 0xAD, 0xFF, 0xAD, 0xFF, 0xAD, 0xFF, 0xAD, 0xFF, 0xAD, 0xFF, 0xAD, 0xFF, 0xAD, 0xFF, 0xAD
    .byte 0xFF, 0xAD, 0xFF, 0xAD, 0xFF, 0xAD, 0xFF, 0xAD, 0xFF, 0xAD, 0xFF, 0xAD, 0xFF, 0xAD, 0xFF, 0xAD, 0xFF, 0xAD, 0xFF, 0xAD, 0xFF, 0xAD, 0xFF, 0xAD, 0xFF, 0xAD, 0xFF, 0xAD, 0xFF, 0xAD, 0xFF, 0xAD
    .byte 0xFF, 0xAD, 0xFF, 0xAD, 0xFF, 0xAD, 0xFF, 0xAD, 0xFF, 0xAD, 0xFF, 0xAD, 0xFF, 0xAD, 0xFF, 0xAD, 0xFF, 0xAD, 0xFF, 0xAD, 0xFF, 0xAD, 0xFF, 0xAD, 0xFF, 0xAD, 0xFF, 0xAD, 0xFF, 0xAD, 0xFF, 0xAD
    .byte 0xFF, 0xAD, 0xFF, 0xAD, 0xFF, 0xAD, 0xFF, 0xAD, 0xFF, 0xAD, 0xFF, 0xAD, 0xFF, 0xAD, 0xFF, 0xAD, 0xFF, 0xAD, 0xFF, 0xAD, 0xFF, 0xAD, 0xFF, 0xAD, 0xFF, 0xAD, 0xFF, 0xAD, 0xFF, 0xAD, 0xFF, 0xAD
    .byte 0xFF, 0xAD, 0xFF, 0xAD, 0xFF, 0xAD, 0xFF, 0xAD, 0xFF, 0xAD, 0xFF, 0xAD, 0xFF, 0xAD, 0xFF, 0xAD, 0xFF, 0xAD, 0xFF, 0xAD, 0xFF, 0xAD, 0xB6, 0xB6, 0xB6, 0xB6, 0xB6, 0xB6, 0xB6, 0xB6, 0xB6, 0xB6
    .byte 0xB6, 0xB6, 0xB6, 0xB6, 0xB6, 0xB6, 0xB6, 0xB6, 0xB6, 0xB6, 0xAD, 0xAD, 0xAD, 0xAD, 0xAD, 0xAD, 0xAD, 0xAD, 0xAD, 0xAD, 0xAD, 0xAD, 0xAD, 0xAD, 0xAD, 0xAD, 0xAD, 0xAD, 0xAD, 0xAD, 0xAD, 0xAD
    .byte 0xAD, 0xAD, 0xAD, 0xAD, 0xAD, 0xAD, 0xA4, 0xA4, 0xAD, 0xAD, 0xAD, 0xAD, 0xAD, 0xAD, 0xAD, 0xAD, 0xAD, 0xAD, 0xA4, 0xA4, 0xAD, 0xAD, 0xAD, 0xAD, 0xAD, 0xAD, 0xAD, 0xAD, 0xAD, 0xAD, 0xAD, 0xAD
    .byte 0xAD, 0xAD, 0xAD, 0xAD, 0xAD, 0xAD, 0xAD, 0xAD, 0xAD, 0xAD, 0xAD, 0xAD, 0xAD, 0xAD, 0xAD, 0xAD, 0xAD, 0xAD, 0xAD, 0xAD, 0xAD, 0xAD, 0xAD, 0xAD, 0xAD, 0xAD, 0xAD, 0xAD, 0xAD, 0xAD, 0xAD, 0xAD
    .byte 0xAD, 0xAD, 0xAD, 0xAD, 0xAD, 0xAD, 0xAD, 0xAD, 0xAD, 0xAD, 0xAD, 0xAD, 0xAD, 0xAD, 0xAD, 0xAD, 0xAD, 0xAD, 0xAD, 0xAD, 0xAD, 0xAD, 0xAD, 0xAD, 0xAD, 0xAD, 0xAD, 0xAD, 0xAD, 0xAD, 0xAD, 0xAD
    .byte 0xAD, 0xAD, 0xAD, 0xAD, 0xAD, 0xAD, 0xAD, 0xAD, 0xAD, 0xAD, 0xAD, 0xAD, 0xAD, 0xAD, 0xAD, 0xAD, 0xAD, 0xAD, 0xAD, 0xAD, 0xAD, 0xAD, 0xAD, 0xAD, 0xAD, 0xAD, 0xAD, 0xAD, 0xAD, 0xAD, 0xAD, 0xAD
    .byte 0xAD, 0xAD, 0xAD, 0xAD, 0xAD, 0xAD, 0xAD, 0xAD, 0xAD, 0xAD, 0xAD, 0xAD, 0xAD, 0xAD, 0xAD, 0xAD, 0xAD, 0xAD, 0xAD, 0xAD, 0xAD, 0xAD, 0xAD, 0xAD, 0xAD, 0xAD, 0xAD, 0xAD, 0xAD, 0xAD, 0xAD, 0xAD
    .byte 0xAD, 0xAD, 0xAD, 0xAD, 0xAD, 0xAD, 0xAD, 0xAD, 0xAD, 0xAD, 0xAD, 0xAD, 0xAD, 0xAD, 0xAD, 0xAD, 0xAD, 0xAD, 0xAD, 0xAD, 0xAD, 0xAD, 0xAD, 0xAD, 0xAD, 0xAD, 0xAD, 0xAD, 0xAD, 0xAD, 0xAD, 0xAD
    .byte 0xAD, 0xAD, 0xAD, 0xAD, 0xAD, 0xAD, 0xAD, 0xAD, 0xAD, 0xAD, 0xAD, 0xAD, 0xAD, 0xAD, 0xAD, 0xAD, 0xAD, 0xAD, 0xAD, 0xAD, 0xAD, 0xAD, 0xAD, 0xAD, 0xAD, 0xAD, 0xAD, 0xAD, 0xAD, 0xAD, 0xAD, 0xAD
    .byte 0xAD, 0xAD, 0xAD, 0xAD, 0xAD, 0xAD, 0xAD, 0xAD, 0xAD, 0xAD, 0xAD, 0xAD, 0xAD, 0xAD, 0xAD, 0xAD, 0xAD, 0xAD, 0xAD, 0xAD, 0xAD, 0xAD, 0xAD, 0xAD, 0xAD, 0xAD, 0xAD, 0xAD, 0xAD, 0xAD, 0xAD, 0xAD
    .byte 0xAD, 0xAD, 0xAD, 0xAD, 0xAD, 0xAD, 0xAD, 0xAD, 0xAD, 0xAD, 0xAD, 0xAD, 0xAD, 0xAD, 0xAD, 0xAD, 0xAD, 0xAD, 0xAD, 0xAD, 0xAD, 0xAD, 0xB6, 0xB6, 0xB6, 0xB6, 0xB6, 0xB6, 0xB6, 0xB6, 0xB6, 0xB6
    .byte 0xB6, 0xB6, 0xB6, 0xB6, 0xB6, 0xB6, 0xB6, 0xB6, 0xB6, 0xB6, 0xFF, 0xAD, 0xFF, 0xAD, 0xFF, 0xAD, 0xFF, 0xAD, 0xFF, 0xAD, 0xFF, 0xAD, 0xFF, 0xAD, 0xFF, 0xAD, 0xFF, 0xAD, 0xFF, 0xAD, 0xFF, 0xAD
    .byte 0xFF, 0xAD, 0xFF, 0xAD, 0xFF, 0xAD, 0xA4, 0xA4, 0xAD, 0xAD, 0xAD, 0xAD, 0xAD, 0xAD, 0xAD, 0xAD, 0xAD, 0xAD, 0xA4, 0xA4, 0xAD, 0xAD, 0xAD, 0xAD, 0xAD, 0xAD, 0xAD, 0xAD, 0xAD, 0xAD, 0xAD, 0xAD
    .byte 0xAD, 0xAD, 0xAD, 0xAD, 0xAD, 0xAD, 0xAD, 0xAD, 0xAD, 0xAD, 0xAD, 0xAD, 0xAD, 0xAD, 0xAD, 0xAD, 0xAD, 0xAD, 0xAD, 0xAD, 0xAD, 0xAD, 0xAD, 0xAD, 0xAD, 0xAD, 0xFF, 0xAD, 0xFF, 0xAD, 0xFF, 0xAD
    .byte 0xFF, 0xAD, 0xFF, 0xAD, 0xFF, 0xAD, 0xFF, 0xAD, 0xFF, 0xAD, 0xFF, 0xAD, 0xFF, 0xAD, 0xFF, 0xAD, 0xFF, 0xAD, 0xFF, 0xAD, 0xFF, 0xAD, 0xFF, 0xAD, 0xFF, 0xAD, 0xFF, 0xAD, 0xFF, 0xAD, 0xFF, 0xAD
    .byte 0xFF, 0xAD, 0xFF, 0xAD, 0xFF, 0xAD, 0xFF, 0xAD, 0xFF, 0xAD, 0xFF, 0xAD, 0xFF, 0xAD, 0xFF, 0xAD, 0xFF, 0xAD, 0xFF, 0xAD, 0xFF, 0xAD, 0xFF, 0xAD, 0xFF, 0xAD, 0xFF, 0xAD, 0xFF, 0xAD, 0xFF, 0xAD
    .byte 0xFF, 0xAD, 0xFF, 0xAD, 0xFF, 0xAD, 0xFF, 0xAD, 0xFF, 0xAD, 0xFF, 0xAD, 0xFF, 0xAD, 0xFF, 0xAD, 0xFF, 0xAD, 0xFF, 0xAD, 0xFF, 0xAD, 0xFF, 0xAD, 0xFF, 0xAD, 0xFF, 0xAD, 0xFF, 0xAD, 0xFF, 0xAD
    .byte 0xFF, 0xAD, 0xFF, 0xAD, 0xFF, 0xAD, 0xFF, 0xAD, 0xFF, 0xAD, 0xFF, 0xAD, 0xFF, 0xAD, 0xFF, 0xAD, 0xFF, 0xAD, 0xFF, 0xAD, 0xFF, 0xAD, 0xFF, 0xAD, 0xFF, 0xAD, 0xFF, 0xAD, 0xFF, 0xAD, 0xFF, 0xAD
    .byte 0xFF, 0xAD, 0xFF, 0xAD, 0xFF, 0xAD, 0xFF, 0xAD, 0xFF, 0xAD, 0xFF, 0xAD, 0xFF, 0xAD, 0xFF, 0xAD, 0xFF, 0xAD, 0xFF, 0xAD, 0xFF, 0xAD, 0xFF, 0xAD, 0xFF, 0xAD, 0xFF, 0xAD, 0xFF, 0xAD, 0xFF, 0xAD
    .byte 0xFF, 0xAD, 0xFF, 0xAD, 0xFF, 0xAD, 0xFF, 0xAD, 0xFF, 0xAD, 0xFF, 0xAD, 0xFF, 0xAD, 0xFF, 0xAD, 0xFF, 0xAD, 0xFF, 0xAD, 0xFF, 0xAD, 0xFF, 0xAD, 0xFF, 0xAD, 0xFF, 0xAD, 0xFF, 0xAD, 0xFF, 0xAD
    .byte 0xFF, 0xAD, 0xFF, 0xAD, 0xFF, 0xAD, 0xFF, 0xAD, 0xFF, 0xAD, 0xFF, 0xAD, 0xFF, 0xAD, 0xFF, 0xAD, 0xFF, 0xAD, 0xFF, 0xAD, 0xFF, 0xAD, 0xB6, 0xB6, 0xB6, 0xB6, 0xB6, 0xB6, 0xB6, 0xB6, 0xB6, 0xB6
    .byte 0xB6, 0xB6, 0xB6, 0xB6, 0xB6, 0xB6, 0xB6, 0xB6, 0xB6, 0xB6, 0xAD, 0xAD, 0xAD, 0xFF, 0xAD, 0xAD, 0xAD, 0xFF, 0xAD, 0xAD, 0xAD, 0xFF, 0xAD, 0xAD, 0xAD, 0xFF, 0xAD, 0xAD, 0xAD, 0xFF, 0xAD, 0xAD
    .byte 0xAD, 0xFF, 0xAD, 0xAD, 0xAD, 0xFF, 0xA4, 0xA4, 0xAD, 0xAD, 0xAD, 0xAD, 0xAD, 0xAD, 0xAD, 0xAD, 0xAD, 0xAD, 0xAD, 0xAD, 0xAD, 0xAD, 0xAD, 0xAD, 0xAD, 0xAD, 0xAD, 0xAD, 0xAD, 0xAD, 0xAD, 0xAD
    .byte 0xAD, 0xAD, 0xAD, 0xA4, 0xA4, 0xA4, 0xA4, 0xA4, 0xA4, 0xA4, 0xA4, 0xA4, 0xA4, 0xA4, 0xA4, 0xA4, 0xA4, 0xA4, 0xA4, 0xA4, 0xA4, 0xAD, 0xAD, 0xAD, 0xAD, 0xAD, 0xAD, 0xAD, 0xAD, 0xFF, 0xAD, 0xAD
    .byte 0xAD, 0xFF, 0xAD, 0xAD, 0xAD, 0xFF, 0xAD, 0xAD, 0xAD, 0xFF, 0xAD, 0xAD, 0xAD, 0xFF, 0xAD, 0xAD, 0xAD, 0xFF, 0xAD, 0xAD, 0xAD, 0xFF, 0xAD, 0xAD, 0xAD, 0xFF, 0xAD, 0xAD, 0xAD, 0xFF, 0xAD, 0xAD
    .byte 0xAD, 0xFF, 0xAD, 0xAD, 0xAD, 0xFF, 0xAD, 0xAD, 0xAD, 0xFF, 0xAD, 0xAD, 0xAD, 0xFF, 0xAD, 0xAD, 0xAD, 0xFF, 0xAD, 0xAD, 0xAD, 0xFF, 0xAD, 0xAD, 0xAD, 0xFF, 0xAD, 0xAD, 0xAD, 0xFF, 0xAD, 0xAD
    .byte 0xAD, 0xFF, 0xAD, 0xAD, 0xAD, 0xFF, 0xAD, 0xAD, 0xAD, 0xFF, 0xAD, 0xAD, 0xAD, 0xFF, 0xAD, 0xAD, 0xAD, 0xFF, 0xAD, 0xAD, 0xAD, 0xFF, 0xAD, 0xAD, 0xAD, 0xFF, 0xAD, 0xAD, 0xAD, 0xFF, 0xAD, 0xAD
    .byte 0xAD, 0xFF, 0xAD, 0xAD, 0xAD, 0xFF, 0xAD, 0xAD, 0xAD, 0xFF, 0xAD, 0xAD, 0xAD, 0xFF, 0xAD, 0xAD, 0xAD, 0xFF, 0xAD, 0xAD, 0xAD, 0xFF, 0xAD, 0xAD, 0xAD, 0xFF, 0xAD, 0xAD, 0xAD, 0xFF, 0xAD, 0xAD
    .byte 0xAD, 0xFF, 0xAD, 0xAD, 0xAD, 0xFF, 0xAD, 0xAD, 0xAD, 0xFF, 0xAD, 0xAD, 0xAD, 0xFF, 0xAD, 0xAD, 0xAD, 0xFF, 0xAD, 0xAD, 0xAD, 0xFF, 0xAD, 0xAD, 0xAD, 0xFF, 0xAD, 0xAD, 0xAD, 0xFF, 0xAD, 0xAD
    .byte 0xAD, 0xFF, 0xAD, 0xAD, 0xAD, 0xFF, 0xAD, 0xAD, 0xAD, 0xFF, 0xAD, 0xAD, 0xAD, 0xFF, 0xAD, 0xAD, 0xAD, 0xFF, 0xAD, 0xAD, 0xAD, 0xFF, 0xAD, 0xAD, 0xAD, 0xFF, 0xAD, 0xAD, 0xAD, 0xFF, 0xAD, 0xAD
    .byte 0xAD, 0xFF, 0xAD, 0xAD, 0xAD, 0xFF, 0xAD, 0xAD, 0xAD, 0xFF, 0xAD, 0xAD, 0xAD, 0xFF, 0xAD, 0xAD, 0xAD, 0xFF, 0xAD, 0xAD, 0xAD, 0xFF, 0xB6, 0xB6, 0xB6, 0xB6, 0xB6, 0xB6, 0xB6, 0xB6, 0xB6, 0xB6
    .byte 0xB6, 0xB6, 0xB6, 0xB6, 0xB6, 0xB6, 0xB6, 0xB6, 0xB6, 0xB6, 0xFF, 0xAD, 0xFF, 0xAD, 0xFF, 0xAD, 0xFF, 0xAD, 0xFF, 0xAD, 0xFF, 0xAD, 0xFF, 0xAD, 0xFF, 0xAD, 0xFF, 0xAD, 0xFF, 0xAD, 0xFF, 0xAD
    .byte 0xFF, 0xAD, 0xFF, 0xAD, 0xFF, 0xAD, 0xA4, 0xA4, 0xAD, 0xAD, 0xAD, 0xAD, 0xAD, 0xAD, 0xAD, 0xAD, 0xAD, 0xAD, 0xAD, 0xAD, 0xAD, 0xAD, 0xAD, 0xAD, 0xAD, 0xAD, 0xAD, 0xAD, 0xAD, 0xAD, 0xAD, 0xAD
    .byte 0xAD, 0xAD, 0xAD, 0xA4, 0xA4, 0xA4, 0xA4, 0xA4, 0xA4, 0xA4, 0xA4, 0xA4, 0xA4, 0xA4, 0xA4, 0xA4, 0xA4, 0xA4, 0xA4, 0xA4, 0xA4, 0xAD, 0xAD, 0xAD, 0xAD, 0xAD, 0xFF, 0xAD, 0xFF, 0xAD, 0xFF, 0xAD
    .byte 0xFF, 0xAD, 0xFF, 0xAD, 0xFF, 0xAD, 0xFF, 0xAD, 0xFF, 0xAD, 0xFF, 0xAD, 0xFF, 0xAD, 0xFF, 0xAD, 0xFF, 0xAD, 0xFF, 0xAD, 0xFF, 0xAD, 0xFF, 0xAD, 0xFF, 0xAD, 0xFF, 0xAD, 0xFF, 0xAD, 0xFF, 0xAD
    .byte 0xFF, 0xAD, 0xFF, 0xAD, 0xFF, 0xAD, 0xFF, 0xAD, 0xFF, 0xAD, 0xFF, 0xAD, 0xFF, 0xAD, 0xFF, 0xAD, 0xFF, 0xAD, 0xFF, 0xAD, 0xFF, 0xAD, 0xFF, 0xAD, 0xFF, 0xAD, 0xFF, 0xAD, 0xFF, 0xAD, 0xFF, 0xAD
    .byte 0xFF, 0xAD, 0xFF, 0xAD, 0xFF, 0xAD, 0xFF, 0xAD, 0xFF, 0xAD, 0xFF, 0xAD, 0xFF, 0xAD, 0xFF, 0xAD, 0xFF, 0xAD, 0xFF, 0xAD, 0xFF, 0xAD, 0xFF, 0xAD, 0xFF, 0xAD, 0xFF, 0xAD, 0xFF, 0xAD, 0xFF, 0xAD
    .byte 0xFF, 0xAD, 0xFF, 0xAD, 0xFF, 0xAD, 0xFF, 0xAD, 0xFF, 0xAD, 0xFF, 0xAD, 0xFF, 0xAD, 0xFF, 0xAD, 0xFF, 0xAD, 0xFF, 0xAD, 0xFF, 0xAD, 0xFF, 0xAD, 0xFF, 0xAD, 0xFF, 0xAD, 0xFF, 0xAD, 0xFF, 0xAD
    .byte 0xFF, 0xAD, 0xFF, 0xAD, 0xFF, 0xAD, 0xFF, 0xAD, 0xFF, 0xAD, 0xFF, 0xAD, 0xFF, 0xAD, 0xFF, 0xAD, 0xFF, 0xAD, 0xFF, 0xAD, 0xFF, 0xAD, 0xFF, 0xAD, 0xFF, 0xAD, 0xFF, 0xAD, 0xFF, 0xAD, 0xFF, 0xAD
    .byte 0xFF, 0xAD, 0xFF, 0xAD, 0xFF, 0xAD, 0xFF, 0xAD, 0xFF, 0xAD, 0xFF, 0xAD, 0xFF, 0xAD, 0xFF, 0xAD, 0xFF, 0xAD, 0xFF, 0xAD, 0xFF, 0xAD, 0xFF, 0xAD, 0xFF, 0xAD, 0xFF, 0xAD, 0xFF, 0xAD, 0xFF, 0xAD
    .byte 0xFF, 0xAD, 0xFF, 0xAD, 0xFF, 0xAD, 0xFF, 0xAD, 0xFF, 0xAD, 0xFF, 0xAD, 0xFF, 0xAD, 0xFF, 0xAD, 0xFF, 0xAD, 0xFF, 0xAD, 0xFF, 0xAD, 0xB6, 0xB6, 0xB6, 0xB6, 0xB6, 0xB6, 0xB6, 0xB6, 0xB6, 0xB6
    .byte 0xB6, 0xB6, 0xB6, 0xB6, 0xB6, 0xB6, 0xB6, 0xB6, 0xB6, 0xB6, 0xAD, 0xAD, 0xAD, 0xAD, 0xAD, 0xAD, 0xAD, 0xAD, 0xAD, 0xAD, 0xAD, 0xAD, 0xAD, 0xAD, 0xAD, 0xAD, 0xAD, 0xAD, 0xAD, 0xAD, 0xAD, 0xAD
    .byte 0xAD, 0xAD, 0xAD, 0xAD, 0xAD, 0xAD, 0xA4, 0xA4, 0xAD, 0xAD, 0xAD, 0xAD, 0xAD, 0xAD, 0xAD, 0xAD, 0xAD, 0xAD, 0xAD, 0xAD, 0xAD, 0xAD, 0xAD, 0xAD, 0xAD, 0xAD, 0xAD, 0xAD, 0xAD, 0xAD, 0xAD, 0xAD
    .byte 0xAD, 0xAD, 0xAD, 0xAD, 0xAD, 0xAD, 0xAD, 0xAD, 0xAD, 0xAD, 0xAD, 0xAD, 0xAD, 0xAD, 0xAD, 0xAD, 0xAD, 0xAD, 0xAD, 0xAD, 0xAD, 0xAD, 0xAD, 0xAD, 0xA4, 0xA4, 0xAD, 0xAD, 0xAD, 0xAD, 0xAD, 0xAD
    .byte 0xAD, 0xAD, 0xAD, 0xAD, 0xAD, 0xAD, 0xAD, 0xAD, 0xAD, 0xAD, 0xAD, 0xAD, 0xAD, 0xAD, 0xAD, 0xAD, 0xAD, 0xAD, 0xAD, 0xAD, 0xAD, 0xAD, 0xAD, 0xAD, 0xAD, 0xAD, 0xAD, 0xAD, 0xAD, 0xAD, 0xAD, 0xAD
    .byte 0xAD, 0xAD, 0xAD, 0xAD, 0xAD, 0xAD, 0xAD, 0xAD, 0xAD, 0xAD, 0xAD, 0xAD, 0xAD, 0xAD, 0xAD, 0xAD, 0xAD, 0xAD, 0xAD, 0xAD, 0xAD, 0xAD, 0xAD, 0xAD, 0xAD, 0xAD, 0xAD, 0xAD, 0xAD, 0xAD, 0xAD, 0xAD
    .byte 0xAD, 0xAD, 0xAD, 0xAD, 0xAD, 0xAD, 0xAD, 0xAD, 0xAD, 0xAD, 0xAD, 0xAD, 0xAD, 0xAD, 0xAD, 0xAD, 0xAD, 0xAD, 0xAD, 0xAD, 0xAD, 0xAD, 0xAD, 0xAD, 0xAD, 0xAD, 0xAD, 0xAD, 0xAD, 0xAD, 0xAD, 0xAD
    .byte 0xAD, 0xAD, 0xAD, 0xAD, 0xAD, 0xAD, 0xAD, 0xAD, 0xAD, 0xAD, 0xAD, 0xAD, 0xAD, 0xAD, 0xAD, 0xAD, 0xAD, 0xAD, 0xAD, 0xAD, 0xAD, 0xAD, 0xAD, 0xAD, 0xAD, 0xAD, 0xAD, 0xAD, 0xAD, 0xAD, 0xAD, 0xAD
    .byte 0xAD, 0xAD, 0xAD, 0xAD, 0xAD, 0xAD, 0xAD, 0xAD, 0xAD, 0xAD, 0xAD, 0xAD, 0xAD, 0xAD, 0xAD, 0xAD, 0xAD, 0xAD, 0xAD, 0xAD, 0xAD, 0xAD, 0xAD, 0xAD, 0xAD, 0xAD, 0xAD, 0xAD, 0xAD, 0xAD, 0xAD, 0xAD
    .byte 0xAD, 0xAD, 0xAD, 0xAD, 0xAD, 0xAD, 0xAD, 0xAD, 0xAD, 0xAD, 0xAD, 0xAD, 0xAD, 0xAD, 0xAD, 0xAD, 0xAD, 0xAD, 0xAD, 0xAD, 0xAD, 0xAD, 0xAD, 0xAD, 0xAD, 0xAD, 0xAD, 0xAD, 0xAD, 0xAD, 0xAD, 0xAD
    .byte 0xAD, 0xAD, 0xAD, 0xAD, 0xAD, 0xAD, 0xAD, 0xAD, 0xAD, 0xAD, 0xAD, 0xAD, 0xAD, 0xAD, 0xAD, 0xAD, 0xAD, 0xAD, 0xAD, 0xAD, 0xAD, 0xAD, 0xB6, 0xB6, 0xB6, 0xB6, 0xB6, 0xB6, 0xB6, 0xB6, 0xB6, 0xB6
    .byte 0xB6, 0xB6, 0xB6, 0xB6, 0xB6, 0xB6, 0xB6, 0xB6, 0xB6, 0xB6, 0xFF, 0xAD, 0xFF, 0xAD, 0xFF, 0xAD, 0xFF, 0xAD, 0xFF, 0xAD, 0xFF, 0xAD, 0xFF, 0xAD, 0xFF, 0xAD, 0xFF, 0xAD, 0xFF, 0xAD, 0xFF, 0xAD
    .byte 0xFF, 0xAD, 0xFF, 0xAD, 0xFF, 0xAD, 0xA4, 0xA4, 0xAD, 0xAD, 0xAD, 0xAD, 0xAD, 0xAD, 0xAD, 0xAD, 0xAD, 0xAD, 0xAD, 0xAD, 0xAD, 0xAD, 0xAD, 0xAD, 0xAD, 0xAD, 0xAD, 0xAD, 0xAD, 0xAD, 0xAD, 0xAD
    .byte 0xAD, 0xAD, 0xAD, 0xAD, 0xAD, 0xAD, 0xAD, 0xAD, 0xAD, 0xAD, 0xAD, 0xAD, 0xAD, 0xAD, 0xAD, 0xAD, 0xAD, 0xAD, 0xAD, 0xAD, 0xAD, 0xAD, 0xAD, 0xAD, 0xA4, 0xA4, 0xFF, 0xAD, 0xFF, 0xAD, 0xFF, 0xAD
    .byte 0xFF, 0xAD, 0xFF, 0xAD, 0xFF, 0xAD, 0xFF, 0xAD, 0xFF, 0xAD, 0xFF, 0xAD, 0xFF, 0xAD, 0xFF, 0xAD, 0xFF, 0xAD, 0xFF, 0xAD, 0xFF, 0xAD, 0xFF, 0xAD, 0xFF, 0xAD, 0xFF, 0xAD, 0xFF, 0xAD, 0xFF, 0xAD
    .byte 0xFF, 0xAD, 0xFF, 0xAD, 0xFF, 0xAD, 0xFF, 0xAD, 0xFF, 0xAD, 0xFF, 0xAD, 0xFF, 0xAD, 0xFF, 0xAD, 0xFF, 0xAD, 0xFF, 0xAD, 0xFF, 0xAD, 0xFF, 0xAD, 0xFF, 0xAD, 0xFF, 0xAD, 0xFF, 0xAD, 0xFF, 0xAD
    .byte 0xFF, 0xAD, 0xFF, 0xAD, 0xFF, 0xAD, 0xFF, 0xAD, 0xFF, 0xAD, 0xFF, 0xAD, 0xFF, 0xAD, 0xFF, 0xAD, 0xFF, 0xAD, 0xFF, 0xAD, 0xFF, 0xAD, 0xFF, 0xAD, 0xFF, 0xAD, 0xFF, 0xAD, 0xFF, 0xAD, 0xFF, 0xAD
    .byte 0xFF, 0xAD, 0xFF, 0xAD, 0xFF, 0xAD, 0xFF, 0xAD, 0xFF, 0xAD, 0xFF, 0xAD, 0xFF, 0xAD, 0xFF, 0xAD, 0xFF, 0xAD, 0xFF, 0xAD, 0xFF, 0xAD, 0xFF, 0xAD, 0xFF, 0xAD, 0xFF, 0xAD, 0xFF, 0xAD, 0xFF, 0xAD
    .byte 0xFF, 0xAD, 0xFF, 0xAD, 0xFF, 0xAD, 0xFF, 0xAD, 0xFF, 0xAD, 0xFF, 0xAD, 0xFF, 0xAD, 0xFF, 0xAD, 0xFF, 0xAD, 0xFF, 0xAD, 0xFF, 0xAD, 0xFF, 0xAD, 0xFF, 0xAD, 0xFF, 0xAD, 0xFF, 0xAD, 0xFF, 0xAD
    .byte 0xFF, 0xAD, 0xFF, 0xAD, 0xFF, 0xAD, 0xFF, 0xAD, 0xFF, 0xAD, 0xFF, 0xAD, 0xFF, 0xAD, 0xFF, 0xAD, 0xFF, 0xAD, 0xFF, 0xAD, 0xFF, 0xAD, 0xFF, 0xAD, 0xFF, 0xAD, 0xFF, 0xAD, 0xFF, 0xAD, 0xFF, 0xAD
    .byte 0xFF, 0xAD, 0xFF, 0xAD, 0xFF, 0xAD, 0xFF, 0xAD, 0xFF, 0xAD, 0xFF, 0xAD, 0xFF, 0xAD, 0xFF, 0xAD, 0xFF, 0xAD, 0xFF, 0xAD, 0xFF, 0xAD, 0xB6, 0xB6, 0xB6, 0xB6, 0xB6, 0xB6, 0xB6, 0xB6, 0xB6, 0xB6
    .byte 0xB6, 0xB6, 0xB6, 0xB6, 0xB6, 0xB6, 0xB6, 0xB6, 0xB6, 0xB6, 0xAD, 0xAD, 0xAD, 0xFF, 0xAD, 0xAD, 0xAD, 0xFF, 0xAD, 0xAD, 0xAD, 0xFF, 0xAD, 0xAD, 0xAD, 0xFF, 0xAD, 0xAD, 0xAD, 0xFF, 0xAD, 0xAD
    .byte 0xAD, 0xFF, 0xAD, 0xAD, 0xAD, 0xFF, 0xA4, 0xA4, 0xAD, 0xAD, 0xAD, 0xAD, 0xAD, 0xAD, 0xAD, 0xAD, 0xAD, 0xAD, 0xAD, 0xAD, 0xAD, 0xAD, 0xAD, 0xAD, 0xAD, 0xAD, 0xAD, 0xAD, 0xAD, 0xAD, 0xAD, 0xAD
    .byte 0xAD, 0xAD, 0xAD, 0xAD, 0xAD, 0xAD, 0xAD, 0xAD, 0xAD, 0xAD, 0xAD, 0xAD, 0xAD, 0xAD, 0xAD, 0xAD, 0xAD, 0xAD, 0xAD, 0xAD, 0xAD, 0xAD, 0xAD, 0xAD, 0xA4, 0xA4, 0xAD, 0xAD, 0xAD, 0xFF, 0xAD, 0xAD
    .byte 0xAD, 0xFF, 0xAD, 0xAD, 0xAD, 0xFF, 0xAD, 0xAD, 0xAD, 0xFF, 0xAD, 0xAD, 0xAD, 0xFF, 0xAD, 0xAD, 0xAD, 0xFF, 0xAD, 0xAD, 0xAD, 0xFF, 0xAD, 0xAD, 0xAD, 0xFF, 0xAD, 0xAD, 0xAD, 0xFF, 0xAD, 0xAD
    .byte 0xAD, 0xFF, 0xAD, 0xAD, 0xAD, 0xFF, 0xAD, 0xAD, 0xAD, 0xFF, 0xAD, 0xAD, 0xAD, 0xFF, 0xAD, 0xAD, 0xAD, 0xFF, 0xAD, 0xAD, 0xAD, 0xFF, 0xAD, 0xAD, 0xAD, 0xFF, 0xAD, 0xAD, 0xAD, 0xFF, 0xAD, 0xAD
    .byte 0xAD, 0xFF, 0xAD, 0xAD, 0xAD, 0xFF, 0xAD, 0xAD, 0xAD, 0xFF, 0xAD, 0xAD, 0xAD, 0xFF, 0xAD, 0xAD, 0xAD, 0xFF, 0xAD, 0xAD, 0xAD, 0xFF, 0xAD, 0xAD, 0xAD, 0xFF, 0xAD, 0xAD, 0xAD, 0xFF, 0xAD, 0xAD
    .byte 0xAD, 0xFF, 0xAD, 0xAD, 0xAD, 0xFF, 0xAD, 0xAD, 0xAD, 0xFF, 0xAD, 0xAD, 0xAD, 0xFF, 0xAD, 0xAD, 0xAD, 0xFF, 0xAD, 0xAD, 0xAD, 0xFF, 0xAD, 0xAD, 0xAD, 0xFF, 0xAD, 0xAD, 0xAD, 0xFF, 0xAD, 0xAD
    .byte 0xAD, 0xFF, 0xAD, 0xAD, 0xAD, 0xFF, 0xAD, 0xAD, 0xAD, 0xFF, 0xAD, 0xAD, 0xAD, 0xFF, 0xAD, 0xAD, 0xAD, 0xFF, 0xAD, 0xAD, 0xAD, 0xFF, 0xAD, 0xAD, 0xAD, 0xFF, 0xAD, 0xAD, 0xAD, 0xFF, 0xAD, 0xAD
    .byte 0xAD, 0xFF, 0xAD, 0xAD, 0xAD, 0xFF, 0xAD, 0xAD, 0xAD, 0xFF, 0xAD, 0xAD, 0xAD, 0xFF, 0xAD, 0xAD, 0xAD, 0xFF, 0xAD, 0xAD, 0xAD, 0xFF, 0xAD, 0xAD, 0xAD, 0xFF, 0xAD, 0xAD, 0xAD, 0xFF, 0xAD, 0xAD
    .byte 0xAD, 0xFF, 0xAD, 0xAD, 0xAD, 0xFF, 0xAD, 0xAD, 0xAD, 0xFF, 0xAD, 0xAD, 0xAD, 0xFF, 0xAD, 0xAD, 0xAD, 0xFF, 0xAD, 0xAD, 0xAD, 0xFF, 0xB6, 0xB6, 0xB6, 0xB6, 0xB6, 0xB6, 0xB6, 0xB6, 0xB6, 0xB6
    .byte 0xB6, 0xB6, 0xB6, 0xB6, 0xB6, 0xB6, 0xB6, 0xB6, 0xB6, 0xB6, 0xFF, 0xAD, 0xFF, 0xAD, 0xFF, 0xAD, 0xFF, 0xAD, 0xFF, 0xAD, 0xFF, 0xAD, 0xFF, 0xAD, 0xFF, 0xAD, 0xFF, 0xAD, 0xFF, 0xAD, 0xFF, 0xAD
    .byte 0xFF, 0xAD, 0xFF, 0xAD, 0xFF, 0xAD, 0xA4, 0xA4, 0xAD, 0xAD, 0xAD, 0xAD, 0xAD, 0xAD, 0xAD, 0xAD, 0xAD, 0xAD, 0xAD, 0xAD, 0xAD, 0xAD, 0xAD, 0xAD, 0xAD, 0xAD, 0xAD, 0xAD, 0xAD, 0xAD, 0xAD, 0xAD
    .byte 0xAD, 0xAD, 0xAD, 0xAD, 0xAD, 0xAD, 0xAD, 0xAD, 0xAD, 0xAD, 0xAD, 0xAD, 0xAD, 0xAD, 0xAD, 0xAD, 0xAD, 0xAD, 0xAD, 0xAD, 0xAD, 0xAD, 0xAD, 0xAD, 0xA4, 0xA4, 0xFF, 0xAD, 0xFF, 0xAD, 0xFF, 0xAD
    .byte 0xFF, 0xAD, 0xFF, 0xAD, 0xFF, 0xAD, 0xFF, 0xAD, 0xFF, 0xAD, 0xFF, 0xAD, 0xFF, 0xAD, 0xFF, 0xAD, 0xFF, 0xAD, 0xFF, 0xAD, 0xFF, 0xAD, 0xFF, 0xAD, 0xFF, 0xAD, 0xFF, 0xAD, 0xFF, 0xAD, 0xFF, 0xAD
    .byte 0xFF, 0xAD, 0xFF, 0xAD, 0xFF, 0xAD, 0xFF, 0xAD, 0xFF, 0xAD, 0xFF, 0xAD, 0xFF, 0xAD, 0xFF, 0xAD, 0xFF, 0xAD, 0xFF, 0xAD, 0xFF, 0xAD, 0xFF, 0xAD, 0xFF, 0xAD, 0xFF, 0xAD, 0xFF, 0xAD, 0xFF, 0xAD
    .byte 0xFF, 0xAD, 0xFF, 0xAD, 0xFF, 0xAD, 0xFF, 0xAD, 0xFF, 0xAD, 0xFF, 0xAD, 0xFF, 0xAD, 0xFF, 0xAD, 0xFF, 0xAD, 0xFF, 0xAD, 0xFF, 0xAD, 0xFF, 0xAD, 0xFF, 0xAD, 0xFF, 0xAD, 0xFF, 0xAD, 0xFF, 0xAD
    .byte 0xFF, 0xAD, 0xFF, 0xAD, 0xFF, 0xAD, 0xFF, 0xAD, 0xFF, 0xAD, 0xFF, 0xAD, 0xFF, 0xAD, 0xFF, 0xAD, 0xFF, 0xAD, 0xFF, 0xAD, 0xFF, 0xAD, 0xFF, 0xAD, 0xFF, 0xAD, 0xFF, 0xAD, 0xFF, 0xAD, 0xFF, 0xAD
    .byte 0xFF, 0xAD, 0xFF, 0xAD, 0xFF, 0xAD, 0xFF, 0xAD, 0xFF, 0xAD, 0xFF, 0xAD, 0xFF, 0xAD, 0xFF, 0xAD, 0xFF, 0xAD, 0xFF, 0xAD, 0xFF, 0xAD, 0xFF, 0xAD, 0xFF, 0xAD, 0xFF, 0xAD, 0xFF, 0xAD, 0xFF, 0xAD
    .byte 0xFF, 0xAD, 0xFF, 0xAD, 0xFF, 0xAD, 0xFF, 0xAD, 0xFF, 0xAD, 0xFF, 0xAD, 0xFF, 0xAD, 0xFF, 0xAD, 0xFF, 0xAD, 0xFF, 0xAD, 0xFF, 0xAD, 0xFF, 0xAD, 0xFF, 0xAD, 0xFF, 0xAD, 0xFF, 0xAD, 0xFF, 0xAD
    .byte 0xFF, 0xAD, 0xFF, 0x03, 0xFF, 0xAD, 0xFF, 0xAD, 0xFF, 0xAD, 0xFF, 0xAD, 0xFF, 0xAD, 0xFF, 0xAD, 0xFF, 0xAD, 0xFF, 0xAD, 0xFF, 0xAD, 0xB6, 0xB6, 0xB6, 0xB6, 0xB6, 0xB6, 0xB6, 0xB6, 0xB6, 0xB6
    .byte 0xB6, 0xB6, 0xB6, 0xB6, 0xB6, 0xB6, 0xB6, 0xB6, 0xB6, 0xB6, 0xAD, 0xAD, 0xAD, 0xAD, 0xAD, 0xAD, 0xAD, 0xAD, 0xAD, 0xAD, 0xAD, 0xAD, 0xAD, 0xAD, 0xAD, 0xAD, 0xAD, 0xAD, 0xAD, 0xAD, 0xAD, 0xAD
    .byte 0xAD, 0xAD, 0xAD, 0xAD, 0xAD, 0xAD, 0xA4, 0xA4, 0xA4, 0xA4, 0xA4, 0xA4, 0xA4, 0xA4, 0xA4, 0xA4, 0xA4, 0xAD, 0xAD, 0xAD, 0xAD, 0xAD, 0xAD, 0xAD, 0xAD, 0xAD, 0xAD, 0xAD, 0xAD, 0xAD, 0xAD, 0xAD
    .byte 0xAD, 0xAD, 0xAD, 0xAD, 0xAD, 0xAD, 0xAD, 0xAD, 0xAD, 0xAD, 0xAD, 0xAD, 0xAD, 0xAD, 0xAD, 0xAD, 0xA4, 0xA4, 0xA4, 0xA4, 0xA4, 0xA4, 0xA4, 0xA4, 0xA4, 0xA4, 0xAD, 0xAD, 0xAD, 0xAD, 0xAD, 0xAD
    .byte 0xAD, 0xAD, 0xAD, 0xAD, 0xAD, 0xAD, 0xAD, 0xAD, 0xAD, 0xAD, 0xAD, 0xAD, 0xAD, 0xAD, 0xAD, 0xAD, 0xAD, 0xAD, 0xAD, 0xAD, 0xAD, 0xAD, 0xAD, 0xAD, 0xAD, 0xAD, 0xAD, 0xAD, 0xAD, 0xAD, 0xAD, 0xAD
    .byte 0xAD, 0xAD, 0xAD, 0xAD, 0xAD, 0xAD, 0xAD, 0xAD, 0xAD, 0xAD, 0xAD, 0xAD, 0xAD, 0xAD, 0xAD, 0xAD, 0xAD, 0xAD, 0xAD, 0xAD, 0xAD, 0xAD, 0xAD, 0xAD, 0xAD, 0xAD, 0xAD, 0xAD, 0xAD, 0xAD, 0xAD, 0xAD
    .byte 0xAD, 0xAD, 0xAD, 0xAD, 0xAD, 0xAD, 0xAD, 0xAD, 0xAD, 0xAD, 0xAD, 0xAD, 0xAD, 0xAD, 0xAD, 0xAD, 0xAD, 0xAD, 0xAD, 0xAD, 0xAD, 0xAD, 0xAD, 0xAD, 0xAD, 0xAD, 0xAD, 0xAD, 0xAD, 0xAD, 0xAD, 0xAD
    .byte 0xAD, 0xAD, 0xAD, 0xAD, 0xAD, 0xAD, 0xAD, 0xAD, 0xAD, 0xAD, 0xAD, 0xAD, 0xAD, 0xAD, 0xAD, 0xAD, 0xAD, 0xAD, 0xAD, 0xAD, 0xAD, 0xAD, 0xAD, 0xAD, 0xAD, 0xAD, 0xAD, 0xAD, 0xAD, 0xAD, 0xAD, 0xAD
    .byte 0xAD, 0xAD, 0xAD, 0xAD, 0xAD, 0xAD, 0xAD, 0xAD, 0xAD, 0xAD, 0xAD, 0xAD, 0xAD, 0xAD, 0xAD, 0xAD, 0xAD, 0xAD, 0xAD, 0xAD, 0xAD, 0xAD, 0xAD, 0xAD, 0xAD, 0xAD, 0xAD, 0xAD, 0xAD, 0xAD, 0xAD, 0xAD
    .byte 0xAD, 0xAD, 0xAD, 0xAD, 0xAD, 0xAD, 0xAD, 0xAD, 0xAD, 0xAD, 0xAD, 0xAD, 0xAD, 0xAD, 0xAD, 0xAD, 0xAD, 0xAD, 0xAD, 0xAD, 0xAD, 0xAD, 0xAD, 0xAD, 0xAD, 0xAD, 0xAD, 0xAD, 0xAD, 0xAD, 0xAD, 0xAD
    .byte 0xAD, 0xAD, 0x03, 0x03, 0xAD, 0xAD, 0xAD, 0x03, 0xAD, 0xAD, 0xAD, 0xAD, 0xAD, 0xAD, 0xAD, 0xAD, 0xAD, 0xAD, 0xAD, 0xAD, 0xAD, 0xAD, 0x74, 0xAD, 0xAD, 0xAD, 0x74, 0x74, 0x74, 0xAD, 0xAD, 0xAD
    .byte 0xB6, 0xB6, 0xB6, 0xB6, 0xB6, 0xB6, 0xB6, 0xB6, 0xB6, 0xB6, 0xFF, 0xAD, 0xFF, 0xAD, 0xFF, 0xAD, 0xFF, 0xAD, 0xFF, 0xAD, 0xFF, 0xAD, 0xFF, 0xAD, 0xFF, 0xAD, 0xFF, 0xAD, 0xFF, 0xAD, 0xFF, 0xAD
    .byte 0xFF, 0xAD, 0xFF, 0xAD, 0xFF, 0xAD, 0xA4, 0xA4, 0xA4, 0xA4, 0xA4, 0xA4, 0xA4, 0xA4, 0xA4, 0xA4, 0xA4, 0xAD, 0xAD, 0xAD, 0xAD, 0xAD, 0xAD, 0xAD, 0xAD, 0xAD, 0xAD, 0xAD, 0xAD, 0xAD, 0xAD, 0xAD
    .byte 0xAD, 0xAD, 0xAD, 0xAD, 0xAD, 0xAD, 0xAD, 0xAD, 0xAD, 0xAD, 0xAD, 0xAD, 0xAD, 0xAD, 0xAD, 0xAD, 0xA4, 0xA4, 0xA4, 0xA4, 0xA4, 0xA4, 0xA4, 0xA4, 0xA4, 0xA4, 0xFF, 0xAD, 0xFF, 0xAD, 0xFF, 0xAD
    .byte 0xFF, 0xAD, 0xFF, 0xAD, 0xFF, 0xAD, 0xFF, 0xAD, 0xFF, 0xAD, 0xFF, 0xAD, 0xFF, 0xAD, 0xFF, 0xAD, 0xFF, 0xAD, 0xFF, 0xAD, 0xFF, 0xAD, 0xFF, 0xAD, 0xFF, 0xAD, 0xFF, 0xAD, 0xFF, 0xAD, 0xFF, 0xAD
    .byte 0xFF, 0xAD, 0xFF, 0xAD, 0xFF, 0xAD, 0xFF, 0xAD, 0xFF, 0xAD, 0xFF, 0xAD, 0xFF, 0xAD, 0xFF, 0xAD, 0xFF, 0xAD, 0xFF, 0xAD, 0xFF, 0xAD, 0xFF, 0xAD, 0xFF, 0xAD, 0xFF, 0xAD, 0xFF, 0xAD, 0xFF, 0xAD
    .byte 0xFF, 0xAD, 0xFF, 0xAD, 0xFF, 0xAD, 0xFF, 0xAD, 0xFF, 0xAD, 0xFF, 0xAD, 0xFF, 0xAD, 0xFF, 0xAD, 0xFF, 0xAD, 0xFF, 0xAD, 0xFF, 0xAD, 0xFF, 0xAD, 0xFF, 0xAD, 0xFF, 0xAD, 0xFF, 0xAD, 0xFF, 0xAD
    .byte 0xFF, 0xAD, 0xFF, 0xAD, 0xFF, 0xAD, 0xFF, 0xAD, 0xFF, 0xAD, 0xFF, 0xAD, 0xFF, 0xAD, 0xFF, 0xAD, 0xFF, 0xAD, 0xFF, 0xAD, 0xFF, 0xAD, 0xFF, 0xAD, 0xFF, 0xAD, 0xFF, 0xAD, 0xFF, 0xAD, 0xFF, 0xAD
    .byte 0xFF, 0xAD, 0xFF, 0xAD, 0xFF, 0xAD, 0xFF, 0xAD, 0xFF, 0xAD, 0xFF, 0xAD, 0xFF, 0xAD, 0xFF, 0xAD, 0xFF, 0xAD, 0xFF, 0xAD, 0xFF, 0xAD, 0xFF, 0xAD, 0xFF, 0xAD, 0xFF, 0xAD, 0xFF, 0xAD, 0xFF, 0xAD
    .byte 0xFF, 0xAD, 0xFF, 0xAD, 0xFF, 0xAD, 0xFF, 0xAD, 0xFF, 0xAD, 0xFF, 0xAD, 0xFF, 0xAD, 0xFF, 0xAD, 0xFF, 0xAD, 0xFF, 0xAD, 0xFF, 0xAD, 0xFF, 0xAD, 0xFF, 0xAD, 0xFF, 0xAD, 0xFF, 0xAD, 0xFF, 0xAD
    .byte 0x03, 0x03, 0xFF, 0x03, 0xFF, 0x03, 0x03, 0x03, 0x03, 0xAD, 0x74, 0xAD, 0xFF, 0x74, 0xFF, 0x74, 0xFF, 0xAD, 0xFF, 0xAD, 0xFF, 0xAD, 0xFF, 0x74, 0x74, 0x74, 0x74, 0x74, 0x74, 0xAD, 0x74, 0x74
    .byte 0xA4, 0xA4, 0xA4, 0xA4, 0xA4, 0xA4, 0xA4, 0xA4, 0xA4, 0xA4, 0xAD, 0xAD, 0xAD, 0xFF, 0xAD, 0xAD, 0xAD, 0xFF, 0xAD, 0xAD, 0xAD, 0xFF, 0xAD, 0xAD, 0xAD, 0xFF, 0xAD, 0xAD, 0xAD, 0xFF, 0xAD, 0xAD
    .byte 0xAD, 0xFF, 0xAD, 0xAD, 0xAD, 0xFF, 0xAD, 0xAD, 0xAD, 0xFF, 0xAD, 0xAD, 0xAD, 0xFF, 0xAD, 0xAD, 0xAD, 0xFF, 0xAD, 0xAD, 0xAD, 0xFF, 0xAD, 0xAD, 0xAD, 0xFF, 0xAD, 0xAD, 0xAD, 0xFF, 0xAD, 0xAD
    .byte 0xAD, 0xFF, 0xAD, 0xAD, 0xAD, 0xFF, 0xAD, 0xAD, 0xAD, 0xFF, 0xAD, 0xAD, 0xAD, 0xFF, 0xAD, 0xAD, 0xAD, 0xFF, 0xAD, 0xAD, 0xAD, 0xFF, 0xAD, 0xAD, 0xAD, 0xFF, 0xAD, 0xAD, 0xAD, 0xFF, 0xAD, 0xAD
    .byte 0xAD, 0xFF, 0xAD, 0xAD, 0xAD, 0xFF, 0xAD, 0xAD, 0xAD, 0xFF, 0xAD, 0xAD, 0xAD, 0xFF, 0xAD, 0xAD, 0xAD, 0xFF, 0xAD, 0xAD, 0xAD, 0xFF, 0xAD, 0xAD, 0xAD, 0xFF, 0xAD, 0xAD, 0xAD, 0xFF, 0xAD, 0xAD
    .byte 0xAD, 0xFF, 0xAD, 0xAD, 0xAD, 0xFF, 0xAD, 0xAD, 0xAD, 0xFF, 0xAD, 0xAD, 0xAD, 0xFF, 0xAD, 0xAD, 0xAD, 0xFF, 0xAD, 0xAD, 0xAD, 0xFF, 0xAD, 0xAD, 0xAD, 0xFF, 0xAD, 0xAD, 0xAD, 0xFF, 0xAD, 0xAD
    .byte 0xAD, 0xFF, 0xAD, 0xAD, 0xAD, 0xFF, 0xAD, 0xAD, 0xAD, 0xFF, 0xAD, 0xAD, 0xAD, 0xFF, 0xAD, 0xAD, 0xAD, 0xFF, 0xAD, 0xAD, 0xAD, 0xFF, 0xAD, 0xAD, 0xAD, 0xFF, 0xAD, 0xAD, 0xAD, 0xFF, 0xAD, 0xAD
    .byte 0xAD, 0xFF, 0xAD, 0xAD, 0xAD, 0xFF, 0xAD, 0xAD, 0xAD, 0xFF, 0xAD, 0xAD, 0xAD, 0xFF, 0xAD, 0xAD, 0xAD, 0xFF, 0xAD, 0xAD, 0xAD, 0xFF, 0xAD, 0xAD, 0xAD, 0xFF, 0xAD, 0xAD, 0xAD, 0xFF, 0xAD, 0xAD
    .byte 0xAD, 0xFF, 0xAD, 0xAD, 0xAD, 0xFF, 0xAD, 0xAD, 0xAD, 0xFF, 0xAD, 0xAD, 0xAD, 0xFF, 0xAD, 0xAD, 0xAD, 0xFF, 0xAD, 0xAD, 0xAD, 0xFF, 0xAD, 0xAD, 0xAD, 0xFF, 0xAD, 0xAD, 0xAD, 0xFF, 0xAD, 0xAD
    .byte 0xAD, 0xFF, 0xAD, 0xAD, 0xAD, 0xFF, 0xAD, 0xAD, 0xAD, 0xFF, 0xAD, 0xAD, 0xAD, 0xFF, 0xAD, 0xAD, 0xAD, 0xFF, 0xAD, 0xAD, 0xAD, 0xFF, 0xAD, 0xAD, 0xAD, 0xFF, 0xAD, 0xAD, 0xAD, 0xFF, 0xAD, 0xAD
    .byte 0xAD, 0xFF, 0x03, 0x03, 0x74, 0x03, 0xAD, 0x03, 0x74, 0x74, 0xAD, 0xAD, 0xAD, 0xFF, 0xAD, 0xAD, 0x74, 0xFF, 0x74, 0xAD, 0x74, 0xFF, 0x74, 0x74, 0xAD, 0x74, 0x74, 0x74, 0x74, 0x74, 0xAD, 0x74
    .byte 0xA4, 0xA4, 0xA4, 0xA4, 0xA4, 0xA4, 0xA4, 0xA4, 0xA4, 0xA4, 0xFF, 0xAD, 0xFF, 0xAD, 0xFF, 0xAD, 0xFF, 0xAD, 0xFF, 0xAD, 0xFF, 0xAD, 0xFF, 0xAD, 0xFF, 0xAD, 0xFF, 0xAD, 0xFF, 0xAD, 0xFF, 0xAD
    .byte 0xFF, 0xAD, 0xFF, 0xAD, 0xFF, 0xAD, 0xFF, 0xAD, 0xFF, 0xAD, 0xFF, 0xAD, 0xFF, 0xAD, 0xFF, 0xAD, 0xFF, 0xAD, 0xFF, 0xAD, 0xFF, 0xAD, 0xFF, 0xAD, 0xFF, 0xAD, 0xFF, 0xAD, 0xFF, 0xAD, 0xFF, 0xAD
    .byte 0xFF, 0xAD, 0xFF, 0xAD, 0xFF, 0xAD, 0xFF, 0xAD, 0xFF, 0xAD, 0xFF, 0xAD, 0xFF, 0xAD, 0xFF, 0xAD, 0xFF, 0xAD, 0xFF, 0xAD, 0xFF, 0xAD, 0xFF, 0xAD, 0xFF, 0xAD, 0xFF, 0xAD, 0xFF, 0xAD, 0xFF, 0xAD
    .byte 0xFF, 0xAD, 0xFF, 0xAD, 0xFF, 0xAD, 0xFF, 0xAD, 0xFF, 0xAD, 0xFF, 0xAD, 0xFF, 0xAD, 0xFF, 0xAD, 0xFF, 0xAD, 0xFF, 0xAD, 0xFF, 0xAD, 0xFF, 0xAD, 0xFF, 0xAD, 0xFF, 0xAD, 0xFF, 0xAD, 0xFF, 0xAD
    .byte 0xFF, 0xAD, 0xFF, 0xAD, 0xFF, 0xAD, 0xFF, 0xAD, 0xFF, 0xAD, 0xFF, 0xAD, 0xFF, 0xAD, 0xFF, 0xAD, 0xFF, 0xAD, 0xFF, 0xAD, 0xFF, 0xAD, 0xFF, 0xAD, 0xFF, 0xAD, 0xFF, 0xAD, 0xFF, 0xAD, 0xFF, 0xAD
    .byte 0xFF, 0xAD, 0xFF, 0xAD, 0xFF, 0xAD, 0xFF, 0xAD, 0xFF, 0xAD, 0xFF, 0xAD, 0xFF, 0xAD, 0xFF, 0xAD, 0xFF, 0xAD, 0xFF, 0xAD, 0xFF, 0xAD, 0xFF, 0xAD, 0xFF, 0xAD, 0xFF, 0xAD, 0xFF, 0xAD, 0xFF, 0xAD
    .byte 0xFF, 0xAD, 0xFF, 0xAD, 0xFF, 0xAD, 0xFF, 0xAD, 0xFF, 0xAD, 0xFF, 0xAD, 0xFF, 0xAD, 0xFF, 0xAD, 0xFF, 0xAD, 0xFF, 0xAD, 0xFF, 0xAD, 0xFF, 0xAD, 0xFF, 0xAD, 0xFF, 0xAD, 0xFF, 0xAD, 0xFF, 0xAD
    .byte 0xFF, 0xAD, 0xFF, 0xAD, 0xFF, 0xAD, 0xFF, 0xAD, 0xFF, 0xAD, 0xFF, 0xAD, 0xFF, 0xAD, 0xFF, 0xAD, 0xFF, 0xAD, 0xFF, 0xAD, 0xFF, 0xAD, 0xFF, 0xAD, 0xFF, 0xAD, 0xFF, 0xAD, 0xFF, 0xAD, 0xFF, 0xAD
    .byte 0xFF, 0xAD, 0xFF, 0xAD, 0xFF, 0xAD, 0xFF, 0xAD, 0xFF, 0xAD, 0xFF, 0xAD, 0xFF, 0xAD, 0xFF, 0xAD, 0xFF, 0xAD, 0xFF, 0xAD, 0xFF, 0xAD, 0xFF, 0xAD, 0xFF, 0xAD, 0xFF, 0xAD, 0xFF, 0xAD, 0xFF, 0x03
    .byte 0x03, 0xAD, 0x03, 0x03, 0xFF, 0xAD, 0xFF, 0xAD, 0x03, 0x03, 0x03, 0x74, 0xFF, 0xAD, 0x74, 0x74, 0xFF, 0xAD, 0xFF, 0xAD, 0x74, 0xAD, 0x74, 0xAD, 0xFF, 0x74, 0x74, 0x6B, 0x6B, 0x74, 0x6B, 0x6B
    .byte 0xA4, 0xA4, 0xA4, 0xA4, 0xA4, 0xA4, 0xA4, 0xA4, 0xA4, 0xA4, 0xAD, 0xAD, 0xAD, 0xAD, 0xAD, 0xAD, 0xAD, 0xAD, 0xAD, 0xAD, 0xAD, 0xAD, 0xAD, 0xAD, 0xAD, 0xAD, 0xAD, 0xAD, 0xAD, 0xAD, 0xAD, 0xAD
    .byte 0xAD, 0xAD, 0xAD, 0xAD, 0xAD, 0xAD, 0xAD, 0xAD, 0xAD, 0xAD, 0xAD, 0xAD, 0xAD, 0xAD, 0xAD, 0xAD, 0xAD, 0xAD, 0xAD, 0xAD, 0xAD, 0xAD, 0xAD, 0xAD, 0xAD, 0xAD, 0xAD, 0xAD, 0xAD, 0xAD, 0xAD, 0xAD
    .byte 0xAD, 0xAD, 0xAD, 0xAD, 0xAD, 0xAD, 0xAD, 0xAD, 0xAD, 0xAD, 0xAD, 0xAD, 0xAD, 0xAD, 0xAD, 0xAD, 0xAD, 0xAD, 0xAD, 0xAD, 0xAD, 0xAD, 0xAD, 0xAD, 0xAD, 0xAD, 0xAD, 0xAD, 0xAD, 0xAD, 0xAD, 0xAD
    .byte 0xAD, 0xAD, 0xAD, 0xAD, 0xAD, 0xAD, 0xAD, 0xAD, 0xAD, 0xAD, 0xAD, 0xAD, 0xAD, 0xAD, 0xAD, 0xAD, 0xAD, 0xAD, 0xAD, 0xAD, 0xAD, 0xAD, 0xAD, 0xAD, 0xAD, 0xAD, 0xAD, 0xAD, 0xAD, 0xAD, 0xAD, 0xAD
    .byte 0xAD, 0xAD, 0xAD, 0xAD, 0xAD, 0xAD, 0xAD, 0xAD, 0xAD, 0xAD, 0xAD, 0xAD, 0xAD, 0xAD, 0xAD, 0xAD, 0xAD, 0xAD, 0xAD, 0xAD, 0xAD, 0xAD, 0xAD, 0xAD, 0xAD, 0xAD, 0xAD, 0xAD, 0xAD, 0xAD, 0xAD, 0xAD
    .byte 0xAD, 0xAD, 0xAD, 0xAD, 0xAD, 0xAD, 0xAD, 0xAD, 0xAD, 0xAD, 0xAD, 0xAD, 0xAD, 0xAD, 0xAD, 0xAD, 0xAD, 0xAD, 0xAD, 0xAD, 0xAD, 0xAD, 0xAD, 0xAD, 0xAD, 0xAD, 0xAD, 0xAD, 0xAD, 0xAD, 0xAD, 0xAD
    .byte 0xAD, 0xAD, 0xAD, 0xAD, 0xAD, 0xAD, 0xAD, 0xAD, 0xAD, 0xAD, 0xAD, 0xAD, 0xAD, 0xAD, 0xAD, 0xAD, 0xAD, 0xAD, 0xAD, 0xAD, 0xAD, 0xAD, 0xAD, 0xAD, 0xAD, 0xAD, 0xAD, 0xAD, 0xAD, 0xAD, 0xAD, 0xAD
    .byte 0xAD, 0xAD, 0xAD, 0xAD, 0xAD, 0xAD, 0xAD, 0xAD, 0xAD, 0xAD, 0xAD, 0xAD, 0xAD, 0xAD, 0xAD, 0xAD, 0xAD, 0xAD, 0xAD, 0xAD, 0xAD, 0xAD, 0xAD, 0xAD, 0xAD, 0xAD, 0xAD, 0xAD, 0xAD, 0xAD, 0xAD, 0xAD
    .byte 0xAD, 0xAD, 0xAD, 0xAD, 0xAD, 0xAD, 0xAD, 0xAD, 0xAD, 0xAD, 0xAD, 0xAD, 0xAD, 0xAD, 0xAD, 0xAD, 0xAD, 0xAD, 0xAD, 0xAD, 0xAD, 0xAD, 0xAD, 0xAD, 0xAD, 0xAD, 0xAD, 0xAD, 0xAD, 0xAD, 0x5A, 0x03
    .byte 0xAD, 0x03, 0x03, 0x03, 0x03, 0x03, 0x03, 0xAD, 0x03, 0x03, 0xAD, 0x74, 0x74, 0x74, 0xAD, 0xAD, 0x74, 0x74, 0xAD, 0xAD, 0x74, 0x74, 0xAD, 0xAD, 0x74, 0x74, 0x6B, 0x6B, 0x5A, 0x5A, 0x5A, 0x6B
    .byte 0xA4, 0xA4, 0xA4, 0xA4, 0xA4, 0xA4, 0xA4, 0xA4, 0xA4, 0xA4, 0xFF, 0xAD, 0xFF, 0xAD, 0xFF, 0xAD, 0xFF, 0xAD, 0xFF, 0xAD, 0xFF, 0xAD, 0xFF, 0xAD, 0xFF, 0xAD, 0xFF, 0xAD, 0xFF, 0xAD, 0xFF, 0xAD
    .byte 0xFF, 0xAD, 0xFF, 0xAD, 0xFF, 0xAD, 0xFF, 0xAD, 0xFF, 0xAD, 0xFF, 0xAD, 0xFF, 0xAD, 0xFF, 0xAD, 0xFF, 0xAD, 0xFF, 0xAD, 0xFF, 0xAD, 0xFF, 0xAD, 0xFF, 0xAD, 0xFF, 0xAD, 0xFF, 0xAD, 0xFF, 0xAD
    .byte 0xFF, 0xAD, 0xFF, 0xAD, 0xFF, 0xAD, 0xFF, 0xAD, 0xFF, 0xAD, 0xFF, 0xAD, 0xFF, 0xAD, 0xFF, 0xAD, 0xFF, 0xAD, 0xFF, 0xAD, 0xFF, 0xAD, 0xFF, 0xAD, 0xFF, 0xAD, 0xFF, 0xAD, 0xFF, 0xAD, 0xFF, 0xAD
    .byte 0xFF, 0xAD, 0xFF, 0xAD, 0xFF, 0xAD, 0xFF, 0xAD, 0xFF, 0xAD, 0xFF, 0xAD, 0xFF, 0xAD, 0xFF, 0xAD, 0xFF, 0xAD, 0xFF, 0xAD, 0xFF, 0xAD, 0xFF, 0xAD, 0xFF, 0xAD, 0xFF, 0xAD, 0xFF, 0xAD, 0xFF, 0xAD
    .byte 0xFF, 0xAD, 0xFF, 0xAD, 0xFF, 0xAD, 0xFF, 0xAD, 0xFF, 0xAD, 0xFF, 0xAD, 0xFF, 0xAD, 0xFF, 0xAD, 0xFF, 0xAD, 0xFF, 0xAD, 0xFF, 0xAD, 0xFF, 0xAD, 0xFF, 0xAD, 0xFF, 0xAD, 0xFF, 0xAD, 0xFF, 0xAD
    .byte 0xFF, 0xAD, 0xFF, 0xAD, 0xFF, 0xAD, 0xFF, 0xAD, 0xFF, 0xAD, 0xFF, 0xAD, 0xFF, 0xAD, 0xFF, 0xAD, 0xFF, 0xAD, 0xFF, 0xAD, 0xFF, 0xAD, 0xFF, 0xAD, 0xFF, 0xAD, 0xFF, 0xAD, 0xFF, 0xAD, 0xFF, 0xAD
    .byte 0xFF, 0xAD, 0xFF, 0xAD, 0xFF, 0xAD, 0xFF, 0xAD, 0xFF, 0xAD, 0xFF, 0xAD, 0xFF, 0xAD, 0xFF, 0xAD, 0xFF, 0xAD, 0xFF, 0xAD, 0xFF, 0xAD, 0xFF, 0xAD, 0xFF, 0xAD, 0xFF, 0xAD, 0xFF, 0xAD, 0xFF, 0xAD
    .byte 0xFF, 0xAD, 0xFF, 0xAD, 0xFF, 0xAD, 0xFF, 0xAD, 0xFF, 0xAD, 0xFF, 0xAD, 0xFF, 0xAD, 0xFF, 0xAD, 0xFF, 0xAD, 0xFF, 0xAD, 0xFF, 0xAD, 0xFF, 0xAD, 0xFF, 0xAD, 0xFF, 0xAD, 0xFF, 0xAD, 0xFF, 0xAD
    .byte 0xFF, 0xAD, 0xFF, 0xAD, 0xFF, 0xAD, 0xFF, 0xAD, 0xFF, 0xAD, 0xFF, 0xAD, 0xFF, 0xAD, 0xFF, 0xAD, 0xFF, 0xAD, 0xFF, 0xAD, 0xFF, 0xAD, 0xFF, 0xAD, 0xFF, 0xAD, 0xFF, 0xAD, 0xFF, 0xAD, 0xFF, 0xAD
    .byte 0x03, 0x03, 0x03, 0x03, 0x03, 0x03, 0x03, 0x03, 0x03, 0x03, 0x74, 0xAD, 0xFF, 0x5A, 0xFF, 0xAD, 0x74, 0xAD, 0xFF, 0xAD, 0x74, 0x74, 0x74, 0x74, 0xFF, 0x74, 0x5A, 0x74, 0x5A, 0x6B, 0x5A, 0x5A
    .byte 0xA4, 0xA4, 0xA4, 0xA4, 0xA4, 0xA4, 0xA4, 0xA4, 0xA4, 0xA4, 0xAD, 0xAD, 0xAD, 0xFF, 0xAD, 0xAD, 0xAD, 0xFF, 0xAD, 0xAD, 0xAD, 0xFF, 0xAD, 0xAD, 0xAD, 0xFF, 0xAD, 0xAD, 0xAD, 0xFF, 0xAD, 0xAD
    .byte 0xAD, 0xFF, 0xAD, 0xAD, 0xAD, 0xFF, 0xAD, 0xAD, 0xAD, 0xFF, 0xAD, 0xAD, 0xAD, 0xFF, 0xAD, 0xAD, 0xAD, 0xFF, 0xAD, 0xAD, 0xAD, 0xFF, 0xAD, 0xAD, 0xAD, 0xFF, 0xAD, 0xAD, 0xAD, 0xFF, 0xAD, 0xAD
    .byte 0xAD, 0xFF, 0xAD, 0xAD, 0xAD, 0xFF, 0xAD, 0xAD, 0xAD, 0xFF, 0xAD, 0xAD, 0xAD, 0xFF, 0xAD, 0xAD, 0xAD, 0xFF, 0xAD, 0xAD, 0xAD, 0xFF, 0xAD, 0xAD, 0xAD, 0xFF, 0xAD, 0xAD, 0xAD, 0xFF, 0xAD, 0xAD
    .byte 0xAD, 0xFF, 0xAD, 0xAD, 0xAD, 0xFF, 0xAD, 0xAD, 0xAD, 0xFF, 0xAD, 0xAD, 0xAD, 0xFF, 0xAD, 0xAD, 0xAD, 0xFF, 0xAD, 0xAD, 0xAD, 0xFF, 0xAD, 0xAD, 0xAD, 0xFF, 0xAD, 0xAD, 0xAD, 0xFF, 0xAD, 0xAD
    .byte 0xAD, 0xFF, 0xAD, 0xAD, 0xAD, 0xFF, 0xAD, 0xAD, 0xAD, 0xFF, 0xAD, 0xAD, 0xAD, 0xFF, 0xAD, 0xAD, 0xAD, 0xFF, 0xAD, 0xAD, 0xAD, 0xFF, 0xAD, 0xAD, 0xAD, 0xFF, 0xAD, 0xAD, 0xAD, 0xFF, 0xAD, 0xAD
    .byte 0xAD, 0xFF, 0xAD, 0xAD, 0xAD, 0xFF, 0xAD, 0xAD, 0xAD, 0xFF, 0xAD, 0xAD, 0xAD, 0xFF, 0xAD, 0xAD, 0xAD, 0xFF, 0xAD, 0xAD, 0xAD, 0xFF, 0xAD, 0xAD, 0xAD, 0xFF, 0xAD, 0xAD, 0xAD, 0xFF, 0xAD, 0xAD
    .byte 0xAD, 0xFF, 0xAD, 0xAD, 0xAD, 0xFF, 0xAD, 0xAD, 0xAD, 0xFF, 0xAD, 0xAD, 0xAD, 0xFF, 0xAD, 0xAD, 0xAD, 0xFF, 0xAD, 0xAD, 0xAD, 0xFF, 0xAD, 0xAD, 0xAD, 0xFF, 0xAD, 0xAD, 0xAD, 0xFF, 0xAD, 0xAD
    .byte 0xAD, 0xFF, 0xAD, 0xAD, 0xAD, 0xFF, 0xAD, 0xAD, 0xAD, 0xFF, 0xAD, 0xAD, 0xAD, 0xFF, 0xAD, 0xAD, 0xAD, 0xFF, 0xAD, 0xAD, 0xAD, 0xFF, 0xAD, 0xAD, 0xAD, 0xFF, 0xAD, 0xAD, 0xAD, 0xFF, 0xAD, 0xAD
    .byte 0xAD, 0xFF, 0xAD, 0xAD, 0xAD, 0xFF, 0xAD, 0xAD, 0xAD, 0xFF, 0xAD, 0xAD, 0xAD, 0xFF, 0xAD, 0xAD, 0xAD, 0xFF, 0xAD, 0xAD, 0xAD, 0xFF, 0xAD, 0xAD, 0xAD, 0xFF, 0xAD, 0xAD, 0xAD, 0xFF, 0xAD, 0x03
    .byte 0xAD, 0x03, 0x03, 0x03, 0x03, 0x03, 0x03, 0x03, 0x5A, 0x03, 0x03, 0xAD, 0x74, 0x5A, 0xAD, 0x74, 0x5A, 0x74, 0x74, 0x74, 0xAD, 0xFF, 0x74, 0x74, 0x74, 0x5A, 0x5A, 0x6B, 0x5A, 0x5A, 0x74, 0x6B
    .byte 0xA4, 0xA4, 0xA4, 0xA4, 0xA4, 0xA4, 0xA4, 0xA4, 0xA4, 0xA4, 0xFF, 0xAD, 0xFF, 0xAD, 0xFF, 0xAD, 0xFF, 0xAD, 0xFF, 0xAD, 0xFF, 0xAD, 0xFF, 0xAD, 0xFF, 0xAD, 0xFF, 0xAD, 0xFF, 0xAD, 0xFF, 0xAD
    .byte 0xFF, 0xAD, 0xFF, 0xAD, 0xFF, 0xAD, 0xFF, 0xAD, 0xFF, 0xAD, 0xFF, 0xAD, 0xFF, 0xAD, 0xFF, 0xAD, 0xFF, 0xAD, 0xFF, 0xAD, 0xFF, 0xAD, 0xFF, 0xAD, 0xFF, 0xAD, 0xFF, 0xAD, 0xFF, 0xAD, 0xFF, 0xAD
    .byte 0xFF, 0xAD, 0xFF, 0xAD, 0xFF, 0xAD, 0xFF, 0xAD, 0xFF, 0xAD, 0xFF, 0xAD, 0xFF, 0xAD, 0xFF, 0xAD, 0xFF, 0xAD, 0xFF, 0xAD, 0xFF, 0xAD, 0xFF, 0xAD, 0xFF, 0xAD, 0xFF, 0xAD, 0xFF, 0xAD, 0xFF, 0xAD
    .byte 0xFF, 0xAD, 0xFF, 0xAD, 0xFF, 0xAD, 0xFF, 0xAD, 0xFF, 0xAD, 0xFF, 0xAD, 0xFF, 0xAD, 0xFF, 0xAD, 0xFF, 0xAD, 0xFF, 0xAD, 0xFF, 0xAD, 0xFF, 0xAD, 0xFF, 0xAD, 0xFF, 0xAD, 0xFF, 0xAD, 0xFF, 0xAD
    .byte 0xFF, 0xAD, 0xFF, 0xAD, 0xFF, 0xAD, 0xFF, 0xAD, 0xFF, 0xAD, 0xFF, 0xAD, 0xFF, 0xAD, 0xFF, 0xAD, 0xFF, 0xAD, 0xFF, 0xAD, 0xFF, 0xAD, 0xFF, 0xAD, 0xFF, 0xAD, 0xFF, 0xAD, 0xFF, 0xAD, 0xFF, 0xAD
    .byte 0xFF, 0xAD, 0xFF, 0xAD, 0xFF, 0xAD, 0xFF, 0xAD, 0xFF, 0xAD, 0xFF, 0xAD, 0xFF, 0xAD, 0xFF, 0xAD, 0xFF, 0xAD, 0xFF, 0xAD, 0xFF, 0xAD, 0xFF, 0xAD, 0xFF, 0xAD, 0xFF, 0xAD, 0xFF, 0xAD, 0xFF, 0xAD
    .byte 0xFF, 0xAD, 0xFF, 0xAD, 0xFF, 0xAD, 0xFF, 0xAD, 0xFF, 0xAD, 0xFF, 0xAD, 0xFF, 0xAD, 0xFF, 0xAD, 0xFF, 0xAD, 0xFF, 0xAD, 0xFF, 0xAD, 0xFF, 0xAD, 0xFF, 0xAD, 0xFF, 0xAD, 0xFF, 0xAD, 0xFF, 0xAD
    .byte 0xFF, 0xAD, 0xFF, 0xAD, 0xFF, 0xAD, 0xFF, 0xAD, 0xFF, 0xAD, 0xFF, 0xAD, 0xFF, 0xAD, 0xFF, 0xAD, 0xFF, 0xAD, 0xFF, 0xAD, 0xFF, 0xAD, 0xFF, 0xAD, 0xFF, 0xAD, 0xFF, 0xAD, 0xFF, 0xAD, 0xFF, 0xAD
    .byte 0xFF, 0xAD, 0xFF, 0xAD, 0xFF, 0xAD, 0xFF, 0xAD, 0xFF, 0xAD, 0xFF, 0xAD, 0xFF, 0xAD, 0xFF, 0xAD, 0xFF, 0xAD, 0xFF, 0xAD, 0xFF, 0xAD, 0xFF, 0xAD, 0xFF, 0xAD, 0xFF, 0xAD, 0xFF, 0xAD, 0x5A, 0x03
    .byte 0x03, 0x03, 0x03, 0x03, 0x03, 0x03, 0x03, 0x03, 0x03, 0x03, 0x03, 0xAD, 0xFF, 0xAD, 0xFF, 0x5A, 0x74, 0x74, 0xFF, 0x74, 0xFF, 0x74, 0x5A, 0x74, 0x5A, 0xAD, 0x5A, 0x5A, 0x5A, 0x6B, 0x5A, 0x5A
    .byte 0xB6, 0xB6, 0xB6, 0xB6, 0xB6, 0xB6, 0xB6, 0xB6, 0xB6, 0xB6, 0xAD, 0xAD, 0xAD, 0xAD, 0xAD, 0xAD, 0xAD, 0xAD, 0xAD, 0xAD, 0xAD, 0xAD, 0xAD, 0xAD, 0xAD, 0xAD, 0xAD, 0xAD, 0xAD, 0xAD, 0xAD, 0xAD
    .byte 0xAD, 0xAD, 0xAD, 0xAD, 0xAD, 0xAD, 0xAD, 0xAD, 0xAD, 0xAD, 0xAD, 0xAD, 0xAD, 0xAD, 0xAD, 0xAD, 0xAD, 0xAD, 0xAD, 0xAD, 0xAD, 0xAD, 0xAD, 0xAD, 0xAD, 0xAD, 0xAD, 0xAD, 0xAD, 0xAD, 0xAD, 0xAD
    .byte 0xAD, 0xAD, 0xAD, 0xAD, 0xAD, 0xAD, 0xAD, 0xAD, 0xAD, 0xAD, 0xAD, 0xAD, 0xAD, 0xAD, 0xAD, 0xAD, 0xAD, 0xAD, 0xAD, 0xAD, 0xAD, 0xAD, 0xAD, 0xAD, 0xAD, 0xAD, 0xAD, 0xAD, 0xAD, 0xAD, 0xAD, 0xAD
    .byte 0xAD, 0xAD, 0xAD, 0xAD, 0xAD, 0xAD, 0xAD, 0xAD, 0xAD, 0xAD, 0xAD, 0xAD, 0xAD, 0xAD, 0xAD, 0xAD, 0xAD, 0xAD, 0xAD, 0xAD, 0xAD, 0xAD, 0xAD, 0xAD, 0xAD, 0xAD, 0xAD, 0xAD, 0xAD, 0xAD, 0xAD, 0xAD
    .byte 0xAD, 0xAD, 0xAD, 0xAD, 0xAD, 0xAD, 0xAD, 0xAD, 0xAD, 0xAD, 0xAD, 0xAD, 0xAD, 0xAD, 0xAD, 0xAD, 0xAD, 0xAD, 0xAD, 0xAD, 0xAD, 0xAD, 0xAD, 0xAD, 0xAD, 0xAD, 0xAD, 0xAD, 0xAD, 0xAD, 0xAD, 0xAD
    .byte 0xAD, 0xAD, 0xAD, 0xAD, 0xAD, 0xAD, 0xAD, 0xAD, 0xAD, 0xAD, 0xAD, 0xAD, 0xAD, 0xAD, 0xAD, 0xAD, 0xAD, 0xAD, 0xAD, 0xAD, 0xAD, 0xAD, 0xAD, 0xAD, 0xAD, 0xAD, 0xAD, 0xAD, 0xAD, 0xAD, 0xAD, 0xAD
    .byte 0xAD, 0xAD, 0xAD, 0xAD, 0xAD, 0xAD, 0xAD, 0xAD, 0xAD, 0xAD, 0xAD, 0xAD, 0xAD, 0xAD, 0xAD, 0xAD, 0xAD, 0xAD, 0xAD, 0xAD, 0xAD, 0xAD, 0xAD, 0xAD, 0xAD, 0xAD, 0xAD, 0xAD, 0xAD, 0xAD, 0xAD, 0xAD
    .byte 0xAD, 0xAD, 0xAD, 0xAD, 0xAD, 0xAD, 0xAD, 0xAD, 0xAD, 0xAD, 0xAD, 0xAD, 0xAD, 0xAD, 0xAD, 0xAD, 0xAD, 0xAD, 0xAD, 0xAD, 0xAD, 0xAD, 0xAD, 0xAD, 0xAD, 0xAD, 0xAD, 0xAD, 0xAD, 0xAD, 0xAD, 0xAD
    .byte 0xAD, 0xAD, 0xAD, 0xAD, 0xAD, 0xAD, 0xAD, 0xAD, 0xAD, 0xAD, 0xAD, 0xAD, 0xAD, 0xAD, 0xAD, 0xAD, 0xAD, 0xAD, 0xAD, 0xAD, 0xAD, 0xAD, 0xAD, 0xAD, 0xAD, 0xAD, 0x5A, 0xAD, 0xAD, 0xAD, 0x5A, 0x03
    .byte 0x03, 0x03, 0x03, 0x03, 0x03, 0x03, 0x03, 0x03, 0x03, 0x03, 0x5A, 0xAD, 0xAD, 0xAD, 0x74, 0x74, 0xAD, 0x74, 0x74, 0x5A, 0x74, 0x5A, 0x74, 0x5A, 0x5A, 0x74, 0x5A, 0x5A, 0x6B, 0x5A, 0x5A, 0x5A
    .byte 0xB6, 0xB6, 0xB6, 0xB6, 0xB6, 0xB6, 0xB6, 0xB6, 0xB6, 0xB6, 0xFF, 0xAD, 0xFF, 0xAD, 0xFF, 0xAD, 0xFF, 0xAD, 0xFF, 0xAD, 0xFF, 0xAD, 0xFF, 0xAD, 0xFF, 0xAD, 0xFF, 0xAD, 0xFF, 0xAD, 0xFF, 0xAD
    .byte 0xFF, 0xAD, 0xFF, 0xAD, 0xFF, 0xAD, 0xFF, 0xAD, 0xFF, 0xAD, 0xFF, 0xAD, 0xFF, 0xAD, 0xFF, 0xAD, 0xFF, 0xAD, 0xFF, 0xAD, 0xFF, 0xAD, 0xFF, 0xAD, 0xFF, 0xAD, 0xFF, 0xAD, 0xFF, 0xAD, 0xFF, 0xAD
    .byte 0xFF, 0xAD, 0xFF, 0xAD, 0xFF, 0xAD, 0xFF, 0xAD, 0xFF, 0xAD, 0xFF, 0xAD, 0xFF, 0xAD, 0xFF, 0xAD, 0xFF, 0xAD, 0xFF, 0xAD, 0xFF, 0xAD, 0xFF, 0xAD, 0xFF, 0xAD, 0xFF, 0xAD, 0xFF, 0xAD, 0xFF, 0xAD
    .byte 0xFF, 0xAD, 0xFF, 0xAD, 0xFF, 0xAD, 0xFF, 0xAD, 0xFF, 0xAD, 0xFF, 0xAD, 0xFF, 0xAD, 0xFF, 0xAD, 0xFF, 0xAD, 0xFF, 0xAD, 0xFF, 0xAD, 0xFF, 0xAD, 0xFF, 0xAD, 0xFF, 0xAD, 0xFF, 0xAD, 0xFF, 0xAD
    .byte 0xFF, 0xAD, 0xFF, 0xAD, 0xFF, 0xAD, 0xFF, 0xAD, 0xFF, 0xAD, 0xFF, 0xAD, 0xFF, 0xAD, 0xFF, 0xAD, 0xFF, 0xAD, 0xFF, 0xAD, 0xFF, 0xAD, 0xFF, 0xAD, 0xFF, 0xAD, 0xFF, 0xAD, 0xFF, 0xAD, 0xFF, 0xAD
    .byte 0xFF, 0xAD, 0xFF, 0xAD, 0xFF, 0xAD, 0xFF, 0xAD, 0xFF, 0xAD, 0xFF, 0xAD, 0xFF, 0xAD, 0xFF, 0xAD, 0xFF, 0xAD, 0xFF, 0xAD, 0xFF, 0xAD, 0xFF, 0xAD, 0xFF, 0xAD, 0xFF, 0xAD, 0xFF, 0xAD, 0xFF, 0xAD
    .byte 0xFF, 0xAD, 0xFF, 0xAD, 0xFF, 0xAD, 0xFF, 0xAD, 0xFF, 0xAD, 0xFF, 0xAD, 0xFF, 0xAD, 0xFF, 0xAD, 0xFF, 0xAD, 0xFF, 0xAD, 0xFF, 0xAD, 0xFF, 0xAD, 0xFF, 0xAD, 0xFF, 0xAD, 0xFF, 0xAD, 0xFF, 0xAD
    .byte 0xFF, 0xAD, 0xFF, 0xAD, 0xFF, 0xAD, 0xFF, 0xAD, 0xFF, 0xAD, 0xFF, 0xAD, 0xFF, 0xAD, 0xFF, 0xAD, 0xFF, 0xAD, 0xFF, 0xAD, 0xFF, 0xAD, 0xFF, 0xAD, 0xFF, 0xAD, 0xFF, 0xAD, 0xFF, 0xAD, 0xFF, 0xAD
    .byte 0xFF, 0xAD, 0xFF, 0xAD, 0xFF, 0xAD, 0xFF, 0xAD, 0xFF, 0xAD, 0xFF, 0xAD, 0xFF, 0xAD, 0xFF, 0xAD, 0xFF, 0xAD, 0xFF, 0xAD, 0xFF, 0xAD, 0xFF, 0xAD, 0xFF, 0xAD, 0xFF, 0x5A, 0xFF, 0xAD, 0x5A, 0x03
    .byte 0x03, 0x03, 0x03, 0x03, 0x03, 0x03, 0x03, 0x03, 0x03, 0x03, 0x03, 0x5A, 0x5A, 0x74, 0x74, 0x74, 0xFF, 0x74, 0xFF, 0x74, 0xFF, 0xAD, 0x74, 0xAD, 0x5A, 0x5A, 0x6B, 0x5A, 0x5A, 0x5A, 0x6B, 0x6B
    .byte 0xB6, 0xB6, 0xB6, 0xB6, 0xB6, 0xB6, 0xB6, 0xB6, 0xB6, 0xB6, 0xAD, 0xAD, 0xAD, 0xFF, 0xAD, 0xAD, 0xAD, 0xFF, 0xAD, 0xAD, 0xAD, 0xFF, 0xAD, 0xAD, 0xAD, 0xFF, 0xAD, 0xAD, 0xAD, 0xFF, 0xAD, 0xAD
    .byte 0xAD, 0xFF, 0xAD, 0xAD, 0xAD, 0xFF, 0xAD, 0xAD, 0xAD, 0xFF, 0xAD, 0xAD, 0xAD, 0xFF, 0xAD, 0xAD, 0xAD, 0xFF, 0xAD, 0xAD, 0xAD, 0xFF, 0xAD, 0xAD, 0xAD, 0xFF, 0xAD, 0xAD, 0xAD, 0xFF, 0xAD, 0xAD
    .byte 0xAD, 0xFF, 0xAD, 0xAD, 0xAD, 0xFF, 0xAD, 0xAD, 0xAD, 0xFF, 0xAD, 0xAD, 0xAD, 0xFF, 0xAD, 0xAD, 0xAD, 0xFF, 0xAD, 0xAD, 0xAD, 0xFF, 0xAD, 0xAD, 0xAD, 0xFF, 0xAD, 0xAD, 0xAD, 0xFF, 0xAD, 0xAD
    .byte 0xAD, 0xFF, 0xAD, 0xAD, 0xAD, 0xFF, 0xAD, 0xAD, 0xAD, 0xFF, 0xAD, 0xAD, 0xAD, 0xFF, 0xAD, 0xAD, 0xAD, 0xFF, 0xAD, 0xAD, 0xAD, 0xFF, 0xAD, 0xAD, 0xAD, 0xFF, 0xAD, 0xAD, 0xAD, 0xFF, 0xAD, 0xAD
    .byte 0xAD, 0xFF, 0xAD, 0xAD, 0xAD, 0xFF, 0xAD, 0xAD, 0xAD, 0xFF, 0xAD, 0xAD, 0xAD, 0xFF, 0xAD, 0xAD, 0xAD, 0xFF, 0xAD, 0xAD, 0xAD, 0xFF, 0xAD, 0xAD, 0xAD, 0xFF, 0xAD, 0xAD, 0xAD, 0xFF, 0xAD, 0xAD
    .byte 0xAD, 0xFF, 0xAD, 0xAD, 0xAD, 0xFF, 0xAD, 0xAD, 0xAD, 0xFF, 0xAD, 0xAD, 0xAD, 0xFF, 0xAD, 0xAD, 0xAD, 0xFF, 0xAD, 0xAD, 0xAD, 0xFF, 0xAD, 0xAD, 0xAD, 0xFF, 0xAD, 0xAD, 0xAD, 0xFF, 0xAD, 0xAD
    .byte 0xAD, 0xFF, 0xAD, 0xAD, 0xAD, 0xFF, 0xAD, 0xAD, 0xAD, 0xFF, 0xAD, 0xAD, 0xAD, 0xFF, 0xAD, 0xAD, 0xAD, 0xFF, 0xAD, 0xAD, 0xAD, 0xFF, 0xAD, 0xAD, 0xAD, 0xFF, 0xAD, 0xAD, 0xAD, 0xFF, 0xAD, 0xAD
    .byte 0xAD, 0xFF, 0xAD, 0xAD, 0xAD, 0xFF, 0xAD, 0xAD, 0xAD, 0xFF, 0xAD, 0xAD, 0xAD, 0xFF, 0xAD, 0xAD, 0xAD, 0xFF, 0xAD, 0xAD, 0xAD, 0xFF, 0xAD, 0xAD, 0xAD, 0xFF, 0xAD, 0xAD, 0xAD, 0xFF, 0xAD, 0xAD
    .byte 0xAD, 0xFF, 0xAD, 0xAD, 0xAD, 0xFF, 0xAD, 0xAD, 0xAD, 0xFF, 0xAD, 0xAD, 0xAD, 0xFF, 0xAD, 0xAD, 0xAD, 0xFF, 0xAD, 0xAD, 0xAD, 0xFF, 0xAD, 0xAD, 0xAD, 0xFF, 0x5A, 0xAD, 0xAD, 0x5A, 0xAD, 0x5A
    .byte 0x03, 0x03, 0x03, 0x03, 0x03, 0x03, 0x03, 0x03, 0x03, 0x03, 0x03, 0x03, 0x74, 0x5A, 0x74, 0x74, 0xAD, 0xFF, 0x74, 0x74, 0x5A, 0xFF, 0x74, 0x74, 0x5A, 0x6B, 0x5A, 0x5A, 0x6B, 0x5A, 0x5A, 0x6B
    .byte 0xB6, 0xB6, 0xB6, 0xB6, 0xB6, 0xB6, 0xB6, 0xB6, 0xB6, 0xB6, 0xFF, 0xAD, 0xFF, 0xAD, 0xFF, 0xAD, 0xFF, 0xAD, 0xFF, 0xAD, 0xFF, 0xAD, 0xFF, 0xAD, 0xFF, 0xAD, 0xFF, 0xAD, 0xFF, 0xAD, 0xFF, 0xAD
    .byte 0xFF, 0xAD, 0xFF, 0xAD, 0xFF, 0xAD, 0xFF, 0xAD, 0xFF, 0xAD, 0xFF, 0xAD, 0xFF, 0xAD, 0xFF, 0xAD, 0xFF, 0xAD, 0xFF, 0xAD, 0xFF, 0xAD, 0xFF, 0xAD, 0xFF, 0xAD, 0xFF, 0xAD, 0xFF, 0xAD, 0xFF, 0xAD
    .byte 0xFF, 0xAD, 0xFF, 0xAD, 0xFF, 0xAD, 0xFF, 0xAD, 0xFF, 0xAD, 0xFF, 0xAD, 0xFF, 0xAD, 0xFF, 0xAD, 0xFF, 0xAD, 0xFF, 0xAD, 0xFF, 0xAD, 0xFF, 0xAD, 0xFF, 0xAD, 0xFF, 0xAD, 0xFF, 0xAD, 0xFF, 0xAD
    .byte 0xFF, 0xAD, 0xFF, 0xAD, 0xFF, 0xAD, 0xFF, 0xAD, 0xFF, 0xAD, 0xFF, 0xAD, 0xFF, 0xAD, 0xFF, 0xAD, 0xFF, 0xAD, 0xFF, 0xAD, 0xFF, 0xAD, 0xFF, 0xAD, 0xFF, 0xAD, 0xFF, 0xAD, 0xFF, 0xAD, 0xFF, 0xAD
    .byte 0xFF, 0xAD, 0xFF, 0xAD, 0xFF, 0xAD, 0xFF, 0xAD, 0xFF, 0xAD, 0xFF, 0xAD, 0xFF, 0xAD, 0xFF, 0xAD, 0xFF, 0xAD, 0xFF, 0xAD, 0xFF, 0xAD, 0xFF, 0xAD, 0xFF, 0xAD, 0xFF, 0xAD, 0xFF, 0xAD, 0xFF, 0xAD
    .byte 0xFF, 0xAD, 0xFF, 0xAD, 0xFF, 0xAD, 0xFF, 0xAD, 0xFF, 0xAD, 0xFF, 0xAD, 0xFF, 0xAD, 0xFF, 0xAD, 0xFF, 0xAD, 0xFF, 0xAD, 0xFF, 0xAD, 0xFF, 0xAD, 0xFF, 0xAD, 0xFF, 0xAD, 0xFF, 0xAD, 0xFF, 0xAD
    .byte 0xFF, 0xAD, 0xFF, 0xAD, 0xFF, 0xAD, 0xFF, 0xAD, 0xFF, 0xAD, 0xFF, 0xAD, 0xFF, 0xAD, 0xFF, 0xAD, 0xFF, 0xAD, 0xFF, 0xAD, 0xFF, 0xAD, 0xFF, 0xAD, 0xFF, 0xAD, 0xFF, 0xAD, 0xFF, 0xAD, 0xFF, 0xAD
    .byte 0xFF, 0xAD, 0xFF, 0xAD, 0xFF, 0xAD, 0xFF, 0xAD, 0xFF, 0xAD, 0xFF, 0xAD, 0xFF, 0xAD, 0xFF, 0xAD, 0xFF, 0xAD, 0xFF, 0xAD, 0xFF, 0xAD, 0xFF, 0xAD, 0xFF, 0xAD, 0xFF, 0xAD, 0xFF, 0xAD, 0xFF, 0xAD
    .byte 0xFF, 0xAD, 0xFF, 0xAD, 0xFF, 0xAD, 0xFF, 0xAD, 0xFF, 0xAD, 0xFF, 0xAD, 0xFF, 0xAD, 0xFF, 0xAD, 0xFF, 0xAD, 0xFF, 0xAD, 0xFF, 0xAD, 0xFF, 0x03, 0xFF, 0xAD, 0xFF, 0xAD, 0x5A, 0x5A, 0xFF, 0xAD
    .byte 0x03, 0x03, 0xFF, 0x03, 0x03, 0x03, 0x5A, 0x03, 0x03, 0x03, 0x03, 0x03, 0x74, 0x74, 0x5A, 0x74, 0xFF, 0xAD, 0xFF, 0x74, 0x5A, 0x74, 0x74, 0x5A, 0x6B, 0x5A, 0x5A, 0x5A, 0x5A, 0x5A, 0x5A, 0x5A
    .byte 0xB6, 0xB6, 0xB6, 0xB6, 0xB6, 0xB6, 0xB6, 0xB6, 0xB6, 0xB6, 0xAD, 0xAD, 0xAD, 0xAD, 0xAD, 0xAD, 0xAD, 0xAD, 0xAD, 0xAD, 0xAD, 0xAD, 0xAD, 0xAD, 0xAD, 0xAD, 0xAD, 0xAD, 0xAD, 0xAD, 0xAD, 0xAD
    .byte 0xAD, 0xAD, 0xAD, 0xAD, 0xAD, 0xAD, 0xAD, 0xAD, 0xAD, 0xAD, 0xAD, 0xAD, 0xAD, 0xAD, 0xAD, 0xAD, 0xAD, 0xAD, 0xAD, 0xAD, 0xAD, 0xAD, 0xAD, 0xAD, 0xAD, 0xAD, 0xAD, 0xAD, 0xAD, 0xAD, 0xAD, 0xAD
    .byte 0xAD, 0xAD, 0xAD, 0xAD, 0xAD, 0xAD, 0xAD, 0xAD, 0xAD, 0xAD, 0xAD, 0xAD, 0xAD, 0xAD, 0xAD, 0xAD, 0xAD, 0xAD, 0xAD, 0xAD, 0xAD, 0xAD, 0xAD, 0xAD, 0xAD, 0xAD, 0xAD, 0xAD, 0xAD, 0xAD, 0xAD, 0xAD
    .byte 0xAD, 0xAD, 0xAD, 0xAD, 0xAD, 0xAD, 0xAD, 0xAD, 0xAD, 0xAD, 0xAD, 0xAD, 0xAD, 0xAD, 0xAD, 0xAD, 0xAD, 0xAD, 0xAD, 0xAD, 0xAD, 0xAD, 0xAD, 0xAD, 0xAD, 0xAD, 0xAD, 0xAD, 0xAD, 0xAD, 0xAD, 0xAD
    .byte 0xAD, 0xAD, 0xAD, 0xAD, 0xAD, 0xAD, 0xAD, 0xAD, 0xAD, 0xAD, 0xAD, 0xAD, 0xAD, 0xAD, 0xAD, 0xAD, 0xAD, 0xAD, 0xAD, 0xAD, 0xAD, 0xAD, 0xAD, 0xAD, 0xAD, 0xAD, 0xAD, 0xAD, 0xAD, 0xAD, 0xAD, 0xAD
    .byte 0xAD, 0xAD, 0xAD, 0xAD, 0xAD, 0xAD, 0xAD, 0xAD, 0xAD, 0xAD, 0xAD, 0xAD, 0xAD, 0xAD, 0xAD, 0xAD, 0xAD, 0xAD, 0xAD, 0xAD, 0xAD, 0xAD, 0xAD, 0xAD, 0xAD, 0xAD, 0xAD, 0xAD, 0xAD, 0xAD, 0xAD, 0xAD
    .byte 0xAD, 0xAD, 0xAD, 0xAD, 0xAD, 0xAD, 0xAD, 0xAD, 0xAD, 0xAD, 0xAD, 0xAD, 0xAD, 0xAD, 0xAD, 0xAD, 0xAD, 0xAD, 0xAD, 0xAD, 0xAD, 0xAD, 0xAD, 0xAD, 0xAD, 0xAD, 0xAD, 0xAD, 0xAD, 0xAD, 0xAD, 0xAD
    .byte 0xAD, 0xAD, 0xAD, 0xAD, 0xAD, 0xAD, 0xAD, 0xAD, 0xAD, 0xAD, 0xAD, 0xAD, 0xAD, 0xAD, 0xAD, 0xAD, 0xAD, 0xAD, 0xAD, 0xAD, 0xAD, 0xAD, 0xAD, 0xAD, 0xAD, 0xAD, 0xAD, 0xAD, 0xAD, 0xAD, 0xAD, 0xAD
    .byte 0xAD, 0xAD, 0xAD, 0xAD, 0xAD, 0xAD, 0xAD, 0xAD, 0xAD, 0xAD, 0xAD, 0xAD, 0xAD, 0xAD, 0xAD, 0xAD, 0xAD, 0xAD, 0xAD, 0xAD, 0xAD, 0xAD, 0xAD, 0x03, 0xAD, 0xAD, 0xAD, 0xAD, 0xAD, 0x03, 0xAD, 0x5A
    .byte 0x03, 0x03, 0x03, 0x03, 0x03, 0x03, 0x74, 0xAD, 0x03, 0x03, 0x03, 0x03, 0x74, 0x74, 0x74, 0xAD, 0x74, 0xAD, 0x74, 0x74, 0x74, 0x6B, 0x74, 0x6B, 0x5A, 0x5A, 0x6B, 0x5A, 0x5A, 0x6B, 0x5A, 0x5A
    .byte 0xB6, 0xB6, 0xB6, 0xB6, 0xB6, 0xB6, 0xB6, 0xB6, 0xB6, 0xB6, 0xFF, 0xAD, 0xFF, 0xAD, 0xFF, 0xAD, 0xFF, 0xAD, 0xFF, 0xAD, 0xFF, 0xAD, 0xFF, 0xAD, 0xFF, 0xAD, 0xFF, 0xAD, 0xFF, 0xAD, 0xFF, 0xAD
    .byte 0xFF, 0xAD, 0xFF, 0xAD, 0xFF, 0xAD, 0xFF, 0xAD, 0xFF, 0xAD, 0xFF, 0xAD, 0xFF, 0xAD, 0xFF, 0xAD, 0xFF, 0xAD, 0xFF, 0xAD, 0xFF, 0xAD, 0xFF, 0xAD, 0xFF, 0xAD, 0xFF, 0xAD, 0xFF, 0xAD, 0xFF, 0xAD
    .byte 0xFF, 0xAD, 0xFF, 0xAD, 0xFF, 0xAD, 0xFF, 0xAD, 0xFF, 0xAD, 0xFF, 0xAD, 0xFF, 0xAD, 0xFF, 0xAD, 0xFF, 0xAD, 0xFF, 0xAD, 0xFF, 0xAD, 0xFF, 0xAD, 0xFF, 0xAD, 0xFF, 0xAD, 0xFF, 0xAD, 0xFF, 0xAD
    .byte 0xFF, 0xAD, 0xFF, 0xAD, 0xFF, 0xAD, 0xFF, 0xAD, 0xFF, 0xAD, 0xFF, 0xAD, 0xFF, 0xAD, 0xFF, 0xAD, 0xFF, 0xAD, 0xFF, 0xAD, 0xFF, 0xAD, 0xFF, 0xAD, 0xFF, 0xAD, 0xFF, 0xAD, 0xFF, 0xAD, 0xFF, 0xAD
    .byte 0xFF, 0xAD, 0xFF, 0xAD, 0xFF, 0xAD, 0xFF, 0xAD, 0xFF, 0xAD, 0xFF, 0xAD, 0xFF, 0xAD, 0xFF, 0xAD, 0xFF, 0xAD, 0xFF, 0xAD, 0xFF, 0xAD, 0xFF, 0xAD, 0xFF, 0xAD, 0xFF, 0xAD, 0xFF, 0xAD, 0xFF, 0xAD
    .byte 0xFF, 0xAD, 0xFF, 0xAD, 0xFF, 0xAD, 0xFF, 0xAD, 0xFF, 0xAD, 0xFF, 0xAD, 0xFF, 0xAD, 0xFF, 0xAD, 0xFF, 0xAD, 0xFF, 0xAD, 0xFF, 0xAD, 0xFF, 0xAD, 0xFF, 0xAD, 0xFF, 0xAD, 0xFF, 0xAD, 0xFF, 0xAD
    .byte 0xFF, 0xAD, 0xFF, 0xAD, 0xFF, 0xAD, 0xFF, 0xAD, 0xFF, 0xAD, 0xFF, 0xAD, 0xFF, 0xAD, 0xFF, 0xAD, 0xFF, 0xAD, 0xFF, 0xAD, 0xFF, 0xAD, 0xFF, 0xAD, 0xFF, 0xAD, 0xFF, 0xAD, 0xFF, 0xAD, 0xFF, 0xAD
    .byte 0xFF, 0xAD, 0xFF, 0xAD, 0xFF, 0xAD, 0xFF, 0xAD, 0xFF, 0xAD, 0xFF, 0xAD, 0xFF, 0xAD, 0xFF, 0xAD, 0xFF, 0xAD, 0xFF, 0xAD, 0xFF, 0xAD, 0xFF, 0xAD, 0xFF, 0xAD, 0xFF, 0xAD, 0xFF, 0xAD, 0xFF, 0xAD
    .byte 0xFF, 0xAD, 0xFF, 0xAD, 0xFF, 0xAD, 0xFF, 0xAD, 0xFF, 0xAD, 0xFF, 0xAD, 0xFF, 0xAD, 0xFF, 0xAD, 0xFF, 0xAD, 0xFF, 0xAD, 0xFF, 0x03, 0xFF, 0xAD, 0x03, 0x03, 0x03, 0x03, 0xFF, 0x5A, 0x03, 0x03
    .byte 0x03, 0x03, 0x03, 0x03, 0x03, 0x03, 0x03, 0x03, 0x74, 0x03, 0x03, 0x74, 0x74, 0xAD, 0x74, 0x5A, 0x74, 0x74, 0x5A, 0xAD, 0x74, 0x74, 0xFF, 0x5A, 0x5A, 0x5A, 0x5A, 0x5A, 0x5A, 0x5A, 0x5A, 0x5A
    .byte 0xB6, 0xB6, 0xB6, 0xB6, 0xB6, 0xB6, 0xB6, 0xB6, 0xB6, 0xB6, 0xAD, 0xAD, 0xAD, 0xFF, 0xAD, 0xAD, 0xAD, 0xFF, 0xAD, 0xAD, 0xAD, 0xFF, 0xAD, 0xAD, 0xAD, 0xFF, 0xAD, 0xAD, 0xAD, 0xFF, 0xAD, 0xAD
    .byte 0xAD, 0xFF, 0xAD, 0xAD, 0xAD, 0xFF, 0xAD, 0xAD, 0xAD, 0xFF, 0xAD, 0xAD, 0xAD, 0xFF, 0xAD, 0xAD, 0xAD, 0xFF, 0xAD, 0xAD, 0xAD, 0xFF, 0xAD, 0xAD, 0xAD, 0xFF, 0xAD, 0xAD, 0xAD, 0xFF, 0xAD, 0xAD
    .byte 0xAD, 0xFF, 0xAD, 0xAD, 0xAD, 0xFF, 0xAD, 0xAD, 0xAD, 0xFF, 0xAD, 0xAD, 0xAD, 0xFF, 0xAD, 0xAD, 0xAD, 0xFF, 0xAD, 0xAD, 0xAD, 0xFF, 0xAD, 0xAD, 0xAD, 0xFF, 0xAD, 0xAD, 0xAD, 0xFF, 0xAD, 0xAD
    .byte 0xAD, 0xFF, 0xAD, 0xAD, 0xAD, 0xFF, 0xAD, 0xAD, 0xAD, 0xFF, 0xAD, 0xAD, 0xAD, 0xFF, 0xAD, 0xAD, 0xAD, 0xFF, 0xAD, 0xAD, 0xAD, 0xFF, 0xAD, 0xAD, 0xAD, 0xFF, 0xAD, 0xAD, 0xAD, 0xFF, 0xAD, 0xAD
    .byte 0xAD, 0xFF, 0xAD, 0xAD, 0xAD, 0xFF, 0xAD, 0xAD, 0xAD, 0xFF, 0xAD, 0xAD, 0xAD, 0xFF, 0xAD, 0xAD, 0xAD, 0xFF, 0xAD, 0xAD, 0xAD, 0xFF, 0xAD, 0xAD, 0xAD, 0xFF, 0xAD, 0xAD, 0xAD, 0xFF, 0xAD, 0xAD
    .byte 0xAD, 0xFF, 0xAD, 0xAD, 0xAD, 0xFF, 0xAD, 0xAD, 0xAD, 0xFF, 0xAD, 0xAD, 0xAD, 0xFF, 0xAD, 0xAD, 0xAD, 0xFF, 0xAD, 0xAD, 0xAD, 0xFF, 0xAD, 0xAD, 0xAD, 0xFF, 0xAD, 0xAD, 0xAD, 0xFF, 0xAD, 0xAD
    .byte 0xAD, 0xFF, 0xAD, 0xAD, 0xAD, 0xFF, 0xAD, 0xAD, 0xAD, 0xFF, 0xAD, 0xAD, 0xAD, 0xFF, 0xAD, 0xAD, 0xAD, 0xFF, 0xAD, 0xAD, 0xAD, 0xFF, 0xAD, 0xAD, 0xAD, 0xFF, 0xAD, 0xAD, 0xAD, 0xFF, 0xAD, 0xAD
    .byte 0xAD, 0xFF, 0xAD, 0xAD, 0xAD, 0xFF, 0xAD, 0xAD, 0xAD, 0xFF, 0xAD, 0xAD, 0xAD, 0xFF, 0xAD, 0xAD, 0xAD, 0xFF, 0xAD, 0xAD, 0xAD, 0xFF, 0xAD, 0xAD, 0xAD, 0xFF, 0xAD, 0xAD, 0xAD, 0xFF, 0xAD, 0xAD
    .byte 0xAD, 0xFF, 0xAD, 0xAD, 0xAD, 0xFF, 0xAD, 0xAD, 0xAD, 0xFF, 0xAD, 0xAD, 0xAD, 0xFF, 0xAD, 0xAD, 0xAD, 0xFF, 0xAD, 0xAD, 0xAD, 0x03, 0xAD, 0xAD, 0xAD, 0x03, 0xAD, 0x03, 0xAD, 0x03, 0x03, 0x03
    .byte 0x03, 0x03, 0x03, 0x03, 0x03, 0x03, 0x03, 0x03, 0xAD, 0x03, 0x03, 0xAD, 0x74, 0x5A, 0x74, 0xAD, 0x74, 0x74, 0xAD, 0x74, 0x6B, 0x74, 0x6B, 0x5A, 0x5A, 0x5A, 0x5A, 0x5A, 0x5A, 0x5A, 0x5A, 0x5A
    .byte 0xB6, 0xB6, 0xB6, 0xB6, 0xB6, 0xB6, 0xB6, 0xB6, 0xB6, 0xB6, 0xFF, 0xAD, 0xFF, 0xAD, 0xFF, 0xAD, 0xFF, 0xAD, 0xFF, 0xAD, 0xFF, 0xAD, 0xFF, 0xAD, 0xFF, 0xAD, 0xFF, 0xAD, 0xFF, 0xAD, 0xFF, 0xAD
    .byte 0xFF, 0xAD, 0xFF, 0xAD, 0xFF, 0xAD, 0xFF, 0xAD, 0xFF, 0xAD, 0xFF, 0xAD, 0xFF, 0xAD, 0xFF, 0xAD, 0xFF, 0xAD, 0xFF, 0xAD, 0xFF, 0xAD, 0xFF, 0xAD, 0xFF, 0xAD, 0xFF, 0xAD, 0xFF, 0xAD, 0xFF, 0xAD
    .byte 0xFF, 0xAD, 0xFF, 0xAD, 0xFF, 0xAD, 0xFF, 0xAD, 0xFF, 0xAD, 0xFF, 0xAD, 0xFF, 0xAD, 0xFF, 0xAD, 0xFF, 0xAD, 0xFF, 0xAD, 0xFF, 0xAD, 0xFF, 0xAD, 0xFF, 0xAD, 0xFF, 0xAD, 0xFF, 0xAD, 0xFF, 0xAD
    .byte 0xFF, 0xAD, 0xFF, 0xAD, 0xFF, 0xAD, 0xFF, 0xAD, 0xFF, 0xAD, 0xFF, 0xAD, 0xFF, 0xAD, 0xFF, 0xAD, 0xFF, 0xAD, 0xFF, 0xAD, 0xFF, 0xAD, 0xFF, 0xAD, 0xFF, 0xAD, 0xFF, 0xAD, 0xFF, 0xAD, 0xFF, 0xAD
    .byte 0xFF, 0xAD, 0xFF, 0xAD, 0xFF, 0xAD, 0xFF, 0xAD, 0xFF, 0xAD, 0xFF, 0xAD, 0xFF, 0xAD, 0xFF, 0xAD, 0xFF, 0xAD, 0xFF, 0xAD, 0xFF, 0xAD, 0xFF, 0xAD, 0xFF, 0xAD, 0xFF, 0xAD, 0xFF, 0xAD, 0xFF, 0xAD
    .byte 0xFF, 0xAD, 0xFF, 0xAD, 0xFF, 0xAD, 0xFF, 0xAD, 0xFF, 0xAD, 0xFF, 0xAD, 0xFF, 0xAD, 0xFF, 0xAD, 0xFF, 0xAD, 0xFF, 0xAD, 0xFF, 0xAD, 0xFF, 0xAD, 0xFF, 0xAD, 0xFF, 0xAD, 0xFF, 0xAD, 0xFF, 0xAD
    .byte 0xFF, 0xAD, 0xFF, 0xAD, 0xFF, 0xAD, 0xFF, 0xAD, 0xFF, 0xAD, 0xFF, 0xAD, 0xFF, 0xAD, 0xFF, 0xAD, 0xFF, 0xAD, 0xFF, 0xAD, 0xFF, 0xAD, 0xFF, 0xAD, 0xFF, 0xAD, 0xFF, 0xAD, 0xFF, 0xAD, 0xFF, 0xAD
    .byte 0xFF, 0xAD, 0xFF, 0xAD, 0xFF, 0xAD, 0xFF, 0xAD, 0xFF, 0xAD, 0xFF, 0xAD, 0xFF, 0xAD, 0xFF, 0xAD, 0xFF, 0xAD, 0xFF, 0xAD, 0xFF, 0xAD, 0xFF, 0xAD, 0xFF, 0xAD, 0xFF, 0xAD, 0xFF, 0xAD, 0xFF, 0xAD
    .byte 0xFF, 0xAD, 0xFF, 0xAD, 0xFF, 0xAD, 0xFF, 0xAD, 0xFF, 0xAD, 0xFF, 0xAD, 0xFF, 0xAD, 0xFF, 0xAD, 0xFF, 0xAD, 0x03, 0x03, 0x03, 0xAD, 0x03, 0x03, 0x03, 0xAD, 0xFF, 0xAD, 0x03, 0x03, 0x03, 0x03
    .byte 0x03, 0x03, 0x03, 0x03, 0x03, 0x03, 0x03, 0x03, 0x03, 0x03, 0x03, 0x74, 0xFF, 0x74, 0x74, 0x74, 0x74, 0x5A, 0x74, 0x74, 0x74, 0xAD, 0x6B, 0x5A, 0x5A, 0x5A, 0x5A, 0x5A, 0x5A, 0x5A, 0x5A, 0x5A
    .byte 0xB6, 0xB6, 0xB6, 0xB6, 0xB6, 0xB6, 0xB6, 0xB6, 0xB6, 0xB6, 0xAD, 0xAD, 0xAD, 0xAD, 0xAD, 0xAD, 0xAD, 0xAD, 0xAD, 0xAD, 0xAD, 0xAD, 0xAD, 0xAD, 0xAD, 0xAD, 0xAD, 0xAD, 0xAD, 0xAD, 0xAD, 0xAD
    .byte 0xAD, 0xAD, 0xAD, 0xAD, 0xAD, 0xAD, 0xAD, 0xAD, 0xAD, 0xAD, 0xAD, 0xAD, 0xAD, 0xAD, 0xAD, 0xAD, 0xAD, 0xAD, 0xAD, 0xAD, 0xAD, 0xAD, 0xAD, 0xAD, 0xAD, 0xAD, 0xAD, 0xAD, 0xAD, 0xAD, 0xAD, 0xAD
    .byte 0xAD, 0xAD, 0xAD, 0xAD, 0xAD, 0xAD, 0xAD, 0xAD, 0xAD, 0xAD, 0xAD, 0xAD, 0xAD, 0xAD, 0xAD, 0xAD, 0xAD, 0xAD, 0xAD, 0xAD, 0xAD, 0xAD, 0xAD, 0xAD, 0xAD, 0xAD, 0xAD, 0xAD, 0xAD, 0xAD, 0xAD, 0xAD
    .byte 0xAD, 0xAD, 0xAD, 0xAD, 0xAD, 0xAD, 0xAD, 0xAD, 0xAD, 0xAD, 0xAD, 0xAD, 0xAD, 0xAD, 0xAD, 0xAD, 0xAD, 0xAD, 0xAD, 0xAD, 0xAD, 0xAD, 0xAD, 0xAD, 0xAD, 0xAD, 0xAD, 0xAD, 0xAD, 0xAD, 0xAD, 0xAD
    .byte 0xAD, 0xAD, 0xAD, 0xAD, 0xAD, 0xAD, 0xAD, 0xAD, 0xAD, 0xAD, 0xAD, 0xAD, 0xAD, 0xAD, 0xAD, 0xAD, 0xAD, 0xAD, 0xAD, 0xAD, 0xAD, 0xAD, 0xAD, 0xAD, 0xAD, 0xAD, 0xAD, 0xAD, 0xAD, 0xAD, 0xAD, 0xAD
    .byte 0xAD, 0xAD, 0xAD, 0xAD, 0xAD, 0xAD, 0xAD, 0xAD, 0xAD, 0xAD, 0xAD, 0xAD, 0xAD, 0xAD, 0xAD, 0xAD, 0xAD, 0xAD, 0xAD, 0xAD, 0xAD, 0xAD, 0xAD, 0xAD, 0xAD, 0xAD, 0xAD, 0xAD, 0xAD, 0xAD, 0xAD, 0xAD
    .byte 0xAD, 0xAD, 0xAD, 0xAD, 0xAD, 0xAD, 0xAD, 0xAD, 0xAD, 0xAD, 0xAD, 0xAD, 0xAD, 0xAD, 0xAD, 0xAD, 0xAD, 0xAD, 0xAD, 0xAD, 0xAD, 0xAD, 0xAD, 0xAD, 0xAD, 0xAD, 0xAD, 0xAD, 0xAD, 0xAD, 0xAD, 0xAD
    .byte 0xAD, 0xAD, 0xAD, 0xAD, 0xAD, 0xAD, 0xAD, 0xAD, 0xAD, 0xAD, 0xAD, 0xAD, 0xAD, 0xAD, 0xAD, 0xAD, 0xAD, 0xAD, 0xAD, 0xAD, 0xAD, 0xAD, 0xAD, 0xAD, 0xAD, 0xAD, 0xAD, 0xAD, 0xAD, 0xAD, 0xAD, 0xAD
    .byte 0xAD, 0xAD, 0xAD, 0xAD, 0xAD, 0xAD, 0xAD, 0xAD, 0xAD, 0xAD, 0xAD, 0xAD, 0xAD, 0xAD, 0xAD, 0xAD, 0xAD, 0x03, 0x03, 0x03, 0x03, 0x03, 0x03, 0xAD, 0xAD, 0x03, 0x03, 0xAD, 0x03, 0x03, 0xAD, 0x03
    .byte 0x03, 0x03, 0x03, 0x03, 0x03, 0x03, 0xAD, 0x03, 0x03, 0x74, 0x74, 0xAD, 0xAD, 0x74, 0x74, 0x74, 0x74, 0x6B, 0x74, 0xAD, 0x6B, 0x5A, 0x5A, 0x5A, 0x5A, 0x5A, 0x5A, 0x5A, 0x5A, 0x5A, 0x5A, 0x6B
    .byte 0xB6, 0xB6, 0xB6, 0xB6, 0xB6, 0xB6, 0xB6, 0xB6, 0xB6, 0xB6, 0xFF, 0xAD, 0xFF, 0xAD, 0xFF, 0xAD, 0xFF, 0xAD, 0xFF, 0xAD, 0xFF, 0xAD, 0xFF, 0xAD, 0xFF, 0xAD, 0xFF, 0xAD, 0xFF, 0xAD, 0xFF, 0xAD
    .byte 0xFF, 0xAD, 0xFF, 0xAD, 0xFF, 0xAD, 0xFF, 0xAD, 0xFF, 0xAD, 0xFF, 0xAD, 0xFF, 0xAD, 0xFF, 0xAD, 0xFF, 0xAD, 0xFF, 0xAD, 0xFF, 0xAD, 0xFF, 0xAD, 0xFF, 0xAD, 0xFF, 0xAD, 0xFF, 0xAD, 0xFF, 0xAD
    .byte 0xFF, 0xAD, 0xFF, 0xAD, 0xFF, 0xAD, 0xFF, 0xAD, 0xFF, 0xAD, 0xFF, 0xAD, 0xFF, 0xAD, 0xFF, 0xAD, 0xFF, 0xAD, 0xFF, 0xAD, 0xFF, 0xAD, 0xFF, 0xAD, 0xFF, 0xAD, 0xFF, 0xAD, 0xFF, 0xAD, 0xFF, 0xAD
    .byte 0xFF, 0xAD, 0xFF, 0xAD, 0xFF, 0xAD, 0xFF, 0xAD, 0xFF, 0xAD, 0xFF, 0xAD, 0xFF, 0xAD, 0xFF, 0xAD, 0xFF, 0xAD, 0xFF, 0xAD, 0xFF, 0xAD, 0xFF, 0xAD, 0xFF, 0xAD, 0xFF, 0xAD, 0xFF, 0xAD, 0xFF, 0xAD
    .byte 0xFF, 0xAD, 0xFF, 0xAD, 0xFF, 0xAD, 0xFF, 0xAD, 0xFF, 0xAD, 0xFF, 0xAD, 0xFF, 0xAD, 0xFF, 0xAD, 0xFF, 0xAD, 0xFF, 0xAD, 0xFF, 0xAD, 0xFF, 0xAD, 0xFF, 0xAD, 0xFF, 0xAD, 0xFF, 0xAD, 0xFF, 0xAD
    .byte 0xFF, 0xAD, 0xFF, 0xAD, 0xFF, 0xAD, 0xFF, 0xAD, 0xFF, 0xAD, 0xFF, 0xAD, 0xFF, 0xAD, 0xFF, 0xAD, 0xFF, 0xAD, 0xFF, 0xAD, 0xFF, 0xAD, 0xFF, 0xAD, 0xFF, 0xAD, 0xFF, 0xAD, 0xFF, 0xAD, 0xFF, 0xAD
    .byte 0xFF, 0xAD, 0xFF, 0xAD, 0xFF, 0xAD, 0xFF, 0xAD, 0xFF, 0xAD, 0xFF, 0xAD, 0xFF, 0xAD, 0xFF, 0xAD, 0xFF, 0xAD, 0xFF, 0xAD, 0xFF, 0xAD, 0xFF, 0xAD, 0xFF, 0xAD, 0xFF, 0xAD, 0xFF, 0xAD, 0xFF, 0xAD
    .byte 0xFF, 0xAD, 0xFF, 0xAD, 0xFF, 0xAD, 0xFF, 0xAD, 0xFF, 0xAD, 0xFF, 0xAD, 0xFF, 0xAD, 0xFF, 0xAD, 0xFF, 0xAD, 0xFF, 0xAD, 0xFF, 0xAD, 0xFF, 0xAD, 0xFF, 0xAD, 0xFF, 0xAD, 0xFF, 0xAD, 0xFF, 0xAD
    .byte 0xFF, 0xAD, 0xFF, 0xAD, 0xFF, 0xAD, 0xFF, 0xAD, 0xFF, 0xAD, 0xFF, 0xAD, 0xFF, 0xAD, 0xFF, 0xAD, 0xFF, 0x03, 0xFF, 0xAD, 0xFF, 0xAD, 0x03, 0xAD, 0xFF, 0x03, 0x03, 0x74, 0x03, 0x03, 0x03, 0x03
    .byte 0x03, 0x03, 0x03, 0x03, 0x03, 0x03, 0x03, 0x03, 0x74, 0x74, 0x74, 0x74, 0x74, 0x74, 0x74, 0x74, 0x6B, 0x6B, 0x74, 0x5A, 0x74, 0x5A, 0x5A, 0x5A, 0x5A, 0x5A, 0x5A, 0x5A, 0x5A, 0x5A, 0x5A, 0x5A
    .byte 0xB6, 0xB6, 0xB6, 0xB6, 0xB6, 0xB6, 0xB6, 0xB6, 0xB6, 0xB6, 0xAD, 0xAD, 0xAD, 0xFF, 0xAD, 0xAD, 0xAD, 0xFF, 0xAD, 0xAD, 0xAD, 0xFF, 0xAD, 0xAD, 0xAD, 0xFF, 0xAD, 0xAD, 0xAD, 0xFF, 0xAD, 0xAD
    .byte 0xAD, 0xFF, 0xAD, 0xAD, 0xAD, 0xFF, 0xAD, 0xAD, 0xAD, 0xFF, 0xAD, 0xAD, 0xAD, 0xFF, 0xAD, 0xAD, 0xAD, 0xFF, 0xAD, 0xAD, 0xAD, 0xFF, 0xAD, 0xAD, 0xAD, 0xFF, 0xAD, 0xAD, 0xAD, 0xFF, 0xAD, 0xAD
    .byte 0xAD, 0xFF, 0xAD, 0xAD, 0xAD, 0xFF, 0xAD, 0xAD, 0xAD, 0xFF, 0xAD, 0xAD, 0xAD, 0xFF, 0xAD, 0xAD, 0xAD, 0xFF, 0xAD, 0xAD, 0xAD, 0xFF, 0xAD, 0xAD, 0xAD, 0xFF, 0xAD, 0xAD, 0xAD, 0xFF, 0xAD, 0xAD
    .byte 0xAD, 0xFF, 0xAD, 0xAD, 0xAD, 0xFF, 0xAD, 0xAD, 0xAD, 0xFF, 0xAD, 0xAD, 0xAD, 0xFF, 0xAD, 0xAD, 0xAD, 0xFF, 0xAD, 0xAD, 0xAD, 0xFF, 0xAD, 0xAD, 0xAD, 0xFF, 0xAD, 0xAD, 0xAD, 0xFF, 0xAD, 0xAD
    .byte 0xAD, 0xFF, 0xAD, 0xAD, 0xAD, 0xFF, 0xAD, 0xAD, 0xAD, 0xFF, 0xAD, 0xAD, 0xAD, 0xFF, 0xAD, 0xAD, 0xAD, 0xFF, 0xAD, 0xAD, 0xAD, 0xFF, 0xAD, 0xAD, 0xAD, 0xFF, 0xAD, 0xAD, 0xAD, 0xFF, 0xAD, 0xAD
    .byte 0xAD, 0xFF, 0xAD, 0xAD, 0xAD, 0xFF, 0xAD, 0xAD, 0xAD, 0xFF, 0xAD, 0xAD, 0xAD, 0xFF, 0xAD, 0xAD, 0xAD, 0xFF, 0xAD, 0xAD, 0xAD, 0xFF, 0xAD, 0xAD, 0xAD, 0xFF, 0xAD, 0xAD, 0xAD, 0xFF, 0xAD, 0xAD
    .byte 0xAD, 0xFF, 0xAD, 0xAD, 0xAD, 0xFF, 0xAD, 0xAD, 0xAD, 0xFF, 0xAD, 0xAD, 0xAD, 0xFF, 0xAD, 0xAD, 0xAD, 0xFF, 0xAD, 0xAD, 0xAD, 0xFF, 0xAD, 0xAD, 0xAD, 0xFF, 0xAD, 0xAD, 0xAD, 0xFF, 0xAD, 0xAD
    .byte 0xAD, 0xFF, 0xAD, 0xAD, 0xAD, 0xFF, 0xAD, 0xAD, 0xAD, 0xFF, 0xAD, 0xAD, 0xAD, 0xFF, 0xAD, 0xAD, 0xAD, 0xFF, 0xAD, 0xAD, 0xAD, 0xFF, 0xAD, 0xAD, 0xAD, 0xFF, 0xAD, 0xAD, 0xAD, 0xFF, 0xAD, 0xAD
    .byte 0xAD, 0xFF, 0xAD, 0xAD, 0xAD, 0xFF, 0xAD, 0xAD, 0xAD, 0xFF, 0xAD, 0xAD, 0xAD, 0xFF, 0xAD, 0xAD, 0xAD, 0xFF, 0xAD, 0xAD, 0xAD, 0x03, 0xAD, 0xAD, 0x03, 0xFF, 0x03, 0x03, 0x03, 0x03, 0x03, 0x03
    .byte 0x03, 0x03, 0x03, 0x03, 0x03, 0x03, 0x03, 0x03, 0x03, 0x74, 0x74, 0x74, 0xAD, 0xFF, 0x74, 0x74, 0x6B, 0x74, 0x5A, 0x5A, 0x5A, 0x5A, 0x5A, 0x5A, 0x5A, 0x5A, 0x5A, 0x5A, 0x5A, 0x6B, 0x5A, 0x5A
    .byte 0xB6, 0xB6, 0xB6, 0xB6, 0xB6, 0xB6, 0xB6, 0xB6, 0xB6, 0xB6, 0xFF, 0xAD, 0xFF, 0xAD, 0xFF, 0xAD, 0xFF, 0xAD, 0xFF, 0xAD, 0xFF, 0xAD, 0xFF, 0xAD, 0xFF, 0xAD, 0xFF, 0xAD, 0xFF, 0xAD, 0xFF, 0xAD
    .byte 0xFF, 0xAD, 0xFF, 0xAD, 0xFF, 0xAD, 0xFF, 0xAD, 0xFF, 0xAD, 0xFF, 0xAD, 0xFF, 0xAD, 0xFF, 0xAD, 0xFF, 0xAD, 0xFF, 0xAD, 0xFF, 0xAD, 0xFF, 0xAD, 0xFF, 0xAD, 0xFF, 0xAD, 0xFF, 0xAD, 0xFF, 0xAD
    .byte 0xFF, 0xAD, 0xFF, 0xAD, 0xFF, 0xAD, 0xFF, 0xAD, 0xFF, 0xAD, 0xFF, 0xAD, 0xFF, 0xAD, 0xFF, 0xAD, 0xFF, 0xAD, 0xFF, 0xAD, 0xFF, 0xAD, 0xFF, 0xAD, 0xFF, 0xAD, 0xFF, 0xAD, 0xFF, 0xAD, 0xFF, 0xAD
    .byte 0xFF, 0xAD, 0xFF, 0xAD, 0xFF, 0xAD, 0xFF, 0xAD, 0xFF, 0xAD, 0xFF, 0xAD, 0xFF, 0xAD, 0xFF, 0xAD, 0xFF, 0xAD, 0xFF, 0xAD, 0xFF, 0xAD, 0xFF, 0xAD, 0xFF, 0xAD, 0xFF, 0xAD, 0xFF, 0xAD, 0xFF, 0xAD
    .byte 0xFF, 0xAD, 0xFF, 0xAD, 0xFF, 0xAD, 0xFF, 0xAD, 0xFF, 0xAD, 0xFF, 0xAD, 0xFF, 0xAD, 0xFF, 0xAD, 0xFF, 0xAD, 0xFF, 0xAD, 0xFF, 0xAD, 0xFF, 0xAD, 0xFF, 0xAD, 0xFF, 0xAD, 0xFF, 0xAD, 0xFF, 0xAD
    .byte 0xFF, 0xAD, 0xFF, 0xAD, 0xFF, 0xAD, 0xFF, 0xAD, 0xFF, 0xAD, 0xFF, 0xAD, 0xFF, 0xAD, 0xFF, 0xAD, 0xFF, 0xAD, 0xFF, 0xAD, 0xFF, 0xAD, 0xFF, 0xAD, 0xFF, 0xAD, 0xFF, 0xAD, 0xFF, 0xAD, 0xFF, 0xAD
    .byte 0xFF, 0xAD, 0xFF, 0xAD, 0xFF, 0xAD, 0xFF, 0xAD, 0xFF, 0xAD, 0xFF, 0xAD, 0xFF, 0xAD, 0xFF, 0xAD, 0xFF, 0xAD, 0xFF, 0xAD, 0xFF, 0xAD, 0xFF, 0xAD, 0xFF, 0xAD, 0xFF, 0xAD, 0xFF, 0xAD, 0xFF, 0xAD
    .byte 0xFF, 0xAD, 0xFF, 0xAD, 0xFF, 0xAD, 0xFF, 0xAD, 0xFF, 0xAD, 0xFF, 0xAD, 0xFF, 0xAD, 0xFF, 0xAD, 0xFF, 0xAD, 0xFF, 0xAD, 0xFF, 0xAD, 0xFF, 0xAD, 0xFF, 0xAD, 0xFF, 0xAD, 0xFF, 0xAD, 0xFF, 0xAD
    .byte 0xFF, 0xAD, 0xFF, 0xAD, 0xFF, 0xAD, 0xFF, 0xAD, 0xFF, 0xAD, 0xFF, 0xAD, 0xFF, 0xAD, 0xFF, 0xAD, 0xFF, 0x03, 0x03, 0x03, 0x03, 0x03, 0xFF, 0xAD, 0x03, 0x03, 0x03, 0x03, 0x03, 0x03, 0x03, 0x03
    .byte 0x03, 0x03, 0x03, 0x03, 0x03, 0x03, 0x03, 0x03, 0x03, 0x03, 0xFF, 0x74, 0x74, 0x74, 0x6B, 0x6B, 0x6B, 0x6B, 0x6B, 0x5A, 0x5A, 0x74, 0x5A, 0x5A, 0x5A, 0x5A, 0x6B, 0x5A, 0x74, 0x5A, 0x5A, 0x5A
    .byte 0xB6, 0xB6, 0xB6, 0xB6, 0xB6, 0xB6, 0xB6, 0xB6, 0xB6, 0xB6, 0xAD, 0xAD, 0xAD, 0xAD, 0xAD, 0xAD, 0xAD, 0xAD, 0xAD, 0xAD, 0xAD, 0xAD, 0xAD, 0xAD, 0xAD, 0xAD, 0xAD, 0xAD, 0xAD, 0xAD, 0xAD, 0xAD
    .byte 0xAD, 0xAD, 0xAD, 0xAD, 0xAD, 0xAD, 0xAD, 0xAD, 0xAD, 0xAD, 0xAD, 0xAD, 0xAD, 0xAD, 0xAD, 0xAD, 0xAD, 0xAD, 0xAD, 0xAD, 0xAD, 0xAD, 0xAD, 0xAD, 0xAD, 0xAD, 0xAD, 0xAD, 0xAD, 0xAD, 0xAD, 0xAD
    .byte 0xAD, 0xAD, 0xAD, 0xAD, 0xAD, 0xAD, 0xAD, 0xAD, 0xAD, 0xAD, 0xAD, 0xAD, 0xAD, 0xAD, 0xAD, 0xAD, 0xAD, 0xAD, 0xAD, 0xAD, 0xAD, 0xAD, 0xAD, 0xAD, 0xAD, 0xAD, 0xAD, 0xAD, 0xAD, 0xAD, 0xAD, 0xAD
    .byte 0xAD, 0xAD, 0xAD, 0xAD, 0xAD, 0xAD, 0xAD, 0xAD, 0xAD, 0xAD, 0xAD, 0xAD, 0xAD, 0xAD, 0xAD, 0xAD, 0xAD, 0xAD, 0xAD, 0xAD, 0xAD, 0xAD, 0xAD, 0xAD, 0xAD, 0xAD, 0xAD, 0xAD, 0xAD, 0xAD, 0xAD, 0xAD
    .byte 0xAD, 0xAD, 0xAD, 0xAD, 0xAD, 0xAD, 0xAD, 0xAD, 0xAD, 0xAD, 0xAD, 0xAD, 0xAD, 0xAD, 0xAD, 0xAD, 0xAD, 0xAD, 0xAD, 0xAD, 0xAD, 0xAD, 0xAD, 0xAD, 0xAD, 0xAD, 0xAD, 0xAD, 0xAD, 0xAD, 0xAD, 0xAD
    .byte 0xAD, 0xAD, 0xAD, 0xAD, 0xAD, 0xAD, 0xAD, 0xAD, 0xAD, 0xAD, 0x74, 0x74, 0x74, 0x74, 0xAD, 0xAD, 0xAD, 0xAD, 0xAD, 0xAD, 0xAD, 0xAD, 0xAD, 0xAD, 0xAD, 0xAD, 0xAD, 0xAD, 0xAD, 0xAD, 0xAD, 0xAD
    .byte 0xAD, 0xAD, 0xAD, 0xAD, 0xAD, 0xAD, 0xAD, 0xAD, 0xAD, 0xAD, 0xAD, 0xAD, 0xAD, 0xAD, 0xAD, 0xAD, 0xAD, 0xAD, 0xAD, 0xAD, 0xAD, 0xAD, 0xAD, 0xAD, 0xAD, 0xAD, 0xAD, 0xAD, 0xAD, 0xAD, 0xAD, 0xAD
    .byte 0xAD, 0xAD, 0xAD, 0xAD, 0xAD, 0xAD, 0xAD, 0xAD, 0xAD, 0xAD, 0xAD, 0xAD, 0xAD, 0xAD, 0xAD, 0xAD, 0xAD, 0xAD, 0xAD, 0xAD, 0xAD, 0xAD, 0xAD, 0xAD, 0xAD, 0xAD, 0xAD, 0xAD, 0xAD, 0xAD, 0xAD, 0xAD
    .byte 0xAD, 0xAD, 0xAD, 0xAD, 0xAD, 0xAD, 0xAD, 0xAD, 0xAD, 0xAD, 0xAD, 0xAD, 0xAD, 0xAD, 0xAD, 0xAD, 0xAD, 0xAD, 0xAD, 0xAD, 0xAD, 0xAD, 0x03, 0xAD, 0x03, 0x03, 0x03, 0x03, 0x03, 0x03, 0x03, 0x03
    .byte 0x03, 0x03, 0x03, 0x03, 0x03, 0x03, 0x03, 0x03, 0x03, 0x03, 0x74, 0xAD, 0x74, 0x74, 0x74, 0x74, 0x6B, 0x5A, 0x6B, 0x6B, 0x5A, 0x5A, 0x5A, 0x6B, 0x5A, 0x5A, 0x5A, 0x5A, 0x74, 0x5A, 0x6B, 0x5A
    .byte 0xB6, 0xB6, 0xB6, 0xB6, 0xB6, 0xB6, 0xB6, 0xB6, 0xB6, 0xB6, 0xFF, 0xAD, 0xFF, 0xAD, 0xFF, 0xAD, 0xFF, 0xAD, 0xFF, 0xAD, 0xFF, 0xAD, 0xFF, 0xAD, 0xFF, 0xAD, 0xFF, 0xAD, 0xFF, 0xAD, 0xFF, 0xAD
    .byte 0xFF, 0xAD, 0xFF, 0xAD, 0xFF, 0xAD, 0xFF, 0xAD, 0xFF, 0xAD, 0xFF, 0xAD, 0xFF, 0xAD, 0xFF, 0xAD, 0xFF, 0xAD, 0xFF, 0xAD, 0xFF, 0xAD, 0xFF, 0xAD, 0xFF, 0xAD, 0xFF, 0xAD, 0xFF, 0xAD, 0xFF, 0xAD
    .byte 0xFF, 0xAD, 0xFF, 0xAD, 0xFF, 0xAD, 0xFF, 0xAD, 0xFF, 0xAD, 0xFF, 0xAD, 0xFF, 0xAD, 0xFF, 0xAD, 0xFF, 0xAD, 0xFF, 0xAD, 0xFF, 0xAD, 0xFF, 0xAD, 0xFF, 0xAD, 0xFF, 0xAD, 0xFF, 0xAD, 0xFF, 0xAD
    .byte 0xFF, 0xAD, 0xFF, 0xAD, 0xFF, 0xAD, 0xFF, 0xAD, 0xFF, 0xAD, 0xFF, 0xAD, 0xFF, 0xAD, 0xFF, 0xAD, 0xFF, 0xAD, 0xFF, 0xAD, 0xFF, 0xAD, 0xFF, 0xAD, 0xFF, 0xAD, 0xFF, 0xAD, 0xFF, 0xAD, 0xFF, 0xAD
    .byte 0xFF, 0xAD, 0xFF, 0xAD, 0xFF, 0xAD, 0xFF, 0xAD, 0xFF, 0xAD, 0xFF, 0xAD, 0xFF, 0xAD, 0xFF, 0xAD, 0xFF, 0xAD, 0xFF, 0xAD, 0xFF, 0xAD, 0xFF, 0xAD, 0xFF, 0xAD, 0xFF, 0xAD, 0xFF, 0xAD, 0xFF, 0xAD
    .byte 0xFF, 0xAD, 0xFF, 0xAD, 0xFF, 0xAD, 0xFF, 0x5A, 0xFF, 0x74, 0x74, 0x74, 0x74, 0x74, 0x74, 0xAD, 0xFF, 0xAD, 0xFF, 0xAD, 0xFF, 0xAD, 0xFF, 0xAD, 0xFF, 0xAD, 0xFF, 0xAD, 0xFF, 0xAD, 0xFF, 0xAD
    .byte 0xFF, 0xAD, 0xFF, 0xAD, 0xFF, 0xAD, 0xFF, 0xAD, 0xFF, 0xAD, 0xFF, 0xAD, 0xFF, 0xAD, 0xFF, 0xAD, 0xFF, 0xAD, 0xFF, 0xAD, 0xFF, 0xAD, 0xFF, 0xAD, 0xFF, 0xAD, 0xFF, 0xAD, 0xFF, 0xAD, 0xFF, 0xAD
    .byte 0xFF, 0xAD, 0xFF, 0xAD, 0xFF, 0xAD, 0xFF, 0xAD, 0xFF, 0xAD, 0xFF, 0xAD, 0xFF, 0xAD, 0xFF, 0xAD, 0xFF, 0xAD, 0xFF, 0xAD, 0xFF, 0xAD, 0xFF, 0xAD, 0xFF, 0xAD, 0xFF, 0xAD, 0xFF, 0xAD, 0xFF, 0xAD
    .byte 0xFF, 0xAD, 0xFF, 0xAD, 0xFF, 0xAD, 0xFF, 0xAD, 0xFF, 0xAD, 0xFF, 0xAD, 0xFF, 0xAD, 0xFF, 0xAD, 0xFF, 0xAD, 0x03, 0x03, 0xFF, 0x03, 0x03, 0x03, 0xFF, 0x03, 0xFF, 0x03, 0x03, 0x03, 0x03, 0x03
    .byte 0x03, 0x03, 0x03, 0x03, 0x03, 0x03, 0x03, 0x03, 0x03, 0x03, 0x03, 0x74, 0xFF, 0x74, 0x6B, 0x6B, 0x6B, 0x5A, 0x74, 0x6B, 0xFF, 0x5A, 0x5A, 0x5A, 0x5A, 0x6B, 0x5A, 0x5A, 0x5A, 0x5A, 0x5A, 0xAD
    .byte 0xB6, 0xB6, 0xB6, 0xB6, 0xB6, 0xB6, 0xB6, 0xB6, 0xB6, 0xB6, 0xAD, 0xAD, 0xAD, 0xFF, 0xAD, 0xAD, 0xAD, 0xFF, 0xAD, 0xAD, 0xAD, 0x5B, 0x5B, 0x5B, 0x5B, 0x5B, 0x5B, 0x5B, 0x5B, 0x5B, 0x5B, 0x5B
    .byte 0x52, 0x52, 0x52, 0x52, 0x52, 0x52, 0x52, 0x52, 0x52, 0x52, 0x52, 0x52, 0x5B, 0x5B, 0x5B, 0x5B, 0x5B, 0x5B, 0x5B, 0x5B, 0x5B, 0x5B, 0x5B, 0xAD, 0xAD, 0xFF, 0xAD, 0xAD, 0xAD, 0xFF, 0xAD, 0xAD
    .byte 0xAD, 0xFF, 0xAD, 0xAD, 0xAD, 0xFF, 0xAD, 0xAD, 0xAD, 0xFF, 0xAD, 0xAD, 0xAD, 0xFF, 0xAD, 0xAD, 0xAD, 0xFF, 0xAD, 0xAD, 0xAD, 0xFF, 0xAD, 0xAD, 0xAD, 0xFF, 0xAD, 0xAD, 0xAD, 0xFF, 0xAD, 0xAD
    .byte 0xAD, 0xFF, 0xAD, 0xAD, 0xAD, 0xFF, 0xAD, 0xAD, 0xAD, 0xFF, 0xAD, 0xAD, 0xAD, 0xFF, 0xAD, 0xAD, 0xAD, 0xFF, 0xAD, 0xAD, 0xAD, 0xFF, 0xAD, 0xAD, 0xAD, 0xFF, 0xAD, 0xAD, 0xAD, 0xFF, 0xAD, 0xAD
    .byte 0xAD, 0xFF, 0xAD, 0xAD, 0xAD, 0xFF, 0xAD, 0xAD, 0xAD, 0xFF, 0xAD, 0xAD, 0xAD, 0xFF, 0xAD, 0xAD, 0xAD, 0xFF, 0xAD, 0xAD, 0xAD, 0xFF, 0xAD, 0xAD, 0xAD, 0xFF, 0xAD, 0xAD, 0xAD, 0xFF, 0xAD, 0xAD
    .byte 0xAD, 0xFF, 0xAD, 0xAD, 0xAD, 0xFF, 0xAD, 0x74, 0x74, 0x74, 0x5A, 0x74, 0x6B, 0x6B, 0xAD, 0xAD, 0x74, 0xFF, 0xAD, 0xAD, 0xAD, 0xFF, 0xAD, 0xAD, 0xAD, 0xFF, 0xAD, 0xAD, 0xAD, 0xFF, 0xAD, 0xAD
    .byte 0xAD, 0xFF, 0xAD, 0xAD, 0xAD, 0xFF, 0xAD, 0xAD, 0xAD, 0xFF, 0xAD, 0xAD, 0xAD, 0xFF, 0xAD, 0xAD, 0xAD, 0xFF, 0xAD, 0xAD, 0xAD, 0xFF, 0xAD, 0xAD, 0xAD, 0xFF, 0xAD, 0xAD, 0xAD, 0xFF, 0xAD, 0xAD
    .byte 0xAD, 0xFF, 0xAD, 0xAD, 0xAD, 0xFF, 0xAD, 0xAD, 0xAD, 0xFF, 0xAD, 0xAD, 0xAD, 0xFF, 0xAD, 0xAD, 0xAD, 0xFF, 0xAD, 0xAD, 0xAD, 0xFF, 0xAD, 0xAD, 0xAD, 0xFF, 0xAD, 0xAD, 0xAD, 0xFF, 0xAD, 0xAD
    .byte 0xAD, 0xFF, 0xAD, 0xAD, 0xAD, 0xFF, 0xAD, 0xAD, 0xAD, 0xFF, 0xAD, 0xAD, 0xAD, 0xFF, 0xAD, 0xAD, 0xAD, 0xFF, 0xAD, 0xAD, 0x03, 0xFF, 0xAD, 0xAD, 0x03, 0xFF, 0x03, 0xAD, 0x03, 0x03, 0x03, 0x03
    .byte 0x03, 0x03, 0x03, 0x03, 0x03, 0x03, 0x03, 0x03, 0x03, 0x03, 0x74, 0xAD, 0xAD, 0x6B, 0x74, 0x6B, 0x74, 0x5A, 0x6B, 0xAD, 0x5A, 0x5A, 0x6B, 0x6B, 0x5A, 0x5A, 0x5A, 0x5A, 0x5A, 0x5A, 0x74, 0x5A
    .byte 0xB6, 0xB6, 0xB6, 0xB6, 0xB6, 0xB6, 0xB6, 0xB6, 0xB6, 0xB6, 0xFF, 0xAD, 0xFF, 0xAD, 0xFF, 0xAD, 0xFF, 0xAD, 0xFF, 0xAD, 0xFF, 0x5B, 0x5B, 0x5B, 0x5B, 0x5B, 0x5B, 0x5B, 0x5B, 0x5B, 0x5B, 0x5B
    .byte 0x52, 0x52, 0x52, 0x52, 0x52, 0x52, 0x52, 0x52, 0x52, 0x52, 0x52, 0x52, 0x5B, 0x5B, 0x5B, 0x5B, 0x5B, 0x5B, 0x5B, 0x5B, 0x5B, 0x5B, 0x5B, 0xAD, 0xFF, 0xAD, 0xFF, 0xAD, 0xFF, 0xAD, 0xFF, 0xAD
    .byte 0xFF, 0xAD, 0xFF, 0xAD, 0xFF, 0xAD, 0xFF, 0xAD, 0xFF, 0xAD, 0xFF, 0xAD, 0xFF, 0xAD, 0xFF, 0xAD, 0xFF, 0xAD, 0xFF, 0xAD, 0xFF, 0xAD, 0xFF, 0xAD, 0xFF, 0xAD, 0xFF, 0xAD, 0xFF, 0xAD, 0xFF, 0xAD
    .byte 0xFF, 0xAD, 0xFF, 0xAD, 0xFF, 0xAD, 0xFF, 0xAD, 0xFF, 0xAD, 0xFF, 0xAD, 0xFF, 0xAD, 0xFF, 0xAD, 0xFF, 0xAD, 0xFF, 0xAD, 0xFF, 0xAD, 0xFF, 0xAD, 0xFF, 0xAD, 0xFF, 0xAD, 0xFF, 0xAD, 0xFF, 0xAD
    .byte 0xFF, 0xAD, 0xFF, 0xAD, 0xFF, 0xAD, 0xFF, 0xAD, 0xFF, 0xAD, 0xFF, 0xAD, 0xFF, 0xAD, 0xFF, 0xAD, 0xFF, 0xAD, 0xFF, 0xAD, 0xFF, 0xAD, 0xFF, 0xAD, 0xFF, 0xAD, 0xFF, 0xAD, 0xFF, 0x74, 0xFF, 0xAD
    .byte 0xFF, 0x74, 0x74, 0xAD, 0x5A, 0x74, 0x5A, 0x5A, 0x5A, 0x6B, 0x6B, 0x6B, 0x6B, 0x6B, 0x6B, 0x74, 0xFF, 0x74, 0xFF, 0xAD, 0xFF, 0xAD, 0xFF, 0xAD, 0xFF, 0xAD, 0xFF, 0xAD, 0xFF, 0xAD, 0xFF, 0xAD
    .byte 0xFF, 0xAD, 0xFF, 0xAD, 0xFF, 0xAD, 0xFF, 0xAD, 0xFF, 0xAD, 0xFF, 0xAD, 0xFF, 0xAD, 0xFF, 0xAD, 0xFF, 0xAD, 0xFF, 0xAD, 0xFF, 0xAD, 0xFF, 0xAD, 0xFF, 0xAD, 0xFF, 0xAD, 0xFF, 0xAD, 0xFF, 0xAD
    .byte 0xFF, 0xAD, 0xFF, 0xAD, 0xFF, 0xAD, 0xFF, 0xAD, 0xFF, 0xAD, 0xFF, 0xAD, 0xFF, 0xAD, 0xFF, 0xAD, 0xFF, 0xAD, 0xFF, 0xAD, 0xFF, 0xAD, 0xFF, 0xAD, 0xFF, 0xAD, 0xFF, 0xAD, 0xFF, 0xAD, 0xFF, 0xAD
    .byte 0xFF, 0xAD, 0xFF, 0xAD, 0xFF, 0xAD, 0xFF, 0xAD, 0xFF, 0xAD, 0xFF, 0xAD, 0xFF, 0xAD, 0xFF, 0xAD, 0xFF, 0xAD, 0xFF, 0xAD, 0xFF, 0xAD, 0xFF, 0xAD, 0xFF, 0xAD, 0xFF, 0x03, 0x03, 0x03, 0x03, 0x03
    .byte 0x03, 0x03, 0x03, 0x03, 0x03, 0x03, 0x03, 0x03, 0x03, 0x03, 0xFF, 0xAD, 0xFF, 0x74, 0x6B, 0x6B, 0x74, 0x74, 0x6B, 0x5A, 0xFF, 0x5A, 0x6B, 0x6B, 0x5A, 0x5A, 0x5A, 0x5A, 0x5A, 0x5A, 0x6B, 0x5A
    .byte 0xB6, 0xB6, 0xB6, 0xB6, 0xB6, 0xB6, 0xB6, 0xB6, 0xB6, 0xB6, 0xAD, 0xAD, 0xAD, 0xAD, 0xAD, 0xAD, 0xAD, 0xAD, 0xAD, 0xAD, 0xAD, 0x5B, 0x5B, 0x5B, 0x5B, 0x5B, 0x5B, 0x5B, 0x5B, 0x5B, 0x5B, 0x5B
    .byte 0x52, 0x52, 0x52, 0x52, 0x52, 0x52, 0x52, 0x52, 0x52, 0x52, 0x52, 0x52, 0x5B, 0x5B, 0x5B, 0x5B, 0x5B, 0x5B, 0x5B, 0x5B, 0x5B, 0x5B, 0x5B, 0xAD, 0xAD, 0xAD, 0xAD, 0xAD, 0xAD, 0xAD, 0xAD, 0xAD
    .byte 0xAD, 0xAD, 0xAD, 0xAD, 0xAD, 0xAD, 0xAD, 0xAD, 0xAD, 0xAD, 0xAD, 0xAD, 0xAD, 0xAD, 0xAD, 0xAD, 0xAD, 0xAD, 0xAD, 0xAD, 0xAD, 0xAD, 0xAD, 0xAD, 0xAD, 0xAD, 0xAD, 0xAD, 0xAD, 0xAD, 0xAD, 0xAD
    .byte 0xAD, 0xAD, 0xAD, 0xAD, 0xAD, 0xAD, 0xAD, 0xAD, 0xAD, 0xAD, 0xAD, 0xAD, 0xAD, 0xAD, 0xAD, 0xAD, 0xAD, 0xAD, 0xAD, 0xAD, 0xAD, 0xAD, 0xAD, 0xAD, 0xAD, 0xAD, 0xAD, 0xAD, 0xAD, 0xAD, 0xAD, 0xAD
    .byte 0xAD, 0xAD, 0xAD, 0xAD, 0xAD, 0xAD, 0xAD, 0xAD, 0xAD, 0xAD, 0xAD, 0xAD, 0xAD, 0xAD, 0xAD, 0xAD, 0xAD, 0xAD, 0xAD, 0xAD, 0xAD, 0xAD, 0xAD, 0xAD, 0xAD, 0xAD, 0xAD, 0xAD, 0x74, 0xAD, 0x74, 0x74
    .byte 0x74, 0x74, 0x5A, 0x5A, 0x5A, 0x5A, 0x74, 0x6B, 0x5A, 0x6B, 0x6B, 0x5A, 0x6B, 0x6B, 0x6B, 0x74, 0x74, 0x74, 0x74, 0xAD, 0xAD, 0xAD, 0xAD, 0xAD, 0xAD, 0xAD, 0xAD, 0xAD, 0xAD, 0xAD, 0xAD, 0xAD
    .byte 0xAD, 0xAD, 0xAD, 0xAD, 0xAD, 0xAD, 0xAD, 0xAD, 0xAD, 0xAD, 0xAD, 0xAD, 0xAD, 0xAD, 0xAD, 0xAD, 0xAD, 0xAD, 0xAD, 0xAD, 0xAD, 0xAD, 0xAD, 0xAD, 0xAD, 0xAD, 0xAD, 0xAD, 0xAD, 0xAD, 0xAD, 0xAD
    .byte 0xAD, 0xAD, 0xAD, 0xAD, 0xAD, 0xAD, 0xAD, 0xAD, 0xAD, 0xAD, 0xAD, 0xAD, 0xAD, 0xAD, 0xAD, 0xAD, 0xAD, 0xAD, 0xAD, 0xAD, 0xAD, 0xAD, 0xAD, 0xAD, 0xAD, 0xAD, 0xAD, 0xAD, 0xAD, 0xAD, 0xAD, 0xAD
    .byte 0xAD, 0xAD, 0xAD, 0xAD, 0xAD, 0xAD, 0xAD, 0xAD, 0xAD, 0xAD, 0xAD, 0xAD, 0xAD, 0xAD, 0xAD, 0xAD, 0xAD, 0xAD, 0xAD, 0xAD, 0xAD, 0xAD, 0xAD, 0xAD, 0xAD, 0xAD, 0xAD, 0xAD, 0x03, 0x03, 0x03, 0x03
    .byte 0x03, 0x03, 0x03, 0x03, 0x03, 0x03, 0x03, 0x03, 0x03, 0x03, 0x03, 0xAD, 0x74, 0x74, 0x6B, 0x6B, 0x5A, 0x5A, 0x6B, 0x74, 0x5A, 0x6B, 0x5A, 0x5A, 0x5A, 0x5A, 0x5A, 0x5A, 0x6B, 0x5A, 0x5A, 0x6B
    .byte 0xB6, 0xB6, 0xB6, 0xB6, 0xB6, 0xB6, 0xB6, 0xB6, 0xB6, 0xB6, 0xFF, 0xAD, 0xFF, 0xAD, 0xFF, 0xAD, 0xFF, 0xAD, 0xFF, 0xAD, 0xFF, 0x5B, 0x5B, 0x5B, 0x5B, 0x5B, 0x5B, 0x5B, 0x5B, 0x5B, 0x5B, 0x5B
    .byte 0x52, 0x52, 0x5B, 0x52, 0x5B, 0x5B, 0x52, 0x52, 0x52, 0x52, 0x52, 0x52, 0x5B, 0x5B, 0x5B, 0x5B, 0x5B, 0x5B, 0x5B, 0x5B, 0x5B, 0x5B, 0x5B, 0xAD, 0xFF, 0xAD, 0xFF, 0xAD, 0xFF, 0xAD, 0xFF, 0xAD
    .byte 0xFF, 0xAD, 0xFF, 0xAD, 0xFF, 0xAD, 0xFF, 0xAD, 0xFF, 0xAD, 0xFF, 0xAD, 0xFF, 0xAD, 0xFF, 0xAD, 0xFF, 0xAD, 0xFF, 0xAD, 0xFF, 0xAD, 0xFF, 0xAD, 0xFF, 0xAD, 0xFF, 0xAD, 0xFF, 0xAD, 0xFF, 0xAD
    .byte 0xFF, 0xAD, 0xFF, 0xAD, 0xFF, 0xAD, 0xFF, 0xAD, 0xFF, 0xAD, 0xFF, 0xAD, 0xFF, 0xAD, 0xFF, 0xAD, 0xFF, 0xAD, 0xFF, 0xAD, 0xFF, 0xAD, 0xFF, 0xAD, 0xFF, 0xAD, 0xFF, 0xAD, 0xFF, 0xAD, 0xFF, 0xAD
    .byte 0xFF, 0xAD, 0xFF, 0xAD, 0xFF, 0xAD, 0xFF, 0xAD, 0xFF, 0xAD, 0xFF, 0xAD, 0xFF, 0xAD, 0xFF, 0xAD, 0xFF, 0xAD, 0xFF, 0xAD, 0xFF, 0xAD, 0xFF, 0xAD, 0xFF, 0xAD, 0xFF, 0x74, 0x74, 0xAD, 0xFF, 0x74
    .byte 0x74, 0x74, 0x5A, 0x5A, 0x5A, 0x74, 0x5A, 0x5A, 0x6B, 0x6B, 0x5A, 0x5A, 0x5A, 0x74, 0x74, 0x6B, 0x6B, 0x74, 0xFF, 0xAD, 0xFF, 0xAD, 0xFF, 0xAD, 0xFF, 0xAD, 0xFF, 0xAD, 0xFF, 0xAD, 0xFF, 0xAD
    .byte 0xFF, 0xAD, 0xFF, 0xAD, 0xFF, 0xAD, 0xFF, 0xAD, 0xFF, 0xAD, 0xFF, 0xAD, 0xFF, 0xAD, 0xFF, 0xAD, 0xFF, 0xAD, 0xFF, 0xAD, 0xFF, 0xAD, 0xFF, 0xAD, 0xFF, 0xAD, 0xFF, 0xAD, 0xFF, 0xAD, 0xFF, 0xAD
    .byte 0xFF, 0xAD, 0xFF, 0xAD, 0xFF, 0xAD, 0xFF, 0xAD, 0xFF, 0xAD, 0xFF, 0xAD, 0xFF, 0xAD, 0xFF, 0xAD, 0xFF, 0xAD, 0xFF, 0xAD, 0xFF, 0xAD, 0xFF, 0xAD, 0xFF, 0xAD, 0xFF, 0xAD, 0xFF, 0xAD, 0xFF, 0xAD
    .byte 0xFF, 0xAD, 0xFF, 0xAD, 0xFF, 0xAD, 0xFF, 0xAD, 0xFF, 0xAD, 0xFF, 0xAD, 0xFF, 0xAD, 0xFF, 0xAD, 0xFF, 0xAD, 0xFF, 0xAD, 0xFF, 0xAD, 0xFF, 0xAD, 0xFF, 0xAD, 0xFF, 0xAD, 0xFF, 0xAD, 0xFF, 0x03
    .byte 0x03, 0x03, 0x03, 0x03, 0x03, 0x03, 0x03, 0x03, 0x03, 0x03, 0xFF, 0xAD, 0x74, 0xAD, 0x6B, 0x6B, 0xFF, 0x6B, 0x6B, 0x6B, 0x6B, 0x6B, 0x5A, 0x6B, 0x5A, 0x5A, 0x6B, 0x5A, 0x5A, 0x5A, 0x6B, 0x5A
    .byte 0xB6, 0xB6, 0xB6, 0xB6, 0xB6, 0xB6, 0xB6, 0xB6, 0xB6, 0xB6, 0xAD, 0xAD, 0xAD, 0xFF, 0xAD, 0xAD, 0xAD, 0xFF, 0xAD, 0xAD, 0xAD, 0x5B, 0x5B, 0x5B, 0x5B, 0x5B, 0x5B, 0x5B, 0x5B, 0x5B, 0x5B, 0x5B
    .byte 0x52, 0x52, 0x52, 0x52, 0x52, 0x5B, 0x52, 0x5B, 0x52, 0x52, 0x52, 0x52, 0x5B, 0x5B, 0x5B, 0x5B, 0x5B, 0x5B, 0x5B, 0x5B, 0x5B, 0x5B, 0x5B, 0xAD, 0xAD, 0xFF, 0xAD, 0xAD, 0xAD, 0xFF, 0xAD, 0xAD
    .byte 0xAD, 0xFF, 0xAD, 0xAD, 0xAD, 0xFF, 0xAD, 0xAD, 0xAD, 0xFF, 0xAD, 0xAD, 0xAD, 0xFF, 0xAD, 0xAD, 0xAD, 0xFF, 0xAD, 0xAD, 0xAD, 0xFF, 0xAD, 0xAD, 0xAD, 0xFF, 0xAD, 0xAD, 0xAD, 0xFF, 0xAD, 0xAD
    .byte 0xAD, 0xFF, 0xAD, 0xAD, 0xAD, 0xFF, 0xAD, 0xAD, 0xAD, 0xFF, 0xAD, 0xAD, 0xAD, 0xFF, 0xAD, 0xAD, 0xAD, 0xFF, 0xAD, 0xAD, 0xAD, 0xFF, 0xAD, 0xAD, 0xAD, 0xFF, 0xAD, 0xAD, 0xAD, 0xFF, 0xAD, 0xAD
    .byte 0xAD, 0xFF, 0xAD, 0xAD, 0xAD, 0xFF, 0xAD, 0xAD, 0xAD, 0xFF, 0xAD, 0xAD, 0xAD, 0xFF, 0xAD, 0xAD, 0xAD, 0xFF, 0xAD, 0xAD, 0xAD, 0xFF, 0xAD, 0xAD, 0xAD, 0xFF, 0xAD, 0xAD, 0xAD, 0x74, 0x74, 0x74
    .byte 0x74, 0x74, 0x5A, 0x5A, 0x5A, 0x6B, 0x6B, 0x6B, 0x74, 0x6B, 0x5A, 0x5A, 0x6B, 0x6B, 0x6B, 0x74, 0x74, 0x74, 0x74, 0xAD, 0xAD, 0xFF, 0xAD, 0xAD, 0xAD, 0xFF, 0xAD, 0xAD, 0xAD, 0xFF, 0xAD, 0xAD
    .byte 0xAD, 0xFF, 0xAD, 0xAD, 0xAD, 0xFF, 0xAD, 0xAD, 0xAD, 0xFF, 0xAD, 0xAD, 0xAD, 0xFF, 0xAD, 0xAD, 0xAD, 0xFF, 0xAD, 0xAD, 0xAD, 0xFF, 0xAD, 0xAD, 0xAD, 0xFF, 0xAD, 0xAD, 0xAD, 0xFF, 0xAD, 0xAD
    .byte 0xAD, 0xFF, 0xAD, 0xAD, 0xAD, 0xFF, 0xAD, 0xAD, 0xAD, 0xFF, 0xAD, 0xAD, 0xAD, 0xFF, 0xAD, 0xAD, 0xAD, 0xFF, 0xAD, 0xAD, 0xAD, 0xFF, 0xAD, 0xAD, 0xAD, 0xFF, 0xAD, 0xAD, 0xAD, 0xFF, 0xAD, 0xAD
    .byte 0xAD, 0xFF, 0xAD, 0xAD, 0xAD, 0xFF, 0xAD, 0xAD, 0xAD, 0xFF, 0xAD, 0xAD, 0xAD, 0xFF, 0xAD, 0xAD, 0xAD, 0xFF, 0xAD, 0xAD, 0xAD, 0xFF, 0xAD, 0xAD, 0xAD, 0xFF, 0xAD, 0xAD, 0xAD, 0xFF, 0xAD, 0x03
    .byte 0x03, 0xFF, 0x03, 0x03, 0x03, 0x03, 0x03, 0x74, 0x03, 0x74, 0xAD, 0xAD, 0xAD, 0x74, 0x74, 0x6B, 0xAD, 0x6B, 0x6B, 0x5A, 0x5A, 0x5A, 0x6B, 0x5A, 0x6B, 0x6B, 0x5A, 0x6B, 0x5A, 0x5A, 0x6B, 0x5A
    .byte 0xB6, 0xB6, 0xB6, 0xB6, 0xB6, 0xB6, 0xB6, 0xB6, 0xB6, 0xB6, 0xFF, 0xAD, 0xFF, 0xAD, 0xFF, 0xAD, 0xFF, 0xAD, 0xFF, 0xAD, 0xFF, 0x5B, 0x5B, 0x5B, 0x5B, 0x5B, 0x5B, 0x5B, 0x5B, 0x5B, 0x5B, 0x5B
    .byte 0x52, 0x52, 0x52, 0x52, 0x52, 0x52, 0x52, 0x52, 0x52, 0x52, 0x52, 0x52, 0x5B, 0x5B, 0x5B, 0x5B, 0x5B, 0x5B, 0x5B, 0x5B, 0x5B, 0x5B, 0x5B, 0xAD, 0xFF, 0xAD, 0xFF, 0xAD, 0xFF, 0xAD, 0xFF, 0xAD
    .byte 0xFF, 0xAD, 0xFF, 0xAD, 0xFF, 0xAD, 0xFF, 0xAD, 0xFF, 0xAD, 0xFF, 0xAD, 0xFF, 0xAD, 0xFF, 0xAD, 0xFF, 0xAD, 0xFF, 0xAD, 0xFF, 0xAD, 0xFF, 0xAD, 0xFF, 0xAD, 0xFF, 0xAD, 0xFF, 0xAD, 0xFF, 0xAD
    .byte 0xFF, 0xAD, 0xFF, 0xAD, 0xFF, 0xAD, 0xFF, 0xAD, 0xFF, 0xAD, 0xFF, 0xAD, 0xFF, 0xAD, 0xFF, 0xAD, 0xFF, 0xAD, 0xFF, 0xAD, 0xFF, 0xAD, 0xFF, 0xAD, 0xFF, 0xAD, 0xFF, 0xAD, 0xFF, 0xAD, 0xFF, 0xAD
    .byte 0xFF, 0xAD, 0xFF, 0xAD, 0xFF, 0xAD, 0xFF, 0xAD, 0xFF, 0xAD, 0xFF, 0xAD, 0xFF, 0xAD, 0xFF, 0xAD, 0xFF, 0xAD, 0xFF, 0xAD, 0xFF, 0xAD, 0xFF, 0xAD, 0xFF, 0xAD, 0xFF, 0x74, 0xFF, 0x74, 0x74, 0x74
    .byte 0x74, 0x5A, 0x5A, 0x5A, 0x1A, 0x5A, 0x6B, 0x5A, 0x74, 0x6B, 0x6B, 0x5A, 0x6B, 0x6B, 0x6B, 0x6B, 0x6B, 0x6B, 0x74, 0xAD, 0xFF, 0xAD, 0xFF, 0xAD, 0xFF, 0xAD, 0xFF, 0xAD, 0xFF, 0xAD, 0xFF, 0xAD
    .byte 0xFF, 0xAD, 0xFF, 0xAD, 0xFF, 0xAD, 0xFF, 0xAD, 0xFF, 0xAD, 0xFF, 0xAD, 0xFF, 0xAD, 0xFF, 0xAD, 0xFF, 0xAD, 0xFF, 0xAD, 0xFF, 0xAD, 0xFF, 0xAD, 0xFF, 0xAD, 0xFF, 0xAD, 0xFF, 0xAD, 0xFF, 0xAD
    .byte 0xFF, 0xAD, 0xFF, 0xAD, 0xFF, 0xAD, 0xFF, 0xAD, 0xFF, 0xAD, 0xFF, 0xAD, 0xFF, 0xAD, 0xFF, 0xAD, 0xFF, 0xAD, 0xFF, 0xAD, 0xFF, 0xAD, 0xFF, 0xAD, 0xFF, 0xAD, 0xFF, 0xAD, 0xFF, 0xAD, 0xFF, 0xAD
    .byte 0xFF, 0xAD, 0xFF, 0xAD, 0xFF, 0xAD, 0xFF, 0xAD, 0xFF, 0xAD, 0xFF, 0xAD, 0xFF, 0xAD, 0xFF, 0xAD, 0xFF, 0xAD, 0xFF, 0xAD, 0xFF, 0xAD, 0xFF, 0xAD, 0xFF, 0xAD, 0xFF, 0xAD, 0xFF, 0x03, 0xFF, 0xAD
    .byte 0x03, 0x03, 0x03, 0x03, 0x03, 0x03, 0x03, 0x74, 0x03, 0x03, 0x03, 0x74, 0x74, 0x74, 0x74, 0x74, 0x74, 0x6B, 0x6B, 0x6B, 0x6B, 0x6B, 0x5A, 0x6B, 0x6B, 0x5A, 0x5A, 0x5A, 0x5A, 0x5A, 0x5A, 0x5A
    .byte 0xB6, 0xB6, 0xB6, 0xB6, 0xB6, 0xB6, 0xB6, 0xB6, 0xB6, 0xB6, 0xAD, 0xAD, 0xAD, 0xAD, 0xAD, 0xAD, 0xAD, 0xAD, 0xAD, 0xAD, 0xAD, 0x5B, 0x5B, 0x5B, 0x5B, 0x5B, 0x5B, 0x5B, 0x5B, 0x5B, 0x5B, 0x5B
    .byte 0x52, 0x52, 0x52, 0x52, 0x52, 0x52, 0x52, 0x52, 0x52, 0x52, 0x52, 0x52, 0x5B, 0x5B, 0x5B, 0x5B, 0x5B, 0x5B, 0x5B, 0x5B, 0x5B, 0x5B, 0x5B, 0xAD, 0xAD, 0xAD, 0xAD, 0xAD, 0xAD, 0xAD, 0xAD, 0xAD
    .byte 0xAD, 0xAD, 0xAD, 0xAD, 0xAD, 0xAD, 0xAD, 0xAD, 0xAD, 0xAD, 0xAD, 0xAD, 0xAD, 0xAD, 0xAD, 0xAD, 0xAD, 0xAD, 0xAD, 0xAD, 0xAD, 0xAD, 0xAD, 0xAD, 0xAD, 0xAD, 0xAD, 0xAD, 0xAD, 0xAD, 0xAD, 0xAD
    .byte 0xAD, 0xAD, 0xAD, 0xAD, 0xAD, 0xAD, 0xAD, 0xAD, 0xAD, 0xAD, 0xAD, 0xAD, 0xAD, 0xAD, 0xAD, 0xAD, 0xAD, 0xAD, 0xAD, 0xAD, 0xAD, 0xAD, 0xAD, 0xAD, 0xAD, 0xAD, 0xAD, 0xAD, 0xAD, 0xAD, 0xAD, 0xAD
    .byte 0xAD, 0xAD, 0xAD, 0xAD, 0xAD, 0xAD, 0xAD, 0xAD, 0xAD, 0xAD, 0xAD, 0xAD, 0xAD, 0xAD, 0xAD, 0xAD, 0xAD, 0xAD, 0xAD, 0xAD, 0xAD, 0xAD, 0xAD, 0xAD, 0xAD, 0xAD, 0xAD, 0x74, 0x74, 0x74, 0x74, 0xAD
    .byte 0x74, 0x1A, 0x1A, 0x5A, 0x5A, 0x6B, 0x6B, 0x5A, 0x6B, 0x6B, 0x6B, 0x74, 0x6B, 0x6B, 0x6B, 0x6B, 0x6B, 0x6B, 0xAD, 0xAD, 0xAD, 0xAD, 0xAD, 0xAD, 0xAD, 0xAD, 0xAD, 0xAD, 0xAD, 0xAD, 0xAD, 0xAD
    .byte 0xAD, 0xAD, 0xAD, 0xAD, 0xAD, 0xAD, 0xAD, 0xAD, 0xAD, 0xAD, 0xAD, 0xAD, 0xAD, 0xAD, 0xAD, 0xAD, 0xAD, 0xAD, 0xAD, 0xAD, 0xAD, 0xAD, 0xAD, 0xAD, 0xAD, 0xAD, 0xAD, 0xAD, 0xAD, 0xAD, 0xAD, 0xAD
    .byte 0xAD, 0xAD, 0xAD, 0xAD, 0xAD, 0xAD, 0xAD, 0xAD, 0xAD, 0xAD, 0xAD, 0xAD, 0xAD, 0xAD, 0xAD, 0xAD, 0xAD, 0xAD, 0xAD, 0xAD, 0xAD, 0xAD, 0xAD, 0xAD, 0xAD, 0xAD, 0xAD, 0xAD, 0xAD, 0xAD, 0xAD, 0xAD
    .byte 0xAD, 0xAD, 0xAD, 0xAD, 0xAD, 0xAD, 0xAD, 0xAD, 0xAD, 0xAD, 0xAD, 0xAD, 0xAD, 0xAD, 0xAD, 0xAD, 0xAD, 0xAD, 0xAD, 0xAD, 0xAD, 0xAD, 0xAD, 0xAD, 0xAD, 0xAD, 0xAD, 0xAD, 0x03, 0x03, 0xAD, 0xAD
    .byte 0x03, 0x03, 0x03, 0xAD, 0x03, 0x03, 0x03, 0xAD, 0x03, 0x03, 0x03, 0x74, 0x74, 0x74, 0x74, 0x74, 0x74, 0x74, 0x74, 0x6B, 0x6B, 0x6B, 0x6B, 0x6B, 0x74, 0x5A, 0x5A, 0x5A, 0x5A, 0x5A, 0x5A, 0x5A
    .byte 0xB6, 0xB6, 0xB6, 0xB6, 0xB6, 0xB6, 0xB6, 0xB6, 0xB6, 0xB6, 0xFF, 0xAD, 0xFF, 0xAD, 0xFF, 0xAD, 0xFF, 0xAD, 0xFF, 0xAD, 0xFF, 0x5B, 0x5B, 0x5B, 0x5B, 0x5B, 0x5B, 0x5B, 0x5B, 0x5B, 0x5B, 0x5B
    .byte 0x52, 0x52, 0x52, 0x5B, 0x52, 0x5B, 0x5B, 0x52, 0x52, 0x52, 0x52, 0x52, 0x5B, 0x5B, 0x5B, 0x5B, 0x5B, 0x5B, 0x5B, 0x5B, 0x5B, 0x5B, 0x5B, 0xAD, 0xFF, 0xAD, 0xFF, 0xAD, 0xFF, 0xAD, 0xFF, 0xAD
    .byte 0xFF, 0xAD, 0xFF, 0xAD, 0xFF, 0xAD, 0xFF, 0xAD, 0xFF, 0xAD, 0xFF, 0xAD, 0xFF, 0xAD, 0xFF, 0xAD, 0xFF, 0xAD, 0xFF, 0xAD, 0xFF, 0xAD, 0xFF, 0xAD, 0xFF, 0xAD, 0xFF, 0xAD, 0xFF, 0xAD, 0xFF, 0xAD
    .byte 0xFF, 0xAD, 0xFF, 0xAD, 0xFF, 0xAD, 0xFF, 0xAD, 0xFF, 0xAD, 0xFF, 0xAD, 0xFF, 0xAD, 0xFF, 0xAD, 0xFF, 0xAD, 0xFF, 0xAD, 0xFF, 0xAD, 0xFF, 0xAD, 0xFF, 0xAD, 0xFF, 0xAD, 0xFF, 0xAD, 0xFF, 0xAD
    .byte 0xFF, 0xAD, 0xFF, 0xAD, 0xFF, 0xAD, 0xFF, 0xAD, 0xFF, 0xAD, 0xFF, 0xAD, 0xFF, 0xAD, 0xFF, 0xAD, 0xFF, 0xAD, 0xFF, 0xAD, 0xFF, 0xAD, 0xFF, 0xAD, 0xFF, 0xAD, 0x74, 0x74, 0xFF, 0x74, 0x74, 0x74
    .byte 0x1A, 0x1A, 0x5A, 0x5A, 0x1A, 0x6B, 0x6B, 0x1A, 0x6B, 0x6B, 0x6B, 0x6B, 0x6B, 0x6B, 0x6B, 0x6B, 0x6B, 0x6B, 0xFF, 0xAD, 0xFF, 0xAD, 0xFF, 0xAD, 0xFF, 0xAD, 0xFF, 0xAD, 0xFF, 0xAD, 0xFF, 0xAD
    .byte 0xFF, 0xAD, 0xFF, 0xAD, 0xFF, 0xAD, 0xFF, 0xAD, 0xFF, 0xAD, 0xFF, 0xAD, 0xFF, 0xAD, 0xFF, 0xAD, 0xFF, 0xAD, 0xFF, 0xAD, 0xFF, 0xAD, 0xFF, 0xAD, 0xFF, 0xAD, 0xFF, 0xAD, 0xFF, 0xAD, 0xFF, 0xAD
    .byte 0xFF, 0xAD, 0xFF, 0xAD, 0xFF, 0xAD, 0xFF, 0xAD, 0xFF, 0xAD, 0xFF, 0xAD, 0xFF, 0xAD, 0xFF, 0xAD, 0xFF, 0xAD, 0xFF, 0xAD, 0xFF, 0xAD, 0xFF, 0xAD, 0xFF, 0xAD, 0xFF, 0xAD, 0xFF, 0xAD, 0xFF, 0xAD
    .byte 0xFF, 0xAD, 0xFF, 0xAD, 0xFF, 0xAD, 0xFF, 0xAD, 0xFF, 0xAD, 0xFF, 0xAD, 0xFF, 0xAD, 0xFF, 0xAD, 0xFF, 0xAD, 0xFF, 0xAD, 0xFF, 0xAD, 0xFF, 0xAD, 0xFF, 0x03, 0xFF, 0xAD, 0x03, 0x03, 0x03, 0x03
    .byte 0x03, 0xAD, 0xFF, 0x03, 0xFF, 0x03, 0xFF, 0x03, 0x03, 0x03, 0x74, 0x03, 0xFF, 0x74, 0xFF, 0xAD, 0x74, 0x74, 0xFF, 0x6B, 0x6B, 0x6B, 0x6B, 0x6B, 0x5A, 0x5A, 0x5A, 0x5A, 0x5A, 0x5A, 0x5A, 0x5A
    .byte 0xA4, 0xA4, 0xA4, 0xA4, 0xA4, 0xA4, 0xA4, 0xA4, 0xA4, 0xA4, 0xAD, 0xAD, 0xAD, 0xFF, 0xAD, 0xAD, 0xAD, 0xFF, 0xAD, 0xAD, 0xAD, 0x5B, 0x5B, 0x5B, 0x5B, 0x5B, 0x5B, 0x5B, 0x5B, 0x5B, 0x5B, 0x5B
    .byte 0x52, 0x52, 0x52, 0x52, 0x52, 0x52, 0x5B, 0x52, 0x5B, 0x52, 0x52, 0x52, 0x5B, 0x5B, 0x5B, 0x5B, 0x5B, 0x5B, 0x5B, 0x5B, 0x5B, 0x5B, 0x5B, 0xAD, 0xAD, 0xFF, 0xAD, 0xAD, 0xAD, 0xFF, 0xAD, 0xAD
    .byte 0xAD, 0xFF, 0xAD, 0xAD, 0xAD, 0xFF, 0xAD, 0xAD, 0xAD, 0xFF, 0xAD, 0xAD, 0xAD, 0xFF, 0xAD, 0xAD, 0xAD, 0xFF, 0xAD, 0xAD, 0xAD, 0xFF, 0xAD, 0xAD, 0xAD, 0xFF, 0xAD, 0xAD, 0xAD, 0xFF, 0xAD, 0xAD
    .byte 0xAD, 0xFF, 0xAD, 0xAD, 0xAD, 0xFF, 0xAD, 0xAD, 0xAD, 0xFF, 0xAD, 0xAD, 0xAD, 0xFF, 0xAD, 0xAD, 0xAD, 0xFF, 0xAD, 0xAD, 0xAD, 0xFF, 0xAD, 0xAD, 0xAD, 0xFF, 0xAD, 0xAD, 0xAD, 0xFF, 0xAD, 0xAD
    .byte 0xAD, 0xFF, 0xAD, 0xAD, 0xAD, 0xFF, 0xAD, 0xAD, 0xAD, 0xFF, 0xAD, 0xAD, 0xAD, 0xFF, 0xAD, 0xAD, 0xAD, 0xFF, 0xAD, 0xAD, 0xAD, 0xFF, 0xAD, 0xAD, 0xAD, 0xFF, 0x74, 0x74, 0x74, 0x74, 0xAD, 0x74
    .byte 0x1A, 0x1A, 0x1A, 0x5A, 0x1A, 0x1A, 0x6B, 0x5A, 0x6B, 0x6B, 0x6B, 0x6B, 0x6B, 0x6B, 0x6B, 0x6B, 0x74, 0x6B, 0xAD, 0xAD, 0xAD, 0xFF, 0xAD, 0xAD, 0xAD, 0xFF, 0xAD, 0xAD, 0xAD, 0xFF, 0xAD, 0xAD
    .byte 0xAD, 0xFF, 0xAD, 0xAD, 0xAD, 0xFF, 0xAD, 0xAD, 0xAD, 0xFF, 0xAD, 0xAD, 0xAD, 0xFF, 0xAD, 0xAD, 0xAD, 0xFF, 0xAD, 0xAD, 0xAD, 0xFF, 0xAD, 0xAD, 0xAD, 0xFF, 0xAD, 0xAD, 0xAD, 0xFF, 0xAD, 0xAD
    .byte 0xAD, 0xFF, 0xAD, 0xAD, 0xAD, 0xFF, 0xAD, 0xAD, 0xAD, 0xFF, 0xAD, 0xAD, 0xAD, 0xFF, 0xAD, 0xAD, 0xAD, 0xFF, 0xAD, 0xAD, 0xAD, 0xFF, 0xAD, 0xAD, 0xAD, 0xFF, 0xAD, 0xAD, 0xAD, 0xFF, 0xAD, 0xAD
    .byte 0xAD, 0xFF, 0xAD, 0xAD, 0xAD, 0xFF, 0xAD, 0xAD, 0xAD, 0xFF, 0xAD, 0xAD, 0xAD, 0xFF, 0xAD, 0xAD, 0xAD, 0xFF, 0xAD, 0xAD, 0xAD, 0xFF, 0xAD, 0xAD, 0xAD, 0xFF, 0xAD, 0x03, 0xAD, 0xFF, 0x03, 0x03
    .byte 0x03, 0x03, 0x03, 0x03, 0xAD, 0xFF, 0x03, 0x03, 0x03, 0x74, 0x03, 0x03, 0xAD, 0x74, 0xAD, 0x5A, 0x5A, 0xFF, 0x5A, 0x5A, 0x5A, 0x5A, 0x5A, 0x5A, 0x5A, 0x5A, 0x5A, 0x5A, 0x5A, 0x5A, 0x5A, 0x5A
    .byte 0xA4, 0xA4, 0xA4, 0xA4, 0xA4, 0xA4, 0xA4, 0xA4, 0xA4, 0xA4, 0xFF, 0xAD, 0xFF, 0xAD, 0xFF, 0xAD, 0xFF, 0xAD, 0xFF, 0xAD, 0xFF, 0x5B, 0x5B, 0x5B, 0x5B, 0x5B, 0x5B, 0x5B, 0x5B, 0x5B, 0x5B, 0x5B
    .byte 0x52, 0x52, 0x52, 0x52, 0x52, 0x52, 0x52, 0x52, 0x52, 0x52, 0x52, 0x52, 0x5B, 0x5B, 0x5B, 0x5B, 0x5B, 0x5B, 0x5B, 0x5B, 0x5B, 0x5B, 0x5B, 0xAD, 0xFF, 0xAD, 0xFF, 0xAD, 0xFF, 0xAD, 0xFF, 0xAD
    .byte 0xFF, 0xAD, 0xFF, 0xAD, 0xFF, 0xAD, 0xFF, 0xAD, 0xFF, 0xAD, 0xFF, 0xAD, 0xFF, 0xAD, 0xFF, 0xAD, 0xFF, 0xAD, 0xFF, 0xAD, 0xFF, 0xAD, 0xFF, 0xAD, 0xFF, 0xAD, 0xFF, 0xAD, 0xFF, 0xAD, 0xFF, 0xAD
    .byte 0xFF, 0xAD, 0xFF, 0xAD, 0xFF, 0xAD, 0xFF, 0xAD, 0xFF, 0xAD, 0xFF, 0xAD, 0xFF, 0xAD, 0xFF, 0xAD, 0xFF, 0xAD, 0xFF, 0xAD, 0xFF, 0xAD, 0xFF, 0xAD, 0xFF, 0xAD, 0xFF, 0xAD, 0xFF, 0xAD, 0xFF, 0xAD
    .byte 0xFF, 0xAD, 0xFF, 0xAD, 0xFF, 0xAD, 0xFF, 0xAD, 0xFF, 0xAD, 0xFF, 0xAD, 0xFF, 0xAD, 0xFF, 0xAD, 0xFF, 0xAD, 0xFF, 0xAD, 0xFF, 0xAD, 0xFF, 0xAD, 0xFF, 0x74, 0x74, 0xAD, 0xFF, 0xAD, 0x74, 0x74
    .byte 0x1A, 0x1A, 0x1A, 0x6B, 0x5A, 0x6B, 0x6B, 0x6B, 0x6B, 0x5A, 0x6B, 0x6B, 0x6B, 0x6B, 0x74, 0x74, 0x74, 0x74, 0xFF, 0xAD, 0xFF, 0xAD, 0xFF, 0xAD, 0xFF, 0xAD, 0xFF, 0xAD, 0xFF, 0xAD, 0xFF, 0xAD
    .byte 0xFF, 0xAD, 0xFF, 0xAD, 0xFF, 0xAD, 0xFF, 0xAD, 0xFF, 0xAD, 0xFF, 0xAD, 0xFF, 0xAD, 0xFF, 0xAD, 0xFF, 0xAD, 0xFF, 0xAD, 0xFF, 0xAD, 0xFF, 0xAD, 0xFF, 0xAD, 0xFF, 0xAD, 0xFF, 0xAD, 0xFF, 0xAD
    .byte 0xFF, 0xAD, 0xFF, 0xAD, 0xFF, 0xAD, 0xFF, 0xAD, 0xFF, 0xAD, 0xFF, 0xAD, 0xFF, 0xAD, 0xFF, 0xAD, 0xFF, 0xAD, 0xFF, 0xAD, 0xFF, 0xAD, 0xFF, 0xAD, 0xFF, 0xAD, 0xFF, 0xAD, 0xFF, 0xAD, 0xFF, 0xAD
    .byte 0xFF, 0xAD, 0xFF, 0xAD, 0xFF, 0xAD, 0xFF, 0xAD, 0xFF, 0xAD, 0xFF, 0xAD, 0xFF, 0xAD, 0xFF, 0xAD, 0xFF, 0xAD, 0xFF, 0xAD, 0xFF, 0xAD, 0xFF, 0xAD, 0x03, 0x03, 0x03, 0xAD, 0x03, 0x03, 0xFF, 0x03
    .byte 0x03, 0x03, 0x03, 0x03, 0x03, 0x74, 0x74, 0xAD, 0xFF, 0x03, 0xFF, 0x74, 0x74, 0x74, 0xFF, 0x5A, 0x74, 0xAD, 0x5A, 0x5A, 0x5A, 0x5A, 0x5A, 0x6B, 0x5A, 0x5A, 0x5A, 0x5A, 0x5A, 0x5A, 0x5A, 0x5A
    .byte 0xA4, 0xA4, 0xA4, 0xA4, 0xA4, 0xA4, 0xA4, 0xA4, 0xA4, 0xA4, 0xAD, 0xAD, 0xAD, 0xAD, 0xAD, 0xAD, 0xAD, 0xAD, 0xAD, 0xAD, 0xAD, 0x5B, 0x5B, 0x5B, 0x5B, 0x5B, 0x5B, 0x5B, 0x5B, 0x5B, 0x5B, 0x5B
    .byte 0x52, 0x52, 0x52, 0x52, 0x52, 0x52, 0x03, 0x03, 0x52, 0x52, 0x52, 0x52, 0x5B, 0x5B, 0x5B, 0x5B, 0x5B, 0x5B, 0x5B, 0x5B, 0x5B, 0x5B, 0x5B, 0xAD, 0xAD, 0xAD, 0xAD, 0xAD, 0xAD, 0xAD, 0xAD, 0xAD
    .byte 0xAD, 0xAD, 0xAD, 0xAD, 0xAD, 0xAD, 0xAD, 0xAD, 0xAD, 0xAD, 0xAD, 0xAD, 0xAD, 0xAD, 0xAD, 0xAD, 0xAD, 0xAD, 0xAD, 0xAD, 0xAD, 0xAD, 0xAD, 0xAD, 0xAD, 0xAD, 0xAD, 0xAD, 0xAD, 0xAD, 0xAD, 0xAD
    .byte 0xAD, 0xAD, 0xAD, 0xAD, 0xAD, 0xAD, 0xAD, 0xAD, 0xAD, 0xAD, 0xAD, 0xAD, 0xAD, 0xAD, 0xAD, 0xAD, 0xAD, 0xAD, 0xAD, 0xAD, 0xAD, 0xAD, 0xAD, 0xAD, 0xAD, 0xAD, 0xAD, 0xAD, 0xAD, 0xAD, 0xAD, 0xAD
    .byte 0xAD, 0xAD, 0xAD, 0xAD, 0xAD, 0xAD, 0xAD, 0xAD, 0xAD, 0xAD, 0xAD, 0xAD, 0xAD, 0xAD, 0xAD, 0xAD, 0xAD, 0xAD, 0xAD, 0xAD, 0xAD, 0xAD, 0xAD, 0xAD, 0xAD, 0xAD, 0xAD, 0xAD, 0xAD, 0x74, 0xAD, 0x74
    .byte 0x6B, 0x6B, 0x6B, 0x6B, 0x6B, 0x6B, 0x6B, 0x6B, 0x6B, 0x1A, 0x6B, 0x74, 0x6B, 0x6B, 0x6B, 0x6B, 0x74, 0x74, 0xAD, 0xAD, 0xAD, 0xAD, 0xAD, 0xAD, 0xAD, 0xAD, 0xAD, 0xAD, 0xAD, 0xAD, 0xAD, 0xAD
    .byte 0xAD, 0xAD, 0xAD, 0xAD, 0xAD, 0xAD, 0xAD, 0xAD, 0xAD, 0xAD, 0xAD, 0xAD, 0xAD, 0xAD, 0xAD, 0xAD, 0xAD, 0xAD, 0xAD, 0xAD, 0xAD, 0xAD, 0xAD, 0xAD, 0xAD, 0xAD, 0xAD, 0xAD, 0xAD, 0xAD, 0xAD, 0xAD
    .byte 0xAD, 0xAD, 0xAD, 0xAD, 0xAD, 0xAD, 0xAD, 0xAD, 0xAD, 0xAD, 0xAD, 0xAD, 0xAD, 0xAD, 0xAD, 0xAD, 0xAD, 0xAD, 0xAD, 0xAD, 0xAD, 0xAD, 0xAD, 0xAD, 0xAD, 0xAD, 0xAD, 0xAD, 0xAD, 0xAD, 0xAD, 0xAD
    .byte 0xAD, 0xAD, 0xAD, 0xAD, 0xAD, 0xAD, 0xAD, 0xAD, 0xAD, 0xAD, 0xAD, 0xAD, 0xAD, 0xAD, 0xAD, 0xAD, 0xAD, 0xAD, 0xAD, 0xAD, 0xAD, 0xAD, 0xAD, 0xAD, 0x03, 0x03, 0xAD, 0xAD, 0x03, 0x03, 0x03, 0xAD
    .byte 0x03, 0x03, 0x03, 0x74, 0x74, 0x03, 0x03, 0x03, 0x03, 0x03, 0x74, 0x03, 0x74, 0x5A, 0x74, 0x74, 0x5A, 0x5A, 0x5A, 0x5A, 0x5A, 0x5A, 0x5A, 0x5A, 0x5A, 0x5A, 0x5A, 0x5A, 0x5A, 0x5A, 0x5A, 0x5A
    .byte 0xA4, 0xA4, 0xA4, 0xA4, 0xA4, 0xA4, 0xA4, 0xA4, 0xA4, 0xA4, 0xFF, 0xAD, 0xFF, 0xAD, 0xFF, 0xAD, 0xFF, 0xAD, 0xFF, 0xAD, 0xFF, 0x52, 0x52, 0x52, 0x52, 0x52, 0x52, 0x52, 0x52, 0x52, 0x52, 0x52
    .byte 0x52, 0x52, 0x52, 0x6B, 0x03, 0x03, 0x6B, 0x74, 0x6B, 0x52, 0x52, 0x52, 0x52, 0x52, 0x52, 0x52, 0x52, 0x52, 0x52, 0x52, 0x52, 0x52, 0x52, 0xAD, 0xFF, 0xAD, 0xFF, 0xAD, 0xFF, 0xAD, 0xFF, 0xAD
    .byte 0xFF, 0xAD, 0xFF, 0xAD, 0xFF, 0xAD, 0xFF, 0xAD, 0xFF, 0xAD, 0xFF, 0xAD, 0xFF, 0xAD, 0xFF, 0xAD, 0xFF, 0xAD, 0xFF, 0xAD, 0xFF, 0xAD, 0xFF, 0xAD, 0xFF, 0xAD, 0xFF, 0xAD, 0xFF, 0xAD, 0xFF, 0xAD
    .byte 0xFF, 0xAD, 0xFF, 0xAD, 0xFF, 0xAD, 0xFF, 0xAD, 0xFF, 0xAD, 0xFF, 0xAD, 0xFF, 0xAD, 0xFF, 0xAD, 0xFF, 0xAD, 0xFF, 0xAD, 0xFF, 0xAD, 0xFF, 0xAD, 0xFF, 0xAD, 0xFF, 0xAD, 0xFF, 0xAD, 0xFF, 0xAD
    .byte 0xFF, 0xAD, 0xFF, 0xAD, 0xFF, 0xAD, 0xFF, 0xAD, 0xFF, 0xAD, 0xFF, 0xAD, 0xFF, 0xAD, 0xFF, 0xAD, 0xFF, 0xAD, 0xFF, 0xAD, 0xFF, 0xAD, 0xFF, 0xAD, 0xFF, 0xAD, 0xFF, 0x74, 0xFF, 0x74, 0x1A, 0x1A
    .byte 0x6B, 0x6B, 0x74, 0x6B, 0x6B, 0x5A, 0x6B, 0x6B, 0x6B, 0x6B, 0x6B, 0x6B, 0x6B, 0x6B, 0x74, 0x74, 0x74, 0x74, 0xFF, 0xAD, 0xFF, 0xAD, 0xFF, 0xAD, 0xFF, 0xAD, 0xFF, 0xAD, 0xFF, 0xAD, 0xFF, 0xAD
    .byte 0xFF, 0xAD, 0xFF, 0xAD, 0xFF, 0xAD, 0xFF, 0xAD, 0xFF, 0xAD, 0xFF, 0xAD, 0xFF, 0xAD, 0xFF, 0xAD, 0xFF, 0xAD, 0xFF, 0xAD, 0xFF, 0xAD, 0xFF, 0xAD, 0xFF, 0xAD, 0xFF, 0xAD, 0xFF, 0xAD, 0xFF, 0xAD
    .byte 0xFF, 0xAD, 0xFF, 0xAD, 0xFF, 0xAD, 0xFF, 0xAD, 0xFF, 0xAD, 0xFF, 0xAD, 0xFF, 0xAD, 0xFF, 0xAD, 0xFF, 0xAD, 0xFF, 0xAD, 0xFF, 0xAD, 0xFF, 0xAD, 0xFF, 0xAD, 0xFF, 0xAD, 0xFF, 0xAD, 0xFF, 0xAD
    .byte 0xFF, 0xAD, 0xFF, 0xAD, 0xFF, 0xAD, 0xFF, 0xAD, 0xFF, 0xAD, 0xFF, 0xAD, 0xFF, 0xAD, 0xFF, 0xAD, 0xFF, 0xAD, 0xFF, 0xAD, 0xFF, 0xAD, 0xFF, 0xAD, 0x03, 0x03, 0x03, 0x03, 0x03, 0x03, 0x03, 0x03
    .byte 0x03, 0x03, 0x03, 0x74, 0x03, 0x03, 0x74, 0x74, 0xFF, 0x03, 0x03, 0x74, 0x74, 0x5A, 0x5A, 0xAD, 0x5A, 0xAD, 0xFF, 0x5A, 0x5A, 0x5A, 0x5A, 0x5A, 0x5A, 0x5A, 0x5A, 0x5A, 0x5A, 0x5A, 0x5A, 0x5A
    .byte 0xA4, 0xA4, 0xA4, 0xA4, 0xA4, 0xA4, 0xA4, 0xA4, 0xA4, 0xA4, 0xAD, 0xAD, 0xAD, 0xFF, 0xAD, 0xAD, 0xAD, 0xFF, 0xAD, 0xAD, 0xAD, 0x52, 0x52, 0x52, 0x52, 0x52, 0x52, 0x52, 0x52, 0x52, 0x52, 0x52
    .byte 0x52, 0x03, 0x6B, 0x03, 0x74, 0x03, 0x03, 0x5B, 0x03, 0x03, 0x03, 0x52, 0x52, 0x52, 0x52, 0x52, 0x52, 0x52, 0x52, 0x52, 0x52, 0x52, 0x52, 0xAD, 0xAD, 0xFF, 0xAD, 0xAD, 0xAD, 0xFF, 0xAD, 0xAD
    .byte 0xAD, 0xFF, 0xAD, 0xAD, 0xAD, 0xFF, 0xAD, 0xAD, 0xAD, 0xFF, 0xAD, 0xAD, 0xAD, 0xFF, 0xAD, 0xAD, 0xAD, 0xFF, 0xAD, 0xAD, 0xAD, 0xFF, 0xAD, 0xAD, 0xAD, 0xFF, 0xAD, 0xAD, 0xAD, 0xFF, 0xAD, 0xAD
    .byte 0xAD, 0xFF, 0xAD, 0xAD, 0xAD, 0xFF, 0xAD, 0xAD, 0xAD, 0xFF, 0xAD, 0xAD, 0xAD, 0xFF, 0xAD, 0xAD, 0xAD, 0xFF, 0xAD, 0xAD, 0xAD, 0xFF, 0xAD, 0xAD, 0xAD, 0xFF, 0xAD, 0xAD, 0xAD, 0xFF, 0xAD, 0xAD
    .byte 0xAD, 0xFF, 0xAD, 0xAD, 0xAD, 0xFF, 0xAD, 0xAD, 0xAD, 0xFF, 0xAD, 0xAD, 0xAD, 0xFF, 0xAD, 0xAD, 0xAD, 0xFF, 0xAD, 0xAD, 0xAD, 0xFF, 0xAD, 0xAD, 0xAD, 0xFF, 0xAD, 0x74, 0x74, 0x74, 0x74, 0x6B
    .byte 0x6B, 0x6B, 0x6B, 0x6B, 0x1A, 0x6B, 0x6B, 0x6B, 0x6B, 0x6B, 0x6B, 0x6B, 0x6B, 0x5A, 0x5A, 0x74, 0x74, 0xFF, 0xAD, 0xAD, 0xAD, 0xFF, 0xAD, 0xAD, 0xAD, 0xFF, 0xAD, 0xAD, 0xAD, 0xFF, 0xAD, 0xAD
    .byte 0xAD, 0xFF, 0xAD, 0xAD, 0xAD, 0xFF, 0xAD, 0xAD, 0xAD, 0xFF, 0xAD, 0xAD, 0xAD, 0xFF, 0xAD, 0xAD, 0xAD, 0xFF, 0xAD, 0xAD, 0xAD, 0xFF, 0xAD, 0xAD, 0xAD, 0xFF, 0xAD, 0xAD, 0xAD, 0xFF, 0xAD, 0xAD
    .byte 0xAD, 0xFF, 0xAD, 0xAD, 0xAD, 0xFF, 0xAD, 0xAD, 0xAD, 0xFF, 0xAD, 0xAD, 0xAD, 0xFF, 0xAD, 0xAD, 0xAD, 0xFF, 0xAD, 0xAD, 0xAD, 0xFF, 0xAD, 0xAD, 0xAD, 0xFF, 0xAD, 0xAD, 0xAD, 0xFF, 0xAD, 0xAD
    .byte 0xAD, 0xFF, 0xAD, 0xAD, 0xAD, 0xFF, 0xAD, 0xAD, 0xAD, 0xFF, 0xAD, 0xAD, 0xAD, 0xFF, 0xAD, 0xAD, 0xAD, 0xFF, 0xAD, 0xAD, 0xAD, 0xFF, 0xAD, 0xAD, 0x03, 0x03, 0xAD, 0x03, 0x03, 0x03, 0x03, 0x03
    .byte 0x03, 0x03, 0x03, 0x03, 0x03, 0x03, 0x74, 0x03, 0x74, 0x74, 0xAD, 0x74, 0xAD, 0x5A, 0x74, 0x5A, 0x5A, 0xFF, 0x5A, 0x5A, 0xAD, 0x5A, 0x5A, 0x5A, 0x5A, 0x5A, 0x5A, 0x6B, 0x5A, 0x6B, 0x5A, 0x5A
    .byte 0xA4, 0xA4, 0xA4, 0xA4, 0xA4, 0xA4, 0xA4, 0xA4, 0xA4, 0xA4, 0xFF, 0xAD, 0xFF, 0xAD, 0xFF, 0xAD, 0xFF, 0xAD, 0xFF, 0xAD, 0xFF, 0x52, 0x52, 0x52, 0x52, 0x52, 0x52, 0x52, 0x52, 0x52, 0x52, 0x52
    .byte 0x52, 0x03, 0x03, 0x6B, 0x6B, 0x03, 0x03, 0x03, 0x03, 0x03, 0x6B, 0x6B, 0x52, 0x52, 0x52, 0x52, 0x52, 0x52, 0x52, 0x52, 0x52, 0x52, 0x52, 0xAD, 0xFF, 0xAD, 0xFF, 0xAD, 0xFF, 0xAD, 0xFF, 0xAD
    .byte 0xFF, 0xAD, 0xFF, 0xAD, 0xFF, 0xAD, 0xFF, 0xAD, 0xFF, 0xAD, 0xFF, 0xAD, 0xFF, 0xAD, 0xFF, 0xAD, 0xFF, 0xAD, 0xFF, 0xAD, 0xFF, 0xAD, 0xFF, 0xAD, 0xFF, 0xAD, 0xFF, 0xAD, 0xFF, 0xAD, 0xFF, 0xAD
    .byte 0xFF, 0xAD, 0xFF, 0xAD, 0xFF, 0xAD, 0xFF, 0xAD, 0xFF, 0xAD, 0xFF, 0xAD, 0xFF, 0xAD, 0xFF, 0xAD, 0xFF, 0xAD, 0xFF, 0xAD, 0xFF, 0xAD, 0xFF, 0xAD, 0xFF, 0xAD, 0xFF, 0xAD, 0xFF, 0xAD, 0xFF, 0xAD
    .byte 0xFF, 0xAD, 0xFF, 0xAD, 0xFF, 0xAD, 0xFF, 0xAD, 0xFF, 0xAD, 0xFF, 0xAD, 0xFF, 0xAD, 0xFF, 0xAD, 0xFF, 0xAD, 0xFF, 0xAD, 0xFF, 0xAD, 0xFF, 0xAD, 0xFF, 0xAD, 0x74, 0x74, 0x74, 0x5A, 0x5A, 0x74
    .byte 0x6B, 0x1A, 0x6B, 0x6B, 0x5A, 0x6B, 0x6B, 0x6B, 0x6B, 0x6B, 0x6B, 0x6B, 0x5A, 0x6B, 0x5A, 0x74, 0x5A, 0x74, 0xFF, 0xAD, 0xFF, 0xAD, 0xFF, 0xAD, 0xFF, 0xAD, 0xFF, 0xAD, 0xFF, 0xAD, 0xFF, 0xAD
    .byte 0xFF, 0xAD, 0xFF, 0xAD, 0xFF, 0xAD, 0xFF, 0xAD, 0xFF, 0xAD, 0xFF, 0xAD, 0xFF, 0xAD, 0xFF, 0xAD, 0xFF, 0xAD, 0xFF, 0xAD, 0xFF, 0xAD, 0xFF, 0xAD, 0xFF, 0xAD, 0xFF, 0xAD, 0xFF, 0xAD, 0xFF, 0xAD
    .byte 0xFF, 0xAD, 0xFF, 0xAD, 0xFF, 0xAD, 0xFF, 0xAD, 0xFF, 0xAD, 0xFF, 0xAD, 0xFF, 0xAD, 0xFF, 0xAD, 0xFF, 0xAD, 0xFF, 0xAD, 0xFF, 0xAD, 0xFF, 0xAD, 0xFF, 0xAD, 0xFF, 0xAD, 0xFF, 0xAD, 0xFF, 0xAD
    .byte 0xFF, 0xAD, 0xFF, 0xAD, 0xFF, 0xAD, 0xFF, 0xAD, 0xFF, 0xAD, 0xFF, 0xAD, 0xFF, 0xAD, 0xFF, 0xAD, 0xFF, 0xAD, 0xFF, 0xAD, 0xFF, 0xAD, 0xFF, 0x03, 0x03, 0x03, 0x03, 0x03, 0x03, 0x03, 0x03, 0x74
    .byte 0x03, 0x03, 0x03, 0x03, 0x03, 0x74, 0x03, 0x03, 0x74, 0x74, 0xFF, 0x74, 0x5A, 0x5A, 0xFF, 0x74, 0x5A, 0x5A, 0x5A, 0x5A, 0xFF, 0x5A, 0x5A, 0x5A, 0x5A, 0x5A, 0x5A, 0x5A, 0x5A, 0x5A, 0x5A, 0x5A
    .byte 0xA4, 0xA4, 0xA4, 0xA4, 0xA4, 0xA4, 0xA4, 0xA4, 0xA4, 0xA4, 0xAD, 0xAD, 0xAD, 0xAD, 0xAD, 0xAD, 0xAD, 0xAD, 0xAD, 0xAD, 0xAD, 0x52, 0x52, 0x52, 0x52, 0x52, 0x52, 0x52, 0x52, 0x52, 0x52, 0x52
    .byte 0x52, 0x03, 0x03, 0x03, 0x6B, 0x03, 0x03, 0x03, 0x03, 0x03, 0x6B, 0x52, 0x52, 0x52, 0x52, 0x52, 0x52, 0x52, 0x52, 0x52, 0x52, 0x52, 0x52, 0xAD, 0xAD, 0xAD, 0xAD, 0xAD, 0xAD, 0xAD, 0xAD, 0xAD
    .byte 0xAD, 0xAD, 0xAD, 0xAD, 0xAD, 0xAD, 0xAD, 0xAD, 0xAD, 0xAD, 0xAD, 0xAD, 0xAD, 0xAD, 0xAD, 0xAD, 0xAD, 0xAD, 0xAD, 0xAD, 0xAD, 0xAD, 0xAD, 0xAD, 0xAD, 0xAD, 0xAD, 0xAD, 0xAD, 0xAD, 0xAD, 0xAD
    .byte 0xAD, 0xAD, 0xAD, 0xAD, 0xAD, 0xAD, 0xAD, 0xAD, 0xAD, 0xAD, 0xAD, 0xAD, 0xAD, 0xAD, 0xAD, 0xAD, 0xAD, 0xAD, 0xAD, 0xAD, 0xAD, 0xAD, 0xAD, 0xAD, 0xAD, 0xAD, 0xAD, 0xAD, 0xAD, 0xAD, 0xAD, 0xAD
    .byte 0xAD, 0xAD, 0xAD, 0xAD, 0xAD, 0xAD, 0xAD, 0xAD, 0xAD, 0xAD, 0xAD, 0xAD, 0xAD, 0xAD, 0xAD, 0xAD, 0xAD, 0xAD, 0xAD, 0xAD, 0xAD, 0xAD, 0xAD, 0xAD, 0xAD, 0x5A, 0x5A, 0x74, 0x5A, 0x5A, 0x5A, 0x6B
    .byte 0x6B, 0x6B, 0x6B, 0x1A, 0x6B, 0x6B, 0x6B, 0x6B, 0x6B, 0x6B, 0x6B, 0x6B, 0x5A, 0x74, 0x74, 0x74, 0x74, 0x5A, 0xAD, 0xAD, 0xAD, 0xAD, 0xAD, 0xAD, 0xAD, 0xAD, 0xAD, 0xAD, 0xAD, 0xAD, 0xAD, 0xAD
    .byte 0xAD, 0xAD, 0xAD, 0xAD, 0xAD, 0xAD, 0xAD, 0xAD, 0xAD, 0xAD, 0xAD, 0xAD, 0xAD, 0xAD, 0xAD, 0xAD, 0xAD, 0xAD, 0xAD, 0xAD, 0xAD, 0xAD, 0xAD, 0xAD, 0xAD, 0xAD, 0xAD, 0xAD, 0xAD, 0xAD, 0xAD, 0xAD
    .byte 0xAD, 0xAD, 0xAD, 0xAD, 0xAD, 0xAD, 0xAD, 0xAD, 0xAD, 0xAD, 0xAD, 0xAD, 0xAD, 0xAD, 0xAD, 0xAD, 0xAD, 0xAD, 0xAD, 0xAD, 0xAD, 0xAD, 0xAD, 0xAD, 0xAD, 0xAD, 0xAD, 0xAD, 0xAD, 0xAD, 0xAD, 0xAD
    .byte 0xAD, 0xAD, 0xAD, 0xAD, 0xAD, 0xAD, 0xAD, 0xAD, 0xAD, 0xAD, 0xAD, 0xAD, 0xAD, 0xAD, 0xAD, 0xAD, 0xAD, 0xAD, 0xAD, 0xAD, 0xAD, 0xAD, 0xAD, 0x03, 0x03, 0x03, 0x03, 0xAD, 0x03, 0x03, 0xAD, 0x74
    .byte 0x03, 0x03, 0x03, 0x74, 0x74, 0x74, 0xAD, 0x03, 0x74, 0x74, 0xAD, 0xAD, 0x5A, 0x5A, 0xAD, 0x5A, 0xAD, 0x5A, 0x5A, 0x5A, 0x5A, 0x5A, 0x5A, 0x5A, 0x5A, 0x5A, 0x5A, 0x5A, 0x5A, 0x5A, 0x5A, 0x6B
    .byte 0xA4, 0xA4, 0xA4, 0xA4, 0xA4, 0xA4, 0xA4, 0xA4, 0xA4, 0xA4, 0xFF, 0xAD, 0xFF, 0xAD, 0xFF, 0xAD, 0xFF, 0xAD, 0xFF, 0xAD, 0xFF, 0x52, 0x52, 0x52, 0x52, 0x52, 0x52, 0x52, 0x52, 0x52, 0x52, 0x52
    .byte 0x74, 0x03, 0x03, 0x03, 0x03, 0x03, 0x6B, 0x03, 0x03, 0x6B, 0x03, 0x03, 0x52, 0x5B, 0x5B, 0x52, 0x52, 0x52, 0x52, 0x52, 0x52, 0x52, 0x52, 0xAD, 0xFF, 0xAD, 0xFF, 0xAD, 0xFF, 0xAD, 0xFF, 0xAD
    .byte 0xFF, 0xAD, 0xFF, 0xAD, 0xFF, 0xAD, 0xFF, 0xAD, 0xFF, 0xAD, 0xFF, 0xAD, 0xFF, 0xAD, 0xFF, 0xAD, 0xFF, 0xAD, 0xFF, 0xAD, 0xFF, 0xAD, 0xFF, 0xAD, 0xFF, 0xAD, 0xFF, 0xAD, 0xFF, 0xAD, 0xFF, 0xAD
    .byte 0xFF, 0xAD, 0xFF, 0xAD, 0xFF, 0xAD, 0xFF, 0xAD, 0xFF, 0xAD, 0xFF, 0xAD, 0xFF, 0xAD, 0xFF, 0xAD, 0xFF, 0xAD, 0xFF, 0xAD, 0xFF, 0xAD, 0xFF, 0xAD, 0xFF, 0xAD, 0xFF, 0xAD, 0xFF, 0xAD, 0xFF, 0xAD
    .byte 0xFF, 0xAD, 0xFF, 0xAD, 0xFF, 0xAD, 0xFF, 0xAD, 0xFF, 0xAD, 0xFF, 0xAD, 0xFF, 0xAD, 0xFF, 0xAD, 0xFF, 0xAD, 0xFF, 0xAD, 0xFF, 0xAD, 0xFF, 0xAD, 0xFF, 0xAD, 0x5A, 0x5A, 0x5A, 0x5A, 0x5A, 0x6B
    .byte 0x6B, 0x6B, 0x6B, 0x6B, 0x6B, 0x1A, 0x6B, 0x6B, 0x6B, 0x6B, 0x6B, 0x5A, 0x5A, 0x74, 0x74, 0x5A, 0x74, 0xAD, 0x5A, 0xAD, 0xFF, 0xAD, 0xFF, 0xAD, 0xFF, 0xAD, 0xFF, 0xAD, 0xFF, 0xAD, 0xFF, 0xAD
    .byte 0xFF, 0xAD, 0xFF, 0xAD, 0xFF, 0xAD, 0xFF, 0xAD, 0xFF, 0xAD, 0xFF, 0xAD, 0xFF, 0xAD, 0xFF, 0xAD, 0xFF, 0xAD, 0xFF, 0xAD, 0xFF, 0xAD, 0xFF, 0xAD, 0xFF, 0xAD, 0xFF, 0xAD, 0xFF, 0xAD, 0xFF, 0xAD
    .byte 0xFF, 0xAD, 0xFF, 0xAD, 0xFF, 0xAD, 0xFF, 0xAD, 0xFF, 0xAD, 0xFF, 0xAD, 0xFF, 0xAD, 0xFF, 0xAD, 0xFF, 0xAD, 0xFF, 0xAD, 0xFF, 0xAD, 0xFF, 0xAD, 0xFF, 0xAD, 0xFF, 0xAD, 0xFF, 0xAD, 0xFF, 0xAD
    .byte 0xFF, 0xAD, 0xFF, 0xAD, 0xFF, 0xAD, 0xFF, 0xAD, 0xFF, 0xAD, 0xFF, 0xAD, 0xFF, 0xAD, 0xFF, 0xAD, 0xFF, 0xAD, 0xFF, 0xAD, 0xFF, 0xAD, 0xFF, 0x03, 0x03, 0x03, 0x03, 0x03, 0x03, 0xAD, 0x03, 0x03
    .byte 0x03, 0x03, 0x74, 0xAD, 0x74, 0x74, 0x74, 0x74, 0x74, 0x74, 0xFF, 0xAD, 0xFF, 0x74, 0x5A, 0x5A, 0x5A, 0xAD, 0xFF, 0x5A, 0x5A, 0x5A, 0x5A, 0x5A, 0x5A, 0x5A, 0x5A, 0x5A, 0x5A, 0x5A, 0x5A, 0x6B
    .byte 0xA4, 0xA4, 0xA4, 0xA4, 0xA4, 0xA4, 0xA4, 0xA4, 0xA4, 0xA4, 0xAD, 0xAD, 0xAD, 0xFF, 0xAD, 0xAD, 0xAD, 0xFF, 0xAD, 0xAD, 0xAD, 0x52, 0x52, 0x52, 0x52, 0x5A, 0x52, 0x5A, 0x5A, 0x52, 0x52, 0x52
    .byte 0x6B, 0x03, 0x03, 0x74, 0x03, 0x6B, 0x03, 0x6B, 0x6B, 0x6B, 0x03, 0x03, 0x52, 0x52, 0x5B, 0x52, 0x5B, 0x52, 0x52, 0x52, 0x52, 0x52, 0x52, 0xAD, 0xAD, 0xFF, 0xAD, 0xAD, 0xAD, 0xFF, 0xAD, 0xAD
    .byte 0xAD, 0xFF, 0xAD, 0xAD, 0xAD, 0xFF, 0xAD, 0xAD, 0xAD, 0xFF, 0xAD, 0xAD, 0xAD, 0xFF, 0xAD, 0xAD, 0xAD, 0xFF, 0xAD, 0xAD, 0xAD, 0xFF, 0xAD, 0xAD, 0xAD, 0xFF, 0xAD, 0xAD, 0xAD, 0xFF, 0xAD, 0xAD
    .byte 0xAD, 0xFF, 0xAD, 0xAD, 0xAD, 0xFF, 0xAD, 0xAD, 0xAD, 0xFF, 0xAD, 0xAD, 0xAD, 0xFF, 0xAD, 0xAD, 0xAD, 0xFF, 0xAD, 0xAD, 0xAD, 0xFF, 0xAD, 0xAD, 0xAD, 0xFF, 0xAD, 0xAD, 0xAD, 0xFF, 0xAD, 0xAD
    .byte 0xAD, 0xFF, 0xAD, 0xAD, 0xAD, 0xFF, 0xAD, 0xAD, 0xAD, 0xFF, 0xAD, 0xAD, 0xAD, 0xFF, 0xAD, 0xAD, 0xAD, 0xFF, 0xAD, 0xAD, 0xAD, 0xFF, 0xAD, 0xAD, 0x5A, 0x5A, 0x5A, 0x5A, 0x5A, 0x5A, 0x6B, 0x6B
    .byte 0x5A, 0x6B, 0x6B, 0x6B, 0x6B, 0x6B, 0x6B, 0x6B, 0x6B, 0x6B, 0x6B, 0x6B, 0x6B, 0x5A, 0x74, 0x5A, 0x74, 0x5A, 0xAD, 0xAD, 0xAD, 0xFF, 0xAD, 0xAD, 0xAD, 0xFF, 0xAD, 0xAD, 0xAD, 0xFF, 0xAD, 0xAD
    .byte 0xAD, 0xFF, 0xAD, 0xAD, 0xAD, 0xFF, 0xAD, 0xAD, 0xAD, 0xFF, 0xAD, 0xAD, 0xAD, 0xFF, 0xAD, 0xAD, 0xAD, 0xFF, 0xAD, 0xAD, 0xAD, 0xFF, 0xAD, 0xAD, 0xAD, 0xFF, 0xAD, 0xAD, 0xAD, 0xFF, 0xAD, 0xAD
    .byte 0xAD, 0xFF, 0xAD, 0xAD, 0xAD, 0xFF, 0xAD, 0xAD, 0xAD, 0xFF, 0xAD, 0xAD, 0xAD, 0xFF, 0xAD, 0xAD, 0xAD, 0xFF, 0xAD, 0xAD, 0xAD, 0xFF, 0xAD, 0xAD, 0xAD, 0xFF, 0xAD, 0xAD, 0xAD, 0xFF, 0xAD, 0xAD
    .byte 0xAD, 0xFF, 0xAD, 0xAD, 0xAD, 0xFF, 0xAD, 0xAD, 0xAD, 0xFF, 0xAD, 0xAD, 0xAD, 0xFF, 0xAD, 0xAD, 0xAD, 0xFF, 0xAD, 0xAD, 0xAD, 0xFF, 0xAD, 0xAD, 0xAD, 0x03, 0x03, 0x03, 0x03, 0xFF, 0x03, 0xAD
    .byte 0x03, 0x03, 0x74, 0x74, 0x74, 0x74, 0x74, 0x74, 0x74, 0xFF, 0xAD, 0x74, 0x74, 0x5A, 0x5A, 0x5A, 0x5A, 0x5A, 0x5A, 0x5A, 0x5A, 0x5A, 0xAD, 0x5A, 0x74, 0x5A, 0x5A, 0x5A, 0x5A, 0x5A, 0x6B, 0x6B
    .byte 0xA4, 0xA4, 0xA4, 0xA4, 0xA4, 0xA4, 0xA4, 0xA4, 0xA4, 0xA4, 0xFF, 0xAD, 0xFF, 0xAD, 0xFF, 0xAD, 0xFF, 0xAD, 0xFF, 0xAD, 0xFF, 0x52, 0x52, 0x52, 0x52, 0x52, 0x52, 0x52, 0x5A, 0x52, 0x5A, 0x74
    .byte 0x03, 0x03, 0x6B, 0x03, 0x03, 0x03, 0x03, 0x03, 0x6B, 0x03, 0x6B, 0x6B, 0x6B, 0x52, 0x52, 0x52, 0x52, 0x52, 0x52, 0x52, 0x52, 0x52, 0x52, 0xAD, 0xFF, 0xAD, 0xFF, 0xAD, 0xFF, 0xAD, 0xFF, 0xAD
    .byte 0xFF, 0xAD, 0xFF, 0xAD, 0xFF, 0xAD, 0xFF, 0xAD, 0xFF, 0xAD, 0xFF, 0xAD, 0xFF, 0xAD, 0xFF, 0xAD, 0xFF, 0xAD, 0xFF, 0xAD, 0xFF, 0xAD, 0xFF, 0xAD, 0xFF, 0xAD, 0xFF, 0xAD, 0xFF, 0xAD, 0xFF, 0xAD
    .byte 0xFF, 0xAD, 0xFF, 0xAD, 0xFF, 0xAD, 0xFF, 0xAD, 0xFF, 0xAD, 0xFF, 0xAD, 0xFF, 0xAD, 0xFF, 0xAD, 0xFF, 0xAD, 0xFF, 0xAD, 0xFF, 0xAD, 0xFF, 0xAD, 0xFF, 0xAD, 0xFF, 0xAD, 0xFF, 0xAD, 0xFF, 0xAD
    .byte 0xFF, 0xAD, 0xFF, 0xAD, 0xFF, 0xAD, 0xFF, 0xAD, 0xFF, 0xAD, 0xFF, 0xAD, 0xFF, 0xAD, 0xFF, 0xAD, 0xFF, 0xAD, 0xFF, 0xAD, 0xFF, 0xAD, 0xFF, 0xAD, 0x5A, 0x5A, 0x5A, 0x5A, 0x5A, 0x5A, 0x6B, 0x6B
    .byte 0x5A, 0x6B, 0x6B, 0x5A, 0x74, 0x6B, 0x6B, 0x6B, 0x6B, 0x6B, 0x6B, 0x6B, 0x5A, 0x74, 0x5A, 0x5A, 0x5A, 0x5A, 0xFF, 0xAD, 0xFF, 0xAD, 0xFF, 0xAD, 0xFF, 0xAD, 0xFF, 0xAD, 0xFF, 0xAD, 0xFF, 0xAD
    .byte 0xFF, 0xAD, 0xFF, 0xAD, 0xFF, 0xAD, 0xFF, 0xAD, 0xFF, 0xAD, 0xFF, 0xAD, 0xFF, 0xAD, 0xFF, 0xAD, 0xFF, 0xAD, 0xFF, 0xAD, 0xFF, 0xAD, 0xFF, 0xAD, 0xFF, 0xAD, 0xFF, 0xAD, 0xFF, 0xAD, 0xFF, 0xAD
    .byte 0xFF, 0xAD, 0xFF, 0xAD, 0xFF, 0xAD, 0xFF, 0xAD, 0xFF, 0xAD, 0xFF, 0xAD, 0xFF, 0xAD, 0xFF, 0xAD, 0xFF, 0xAD, 0xFF, 0xAD, 0xFF, 0xAD, 0xFF, 0xAD, 0xFF, 0xAD, 0xFF, 0xAD, 0xFF, 0xAD, 0xFF, 0xAD
    .byte 0xFF, 0xAD, 0xFF, 0xAD, 0xFF, 0xAD, 0xFF, 0xAD, 0xFF, 0xAD, 0xFF, 0xAD, 0xFF, 0xAD, 0xFF, 0xAD, 0xFF, 0xAD, 0xFF, 0xAD, 0xFF, 0xAD, 0xFF, 0xAD, 0x03, 0x03, 0x03, 0xAD, 0x03, 0x03, 0x03, 0x03
    .byte 0x03, 0x03, 0x74, 0x03, 0x74, 0x74, 0xFF, 0x74, 0x74, 0x74, 0xFF, 0x74, 0xFF, 0x74, 0x5A, 0x5A, 0x5A, 0x74, 0xFF, 0x5A, 0x5A, 0x5A, 0x5A, 0x5A, 0x5A, 0x5A, 0x5A, 0x5A, 0xFF, 0x74, 0xFF, 0x74
    .byte 0xA4, 0xA4, 0xA4, 0xA4, 0xA4, 0xA4, 0xA4, 0xA4, 0xA4, 0xA4, 0xAD, 0xAD, 0xAD, 0xAD, 0xAD, 0xAD, 0xAD, 0xAD, 0xAD, 0xAD, 0xAD, 0x52, 0x52, 0x52, 0x52, 0x52, 0x52, 0x5A, 0x52, 0x5A, 0x5A, 0x52
    .byte 0x52, 0x03, 0x03, 0x03, 0x03, 0x03, 0x6B, 0x6B, 0x03, 0x6B, 0x03, 0x03, 0x5B, 0x5B, 0x5B, 0x52, 0x52, 0x52, 0x52, 0x52, 0x52, 0x52, 0x52, 0xAD, 0xAD, 0xAD, 0xAD, 0xAD, 0xAD, 0xAD, 0xAD, 0xAD
    .byte 0xAD, 0xAD, 0xAD, 0xAD, 0xAD, 0xAD, 0xAD, 0xAD, 0xAD, 0xAD, 0xAD, 0xAD, 0xAD, 0xAD, 0xAD, 0xAD, 0xAD, 0xAD, 0xAD, 0xAD, 0xAD, 0xAD, 0xAD, 0xAD, 0xAD, 0xAD, 0xAD, 0xAD, 0xAD, 0xAD, 0xAD, 0xAD
    .byte 0xAD, 0xAD, 0xAD, 0xAD, 0xAD, 0xAD, 0xAD, 0xAD, 0xAD, 0xAD, 0xAD, 0xAD, 0xAD, 0xAD, 0xAD, 0xAD, 0xAD, 0xAD, 0xAD, 0xAD, 0xAD, 0xAD, 0xAD, 0xAD, 0xAD, 0xAD, 0xAD, 0xAD, 0xAD, 0xAD, 0xAD, 0xAD
    .byte 0xAD, 0xAD, 0xAD, 0xAD, 0xAD, 0xAD, 0xAD, 0xAD, 0xAD, 0xAD, 0xAD, 0xAD, 0xAD, 0xAD, 0xAD, 0xAD, 0xAD, 0xAD, 0xAD, 0xAD, 0xAD, 0xAD, 0xAD, 0xAD, 0x5A, 0x5A, 0x5A, 0x5A, 0x5A, 0x5A, 0x5A, 0x6B
    .byte 0x6B, 0x6B, 0x6B, 0x6B, 0x6B, 0x5A, 0x6B, 0x6B, 0x6B, 0x6B, 0x74, 0x5A, 0x5A, 0x74, 0x5A, 0x5A, 0x5A, 0x5A, 0x5A, 0xAD, 0xAD, 0xAD, 0xAD, 0xAD, 0xAD, 0xAD, 0xAD, 0xAD, 0xAD, 0xAD, 0xAD, 0xAD
    .byte 0xAD, 0xAD, 0xAD, 0xAD, 0xAD, 0xAD, 0xAD, 0xAD, 0xAD, 0xAD, 0xAD, 0xAD, 0xAD, 0xAD, 0xAD, 0xAD, 0xAD, 0xAD, 0xAD, 0xAD, 0xAD, 0xAD, 0xAD, 0xAD, 0xAD, 0xAD, 0xAD, 0xAD, 0xAD, 0xAD, 0xAD, 0xAD
    .byte 0xAD, 0xAD, 0xAD, 0xAD, 0xAD, 0xAD, 0xAD, 0xAD, 0xAD, 0xAD, 0xAD, 0xAD, 0xAD, 0xAD, 0xAD, 0xAD, 0xAD, 0xAD, 0xAD, 0xAD, 0xAD, 0xAD, 0xAD, 0xAD, 0xAD, 0xAD, 0xAD, 0xAD, 0xAD, 0xAD, 0xAD, 0xAD
    .byte 0xAD, 0xAD, 0xAD, 0xAD, 0xAD, 0xAD, 0xAD, 0xAD, 0xAD, 0xAD, 0xAD, 0xAD, 0xAD, 0xAD, 0xAD, 0xAD, 0xAD, 0xAD, 0xAD, 0xAD, 0xAD, 0xAD, 0xAD, 0xAD, 0xAD, 0x03, 0x03, 0x03, 0x03, 0x03, 0x03, 0x03
    .byte 0x03, 0x03, 0xAD, 0xAD, 0x74, 0x74, 0x74, 0xAD, 0x74, 0xAD, 0x74, 0xAD, 0x74, 0x74, 0x74, 0x5A, 0xAD, 0x5A, 0x74, 0x5A, 0x74, 0x74, 0x74, 0x74, 0x5A, 0x5A, 0xAD, 0x5A, 0x74, 0x74, 0x74, 0xAD
    .byte 0xA4, 0xA4, 0xA4, 0xA4, 0xA4, 0xA4, 0xA4, 0xA4, 0xA4, 0xA4, 0xFF, 0xAD, 0xFF, 0xAD, 0xFF, 0xAD, 0xFF, 0xAD, 0xFF, 0xAD, 0xFF, 0x52, 0x52, 0x52, 0x52, 0x52, 0x52, 0x52, 0x52, 0x52, 0x5A, 0x52
    .byte 0x6B, 0x6B, 0x03, 0x03, 0x03, 0x03, 0x03, 0x6B, 0x03, 0x6B, 0x03, 0x03, 0x6B, 0x52, 0x52, 0x52, 0x52, 0x52, 0x52, 0x52, 0x52, 0x52, 0x52, 0xAD, 0xFF, 0xAD, 0xFF, 0xAD, 0xFF, 0xAD, 0xFF, 0xAD
    .byte 0xFF, 0xAD, 0xFF, 0xAD, 0xFF, 0xAD, 0xFF, 0xAD, 0xFF, 0xAD, 0xFF, 0xAD, 0xFF, 0xAD, 0xFF, 0xAD, 0xFF, 0xAD, 0xFF, 0xAD, 0xFF, 0xAD, 0xFF, 0xAD, 0xFF, 0xAD, 0xFF, 0xAD, 0xFF, 0xAD, 0xFF, 0xAD
    .byte 0xFF, 0xAD, 0xFF, 0xAD, 0xFF, 0xAD, 0xFF, 0xAD, 0xFF, 0xAD, 0xFF, 0xAD, 0xFF, 0xAD, 0xFF, 0xAD, 0xFF, 0xAD, 0xFF, 0xAD, 0xFF, 0xAD, 0xFF, 0xAD, 0xFF, 0xAD, 0xFF, 0xAD, 0xFF, 0xAD, 0xFF, 0xAD
    .byte 0xFF, 0xAD, 0xFF, 0xAD, 0xFF, 0xAD, 0xFF, 0xAD, 0xFF, 0xAD, 0xFF, 0xAD, 0xFF, 0xAD, 0xFF, 0xAD, 0xFF, 0xAD, 0xFF, 0xAD, 0xFF, 0x74, 0x74, 0x5A, 0x5A, 0x5A, 0x5A, 0x5A, 0x74, 0x5A, 0x5A, 0x6B
    .byte 0x6B, 0x5A, 0x6B, 0x6B, 0x6B, 0x6B, 0x6B, 0x6B, 0x6B, 0x6B, 0x5A, 0x5A, 0x74, 0x5A, 0x5A, 0x5A, 0x5A, 0xAD, 0xFF, 0xAD, 0xFF, 0xAD, 0xFF, 0xAD, 0xFF, 0xAD, 0xFF, 0xAD, 0xFF, 0xAD, 0xFF, 0xAD
    .byte 0xFF, 0xAD, 0xFF, 0xAD, 0xFF, 0xAD, 0xFF, 0xAD, 0xFF, 0xAD, 0xFF, 0xAD, 0xFF, 0xAD, 0xFF, 0xAD, 0xFF, 0xAD, 0xFF, 0xAD, 0xFF, 0xAD, 0xFF, 0xAD, 0xFF, 0xAD, 0xFF, 0xAD, 0xFF, 0xAD, 0xFF, 0xAD
    .byte 0xFF, 0xAD, 0xFF, 0xAD, 0xFF, 0xAD, 0xFF, 0xAD, 0xFF, 0xAD, 0xFF, 0xAD, 0xFF, 0xAD, 0xFF, 0xAD, 0xFF, 0xAD, 0xFF, 0xAD, 0xFF, 0xAD, 0xFF, 0xAD, 0xFF, 0xAD, 0xFF, 0xAD, 0xFF, 0xAD, 0xFF, 0xAD
    .byte 0xFF, 0xAD, 0xFF, 0xAD, 0xFF, 0xAD, 0xFF, 0xAD, 0xFF, 0xAD, 0xFF, 0xAD, 0xFF, 0xAD, 0xFF, 0xAD, 0xFF, 0xAD, 0xFF, 0xAD, 0xFF, 0xAD, 0xFF, 0xAD, 0xFF, 0xAD, 0x03, 0xAD, 0xFF, 0xAD, 0xFF, 0xAD
    .byte 0xFF, 0xAD, 0x74, 0x74, 0x74, 0x74, 0xFF, 0xAD, 0xFF, 0xAD, 0xFF, 0x74, 0x74, 0x74, 0x74, 0xAD, 0x74, 0x74, 0xFF, 0xAD, 0xFF, 0xAD, 0xFF, 0xAD, 0xFF, 0x74, 0x74, 0x74, 0x74, 0x74, 0x74, 0x74
    .byte 0xA4, 0xA4, 0xA4, 0xA4, 0xA4, 0xA4, 0xA4, 0xA4, 0xA4, 0xA4, 0xAD, 0xAD, 0xAD, 0xFF, 0xAD, 0xAD, 0xAD, 0xFF, 0xAD, 0xAD, 0xAD, 0x52, 0x52, 0x52, 0x52, 0x52, 0x52, 0x52, 0x52, 0x52, 0x52, 0x52
    .byte 0x6B, 0x6B, 0x6B, 0x03, 0x6B, 0x6B, 0x03, 0x03, 0x03, 0x03, 0x6B, 0x6B, 0x52, 0x52, 0x52, 0x52, 0x52, 0x52, 0x52, 0x52, 0x52, 0x52, 0x52, 0xAD, 0xAD, 0xFF, 0xAD, 0xAD, 0xAD, 0xFF, 0xAD, 0xAD
    .byte 0xAD, 0xFF, 0xAD, 0xAD, 0xAD, 0xFF, 0xAD, 0xAD, 0xAD, 0xFF, 0xAD, 0xAD, 0xAD, 0xFF, 0xAD, 0xAD, 0xAD, 0xFF, 0xAD, 0xAD, 0xAD, 0xFF, 0xAD, 0xAD, 0xAD, 0xFF, 0xAD, 0xAD, 0xAD, 0xFF, 0xAD, 0xAD
    .byte 0xAD, 0xFF, 0xAD, 0xAD, 0xAD, 0xFF, 0xAD, 0xAD, 0xAD, 0xFF, 0xAD, 0xAD, 0xAD, 0xFF, 0xAD, 0xAD, 0xAD, 0xFF, 0xAD, 0xAD, 0xAD, 0xFF, 0xAD, 0xAD, 0xAD, 0xFF, 0xAD, 0xAD, 0xAD, 0xFF, 0xAD, 0xAD
    .byte 0xAD, 0xFF, 0xAD, 0xAD, 0xAD, 0xFF, 0xAD, 0xAD, 0xAD, 0xFF, 0xAD, 0xAD, 0xAD, 0xFF, 0xAD, 0xAD, 0xAD, 0xFF, 0xAD, 0x74, 0x74, 0xFF, 0xAD, 0x5A, 0x5A, 0x5A, 0x5A, 0x5A, 0x5A, 0xFF, 0x6B, 0x5A
    .byte 0x6B, 0x6B, 0x6B, 0x6B, 0x6B, 0x5A, 0x6B, 0x5A, 0x6B, 0x5A, 0x74, 0x5A, 0x5A, 0x5A, 0xAD, 0x74, 0x5A, 0xFF, 0xAD, 0xAD, 0xAD, 0xFF, 0xAD, 0xAD, 0xAD, 0xFF, 0xAD, 0xAD, 0xAD, 0xFF, 0xAD, 0xAD
    .byte 0xAD, 0xFF, 0xAD, 0xAD, 0xAD, 0xFF, 0xAD, 0xAD, 0xAD, 0xFF, 0xAD, 0xAD, 0xAD, 0xFF, 0xAD, 0xAD, 0xAD, 0xFF, 0xAD, 0xAD, 0xAD, 0xFF, 0xAD, 0xAD, 0xAD, 0xFF, 0xAD, 0xAD, 0xAD, 0xFF, 0xAD, 0xAD
    .byte 0xAD, 0xFF, 0xAD, 0xAD, 0xAD, 0xFF, 0xAD, 0xAD, 0xAD, 0xFF, 0xAD, 0xAD, 0xAD, 0xFF, 0xAD, 0xAD, 0xAD, 0xFF, 0xAD, 0xAD, 0xAD, 0xFF, 0xAD, 0xAD, 0xAD, 0xFF, 0xAD, 0xAD, 0xAD, 0xFF, 0xAD, 0xAD
    .byte 0xAD, 0xFF, 0xAD, 0xAD, 0xAD, 0xFF, 0xAD, 0xAD, 0xAD, 0xFF, 0xAD, 0xAD, 0xAD, 0xFF, 0xAD, 0xAD, 0xAD, 0xFF, 0xAD, 0xAD, 0xAD, 0xFF, 0xAD, 0xAD, 0xAD, 0xFF, 0x03, 0x03, 0xAD, 0x03, 0xAD, 0xAD
    .byte 0xAD, 0xFF, 0x74, 0x74, 0xAD, 0xFF, 0xAD, 0xAD, 0xAD, 0xFF, 0xAD, 0xAD, 0xAD, 0xFF, 0xAD, 0xAD, 0xAD, 0xFF, 0xAD, 0xAD, 0xAD, 0xFF, 0xAD, 0xAD, 0xAD, 0xFF, 0x74, 0xAD, 0x74, 0xFF, 0x74, 0xAD
    .byte 0xA4, 0xA4, 0xA4, 0xA4, 0xA4, 0xA4, 0xA4, 0xA4, 0xA4, 0xA4, 0xFF, 0xAD, 0xFF, 0xAD, 0xFF, 0xAD, 0xFF, 0xAD, 0xFF, 0xAD, 0xFF, 0x52, 0x52, 0x52, 0x52, 0x52, 0x52, 0x52, 0x52, 0x52, 0x52, 0x52
    .byte 0x52, 0x6B, 0x74, 0x03, 0x03, 0x03, 0x03, 0x03, 0x03, 0x03, 0x74, 0x52, 0x52, 0x52, 0x52, 0x52, 0x52, 0x52, 0x52, 0x52, 0x52, 0x52, 0x52, 0xAD, 0xFF, 0xAD, 0xFF, 0xAD, 0xFF, 0xAD, 0xFF, 0xAD
    .byte 0xFF, 0xAD, 0xFF, 0xAD, 0xFF, 0xAD, 0xFF, 0xAD, 0xFF, 0xAD, 0xFF, 0xAD, 0xFF, 0xAD, 0xFF, 0xAD, 0xFF, 0xAD, 0xFF, 0xAD, 0xFF, 0xAD, 0xFF, 0xAD, 0xFF, 0xAD, 0xFF, 0xAD, 0xFF, 0xAD, 0xFF, 0xAD
    .byte 0xFF, 0xAD, 0xFF, 0xAD, 0xFF, 0xAD, 0xFF, 0xAD, 0xFF, 0xAD, 0xFF, 0xAD, 0xFF, 0xAD, 0xFF, 0xAD, 0xFF, 0xAD, 0xFF, 0xAD, 0xFF, 0xAD, 0xFF, 0xAD, 0xFF, 0xAD, 0xFF, 0xAD, 0xFF, 0xAD, 0xFF, 0xAD
    .byte 0xFF, 0xAD, 0xFF, 0xAD, 0xFF, 0xAD, 0xFF, 0xAD, 0xFF, 0xAD, 0xFF, 0xAD, 0xFF, 0xAD, 0xFF, 0xAD, 0xFF, 0xAD, 0xFF, 0xAD, 0x74, 0x74, 0x74, 0xAD, 0x5A, 0x5A, 0x5A, 0x5A, 0x5A, 0x5A, 0x5A, 0x6B
    .byte 0x6B, 0x6B, 0x6B, 0x6B, 0x6B, 0x6B, 0x6B, 0x6B, 0x74, 0x5A, 0x5A, 0x74, 0x5A, 0x5A, 0x5A, 0x74, 0xFF, 0xAD, 0xFF, 0xAD, 0xFF, 0xAD, 0xFF, 0xAD, 0xFF, 0xAD, 0xFF, 0xAD, 0xFF, 0xAD, 0xFF, 0xAD
    .byte 0xFF, 0xAD, 0xFF, 0xAD, 0xFF, 0xAD, 0xFF, 0xAD, 0xFF, 0xAD, 0xFF, 0xAD, 0xFF, 0xAD, 0xFF, 0xAD, 0xFF, 0xAD, 0xFF, 0xAD, 0xFF, 0xAD, 0xFF, 0xAD, 0xFF, 0xAD, 0xFF, 0xAD, 0xFF, 0xAD, 0xFF, 0xAD
    .byte 0xFF, 0xAD, 0xFF, 0xAD, 0xFF, 0xAD, 0xFF, 0xAD, 0xFF, 0xAD, 0xFF, 0xAD, 0xFF, 0xAD, 0xFF, 0xAD, 0xFF, 0xAD, 0xFF, 0xAD, 0xFF, 0xAD, 0xFF, 0xAD, 0xFF, 0xAD, 0xFF, 0xAD, 0xFF, 0xAD, 0xFF, 0xAD
    .byte 0xFF, 0xAD, 0xFF, 0xAD, 0xFF, 0xAD, 0xFF, 0xAD, 0xFF, 0xAD, 0xFF, 0xAD, 0xFF, 0xAD, 0xFF, 0xAD, 0xFF, 0xAD, 0xFF, 0xAD, 0xFF, 0xAD, 0xFF, 0xAD, 0xFF, 0xAD, 0xFF, 0xAD, 0xFF, 0xAD, 0xFF, 0xAD
    .byte 0xFF, 0xAD, 0xFF, 0xAD, 0xFF, 0xAD, 0xFF, 0xAD, 0xFF, 0xAD, 0xFF, 0xAD, 0xFF, 0xAD, 0xFF, 0xAD, 0xFF, 0xAD, 0xFF, 0xAD, 0xFF, 0xAD, 0xFF, 0xAD, 0xFF, 0xAD, 0xFF, 0x74, 0x74, 0xAD, 0xFF, 0x74
    .byte 0xA4, 0xA4, 0xA4, 0xA4, 0xA4, 0xA4, 0xA4, 0xA4, 0xA4, 0xA4, 0xAD, 0xAD, 0xAD, 0xAD, 0xAD, 0xAD, 0xAD, 0xAD, 0xAD, 0xAD, 0xAD, 0x52, 0x52, 0x52, 0x52, 0x52, 0x52, 0x52, 0x52, 0x52, 0x52, 0x52
    .byte 0x52, 0x52, 0x6B, 0x6B, 0x6B, 0x03, 0x03, 0x6B, 0x74, 0x6B, 0x6B, 0x52, 0x52, 0x52, 0x52, 0x52, 0x52, 0x52, 0x52, 0x52, 0x52, 0x52, 0x52, 0xAD, 0xAD, 0xAD, 0xAD, 0xAD, 0xAD, 0xAD, 0xAD, 0xAD
    .byte 0xAD, 0xAD, 0xAD, 0xAD, 0xAD, 0xAD, 0xAD, 0xAD, 0xAD, 0xAD, 0xAD, 0xAD, 0xAD, 0xAD, 0xAD, 0xAD, 0xAD, 0xAD, 0xAD, 0xAD, 0xAD, 0xAD, 0xAD, 0xAD, 0xAD, 0xAD, 0xAD, 0xAD, 0xAD, 0xAD, 0xAD, 0xAD
    .byte 0xAD, 0xAD, 0xAD, 0xAD, 0xAD, 0xAD, 0xAD, 0xAD, 0xAD, 0xAD, 0xAD, 0xAD, 0xAD, 0xAD, 0xAD, 0xAD, 0xAD, 0xAD, 0xAD, 0xAD, 0xAD, 0xAD, 0xAD, 0xAD, 0xAD, 0xAD, 0xAD, 0xAD, 0xAD, 0xAD, 0xAD, 0xAD
    .byte 0xAD, 0xAD, 0xAD, 0xAD, 0xAD, 0xAD, 0xAD, 0xAD, 0xAD, 0xAD, 0xAD, 0xAD, 0xAD, 0xAD, 0xAD, 0xAD, 0xAD, 0xAD, 0x74, 0x74, 0x74, 0x74, 0x74, 0x74, 0x5A, 0x5A, 0xAD, 0x5A, 0x5A, 0x5A, 0x6B, 0x6B
    .byte 0x5A, 0x5A, 0x6B, 0x6B, 0xAD, 0x6B, 0x6B, 0x74, 0x6B, 0x6B, 0x5A, 0x74, 0x74, 0xAD, 0x74, 0x74, 0xAD, 0xAD, 0xAD, 0xAD, 0xAD, 0xAD, 0xAD, 0xAD, 0xAD, 0xAD, 0xAD, 0xAD, 0xAD, 0xAD, 0xAD, 0xAD
    .byte 0xAD, 0xAD, 0xAD, 0xAD, 0xAD, 0xAD, 0xAD, 0xAD, 0xAD, 0xAD, 0xAD, 0xAD, 0xAD, 0xAD, 0xAD, 0xAD, 0xAD, 0xAD, 0xAD, 0xAD, 0xAD, 0xAD, 0xAD, 0xAD, 0xAD, 0xAD, 0xAD, 0xAD, 0xAD, 0xAD, 0xAD, 0xAD
    .byte 0xAD, 0xAD, 0xAD, 0xAD, 0xAD, 0xAD, 0xAD, 0xAD, 0xAD, 0xAD, 0xAD, 0xAD, 0xAD, 0xAD, 0xAD, 0xAD, 0xAD, 0xAD, 0xAD, 0xAD, 0xAD, 0xAD, 0xAD, 0xAD, 0xAD, 0xAD, 0xAD, 0xAD, 0xAD, 0xAD, 0xAD, 0xAD
    .byte 0xAD, 0xAD, 0xAD, 0xAD, 0xAD, 0xAD, 0xAD, 0xAD, 0xAD, 0xAD, 0xAD, 0xAD, 0xAD, 0xAD, 0xAD, 0xAD, 0xAD, 0xAD, 0xAD, 0xAD, 0xAD, 0xAD, 0xAD, 0xAD, 0xAD, 0xAD, 0xAD, 0xAD, 0xAD, 0xAD, 0xAD, 0xAD
    .byte 0xAD, 0xAD, 0xAD, 0xAD, 0xAD, 0xAD, 0xAD, 0xAD, 0xAD, 0xAD, 0xAD, 0xAD, 0xAD, 0xAD, 0xAD, 0xAD, 0xAD, 0xAD, 0xAD, 0xAD, 0xAD, 0xAD, 0xAD, 0xAD, 0xAD, 0xAD, 0xAD, 0xAD, 0xAD, 0xAD, 0xAD, 0xAD
    .byte 0xA4, 0xA4, 0xA4, 0xA4, 0xA4, 0xA4, 0xA4, 0xA4, 0xA4, 0xA4, 0xFF, 0xAD, 0xFF, 0xAD, 0xFF, 0xAD, 0xFF, 0xAD, 0xFF, 0xAD, 0xFF, 0x5B, 0x5B, 0x5B, 0x5B, 0x5B, 0x5B, 0x5B, 0x5B, 0x5B, 0x5B, 0x5B
    .byte 0x52, 0x52, 0x6B, 0x6B, 0x6B, 0x74, 0x6B, 0x5B, 0x52, 0x5B, 0x6B, 0x6B, 0x5B, 0x5B, 0x5B, 0x5B, 0x5B, 0x5B, 0x5B, 0x5B, 0x5B, 0x5B, 0x5B, 0xAD, 0xFF, 0xAD, 0xFF, 0xAD, 0xFF, 0xAD, 0xFF, 0xAD
    .byte 0xFF, 0xAD, 0xFF, 0xAD, 0xFF, 0xAD, 0xFF, 0xAD, 0xFF, 0xAD, 0xFF, 0xAD, 0xFF, 0xAD, 0xFF, 0xAD, 0xFF, 0xAD, 0xFF, 0xAD, 0xFF, 0xAD, 0xFF, 0xAD, 0xFF, 0xAD, 0xFF, 0xAD, 0xFF, 0xAD, 0xFF, 0xAD
    .byte 0xFF, 0xAD, 0xFF, 0xAD, 0xFF, 0xAD, 0xFF, 0xAD, 0xFF, 0xAD, 0xFF, 0xAD, 0xFF, 0xAD, 0xFF, 0xAD, 0xFF, 0xAD, 0xFF, 0xAD, 0xFF, 0xAD, 0xFF, 0xAD, 0xFF, 0xAD, 0xFF, 0xAD, 0xFF, 0xAD, 0xFF, 0xAD
    .byte 0xFF, 0xAD, 0xFF, 0xAD, 0xFF, 0xAD, 0xFF, 0xAD, 0xFF, 0xAD, 0xFF, 0xAD, 0xFF, 0xAD, 0xFF, 0xAD, 0xFF, 0xAD, 0x74, 0xAD, 0x74, 0x74, 0x74, 0x74, 0x74, 0x5A, 0x5A, 0x74, 0x5A, 0x74, 0x5A, 0x6B
    .byte 0x6B, 0x6B, 0x6B, 0x6B, 0x6B, 0xAD, 0x6B, 0x6B, 0x74, 0x6B, 0xFF, 0x5A, 0xFF, 0x5A, 0x5A, 0xAD, 0xFF, 0xAD, 0xFF, 0xAD, 0xFF, 0xAD, 0xFF, 0xAD, 0xFF, 0xAD, 0xFF, 0xAD, 0xFF, 0xAD, 0xFF, 0xAD
    .byte 0xFF, 0xAD, 0xFF, 0xAD, 0xFF, 0xAD, 0xFF, 0xAD, 0xFF, 0xAD, 0xFF, 0xAD, 0xFF, 0xAD, 0xFF, 0xAD, 0xFF, 0xAD, 0xFF, 0xAD, 0xFF, 0xAD, 0xFF, 0xAD, 0xFF, 0xAD, 0xFF, 0xAD, 0xFF, 0xAD, 0xFF, 0xAD
    .byte 0xFF, 0xAD, 0xFF, 0xAD, 0xFF, 0xAD, 0xFF, 0xAD, 0xFF, 0xAD, 0xFF, 0xAD, 0xFF, 0xAD, 0xFF, 0xAD, 0xFF, 0xAD, 0xFF, 0xAD, 0xFF, 0xAD, 0xFF, 0xAD, 0xFF, 0xAD, 0xFF, 0xAD, 0xFF, 0xAD, 0xFF, 0xAD
    .byte 0xFF, 0xAD, 0xFF, 0xAD, 0xFF, 0xAD, 0xFF, 0xAD, 0xFF, 0xAD, 0xFF, 0xAD, 0xFF, 0xAD, 0xFF, 0xAD, 0xFF, 0xAD, 0xFF, 0xAD, 0xFF, 0xAD, 0xFF, 0xAD, 0xFF, 0xAD, 0xFF, 0xAD, 0xFF, 0xAD, 0xFF, 0xAD
    .byte 0xFF, 0xAD, 0xFF, 0xAD, 0xFF, 0xAD, 0xFF, 0xAD, 0xFF, 0xAD, 0xFF, 0xAD, 0xFF, 0xAD, 0xFF, 0xAD, 0xFF, 0xAD, 0xFF, 0xAD, 0xFF, 0xAD, 0xFF, 0xAD, 0xFF, 0xAD, 0xFF, 0xAD, 0xFF, 0xAD, 0xFF, 0xAD
    .byte 0xA4, 0xA4, 0xA4, 0xA4, 0xA4, 0xA4, 0xA4, 0xA4, 0xA4, 0xA4, 0xAD, 0xAD, 0xAD, 0xFF, 0xAD, 0xAD, 0xAD, 0xFF, 0xAD, 0xAD, 0xAD, 0x5B, 0x5B, 0x5B, 0x5B, 0x5B, 0x5B, 0x5B, 0x5B, 0x5B, 0x5B, 0x5B
    .byte 0x52, 0x52, 0x52, 0x52, 0x6B, 0x6B, 0x6B, 0x52, 0x6B, 0x52, 0x52, 0x52, 0x5B, 0x5B, 0x5B, 0x5B, 0x5B, 0x5B, 0x5B, 0x5B, 0x5B, 0x5B, 0x5B, 0xAD, 0xAD, 0xFF, 0xAD, 0xAD, 0xAD, 0xFF, 0xAD, 0xAD
    .byte 0xAD, 0xFF, 0xAD, 0xAD, 0xAD, 0xFF, 0xAD, 0xAD, 0xAD, 0xFF, 0xAD, 0xAD, 0xAD, 0xFF, 0xAD, 0xAD, 0xAD, 0xFF, 0xAD, 0xAD, 0xAD, 0xFF, 0xAD, 0xAD, 0xAD, 0xFF, 0xAD, 0xAD, 0xAD, 0xFF, 0xAD, 0xAD
    .byte 0xAD, 0xFF, 0xAD, 0xAD, 0xAD, 0xFF, 0xAD, 0xAD, 0xAD, 0xFF, 0xAD, 0xAD, 0xAD, 0xFF, 0xAD, 0xAD, 0xAD, 0xFF, 0xAD, 0xAD, 0xAD, 0xFF, 0xAD, 0xAD, 0xAD, 0xFF, 0xAD, 0xAD, 0xAD, 0xFF, 0xAD, 0xAD
    .byte 0xAD, 0xFF, 0xAD, 0xAD, 0xAD, 0xFF, 0xAD, 0xAD, 0xAD, 0xFF, 0xAD, 0xAD, 0xAD, 0xFF, 0xAD, 0xAD, 0xAD, 0xFF, 0xAD, 0x74, 0xAD, 0x74, 0x74, 0xAD, 0x74, 0x74, 0x5A, 0x5A, 0x5A, 0xFF, 0x5A, 0x6B
    .byte 0x5A, 0x6B, 0x6B, 0x6B, 0x6B, 0x6B, 0x6B, 0x74, 0x74, 0xFF, 0x74, 0xAD, 0xAD, 0xFF, 0xAD, 0xAD, 0xAD, 0xFF, 0xAD, 0xAD, 0xAD, 0xFF, 0xAD, 0xAD, 0xAD, 0xFF, 0xAD, 0xAD, 0xAD, 0xFF, 0xAD, 0xAD
    .byte 0xAD, 0xFF, 0xAD, 0xAD, 0xAD, 0xFF, 0xAD, 0xAD, 0xAD, 0xFF, 0xAD, 0xAD, 0xAD, 0xFF, 0xAD, 0xAD, 0xAD, 0xFF, 0xAD, 0xAD, 0xAD, 0xFF, 0xAD, 0xAD, 0xAD, 0xFF, 0xAD, 0xAD, 0xAD, 0xFF, 0xAD, 0xAD
    .byte 0xAD, 0xFF, 0xAD, 0xAD, 0xAD, 0xFF, 0xAD, 0xAD, 0xAD, 0xFF, 0xAD, 0xAD, 0xAD, 0xFF, 0xAD, 0xAD, 0xAD, 0xFF, 0xAD, 0xAD, 0xAD, 0xFF, 0xAD, 0xAD, 0xAD, 0xFF, 0xAD, 0xAD, 0xAD, 0xFF, 0xAD, 0xAD
    .byte 0xAD, 0xFF, 0xAD, 0xAD, 0xAD, 0xFF, 0xAD, 0xAD, 0xAD, 0xFF, 0xAD, 0xAD, 0xAD, 0xFF, 0xAD, 0xAD, 0xAD, 0xFF, 0xAD, 0xAD, 0xAD, 0xFF, 0xAD, 0xAD, 0xAD, 0xFF, 0xAD, 0xAD, 0xAD, 0xFF, 0xAD, 0xAD
    .byte 0xAD, 0xFF, 0xAD, 0xAD, 0xAD, 0xFF, 0xAD, 0xAD, 0xAD, 0xFF, 0xAD, 0xAD, 0xAD, 0xFF, 0xAD, 0xAD, 0xAD, 0xFF, 0xAD, 0xAD, 0xAD, 0xFF, 0xB6, 0xB6, 0xB6, 0xB6, 0xB6, 0xB6, 0xB6, 0xB6, 0xB6, 0xB6
    .byte 0xA4, 0xA4, 0xA4, 0xA4, 0xA4, 0xA4, 0xA4, 0xA4, 0xA4, 0xA4, 0xFF, 0xAD, 0xFF, 0xAD, 0xFF, 0xAD, 0xFF, 0xAD, 0xFF, 0xAD, 0xFF, 0x5B, 0x5B, 0x5B, 0x5B, 0x5B, 0x5B, 0x5B, 0x5B, 0x5B, 0x5B, 0x5B
    .byte 0x52, 0x52, 0x52, 0x52, 0x52, 0x6B, 0x52, 0x52, 0x6B, 0x52, 0x52, 0x52, 0x5B, 0x5B, 0x5B, 0x5B, 0x5B, 0x5B, 0x5B, 0x5B, 0x5B, 0x5B, 0x5B, 0xAD, 0xFF, 0xAD, 0xFF, 0xAD, 0xFF, 0xAD, 0xFF, 0xAD
    .byte 0xFF, 0xAD, 0xFF, 0xAD, 0xFF, 0xAD, 0xFF, 0xAD, 0xFF, 0xAD, 0xFF, 0xAD, 0xFF, 0xAD, 0xFF, 0xAD, 0xFF, 0xAD, 0xFF, 0xAD, 0xFF, 0xAD, 0xFF, 0xAD, 0xFF, 0xAD, 0xFF, 0xAD, 0xFF, 0xAD, 0xFF, 0xAD
    .byte 0xFF, 0xAD, 0xFF, 0xAD, 0xFF, 0xAD, 0xFF, 0xAD, 0xFF, 0xAD, 0xFF, 0xAD, 0xFF, 0xAD, 0xFF, 0xAD, 0xFF, 0xAD, 0xFF, 0xAD, 0xFF, 0xAD, 0xFF, 0xAD, 0xFF, 0xAD, 0xFF, 0xAD, 0xFF, 0xAD, 0xFF, 0xAD
    .byte 0xFF, 0xAD, 0xFF, 0xAD, 0xFF, 0xAD, 0xFF, 0xAD, 0xFF, 0xAD, 0xFF, 0xAD, 0xFF, 0xAD, 0xFF, 0xAD, 0xFF, 0x74, 0x74, 0xAD, 0x74, 0xAD, 0x74, 0x74, 0xFF, 0xAD, 0xFF, 0x5A, 0x5A, 0xAD, 0xFF, 0x6B
    .byte 0x6B, 0xAD, 0x6B, 0xAD, 0x6B, 0x6B, 0x6B, 0x6B, 0x6B, 0xAD, 0x74, 0x74, 0x74, 0xAD, 0xFF, 0xAD, 0xFF, 0xAD, 0xFF, 0xAD, 0xFF, 0xAD, 0xFF, 0xAD, 0xFF, 0xAD, 0xFF, 0xAD, 0xFF, 0xAD, 0xFF, 0xAD
    .byte 0xFF, 0xAD, 0xFF, 0xAD, 0xFF, 0xAD, 0xFF, 0xAD, 0xFF, 0xAD, 0xFF, 0xAD, 0xFF, 0xAD, 0xFF, 0xAD, 0xFF, 0xAD, 0xFF, 0xAD, 0xFF, 0xAD, 0xFF, 0xAD, 0xFF, 0xAD, 0xFF, 0xAD, 0xFF, 0xAD, 0xFF, 0xAD
    .byte 0xFF, 0xAD, 0xFF, 0xAD, 0xFF, 0xAD, 0xFF, 0xAD, 0xFF, 0xAD, 0xFF, 0xAD, 0xFF, 0xAD, 0xFF, 0xAD, 0xFF, 0xAD, 0xFF, 0xAD, 0xFF, 0xAD, 0xFF, 0xAD, 0xFF, 0xAD, 0xFF, 0xAD, 0xFF, 0xAD, 0xFF, 0xAD
    .byte 0xFF, 0xAD, 0xFF, 0xAD, 0xFF, 0xAD, 0xFF, 0xAD, 0xFF, 0xAD, 0xFF, 0xAD, 0xFF, 0xAD, 0xFF, 0xAD, 0xFF, 0xAD, 0xFF, 0xAD, 0xFF, 0xAD, 0xFF, 0xAD, 0xFF, 0xAD, 0xFF, 0xAD, 0xFF, 0xAD, 0xFF, 0xAD
    .byte 0xFF, 0xAD, 0xFF, 0xAD, 0xFF, 0xAD, 0xFF, 0xAD, 0xFF, 0xAD, 0xFF, 0xAD, 0xFF, 0xAD, 0xFF, 0xAD, 0xFF, 0xAD, 0xFF, 0xAD, 0xFF, 0xAD, 0xB6, 0xB6, 0xB6, 0xB6, 0xB6, 0xB6, 0xB6, 0xB6, 0xB6, 0xB6
    .byte 0xB6, 0xB6, 0xB6, 0xB6, 0xB6, 0xB6, 0xB6, 0xB6, 0xB6, 0xB6, 0xAD, 0xAD, 0xAD, 0xAD, 0xAD, 0xAD, 0xAD, 0xAD, 0xAD, 0xAD, 0xAD, 0x5B, 0x5B, 0x5B, 0x5B, 0x5B, 0x5B, 0x5B, 0x5B, 0x5B, 0x5B, 0x5B
    .byte 0x52, 0x52, 0x52, 0x52, 0x52, 0x52, 0x52, 0x52, 0x52, 0x52, 0x52, 0x52, 0x5B, 0x5B, 0x5B, 0x5B, 0x5B, 0x5B, 0x5B, 0x5B, 0x5B, 0x5B, 0x5B, 0xAD, 0xAD, 0xAD, 0xAD, 0xAD, 0xAD, 0xAD, 0xAD, 0xAD
    .byte 0xAD, 0xAD, 0xAD, 0xAD, 0xAD, 0xAD, 0xAD, 0xAD, 0xAD, 0xAD, 0xAD, 0xAD, 0xAD, 0xAD, 0xAD, 0xAD, 0xAD, 0xAD, 0xAD, 0xAD, 0xAD, 0xAD, 0xAD, 0xAD, 0xAD, 0xAD, 0xAD, 0xAD, 0xAD, 0xAD, 0xAD, 0xAD
    .byte 0xAD, 0xAD, 0xAD, 0xAD, 0xAD, 0xAD, 0xAD, 0xAD, 0xAD, 0xAD, 0xAD, 0xAD, 0xAD, 0xAD, 0xAD, 0xAD, 0xAD, 0xAD, 0xAD, 0xAD, 0xAD, 0xAD, 0xAD, 0xAD, 0xAD, 0xAD, 0xAD, 0xAD, 0xAD, 0xAD, 0xAD, 0xAD
    .byte 0xAD, 0xAD, 0xAD, 0xAD, 0xAD, 0xAD, 0xAD, 0xAD, 0xAD, 0xAD, 0xAD, 0xAD, 0xAD, 0xAD, 0xAD, 0xAD, 0xAD, 0xAD, 0xAD, 0x74, 0xAD, 0xAD, 0x74, 0x74, 0x74, 0x74, 0x74, 0x74, 0xAD, 0xAD, 0xAD, 0xAD
    .byte 0x6B, 0x6B, 0xAD, 0x6B, 0x6B, 0x6B, 0x6B, 0x6B, 0xAD, 0xAD, 0xAD, 0xAD, 0xAD, 0xAD, 0xAD, 0xAD, 0xAD, 0xAD, 0xAD, 0xAD, 0xAD, 0xAD, 0xAD, 0xAD, 0xAD, 0xAD, 0xAD, 0xAD, 0xAD, 0xAD, 0xAD, 0xAD
    .byte 0xAD, 0xAD, 0xAD, 0xAD, 0xAD, 0xAD, 0xAD, 0xAD, 0xAD, 0xAD, 0xAD, 0xAD, 0xAD, 0xAD, 0xAD, 0xAD, 0xAD, 0xAD, 0xAD, 0xAD, 0xAD, 0xAD, 0xAD, 0xAD, 0xAD, 0xAD, 0xAD, 0xAD, 0xAD, 0xAD, 0xAD, 0xAD
    .byte 0xAD, 0xAD, 0xAD, 0xAD, 0xAD, 0xAD, 0xAD, 0xAD, 0xAD, 0xAD, 0xAD, 0xAD, 0xAD, 0xAD, 0xAD, 0xAD, 0xAD, 0xAD, 0xAD, 0xAD, 0xAD, 0xAD, 0xAD, 0xAD, 0xAD, 0xAD, 0xAD, 0xAD, 0xAD, 0xAD, 0xAD, 0xAD
    .byte 0xAD, 0xAD, 0xAD, 0xAD, 0xAD, 0xAD, 0xAD, 0xAD, 0xAD, 0xAD, 0xAD, 0xAD, 0xAD, 0xAD, 0xAD, 0xAD, 0xAD, 0xAD, 0xAD, 0xAD, 0xAD, 0xAD, 0xAD, 0xAD, 0xAD, 0xAD, 0xAD, 0xAD, 0xAD, 0xAD, 0xAD, 0xAD
    .byte 0xAD, 0xAD, 0xAD, 0xAD, 0xAD, 0xAD, 0xAD, 0xAD, 0xAD, 0xAD, 0xAD, 0xAD, 0xAD, 0xAD, 0xAD, 0xAD, 0xAD, 0xAD, 0xAD, 0xAD, 0xAD, 0xAD, 0xB6, 0xB6, 0xB6, 0xB6, 0xB6, 0xB6, 0xB6, 0xB6, 0xB6, 0xB6
    .byte 0xB6, 0xB6, 0xB6, 0xB6, 0xB6, 0xB6, 0xB6, 0xB6, 0xB6, 0xB6, 0xFF, 0xAD, 0xFF, 0xAD, 0xFF, 0xAD, 0xFF, 0xAD, 0xFF, 0xAD, 0xFF, 0x5B, 0x5B, 0x5B, 0x5B, 0x5B, 0x5B, 0x5B, 0x5B, 0x5B, 0x5B, 0x5B
    .byte 0x52, 0x52, 0x52, 0x52, 0x5B, 0x5B, 0x5B, 0x5B, 0x5B, 0x52, 0x52, 0x52, 0x5B, 0x5B, 0x5B, 0x5B, 0x5B, 0x5B, 0x5B, 0x5B, 0x5B, 0x5B, 0x5B, 0xAD, 0xFF, 0xAD, 0xFF, 0xAD, 0xFF, 0xAD, 0xFF, 0xAD
    .byte 0xFF, 0xAD, 0xFF, 0xAD, 0xFF, 0xAD, 0xFF, 0xAD, 0xFF, 0xAD, 0xFF, 0xAD, 0xFF, 0xAD, 0xFF, 0xAD, 0xFF, 0xAD, 0xFF, 0xAD, 0xFF, 0xAD, 0xFF, 0xAD, 0xFF, 0xAD, 0xFF, 0xAD, 0xFF, 0xAD, 0xFF, 0xAD
    .byte 0xFF, 0xAD, 0xFF, 0xAD, 0xFF, 0xAD, 0xFF, 0xAD, 0xFF, 0xAD, 0xFF, 0xAD, 0xFF, 0xAD, 0xFF, 0xAD, 0xFF, 0xAD, 0xFF, 0xAD, 0xFF, 0xAD, 0xFF, 0xAD, 0xFF, 0xAD, 0xFF, 0xAD, 0xFF, 0xAD, 0xFF, 0xAD
    .byte 0xFF, 0xAD, 0xFF, 0xAD, 0xFF, 0xAD, 0xFF, 0xAD, 0xFF, 0xAD, 0xFF, 0xAD, 0xFF, 0xAD, 0xFF, 0xAD, 0xFF, 0xAD, 0x74, 0xAD, 0x74, 0xAD, 0xFF, 0xAD, 0xFF, 0xAD, 0x74, 0x74, 0xFF, 0xAD, 0xFF, 0xAD
    .byte 0xFF, 0xAD, 0xFF, 0xAD, 0x6B, 0x6B, 0x6B, 0x6B, 0xFF, 0xAD, 0xFF, 0xAD, 0xFF, 0xAD, 0xFF, 0xAD, 0xFF, 0xAD, 0xFF, 0xAD, 0xFF, 0xAD, 0xFF, 0xAD, 0xFF, 0xAD, 0xFF, 0xAD, 0xFF, 0xAD, 0xFF, 0xAD
    .byte 0xFF, 0xAD, 0xFF, 0xAD, 0xFF, 0xAD, 0xFF, 0xAD, 0xFF, 0xAD, 0xFF, 0xAD, 0xFF, 0xAD, 0xFF, 0xAD, 0xFF, 0xAD, 0xFF, 0xAD, 0xFF, 0xAD, 0xFF, 0xAD, 0xFF, 0xAD, 0xFF, 0xAD, 0xFF, 0xAD, 0xFF, 0xAD
    .byte 0xFF, 0xAD, 0xFF, 0xAD, 0xFF, 0xAD, 0xFF, 0xAD, 0xFF, 0xAD, 0xFF, 0xAD, 0xFF, 0xAD, 0xFF, 0xAD, 0xFF, 0xAD, 0xFF, 0xAD, 0xFF, 0xAD, 0xFF, 0xAD, 0xFF, 0xAD, 0xFF, 0xAD, 0xFF, 0xAD, 0xFF, 0xAD
    .byte 0xFF, 0xAD, 0xFF, 0xAD, 0xFF, 0xAD, 0xFF, 0xAD, 0xFF, 0xAD, 0xFF, 0xAD, 0xFF, 0xAD, 0xFF, 0xAD, 0xFF, 0xAD, 0xFF, 0xAD, 0xFF, 0xAD, 0xFF, 0xAD, 0xFF, 0xAD, 0xFF, 0xAD, 0xFF, 0xAD, 0xFF, 0xAD
    .byte 0xFF, 0xAD, 0xFF, 0xAD, 0xFF, 0xAD, 0xFF, 0xAD, 0xFF, 0xAD, 0xFF, 0xAD, 0xFF, 0xAD, 0xFF, 0xAD, 0xFF, 0xAD, 0xFF, 0xAD, 0xFF, 0xAD, 0xB6, 0xB6, 0xB6, 0xB6, 0xB6, 0xB6, 0xB6, 0xB6, 0xB6, 0xB6
    .byte 0xB6, 0xB6, 0xB6, 0xB6, 0xB6, 0xB6, 0xB6, 0xB6, 0xB6, 0xB6, 0xAD, 0xAD, 0xAD, 0xFF, 0xAD, 0xAD, 0xAD, 0xFF, 0xAD, 0xAD, 0xAD, 0x5B, 0x5B, 0x5B, 0x5B, 0x5B, 0x5B, 0x5B, 0x5B, 0x5B, 0x5B, 0x5B
    .byte 0x52, 0x52, 0x52, 0x5B, 0x5B, 0x5B, 0x63, 0x5B, 0x5B, 0x5B, 0x5B, 0x52, 0x5B, 0x5B, 0x5B, 0x5B, 0x5B, 0x5B, 0x5B, 0x5B, 0x5B, 0x5B, 0x5B, 0xAD, 0xAD, 0xFF, 0xAD, 0xAD, 0xAD, 0xFF, 0xAD, 0xAD
    .byte 0xAD, 0xFF, 0xAD, 0xAD, 0xAD, 0xFF, 0xAD, 0xAD, 0xAD, 0xFF, 0xAD, 0xAD, 0xAD, 0xFF, 0xAD, 0xAD, 0xAD, 0xFF, 0xAD, 0xAD, 0xAD, 0xFF, 0xAD, 0xAD, 0xAD, 0xFF, 0xAD, 0xAD, 0xAD, 0xFF, 0xAD, 0xAD
    .byte 0xAD, 0xFF, 0xAD, 0xAD, 0xAD, 0xFF, 0xAD, 0xAD, 0xAD, 0xFF, 0xAD, 0xAD, 0xAD, 0xFF, 0xAD, 0xAD, 0xAD, 0xFF, 0xAD, 0xAD, 0xAD, 0xFF, 0xAD, 0xAD, 0xAD, 0xFF, 0xAD, 0xAD, 0xAD, 0xFF, 0xAD, 0xAD
    .byte 0xAD, 0xFF, 0xAD, 0xAD, 0xAD, 0xFF, 0xAD, 0xAD, 0xAD, 0xFF, 0xAD, 0xAD, 0xAD, 0xFF, 0xAD, 0xAD, 0xAD, 0xFF, 0xAD, 0x74, 0x74, 0x74, 0xAD, 0xAD, 0xAD, 0xFF, 0xAD, 0xAD, 0x74, 0xFF, 0xAD, 0xAD
    .byte 0xAD, 0xFF, 0xAD, 0xAD, 0xAD, 0xFF, 0xAD, 0xAD, 0xAD, 0xFF, 0xAD, 0xAD, 0xAD, 0xFF, 0xAD, 0xAD, 0xAD, 0xFF, 0xAD, 0xAD, 0xAD, 0xFF, 0xAD, 0xAD, 0xAD, 0xFF, 0xAD, 0xAD, 0xAD, 0xFF, 0xAD, 0xAD
    .byte 0xAD, 0xFF, 0xAD, 0xAD, 0xAD, 0xFF, 0xAD, 0xAD, 0xAD, 0xFF, 0xAD, 0xAD, 0xAD, 0xFF, 0xAD, 0xAD, 0xAD, 0xFF, 0xAD, 0xAD, 0xAD, 0xFF, 0xAD, 0xAD, 0xAD, 0xFF, 0xAD, 0xAD, 0xAD, 0xFF, 0xAD, 0xAD
    .byte 0xAD, 0xFF, 0xAD, 0xAD, 0xAD, 0xFF, 0xAD, 0xAD, 0xAD, 0xFF, 0xAD, 0xAD, 0xAD, 0xFF, 0xAD, 0xAD, 0xAD, 0xFF, 0xAD, 0xAD, 0xAD, 0xFF, 0xAD, 0xAD, 0xAD, 0xFF, 0xAD, 0xAD, 0xAD, 0xFF, 0xAD, 0xAD
    .byte 0xAD, 0xFF, 0xAD, 0xAD, 0xAD, 0xFF, 0xAD, 0xAD, 0xAD, 0xFF, 0xAD, 0xAD, 0xAD, 0xFF, 0xAD, 0xAD, 0xAD, 0xFF, 0xAD, 0xAD, 0xAD, 0xFF, 0xAD, 0xAD, 0xAD, 0xFF, 0xAD, 0xAD, 0xAD, 0xFF, 0xAD, 0xAD
    .byte 0xAD, 0xFF, 0xAD, 0xAD, 0xAD, 0xFF, 0xAD, 0xAD, 0xAD, 0xFF, 0xAD, 0xAD, 0xAD, 0xFF, 0xAD, 0xAD, 0xAD, 0xFF, 0xAD, 0xAD, 0xAD, 0xFF, 0xB6, 0xB6, 0xB6, 0xB6, 0xB6, 0xB6, 0xB6, 0xB6, 0xB6, 0xB6
    .byte 0xB6, 0xB6, 0xB6, 0xB6, 0xB6, 0xB6, 0xB6, 0xB6, 0xB6, 0xB6, 0xFF, 0xAD, 0xFF, 0xAD, 0xFF, 0xAD, 0xFF, 0xAD, 0xFF, 0xAD, 0xFF, 0x5B, 0x5B, 0x5B, 0x5B, 0x5B, 0x5B, 0x5B, 0x5B, 0x5B, 0x5B, 0x5B
    .byte 0x52, 0x52, 0x52, 0x52, 0x52, 0x52, 0x5B, 0x5B, 0x5B, 0x5B, 0x52, 0x52, 0x5B, 0x5B, 0x5B, 0x5B, 0x5B, 0x5B, 0x5B, 0x5B, 0x5B, 0x5B, 0x5B, 0xAD, 0xFF, 0xAD, 0xFF, 0xAD, 0xFF, 0xAD, 0xFF, 0xAD
    .byte 0xFF, 0xAD, 0xFF, 0xAD, 0xFF, 0xAD, 0xFF, 0xAD, 0xFF, 0xAD, 0xFF, 0xAD, 0xFF, 0xAD, 0xFF, 0xAD, 0xFF, 0xAD, 0xFF, 0xAD, 0xFF, 0xAD, 0xFF, 0xAD, 0xFF, 0xAD, 0xFF, 0xAD, 0xFF, 0xAD, 0xFF, 0xAD
    .byte 0xFF, 0xAD, 0xFF, 0xAD, 0xFF, 0xAD, 0xFF, 0xAD, 0xFF, 0xAD, 0xFF, 0xAD, 0xFF, 0xAD, 0xFF, 0xAD, 0xFF, 0xAD, 0xFF, 0xAD, 0xFF, 0xAD, 0xFF, 0xAD, 0xFF, 0xAD, 0xFF, 0xAD, 0xFF, 0xAD, 0xFF, 0xAD
    .byte 0xFF, 0xAD, 0xFF, 0xAD, 0xFF, 0xAD, 0xFF, 0xAD, 0xFF, 0xAD, 0xFF, 0xAD, 0xFF, 0xAD, 0xFF, 0xAD, 0xFF, 0xAD, 0xFF, 0xAD, 0xFF, 0xAD, 0x74, 0x74, 0x74, 0xAD, 0xFF, 0xAD, 0xFF, 0xAD, 0xFF, 0xAD
    .byte 0xFF, 0xAD, 0xFF, 0xAD, 0xFF, 0xAD, 0xFF, 0xAD, 0xFF, 0xAD, 0xFF, 0xAD, 0xFF, 0xAD, 0xFF, 0xAD, 0xFF, 0xAD, 0xFF, 0xAD, 0xFF, 0xAD, 0xFF, 0xAD, 0xFF, 0xAD, 0xFF, 0xAD, 0xFF, 0xAD, 0xFF, 0xAD
    .byte 0xFF, 0xAD, 0xFF, 0xAD, 0xFF, 0xAD, 0xFF, 0xAD, 0xFF, 0xAD, 0xFF, 0xAD, 0xFF, 0xAD, 0xFF, 0xAD, 0xFF, 0xAD, 0xFF, 0xAD, 0xFF, 0xAD, 0xFF, 0xAD, 0xFF, 0xAD, 0xFF, 0xAD, 0xFF, 0xAD, 0xFF, 0xAD
    .byte 0xFF, 0xAD, 0xFF, 0xAD, 0xFF, 0xAD, 0xFF, 0xAD, 0xFF, 0xAD, 0xFF, 0xAD, 0xFF, 0xAD, 0xFF, 0xAD, 0xFF, 0xAD, 0xFF, 0xAD, 0xFF, 0xAD, 0xFF, 0xAD, 0xFF, 0xAD, 0xFF, 0xAD, 0xFF, 0xAD, 0xFF, 0xAD
    .byte 0xFF, 0xAD, 0xFF, 0xAD, 0xFF, 0xAD, 0xFF, 0xAD, 0xFF, 0xAD, 0xFF, 0xAD, 0xFF, 0xAD, 0xFF, 0xAD, 0xFF, 0xAD, 0xFF, 0xAD, 0xFF, 0xAD, 0xFF, 0xAD, 0xFF, 0xAD, 0xFF, 0xAD, 0xFF, 0xAD, 0xFF, 0xAD
    .byte 0xFF, 0xAD, 0xFF, 0xAD, 0xFF, 0xAD, 0xFF, 0xAD, 0xFF, 0xAD, 0xFF, 0xAD, 0xFF, 0xAD, 0xFF, 0xAD, 0xFF, 0xAD, 0xFF, 0xAD, 0xFF, 0xAD, 0xB6, 0xB6, 0xB6, 0xB6, 0xB6, 0xB6, 0xB6, 0xB6, 0xB6, 0xB6
    .byte 0xB6, 0xB6, 0xB6, 0xB6, 0xB6, 0xB6, 0xB6, 0xB6, 0xB6, 0xB6, 0xAD, 0xAD, 0xAD, 0xAD, 0xAD, 0xAD, 0xAD, 0xAD, 0xAD, 0xAD, 0xAD, 0x5B, 0x5B, 0x5B, 0x5B, 0x5B, 0x5B, 0x5B, 0x5B, 0x5B, 0x5B, 0x5B
    .byte 0x52, 0x52, 0x52, 0x52, 0x52, 0x52, 0x52, 0x52, 0x52, 0x52, 0x52, 0x52, 0x5B, 0x5B, 0x5B, 0x5B, 0x5B, 0x5B, 0x5B, 0x5B, 0x5B, 0x5B, 0x5B, 0xAD, 0xAD, 0xAD, 0xAD, 0xAD, 0xAD, 0xAD, 0xAD, 0xAD
    .byte 0xAD, 0xAD, 0xAD, 0xAD, 0xAD, 0xAD, 0xAD, 0xAD, 0xAD, 0xAD, 0xAD, 0xAD, 0xAD, 0xAD, 0xAD, 0xAD, 0xAD, 0xAD, 0xAD, 0xAD, 0xAD, 0xAD, 0xAD, 0xAD, 0xAD, 0xAD, 0xAD, 0xAD, 0xAD, 0xAD, 0xAD, 0xAD
    .byte 0xAD, 0xAD, 0xAD, 0xAD, 0xAD, 0xAD, 0xAD, 0xAD, 0xAD, 0xAD, 0xAD, 0xAD, 0xAD, 0xAD, 0xAD, 0xAD, 0xAD, 0xAD, 0xAD, 0xAD, 0xAD, 0xAD, 0xAD, 0xAD, 0xAD, 0xAD, 0xAD, 0xAD, 0xAD, 0xAD, 0xAD, 0xAD
    .byte 0xAD, 0xAD, 0xAD, 0xAD, 0xAD, 0xAD, 0xAD, 0xAD, 0xAD, 0xAD, 0xAD, 0xAD, 0xAD, 0xAD, 0xAD, 0xAD, 0xAD, 0xAD, 0xAD, 0xAD, 0xAD, 0xAD, 0x74, 0xAD, 0xAD, 0xAD, 0xAD, 0xAD, 0xAD, 0xAD, 0xAD, 0xAD
    .byte 0xAD, 0xAD, 0xAD, 0xAD, 0xAD, 0xAD, 0xAD, 0xAD, 0xAD, 0xAD, 0xAD, 0xAD, 0xAD, 0xAD, 0xAD, 0xAD, 0xAD, 0xAD, 0xAD, 0xAD, 0xAD, 0xAD, 0xAD, 0xAD, 0xAD, 0xAD, 0xAD, 0xAD, 0xAD, 0xAD, 0xAD, 0xAD
    .byte 0xAD, 0xAD, 0xAD, 0xAD, 0xAD, 0xAD, 0xAD, 0xAD, 0xAD, 0xAD, 0xAD, 0xAD, 0xAD, 0xAD, 0xAD, 0xAD, 0xAD, 0xAD, 0xAD, 0xAD, 0xAD, 0xAD, 0xAD, 0xAD, 0xAD, 0xAD, 0xAD, 0xAD, 0xAD, 0xAD, 0xAD, 0xAD
    .byte 0xAD, 0xAD, 0xAD, 0xAD, 0xAD, 0xAD, 0xAD, 0xAD, 0xAD, 0xAD, 0xAD, 0xAD, 0xAD, 0xAD, 0xAD, 0xAD, 0xAD, 0xAD, 0xAD, 0xAD, 0xAD, 0xAD, 0xAD, 0xAD, 0xAD, 0xAD, 0xAD, 0xAD, 0xAD, 0xAD, 0xAD, 0xAD
    .byte 0xAD, 0xAD, 0xAD, 0xAD, 0xAD, 0xAD, 0xAD, 0xAD, 0xAD, 0xAD, 0xAD, 0xAD, 0xAD, 0xAD, 0xAD, 0xAD, 0xAD, 0xAD, 0xAD, 0xAD, 0xAD, 0xAD, 0xAD, 0xAD, 0xAD, 0xAD, 0xAD, 0xAD, 0xAD, 0xAD, 0xAD, 0xAD
    .byte 0xAD, 0xAD, 0xAD, 0xAD, 0xAD, 0xAD, 0xAD, 0xAD, 0xAD, 0xAD, 0xAD, 0xAD, 0xAD, 0xAD, 0xAD, 0xAD, 0xAD, 0xAD, 0xAD, 0xAD, 0xAD, 0xAD, 0xB6, 0xB6, 0xB6, 0xB6, 0xB6, 0xB6, 0xB6, 0xB6, 0xB6, 0xB6
    .byte 0xB6, 0xB6, 0xB6, 0xB6, 0xB6, 0xB6, 0xB6, 0xB6, 0xB6, 0xB6, 0xFF, 0xAD, 0xFF, 0xAD, 0xFF, 0xAD, 0xFF, 0xAD, 0xFF, 0xAD, 0xFF, 0x5B, 0x5B, 0x5B, 0x5B, 0x5B, 0x5B, 0x5B, 0x5B, 0x5B, 0x5B, 0x5B
    .byte 0x52, 0x52, 0x52, 0x52, 0x52, 0x52, 0x52, 0x52, 0x52, 0x52, 0x52, 0x52, 0x5B, 0x5B, 0x5B, 0x5B, 0x5B, 0x5B, 0x5B, 0x5B, 0x5B, 0x5B, 0x5B, 0xAD, 0xFF, 0xAD, 0xFF, 0xAD, 0xFF, 0xAD, 0xFF, 0xAD
    .byte 0xFF, 0xAD, 0xFF, 0xAD, 0xFF, 0xAD, 0xFF, 0xAD, 0xFF, 0xAD, 0xFF, 0xAD, 0xFF, 0xAD, 0xFF, 0xAD, 0xFF, 0xAD, 0xFF, 0xAD, 0xFF, 0xAD, 0xFF, 0xAD, 0xFF, 0xAD, 0xFF, 0xAD, 0xFF, 0xAD, 0xFF, 0xAD
    .byte 0xFF, 0xAD, 0xFF, 0xAD, 0xFF, 0xAD, 0xFF, 0xAD, 0xFF, 0xAD, 0xFF, 0xAD, 0xFF, 0xAD, 0xFF, 0xAD, 0xFF, 0xAD, 0xFF, 0xAD, 0xFF, 0xAD, 0xFF, 0xAD, 0xFF, 0xAD, 0xFF, 0xAD, 0xFF, 0xAD, 0xFF, 0xAD
    .byte 0xFF, 0xAD, 0xFF, 0xAD, 0xFF, 0xAD, 0xFF, 0xAD, 0xFF, 0xAD, 0xFF, 0xAD, 0xFF, 0xAD, 0xFF, 0xAD, 0xFF, 0xAD, 0xFF, 0xAD, 0xFF, 0xAD, 0xFF, 0xAD, 0xFF, 0xAD, 0xFF, 0xAD, 0xFF, 0xAD, 0xFF, 0xAD
    .byte 0xFF, 0xAD, 0xFF, 0xAD, 0xFF, 0xAD, 0xFF, 0xAD, 0xFF, 0xAD, 0xFF, 0xAD, 0xFF, 0xAD, 0xFF, 0xAD, 0xFF, 0xAD, 0xFF, 0xAD, 0xFF, 0xAD, 0xFF, 0xAD, 0xFF, 0xAD, 0xFF, 0xAD, 0xFF, 0xAD, 0xFF, 0xAD
    .byte 0xFF, 0xAD, 0xFF, 0xAD, 0xFF, 0xAD, 0xFF, 0xAD, 0xFF, 0xAD, 0xFF, 0xAD, 0xFF, 0xAD, 0xFF, 0xAD, 0xFF, 0xAD, 0xFF, 0xAD, 0xFF, 0xAD, 0xFF, 0xAD, 0xFF, 0xAD, 0xFF, 0xAD, 0xFF, 0xAD, 0xFF, 0xAD
    .byte 0xFF, 0xAD, 0xFF, 0xAD, 0xFF, 0xAD, 0xFF, 0xAD, 0xFF, 0xAD, 0xFF, 0xAD, 0xFF, 0xAD, 0xFF, 0xAD, 0xFF, 0xAD, 0xFF, 0xAD, 0xFF, 0xAD, 0xFF, 0xAD, 0xFF, 0xAD, 0xFF, 0xAD, 0xFF, 0xAD, 0xFF, 0xAD
    .byte 0xFF, 0xAD, 0xFF, 0xAD, 0xFF, 0xAD, 0xFF, 0xAD, 0xFF, 0xAD, 0xFF, 0xAD, 0xFF, 0xAD, 0xFF, 0xAD, 0xFF, 0xAD, 0xFF, 0xAD, 0xFF, 0xAD, 0xFF, 0xAD, 0xFF, 0xAD, 0xFF, 0xAD, 0xFF, 0xAD, 0xFF, 0xAD
    .byte 0xFF, 0xAD, 0xFF, 0xAD, 0xFF, 0xAD, 0xFF, 0xAD, 0xFF, 0xAD, 0xFF, 0xAD, 0xFF, 0xAD, 0xFF, 0xAD, 0xFF, 0xAD, 0xFF, 0xAD, 0xFF, 0xAD, 0xB6, 0xB6, 0xB6, 0xB6, 0xB6, 0xB6, 0xB6, 0xB6, 0xB6, 0xB6
    .byte 0xB6, 0xB6, 0xB6, 0xB6, 0xB6, 0xB6, 0xB6, 0xB6, 0xB6, 0xB6, 0xAD, 0xAD, 0xAD, 0xFF, 0xAD, 0xAD, 0xAD, 0xFF, 0xAD, 0xAD, 0xAD, 0x5B, 0x5B, 0x5B, 0x5B, 0x5B, 0x5B, 0x5B, 0x5B, 0x5B, 0x5B, 0x5B
    .byte 0x52, 0x52, 0x52, 0x52, 0x52, 0x52, 0x52, 0x52, 0x52, 0x52, 0x52, 0x52, 0x5B, 0x5B, 0x5B, 0x5B, 0x5B, 0x5B, 0x5B, 0x5B, 0x5B, 0x5B, 0x5B, 0xAD, 0xAD, 0xFF, 0xAD, 0xAD, 0xAD, 0xFF, 0xAD, 0xAD
    .byte 0xAD, 0xFF, 0xAD, 0xAD, 0xAD, 0xFF, 0xAD, 0xAD, 0xAD, 0xFF, 0xAD, 0xAD, 0xAD, 0xFF, 0xAD, 0xAD, 0xAD, 0xFF, 0xAD, 0xAD, 0xAD, 0xFF, 0xAD, 0xAD, 0xAD, 0xFF, 0xAD, 0xAD, 0xAD, 0xFF, 0xAD, 0xAD
    .byte 0xAD, 0xFF, 0xAD, 0xAD, 0xAD, 0xFF, 0xAD, 0xAD, 0xAD, 0xFF, 0xAD, 0xAD, 0xAD, 0xFF, 0xAD, 0xAD, 0xAD, 0xFF, 0xAD, 0xAD, 0xAD, 0xFF, 0xAD, 0xAD, 0xAD, 0xFF, 0xAD, 0xAD, 0xAD, 0xFF, 0xAD, 0xAD
    .byte 0xAD, 0xFF, 0xAD, 0xAD, 0xAD, 0xFF, 0xAD, 0xAD, 0xAD, 0xFF, 0xAD, 0xAD, 0xAD, 0xFF, 0xAD, 0xAD, 0xAD, 0xFF, 0xAD, 0xAD, 0xAD, 0xFF, 0xAD, 0xAD, 0xAD, 0xFF, 0xAD, 0xAD, 0xAD, 0xFF, 0xAD, 0xAD
    .byte 0xAD, 0xFF, 0xAD, 0xAD, 0xAD, 0xFF, 0xAD, 0xAD, 0xAD, 0xFF, 0xAD, 0xAD, 0xAD, 0xFF, 0xAD, 0xAD, 0xAD, 0xFF, 0xAD, 0xAD, 0xAD, 0xFF, 0xAD, 0xAD, 0xAD, 0xFF, 0xAD, 0xAD, 0xAD, 0xFF, 0xAD, 0xAD
    .byte 0xAD, 0xFF, 0xAD, 0xAD, 0xAD, 0xFF, 0xAD, 0xAD, 0xAD, 0xFF, 0xAD, 0xAD, 0xAD, 0xFF, 0xAD, 0xAD, 0xAD, 0xFF, 0xAD, 0xAD, 0xAD, 0xFF, 0xAD, 0xAD, 0xAD, 0xFF, 0xAD, 0xAD, 0xAD, 0xFF, 0xAD, 0xAD
    .byte 0xAD, 0xFF, 0xAD, 0xAD, 0xAD, 0xFF, 0xAD, 0xAD, 0xAD, 0xFF, 0xAD, 0xAD, 0xAD, 0xFF, 0xAD, 0xAD, 0xAD, 0xFF, 0xAD, 0xAD, 0xAD, 0xFF, 0xAD, 0xAD, 0xAD, 0xFF, 0xAD, 0xAD, 0xAD, 0xFF, 0xAD, 0xAD
    .byte 0xAD, 0xFF, 0xAD, 0xAD, 0xAD, 0xFF, 0xAD, 0xAD, 0xAD, 0xFF, 0xAD, 0xAD, 0xAD, 0xFF, 0xAD, 0xAD, 0xAD, 0xFF, 0xAD, 0xAD, 0xAD, 0xFF, 0xAD, 0xAD, 0xAD, 0xFF, 0xAD, 0xAD, 0xAD, 0xFF, 0xAD, 0xAD
    .byte 0xAD, 0xFF, 0xAD, 0xAD, 0xAD, 0xFF, 0xAD, 0xAD, 0xAD, 0xFF, 0xAD, 0xAD, 0xAD, 0xFF, 0xAD, 0xAD, 0xAD, 0xFF, 0xAD, 0xAD, 0xAD, 0xFF, 0xB6, 0xB6, 0xB6, 0xB6, 0xB6, 0xB6, 0xB6, 0xB6, 0xB6, 0xB6
    .byte 0xB6, 0xB6, 0xB6, 0xB6, 0xB6, 0xB6, 0xB6, 0xB6, 0xB6, 0xB6, 0xFF, 0xAD, 0xFF, 0xAD, 0xFF, 0xAD, 0xFF, 0xAD, 0xFF, 0xAD, 0xFF, 0x5B, 0x5B, 0x5B, 0x5B, 0x5B, 0x5B, 0x5B, 0x5B, 0x5B, 0x5B, 0x5B
    .byte 0x52, 0x52, 0x52, 0x52, 0x52, 0x52, 0x52, 0x52, 0x52, 0x52, 0x52, 0x52, 0x5B, 0x5B, 0x5B, 0x5B, 0x5B, 0x5B, 0x5B, 0x5B, 0x5B, 0x5B, 0x5B, 0xAD, 0xFF, 0xAD, 0xFF, 0xAD, 0xFF, 0xAD, 0xFF, 0xAD
    .byte 0xFF, 0xAD, 0xFF, 0xAD, 0xFF, 0xAD, 0xFF, 0xAD, 0xFF, 0xAD, 0xFF, 0xAD, 0xFF, 0xAD, 0xFF, 0xAD, 0xFF, 0xAD, 0xFF, 0xAD, 0xFF, 0xAD, 0xFF, 0xAD, 0xFF, 0xAD, 0xFF, 0xAD, 0xFF, 0xAD, 0xFF, 0xAD
    .byte 0xFF, 0xAD, 0xFF, 0xAD, 0xFF, 0xAD, 0xFF, 0xAD, 0xFF, 0xAD, 0xFF, 0xAD, 0xFF, 0xAD, 0xFF, 0xAD, 0xFF, 0xAD, 0xFF, 0xAD, 0xFF, 0xAD, 0xFF, 0xAD, 0xFF, 0xAD, 0xFF, 0xAD, 0xFF, 0xAD, 0xFF, 0xAD
    .byte 0xFF, 0xAD, 0xFF, 0xAD, 0xFF, 0xAD, 0xFF, 0xAD, 0xFF, 0xAD, 0xFF, 0xAD, 0xFF, 0xAD, 0xFF, 0xAD, 0xFF, 0xAD, 0xFF, 0xAD, 0xFF, 0xAD, 0xFF, 0xAD, 0xFF, 0xAD, 0xFF, 0xAD, 0xFF, 0xAD, 0xFF, 0xAD
    .byte 0xFF, 0xAD, 0xFF, 0xAD, 0xFF, 0xAD, 0xFF, 0xAD, 0xFF, 0xAD, 0xFF, 0xAD, 0xFF, 0xAD, 0xFF, 0xAD, 0xFF, 0xAD, 0xFF, 0xAD, 0xFF, 0xAD, 0xFF, 0xAD, 0xFF, 0xAD, 0xFF, 0xAD, 0xFF, 0xAD, 0xFF, 0xAD
    .byte 0xFF, 0xAD, 0xFF, 0xAD, 0xFF, 0xAD, 0xFF, 0xAD, 0xFF, 0xAD, 0xFF, 0xAD, 0xFF, 0xAD, 0xFF, 0xAD, 0xFF, 0xAD, 0xFF, 0xAD, 0xFF, 0xAD, 0xFF, 0xAD, 0xFF, 0xAD, 0xFF, 0xAD, 0xFF, 0xAD, 0xFF, 0xAD
    .byte 0xFF, 0xAD, 0xFF, 0xAD, 0xFF, 0xAD, 0xFF, 0xAD, 0xFF, 0xAD, 0xFF, 0xAD, 0xFF, 0xAD, 0xFF, 0xAD, 0xFF, 0xAD, 0xFF, 0xAD, 0xFF, 0xAD, 0xFF, 0xAD, 0xFF, 0xAD, 0xFF, 0xAD, 0xFF, 0xAD, 0xFF, 0xAD
    .byte 0xFF, 0xAD, 0xFF, 0xAD, 0xFF, 0xAD, 0xFF, 0xAD, 0xFF, 0xAD, 0xFF, 0xAD, 0xFF, 0xAD, 0xFF, 0xAD, 0xFF, 0xAD, 0xFF, 0xAD, 0xFF, 0xAD, 0xFF, 0xAD, 0xFF, 0xAD, 0xFF, 0xAD, 0xFF, 0xAD, 0xFF, 0xAD
    .byte 0xFF, 0xAD, 0xFF, 0xAD, 0xFF, 0xAD, 0xFF, 0xAD, 0xFF, 0xAD, 0xFF, 0xAD, 0xFF, 0xAD, 0xFF, 0xAD, 0xFF, 0xAD, 0xFF, 0xAD, 0xFF, 0xAD, 0xB6, 0xB6, 0xB6, 0xB6, 0xB6, 0xB6, 0xB6, 0xB6, 0xB6, 0xB6
    .byte 0xB6, 0xB6, 0xB6, 0xB6, 0xB6, 0xB6, 0xB6, 0xB6, 0xB6, 0xB6, 0xAD, 0xAD, 0xAD, 0xAD, 0xAD, 0xAD, 0xAD, 0xAD, 0xAD, 0xAD, 0xAD, 0xAD, 0xAD, 0xAD, 0xAD, 0xAD, 0xAD, 0xAD, 0xAD, 0xAD, 0xAD, 0xAD
    .byte 0xAD, 0xAD, 0xAD, 0xAD, 0xAD, 0xAD, 0xAD, 0xAD, 0xAD, 0xAD, 0xAD, 0xAD, 0xAD, 0xAD, 0xAD, 0xAD, 0xAD, 0xAD, 0xAD, 0xAD, 0xAD, 0xAD, 0xAD, 0xAD, 0xAD, 0xAD, 0xAD, 0xAD, 0xAD, 0xAD, 0xAD, 0xAD
    .byte 0xAD, 0xAD, 0xAD, 0xAD, 0xAD, 0xAD, 0xAD, 0xAD, 0xAD, 0xAD, 0xAD, 0xAD, 0xAD, 0xAD, 0xAD, 0xAD, 0xAD, 0xAD, 0xAD, 0xAD, 0xAD, 0xAD, 0xAD, 0xAD, 0xAD, 0xAD, 0xAD, 0xAD, 0xAD, 0xAD, 0xAD, 0xAD
    .byte 0xAD, 0xAD, 0xAD, 0xAD, 0xAD, 0xAD, 0xAD, 0xAD, 0xAD, 0xAD, 0xAD, 0xAD, 0xAD, 0xAD, 0xAD, 0xAD, 0xAD, 0xAD, 0xAD, 0xAD, 0xAD, 0xAD, 0xAD, 0xAD, 0xAD, 0xAD, 0xAD, 0xAD, 0xAD, 0xAD, 0xAD, 0xAD
    .byte 0xAD, 0xAD, 0xAD, 0xAD, 0xAD, 0xAD, 0xAD, 0xAD, 0xAD, 0xAD, 0xAD, 0xAD, 0xAD, 0xAD, 0xAD, 0xAD, 0xAD, 0xAD, 0xAD, 0xAD, 0xAD, 0xAD, 0xAD, 0xAD, 0xAD, 0xAD, 0xAD, 0xAD, 0xAD, 0xAD, 0xAD, 0xAD
    .byte 0xAD, 0xAD, 0xAD, 0xAD, 0xAD, 0xAD, 0xAD, 0xAD, 0xAD, 0xAD, 0xAD, 0xAD, 0xAD, 0xAD, 0xAD, 0xAD, 0xAD, 0xAD, 0xAD, 0xAD, 0xAD, 0xAD, 0xAD, 0xAD, 0xAD, 0xAD, 0xAD, 0xAD, 0xAD, 0xAD, 0xAD, 0xAD
    .byte 0xAD, 0xAD, 0xAD, 0xAD, 0xAD, 0xAD, 0xAD, 0xAD, 0xAD, 0xAD, 0xAD, 0xAD, 0xAD, 0xAD, 0xAD, 0xAD, 0xAD, 0xAD, 0xAD, 0xAD, 0xAD, 0xAD, 0xAD, 0xAD, 0xAD, 0xAD, 0xAD, 0xAD, 0xAD, 0xAD, 0xAD, 0xAD
    .byte 0xAD, 0xAD, 0xAD, 0xAD, 0xAD, 0xAD, 0xAD, 0xAD, 0xAD, 0xAD, 0xAD, 0xAD, 0xAD, 0xAD, 0xAD, 0xAD, 0xAD, 0xAD, 0xAD, 0xAD, 0xAD, 0xAD, 0xAD, 0xAD, 0xAD, 0xAD, 0xAD, 0xAD, 0xAD, 0xAD, 0xAD, 0xAD
    .byte 0xAD, 0xAD, 0xAD, 0xAD, 0xAD, 0xAD, 0xAD, 0xAD, 0xAD, 0xAD, 0xAD, 0xAD, 0xAD, 0xAD, 0xAD, 0xAD, 0xAD, 0xAD, 0xAD, 0xAD, 0xAD, 0xAD, 0xAD, 0xAD, 0xAD, 0xAD, 0xAD, 0xAD, 0xAD, 0xAD, 0xAD, 0xAD
    .byte 0xAD, 0xAD, 0xAD, 0xAD, 0xAD, 0xAD, 0xAD, 0xAD, 0xAD, 0xAD, 0xAD, 0xAD, 0xAD, 0xAD, 0xAD, 0xAD, 0xAD, 0xAD, 0xAD, 0xAD, 0xAD, 0xAD, 0xB6, 0xB6, 0xB6, 0xB6, 0xB6, 0xB6, 0xB6, 0xB6, 0xB6, 0xB6
    .byte 0xB6, 0xB6, 0xB6, 0xB6, 0xB6, 0xB6, 0xB6, 0xB6, 0xB6, 0xB6, 0xFF, 0xAD, 0xFF, 0xAD, 0xFF, 0xAD, 0xFF, 0xAD, 0xFF, 0xAD, 0xFF, 0xAD, 0xFF, 0xAD, 0xFF, 0xAD, 0xFF, 0xAD, 0xFF, 0xAD, 0xFF, 0xAD
    .byte 0xFF, 0xAD, 0xFF, 0xAD, 0xFF, 0xAD, 0xFF, 0xAD, 0xFF, 0xAD, 0xFF, 0xAD, 0xFF, 0xAD, 0xFF, 0xAD, 0xFF, 0xAD, 0xFF, 0xAD, 0xFF, 0xAD, 0xFF, 0xAD, 0xFF, 0xAD, 0xFF, 0xAD, 0xFF, 0xAD, 0xFF, 0xAD
    .byte 0xFF, 0xAD, 0xFF, 0xAD, 0xFF, 0xAD, 0xFF, 0xAD, 0xFF, 0xAD, 0xFF, 0xAD, 0xFF, 0xAD, 0xFF, 0xAD, 0xFF, 0xAD, 0xFF, 0xAD, 0xFF, 0xAD, 0xFF, 0xAD, 0xFF, 0xAD, 0xFF, 0xAD, 0xFF, 0xAD, 0xFF, 0xAD
    .byte 0xFF, 0xAD, 0xFF, 0xAD, 0xFF, 0xAD, 0xFF, 0xAD, 0xFF, 0xAD, 0xFF, 0xAD, 0xFF, 0xAD, 0xFF, 0xAD, 0xFF, 0xAD, 0xFF, 0xAD, 0xFF, 0xAD, 0xFF, 0xAD, 0xFF, 0xAD, 0xFF, 0xAD, 0xFF, 0xAD, 0xFF, 0xAD
    .byte 0xFF, 0xAD, 0xFF, 0xAD, 0xFF, 0xAD, 0xFF, 0xAD, 0xFF, 0xAD, 0xFF, 0xAD, 0xFF, 0xAD, 0xFF, 0xAD, 0xFF, 0xAD, 0xFF, 0xAD, 0xFF, 0xAD, 0xFF, 0xAD, 0xFF, 0xAD, 0xFF, 0xAD, 0xFF, 0xAD, 0xFF, 0xAD
    .byte 0xFF, 0xAD, 0xFF, 0xAD, 0xFF, 0xAD, 0xFF, 0xAD, 0xFF, 0xAD, 0xFF, 0xAD, 0xFF, 0xAD, 0xFF, 0xAD, 0xFF, 0xAD, 0xFF, 0xAD, 0xFF, 0xAD, 0xFF, 0xAD, 0xFF, 0xAD, 0xFF, 0xAD, 0xFF, 0xAD, 0xFF, 0xAD
    .byte 0xFF, 0xAD, 0xFF, 0xAD, 0xFF, 0xAD, 0xFF, 0xAD, 0xFF, 0xAD, 0xFF, 0xAD, 0xFF, 0xAD, 0xFF, 0xAD, 0xFF, 0xAD, 0xFF, 0xAD, 0xFF, 0xAD, 0xFF, 0xAD, 0xFF, 0xAD, 0xFF, 0xAD, 0xFF, 0xAD, 0xFF, 0xAD
    .byte 0xFF, 0xAD, 0xFF, 0xAD, 0xFF, 0xAD, 0xFF, 0xAD, 0xFF, 0xAD, 0xFF, 0xAD, 0xFF, 0xAD, 0xFF, 0xAD, 0xFF, 0xAD, 0xFF, 0xAD, 0xFF, 0xAD, 0xFF, 0xAD, 0xFF, 0xAD, 0xFF, 0xAD, 0xFF, 0xAD, 0xFF, 0xAD
    .byte 0xFF, 0xAD, 0xFF, 0xAD, 0xFF, 0xAD, 0xFF, 0xAD, 0xFF, 0xAD, 0xFF, 0xAD, 0xFF, 0xAD, 0xFF, 0xAD, 0xFF, 0xAD, 0xFF, 0xAD, 0xFF, 0xAD, 0xFF, 0xAD, 0xFF, 0xAD, 0xFF, 0xAD, 0xFF, 0xAD, 0xFF, 0xAD
    .byte 0xFF, 0xAD, 0xFF, 0xAD, 0xFF, 0xAD, 0xFF, 0xAD, 0xFF, 0xAD, 0xFF, 0xAD, 0xFF, 0xAD, 0xFF, 0xAD, 0xFF, 0xAD, 0xFF, 0xAD, 0xFF, 0xAD, 0xB6, 0xB6, 0xB6, 0xB6, 0xB6, 0xB6, 0xB6, 0xB6, 0xB6, 0xB6
    .byte 0xB6, 0xB6, 0xB6, 0xB6, 0xB6, 0xB6, 0xB6, 0xB6, 0xB6, 0xB6, 0xAD, 0xAD, 0xAD, 0xFF, 0xAD, 0xAD, 0xAD, 0xFF, 0xAD, 0xAD, 0xAD, 0xFF, 0xAD, 0xAD, 0xAD, 0xFF, 0xAD, 0xAD, 0xAD, 0xFF, 0xAD, 0xAD
    .byte 0xAD, 0xFF, 0xAD, 0xAD, 0xAD, 0xFF, 0xAD, 0xAD, 0xAD, 0xFF, 0xAD, 0xAD, 0xAD, 0xFF, 0xAD, 0xAD, 0xAD, 0xFF, 0xAD, 0xAD, 0xAD, 0xFF, 0xAD, 0xAD, 0xAD, 0xFF, 0xAD, 0xAD, 0xAD, 0xFF, 0xAD, 0xAD
    .byte 0xAD, 0xFF, 0xAD, 0xAD, 0xAD, 0xFF, 0xAD, 0xAD, 0xAD, 0xFF, 0xAD, 0xAD, 0xAD, 0xFF, 0xAD, 0xAD, 0xAD, 0xFF, 0xAD, 0xAD, 0xAD, 0xFF, 0xAD, 0xAD, 0xAD, 0xFF, 0xAD, 0xAD, 0xAD, 0xFF, 0xAD, 0xAD
    .byte 0xAD, 0xFF, 0xAD, 0xAD, 0xAD, 0xFF, 0xAD, 0xAD, 0xAD, 0xFF, 0xAD, 0xAD, 0xAD, 0xFF, 0xAD, 0xAD, 0xAD, 0xFF, 0xAD, 0xAD, 0xAD, 0xFF, 0xAD, 0xAD, 0xAD, 0xFF, 0xAD, 0xAD, 0xAD, 0xFF, 0xAD, 0xAD
    .byte 0xAD, 0xFF, 0xAD, 0xAD, 0xAD, 0xFF, 0xAD, 0xAD, 0xAD, 0xFF, 0xAD, 0xAD, 0xAD, 0xFF, 0xAD, 0xAD, 0xAD, 0xFF, 0xAD, 0xAD, 0xAD, 0xFF, 0xAD, 0xAD, 0xAD, 0xFF, 0xAD, 0xAD, 0xAD, 0xFF, 0xAD, 0xAD
    .byte 0xAD, 0xFF, 0xAD, 0xAD, 0xAD, 0xFF, 0xAD, 0xAD, 0xAD, 0xFF, 0xAD, 0xAD, 0xAD, 0xFF, 0xAD, 0xAD, 0xAD, 0xFF, 0xAD, 0xAD, 0xAD, 0xFF, 0xAD, 0xAD, 0xAD, 0xFF, 0xAD, 0xAD, 0xAD, 0xFF, 0xAD, 0xAD
    .byte 0xAD, 0xFF, 0xAD, 0xAD, 0xAD, 0xFF, 0xAD, 0xAD, 0xAD, 0xFF, 0xAD, 0xAD, 0xAD, 0xFF, 0xAD, 0xAD, 0xAD, 0xFF, 0xAD, 0xAD, 0xAD, 0xFF, 0xAD, 0xAD, 0xAD, 0xFF, 0xAD, 0xAD, 0xAD, 0xFF, 0xAD, 0xAD
    .byte 0xAD, 0xFF, 0xAD, 0xAD, 0xAD, 0xFF, 0xAD, 0xAD, 0xAD, 0xFF, 0xAD, 0xAD, 0xAD, 0xFF, 0xAD, 0xAD, 0xAD, 0xFF, 0xAD, 0xAD, 0xAD, 0xFF, 0xAD, 0xAD, 0xAD, 0xFF, 0xAD, 0xAD, 0xAD, 0xFF, 0xAD, 0xAD
    .byte 0xAD, 0xFF, 0xAD, 0xAD, 0xAD, 0xFF, 0xAD, 0xAD, 0xAD, 0xFF, 0xAD, 0xAD, 0xAD, 0xFF, 0xAD, 0xAD, 0xAD, 0xFF, 0xAD, 0xAD, 0xAD, 0xFF, 0xAD, 0xAD, 0xAD, 0xFF, 0xAD, 0xAD, 0xAD, 0xFF, 0xAD, 0xAD
    .byte 0xAD, 0xFF, 0xAD, 0xAD, 0xAD, 0xFF, 0xAD, 0xAD, 0xAD, 0xFF, 0xAD, 0xAD, 0xAD, 0xFF, 0xAD, 0xAD, 0xAD, 0xFF, 0xAD, 0xAD, 0xAD, 0xFF, 0xB6, 0xB6, 0xB6, 0xB6, 0xB6, 0xB6, 0xB6, 0xB6, 0xB6, 0xB6
    .byte 0xB6, 0xB6, 0xB6, 0xB6, 0xB6, 0xB6, 0xB6, 0xB6, 0xB6, 0xB6, 0xFF, 0xAD, 0xFF, 0xAD, 0xFF, 0xAD, 0xFF, 0xAD, 0xFF, 0xAD, 0xFF, 0xAD, 0xFF, 0xAD, 0xFF, 0xAD, 0xFF, 0xAD, 0xFF, 0xAD, 0xFF, 0xAD
    .byte 0xFF, 0xAD, 0xFF, 0xAD, 0xFF, 0xAD, 0xFF, 0xAD, 0xFF, 0xAD, 0xFF, 0xAD, 0xFF, 0xAD, 0xFF, 0xAD, 0xFF, 0xAD, 0xFF, 0xAD, 0xFF, 0xAD, 0xFF, 0xAD, 0xFF, 0xAD, 0xFF, 0xAD, 0xFF, 0xAD, 0xFF, 0xAD
    .byte 0xFF, 0xAD, 0xFF, 0xAD, 0xFF, 0xAD, 0xFF, 0xAD, 0xFF, 0xAD, 0xFF, 0xAD, 0xFF, 0xAD, 0xFF, 0xAD, 0xFF, 0xAD, 0xFF, 0xAD, 0xFF, 0xAD, 0xFF, 0xAD, 0xFF, 0xAD, 0xFF, 0xAD, 0xFF, 0xAD, 0xFF, 0xAD
    .byte 0xFF, 0xAD, 0xFF, 0xAD, 0xFF, 0xAD, 0xFF, 0xAD, 0xFF, 0xAD, 0xFF, 0xAD, 0xFF, 0xAD, 0xFF, 0xAD, 0xFF, 0xAD, 0xFF, 0xAD, 0xFF, 0xAD, 0xFF, 0xAD, 0xFF, 0xAD, 0xFF, 0xAD, 0xFF, 0xAD, 0xFF, 0xAD
    .byte 0xFF, 0xAD, 0xFF, 0xAD, 0xFF, 0xAD, 0xFF, 0xAD, 0xFF, 0xAD, 0xFF, 0xAD, 0xFF, 0xAD, 0xFF, 0xAD, 0xFF, 0xAD, 0xFF, 0xAD, 0xFF, 0xAD, 0xFF, 0xAD, 0xFF, 0xAD, 0xFF, 0xAD, 0xFF, 0xAD, 0xFF, 0xAD
    .byte 0xFF, 0xAD, 0xFF, 0xAD, 0xFF, 0xAD, 0xFF, 0xAD, 0xFF, 0xAD, 0xFF, 0xAD, 0xFF, 0xAD, 0xFF, 0xAD, 0xFF, 0xAD, 0xFF, 0xAD, 0xFF, 0xAD, 0xFF, 0xAD, 0xFF, 0xAD, 0xFF, 0xAD, 0xFF, 0xAD, 0xFF, 0xAD
    .byte 0xFF, 0xAD, 0xFF, 0xAD, 0xFF, 0xAD, 0xFF, 0xAD, 0xFF, 0xAD, 0xFF, 0xAD, 0xFF, 0xAD, 0xFF, 0xAD, 0xFF, 0xAD, 0xFF, 0xAD, 0xFF, 0xAD, 0xFF, 0xAD, 0xFF, 0xAD, 0xFF, 0xAD, 0xFF, 0xAD, 0xFF, 0xAD
    .byte 0xFF, 0xAD, 0xFF, 0xAD, 0xFF, 0xAD, 0xFF, 0xAD, 0xFF, 0xAD, 0xFF, 0xAD, 0xFF, 0xAD, 0xFF, 0xAD, 0xFF, 0xAD, 0xFF, 0xAD, 0xFF, 0xAD, 0xFF, 0xAD, 0xFF, 0xAD, 0xFF, 0xAD, 0xFF, 0xAD, 0xFF, 0xAD
    .byte 0xFF, 0xAD, 0xFF, 0xAD, 0xFF, 0xAD, 0xFF, 0xAD, 0xFF, 0xAD, 0xFF, 0xAD, 0xFF, 0xAD, 0xFF, 0xAD, 0xFF, 0xAD, 0xFF, 0xAD, 0xFF, 0xAD, 0xFF, 0xAD, 0xFF, 0xAD, 0xFF, 0xAD, 0xFF, 0xAD, 0xFF, 0xAD
    .byte 0xFF, 0xAD, 0xFF, 0xAD, 0xFF, 0xAD, 0xFF, 0xAD, 0xFF, 0xAD, 0xFF, 0xAD, 0xFF, 0xAD, 0xFF, 0xAD, 0xFF, 0xAD, 0xFF, 0xAD, 0xFF, 0xAD, 0xB6, 0xB6, 0xB6, 0xB6, 0xB6, 0xB6, 0xB6, 0xB6, 0xB6, 0xB6
    .byte 0xB6, 0xB6, 0xB6, 0xB6, 0xB6, 0xB6, 0xB6, 0xB6, 0xB6, 0xB6, 0xAD, 0xAD, 0xAD, 0xAD, 0xAD, 0xAD, 0xAD, 0xAD, 0xAD, 0xAD, 0xAD, 0xAD, 0xAD, 0xAD, 0xAD, 0xAD, 0xAD, 0xAD, 0xAD, 0xAD, 0xAD, 0xAD
    .byte 0xAD, 0xAD, 0xAD, 0xAD, 0xAD, 0xAD, 0xAD, 0xAD, 0xAD, 0xAD, 0xAD, 0xAD, 0xAD, 0xAD, 0xAD, 0xAD, 0xAD, 0xAD, 0xAD, 0xAD, 0xAD, 0xAD, 0xAD, 0xAD, 0xAD, 0xAD, 0xAD, 0xAD, 0xAD, 0xAD, 0xAD, 0xAD
    .byte 0xAD, 0xAD, 0xAD, 0xAD, 0xAD, 0xAD, 0xAD, 0xAD, 0xAD, 0xAD, 0xAD, 0xAD, 0xAD, 0xAD, 0xAD, 0xAD, 0xAD, 0xAD, 0xAD, 0xAD, 0xAD, 0xAD, 0xAD, 0xAD, 0xAD, 0xAD, 0xAD, 0xAD, 0xAD, 0xAD, 0xAD, 0xAD
    .byte 0xAD, 0xAD, 0xAD, 0xAD, 0xAD, 0xAD, 0xAD, 0xAD, 0xAD, 0xAD, 0xAD, 0xAD, 0xAD, 0xAD, 0xAD, 0xAD, 0xAD, 0xAD, 0xAD, 0xAD, 0xAD, 0xAD, 0xAD, 0xAD, 0xAD, 0xAD, 0xAD, 0xAD, 0xAD, 0xAD, 0xAD, 0xAD
    .byte 0xAD, 0xAD, 0xAD, 0xAD, 0xAD, 0xAD, 0xAD, 0xAD, 0xAD, 0xAD, 0xAD, 0xAD, 0xAD, 0xAD, 0xAD, 0xAD, 0xAD, 0xAD, 0xAD, 0xAD, 0xAD, 0xAD, 0xAD, 0xAD, 0xAD, 0xAD, 0xAD, 0xAD, 0xAD, 0xAD, 0xAD, 0xAD
    .byte 0xAD, 0xAD, 0xAD, 0xAD, 0xAD, 0xAD, 0xAD, 0xAD, 0xAD, 0xAD, 0xAD, 0xAD, 0xAD, 0xAD, 0xAD, 0xAD, 0xAD, 0xAD, 0xAD, 0xAD, 0xAD, 0xAD, 0xAD, 0xAD, 0xAD, 0xAD, 0xAD, 0xAD, 0xAD, 0xAD, 0xAD, 0xAD
    .byte 0xAD, 0xAD, 0xAD, 0xAD, 0xAD, 0xAD, 0xAD, 0xAD, 0xAD, 0xAD, 0xAD, 0xAD, 0xAD, 0xAD, 0xAD, 0xAD, 0xAD, 0xAD, 0xAD, 0xAD, 0xAD, 0xAD, 0xAD, 0xAD, 0xAD, 0xAD, 0xAD, 0xAD, 0xAD, 0xAD, 0xAD, 0xAD
    .byte 0xAD, 0xAD, 0xAD, 0xAD, 0xAD, 0xAD, 0xAD, 0xAD, 0xAD, 0xAD, 0xAD, 0xAD, 0xAD, 0xAD, 0xAD, 0xAD, 0xAD, 0xAD, 0xAD, 0xAD, 0xAD, 0xAD, 0xAD, 0xAD, 0xAD, 0xAD, 0xAD, 0xAD, 0xAD, 0xAD, 0xAD, 0xAD
    .byte 0xAD, 0xAD, 0xAD, 0xAD, 0xAD, 0xAD, 0xAD, 0xAD, 0xAD, 0xAD, 0xAD, 0xAD, 0xAD, 0xAD, 0xAD, 0xAD, 0xAD, 0xAD, 0xAD, 0xAD, 0xAD, 0xAD, 0xAD, 0xAD, 0xAD, 0xAD, 0xAD, 0xAD, 0xAD, 0xAD, 0xAD, 0xAD
    .byte 0xAD, 0xAD, 0xAD, 0xAD, 0xAD, 0xAD, 0xAD, 0xAD, 0xAD, 0xAD, 0xAD, 0xAD, 0xAD, 0xAD, 0xAD, 0xAD, 0xAD, 0xAD, 0xAD, 0xAD, 0xAD, 0xAD, 0xB6, 0xB6, 0xB6, 0xB6, 0xB6, 0xB6, 0xB6, 0xB6, 0xB6, 0xB6
    .byte 0xB6, 0xB6, 0xB6, 0xB6, 0xB6, 0xB6, 0xB6, 0xB6, 0xB6, 0xB6, 0xFF, 0xAD, 0xFF, 0xAD, 0xFF, 0xAD, 0xFF, 0xAD, 0xFF, 0xAD, 0xFF, 0xAD, 0xFF, 0xAD, 0xFF, 0xAD, 0xFF, 0xAD, 0xFF, 0xAD, 0xFF, 0xAD
    .byte 0xFF, 0xAD, 0xFF, 0xAD, 0xFF, 0xAD, 0xFF, 0xAD, 0xFF, 0xAD, 0xFF, 0xAD, 0xFF, 0xAD, 0xFF, 0xAD, 0xFF, 0xAD, 0xFF, 0xAD, 0xFF, 0xAD, 0xFF, 0xAD, 0xFF, 0xAD, 0xFF, 0xAD, 0xFF, 0xAD, 0xFF, 0xAD
    .byte 0xFF, 0xAD, 0xFF, 0xAD, 0xFF, 0xAD, 0xFF, 0xAD, 0xFF, 0xAD, 0xFF, 0xAD, 0xFF, 0xAD, 0xFF, 0xAD, 0xFF, 0xAD, 0xFF, 0xAD, 0xFF, 0xAD, 0xFF, 0xAD, 0xFF, 0xAD, 0xFF, 0xAD, 0xFF, 0xAD, 0xFF, 0xAD
    .byte 0xFF, 0xAD, 0xFF, 0xAD, 0xFF, 0xAD, 0xFF, 0xAD, 0xFF, 0xAD, 0xFF, 0xAD, 0xFF, 0xAD, 0xFF, 0xAD, 0xFF, 0xAD, 0xFF, 0xAD, 0xFF, 0xAD, 0xFF, 0xAD, 0xFF, 0xAD, 0xFF, 0xAD, 0xFF, 0xAD, 0xFF, 0xAD
    .byte 0xFF, 0xAD, 0xFF, 0xAD, 0xFF, 0xAD, 0xFF, 0xAD, 0xFF, 0xAD, 0xFF, 0xAD, 0xFF, 0xAD, 0xFF, 0xAD, 0xFF, 0xAD, 0xFF, 0xAD, 0xFF, 0xAD, 0xFF, 0xAD, 0xFF, 0xAD, 0xFF, 0xAD, 0xFF, 0xAD, 0xFF, 0xAD
    .byte 0xFF, 0xAD, 0xFF, 0xAD, 0xFF, 0xAD, 0xFF, 0xAD, 0xFF, 0xAD, 0xFF, 0xAD, 0xFF, 0xAD, 0xFF, 0xAD, 0xFF, 0xAD, 0xFF, 0xAD, 0xFF, 0xAD, 0xFF, 0xAD, 0xFF, 0xAD, 0xFF, 0xAD, 0xFF, 0xAD, 0xFF, 0xAD
    .byte 0xFF, 0xAD, 0xFF, 0xAD, 0xFF, 0xAD, 0xFF, 0xAD, 0xFF, 0xAD, 0xFF, 0xAD, 0xFF, 0xAD, 0xFF, 0xAD, 0xFF, 0xAD, 0xFF, 0xAD, 0xFF, 0xAD, 0xFF, 0xAD, 0xFF, 0xAD, 0xFF, 0xAD, 0xFF, 0xAD, 0xFF, 0xAD
    .byte 0xFF, 0xAD, 0xFF, 0xAD, 0xFF, 0xAD, 0xFF, 0xAD, 0xFF, 0xAD, 0xFF, 0xAD, 0xFF, 0xAD, 0xFF, 0xAD, 0xFF, 0xAD, 0xFF, 0xAD, 0xFF, 0xAD, 0xFF, 0xAD, 0xFF, 0xAD, 0xFF, 0xAD, 0xFF, 0xAD, 0xFF, 0xAD
    .byte 0xFF, 0xAD, 0xFF, 0xAD, 0xFF, 0xAD, 0xFF, 0xAD, 0xFF, 0xAD, 0xFF, 0xAD, 0xFF, 0xAD, 0xFF, 0xAD, 0xFF, 0xAD, 0xFF, 0xAD, 0xFF, 0xAD, 0xFF, 0xAD, 0xFF, 0xAD, 0xFF, 0xAD, 0xFF, 0xAD, 0xFF, 0xAD
    .byte 0xFF, 0xAD, 0xFF, 0xAD, 0xFF, 0xAD, 0xFF, 0xAD, 0xFF, 0xAD, 0xFF, 0xAD, 0xFF, 0xAD, 0xFF, 0xAD, 0xFF, 0xAD, 0xFF, 0xAD, 0xFF, 0xAD, 0xB6, 0xB6, 0xB6, 0xB6, 0xB6, 0xB6, 0xB6, 0xB6, 0xB6, 0xB6
    .byte 0xB6, 0xB6, 0xB6, 0xB6, 0xB6, 0xB6, 0xB6, 0xB6, 0xB6, 0xB6, 0xAD, 0xAD, 0xAD, 0xFF, 0xAD, 0xAD, 0xAD, 0xFF, 0xAD, 0xAD, 0xAD, 0xFF, 0xAD, 0xAD, 0xAD, 0xFF, 0xAD, 0xAD, 0xAD, 0xFF, 0xAD, 0xAD
    .byte 0xAD, 0xFF, 0xAD, 0xAD, 0xAD, 0xFF, 0xAD, 0xAD, 0xAD, 0xFF, 0xAD, 0xAD, 0xAD, 0xFF, 0xAD, 0xAD, 0xAD, 0xFF, 0xAD, 0xAD, 0xAD, 0xFF, 0xAD, 0xAD, 0xAD, 0xFF, 0xAD, 0xAD, 0xAD, 0xFF, 0xAD, 0xAD
    .byte 0xAD, 0xFF, 0xAD, 0xAD, 0xAD, 0xFF, 0xAD, 0xAD, 0xAD, 0xFF, 0xAD, 0xAD, 0xAD, 0xFF, 0xAD, 0xAD, 0xAD, 0xFF, 0xAD, 0xAD, 0xAD, 0xFF, 0xAD, 0xAD, 0xAD, 0xFF, 0xAD, 0xAD, 0xAD, 0xFF, 0xAD, 0xAD
    .byte 0xAD, 0xFF, 0xAD, 0xAD, 0xAD, 0xFF, 0xAD, 0xAD, 0xAD, 0xFF, 0xAD, 0xAD, 0xAD, 0xFF, 0xAD, 0xAD, 0xAD, 0xFF, 0xAD, 0xAD, 0xAD, 0xFF, 0xAD, 0xAD, 0xAD, 0xFF, 0xAD, 0xAD, 0xAD, 0xFF, 0xAD, 0xAD
    .byte 0xAD, 0xFF, 0xAD, 0xAD, 0xAD, 0xFF, 0xAD, 0xAD, 0xAD, 0xFF, 0xAD, 0xAD, 0xAD, 0xFF, 0xAD, 0xAD, 0xAD, 0xFF, 0xAD, 0xAD, 0xAD, 0xFF, 0xAD, 0xAD, 0xAD, 0xFF, 0xAD, 0xAD, 0xAD, 0xFF, 0xAD, 0xAD
    .byte 0xAD, 0xFF, 0xAD, 0xAD, 0xAD, 0xFF, 0xAD, 0xAD, 0xAD, 0xFF, 0xAD, 0xAD, 0xAD, 0xFF, 0xAD, 0xAD, 0xAD, 0xFF, 0xAD, 0xAD, 0xAD, 0xFF, 0xAD, 0xAD, 0xAD, 0xFF, 0xAD, 0xAD, 0xAD, 0xFF, 0xAD, 0xAD
    .byte 0xAD, 0xFF, 0xAD, 0xAD, 0xAD, 0xFF, 0xAD, 0xAD, 0xAD, 0xFF, 0xAD, 0xAD, 0xAD, 0xFF, 0xAD, 0xAD, 0xAD, 0xFF, 0xAD, 0xAD, 0xAD, 0xFF, 0xAD, 0xAD, 0xAD, 0xFF, 0xAD, 0xAD, 0xAD, 0xFF, 0xAD, 0xAD
    .byte 0xAD, 0xFF, 0xAD, 0xAD, 0xAD, 0xFF, 0xAD, 0xAD, 0xAD, 0xFF, 0xAD, 0xAD, 0xAD, 0xFF, 0xAD, 0xAD, 0xAD, 0xFF, 0xAD, 0xAD, 0xAD, 0xFF, 0xAD, 0xAD, 0xAD, 0xFF, 0xAD, 0xAD, 0xAD, 0xFF, 0xAD, 0xAD
    .byte 0xAD, 0xFF, 0xAD, 0xAD, 0xAD, 0xFF, 0xAD, 0xAD, 0xAD, 0xFF, 0xAD, 0xAD, 0xAD, 0xFF, 0xAD, 0xAD, 0xAD, 0xFF, 0xAD, 0xAD, 0xAD, 0xFF, 0xAD, 0xAD, 0xAD, 0xFF, 0xAD, 0xAD, 0xAD, 0xFF, 0xAD, 0xAD
    .byte 0xAD, 0xFF, 0xAD, 0xAD, 0xAD, 0xFF, 0xAD, 0xAD, 0xAD, 0xFF, 0xAD, 0xAD, 0xAD, 0xFF, 0xAD, 0xAD, 0xAD, 0xFF, 0xAD, 0xAD, 0xAD, 0xFF, 0xB6, 0xB6, 0xB6, 0xB6, 0xB6, 0xB6, 0xB6, 0xB6, 0xB6, 0xB6
    .byte 0xB6, 0xB6, 0xB6, 0xB6, 0xB6, 0xB6, 0xB6, 0xB6, 0xB6, 0xB6, 0xFF, 0xAD, 0xFF, 0xAD, 0xFF, 0xAD, 0xFF, 0xAD, 0xFF, 0xAD, 0xFF, 0xAD, 0xFF, 0xAD, 0xFF, 0xAD, 0xFF, 0xAD, 0xFF, 0xAD, 0xFF, 0xAD
    .byte 0xFF, 0xAD, 0xFF, 0xAD, 0xFF, 0xAD, 0xFF, 0xAD, 0xFF, 0xAD, 0xFF, 0xAD, 0xFF, 0xAD, 0xFF, 0xAD, 0xFF, 0xAD, 0xFF, 0xAD, 0xFF, 0xAD, 0xFF, 0xAD, 0xFF, 0xAD, 0xFF, 0xAD, 0xFF, 0xAD, 0xFF, 0xAD
    .byte 0xFF, 0xAD, 0xFF, 0xAD, 0xFF, 0xAD, 0xFF, 0xAD, 0xFF, 0xAD, 0xFF, 0xAD, 0xFF, 0xAD, 0xFF, 0xAD, 0xFF, 0xAD, 0xFF, 0xAD, 0xFF, 0xAD, 0xFF, 0xAD, 0xFF, 0xAD, 0xFF, 0xAD, 0xFF, 0xAD, 0xFF, 0xAD
    .byte 0xFF, 0xAD, 0xFF, 0xAD, 0xFF, 0xAD, 0xFF, 0xAD, 0xFF, 0xAD, 0xFF, 0xAD, 0xFF, 0xAD, 0xFF, 0xAD, 0xFF, 0xAD, 0xFF, 0xAD, 0xFF, 0xAD, 0xFF, 0xAD, 0xFF, 0xAD, 0xFF, 0xAD, 0xFF, 0xAD, 0xFF, 0xAD
    .byte 0xFF, 0xAD, 0xFF, 0xAD, 0xFF, 0xAD, 0xFF, 0xAD, 0xFF, 0xAD, 0xFF, 0xAD, 0xFF, 0xAD, 0xFF, 0xAD, 0xFF, 0xAD, 0xFF, 0xAD, 0xFF, 0xAD, 0xFF, 0xAD, 0xFF, 0xAD, 0xFF, 0xAD, 0xFF, 0xAD, 0xFF, 0xAD
    .byte 0xFF, 0xAD, 0xFF, 0xAD, 0xFF, 0xAD, 0xFF, 0xAD, 0xFF, 0xAD, 0xFF, 0xAD, 0xFF, 0xAD, 0xFF, 0xAD, 0xFF, 0xAD, 0xFF, 0xAD, 0xFF, 0xAD, 0xFF, 0xAD, 0xFF, 0xAD, 0xFF, 0xAD, 0xFF, 0xAD, 0xFF, 0xAD
    .byte 0xFF, 0xAD, 0xFF, 0xAD, 0xFF, 0xAD, 0xFF, 0xAD, 0xFF, 0xAD, 0xFF, 0xAD, 0xFF, 0xAD, 0xFF, 0xAD, 0xFF, 0xAD, 0xFF, 0xAD, 0xFF, 0xAD, 0xFF, 0xAD, 0xFF, 0xAD, 0xFF, 0xAD, 0xFF, 0xAD, 0xFF, 0xAD
    .byte 0xFF, 0xAD, 0xFF, 0xAD, 0xFF, 0xAD, 0xFF, 0xAD, 0xFF, 0xAD, 0xFF, 0xAD, 0xFF, 0xAD, 0xFF, 0xAD, 0xFF, 0xAD, 0xFF, 0xAD, 0xFF, 0xAD, 0xFF, 0xAD, 0xFF, 0xAD, 0xFF, 0xAD, 0xFF, 0xAD, 0xFF, 0xAD
    .byte 0xFF, 0xAD, 0xFF, 0xAD, 0xFF, 0xAD, 0xFF, 0xAD, 0xFF, 0xAD, 0xFF, 0xAD, 0xFF, 0xAD, 0xFF, 0xAD, 0xFF, 0xAD, 0xFF, 0xAD, 0xFF, 0xAD, 0xFF, 0xAD, 0xFF, 0xAD, 0xFF, 0xAD, 0xFF, 0xAD, 0xFF, 0xAD
    .byte 0xFF, 0xAD, 0xFF, 0xAD, 0xFF, 0xAD, 0xFF, 0xAD, 0xFF, 0xAD, 0xFF, 0xAD, 0xFF, 0xAD, 0xFF, 0xAD, 0xFF, 0xAD, 0xFF, 0xAD, 0xFF, 0xAD, 0xB6, 0xB6, 0xB6, 0xB6, 0xB6, 0xB6, 0xB6, 0xB6, 0xB6, 0xB6
    .byte 0xB6, 0xB6, 0xB6, 0xB6, 0xB6, 0xB6, 0xB6, 0xB6, 0xB6, 0xB6, 0xAD, 0xAD, 0xAD, 0xAD, 0xAD, 0xAD, 0xAD, 0xAD, 0xAD, 0xAD, 0xAD, 0xAD, 0xAD, 0xAD, 0xAD, 0xAD, 0xAD, 0xAD, 0xAD, 0xAD, 0xAD, 0xAD
    .byte 0xAD, 0xAD, 0xAD, 0xAD, 0xAD, 0xAD, 0xAD, 0xAD, 0xAD, 0xAD, 0xAD, 0xAD, 0xAD, 0xAD, 0xAD, 0xAD, 0xAD, 0xAD, 0xAD, 0xAD, 0xAD, 0xAD, 0xAD, 0xAD, 0xAD, 0xAD, 0xAD, 0xAD, 0xAD, 0xAD, 0xAD, 0xAD
    .byte 0xAD, 0xAD, 0xAD, 0xAD, 0xAD, 0xAD, 0xAD, 0xAD, 0xAD, 0xAD, 0xAD, 0xAD, 0xAD, 0xAD, 0xAD, 0xAD, 0xAD, 0xAD, 0xAD, 0xAD, 0xAD, 0xAD, 0xAD, 0xAD, 0xAD, 0xAD, 0xAD, 0xAD, 0xAD, 0xAD, 0xAD, 0xAD
    .byte 0xAD, 0xAD, 0xAD, 0xAD, 0xAD, 0xAD, 0xAD, 0xAD, 0xAD, 0xAD, 0xAD, 0xAD, 0xAD, 0xAD, 0xAD, 0xAD, 0xAD, 0xAD, 0xAD, 0xAD, 0xAD, 0xAD, 0xAD, 0xAD, 0xAD, 0xAD, 0xAD, 0xAD, 0xAD, 0xAD, 0xAD, 0xAD
    .byte 0xAD, 0xAD, 0xAD, 0xAD, 0xAD, 0xAD, 0xAD, 0xAD, 0xAD, 0xAD, 0xAD, 0xAD, 0xAD, 0xAD, 0xAD, 0xAD, 0xAD, 0xAD, 0xAD, 0xAD, 0xAD, 0xAD, 0xAD, 0xAD, 0xAD, 0xAD, 0xAD, 0xAD, 0xAD, 0xAD, 0xAD, 0xAD
    .byte 0xAD, 0xAD, 0xAD, 0xAD, 0xAD, 0xAD, 0xAD, 0xAD, 0xAD, 0xAD, 0xAD, 0xAD, 0xAD, 0xAD, 0xAD, 0xAD, 0xAD, 0xAD, 0xAD, 0xAD, 0xAD, 0xAD, 0xAD, 0xAD, 0xAD, 0xAD, 0xAD, 0xAD, 0xAD, 0xAD, 0xAD, 0xAD
    .byte 0xAD, 0xAD, 0xAD, 0xAD, 0xAD, 0xAD, 0xAD, 0xAD, 0xAD, 0xAD, 0xAD, 0xAD, 0xAD, 0xAD, 0xAD, 0xAD, 0xAD, 0xAD, 0xAD, 0xAD, 0xAD, 0xAD, 0xAD, 0xAD, 0xAD, 0xAD, 0xAD, 0xAD, 0xAD, 0xAD, 0xAD, 0xAD
    .byte 0xAD, 0xAD, 0xAD, 0xAD, 0xAD, 0xAD, 0xAD, 0xAD, 0xAD, 0xAD, 0xAD, 0xAD, 0xAD, 0xAD, 0xAD, 0xAD, 0xAD, 0xAD, 0xAD, 0xAD, 0xAD, 0xAD, 0xAD, 0xAD, 0xAD, 0xAD, 0xAD, 0xAD, 0xAD, 0xAD, 0xAD, 0xAD
    .byte 0xAD, 0xAD, 0xAD, 0xAD, 0xAD, 0xAD, 0xAD, 0xAD, 0xAD, 0xAD, 0xAD, 0xAD, 0xAD, 0xAD, 0xAD, 0xAD, 0xAD, 0xAD, 0xAD, 0xAD, 0xAD, 0xAD, 0xAD, 0xAD, 0xAD, 0xAD, 0xAD, 0xAD, 0xAD, 0xAD, 0xAD, 0xAD
    .byte 0xAD, 0xAD, 0xAD, 0xAD, 0xAD, 0xAD, 0xAD, 0xAD, 0xAD, 0xAD, 0xAD, 0xAD, 0xAD, 0xAD, 0xAD, 0xAD, 0xAD, 0xAD, 0xAD, 0xAD, 0xAD, 0xAD, 0xB6, 0xB6, 0xB6, 0xB6, 0xB6, 0xB6, 0xB6, 0xB6, 0xB6, 0xB6
    .byte 0xB6, 0xB6, 0xB6, 0xB6, 0xB6, 0xB6, 0xB6, 0xB6, 0xB6, 0xB6, 0xFF, 0xAD, 0xFF, 0xAD, 0xFF, 0xAD, 0xFF, 0xAD, 0xFF, 0xAD, 0xFF, 0xAD, 0xFF, 0xAD, 0xFF, 0xAD, 0xFF, 0xAD, 0xFF, 0xAD, 0xFF, 0xAD
    .byte 0xFF, 0xAD, 0xFF, 0xAD, 0xFF, 0xAD, 0xFF, 0xAD, 0xFF, 0xAD, 0xFF, 0xAD, 0xFF, 0xAD, 0xFF, 0xAD, 0xFF, 0xAD, 0xFF, 0xAD, 0xFF, 0xAD, 0xFF, 0xAD, 0xFF, 0xAD, 0xFF, 0xAD, 0xFF, 0xAD, 0xFF, 0xAD
    .byte 0xFF, 0xAD, 0xFF, 0xAD, 0xFF, 0xAD, 0xFF, 0xAD, 0xFF, 0xAD, 0xFF, 0xAD, 0xFF, 0xAD, 0xFF, 0xAD, 0xFF, 0xAD, 0xFF, 0xAD, 0xFF, 0xAD, 0xFF, 0xAD, 0xFF, 0xAD, 0xFF, 0xAD, 0xFF, 0xAD, 0xFF, 0xAD
    .byte 0xFF, 0xAD, 0xFF, 0xAD, 0xFF, 0xAD, 0xFF, 0xAD, 0xFF, 0xAD, 0xFF, 0xAD, 0xFF, 0xAD, 0xFF, 0xAD, 0xFF, 0xAD, 0xFF, 0xAD, 0xFF, 0xAD, 0xFF, 0xAD, 0xFF, 0xAD, 0xFF, 0xAD, 0xFF, 0xAD, 0xFF, 0xAD
    .byte 0xFF, 0xAD, 0xFF, 0xAD, 0xFF, 0xAD, 0xFF, 0xAD, 0xFF, 0xAD, 0xFF, 0xAD, 0xFF, 0xAD, 0xFF, 0xAD, 0xFF, 0xAD, 0xFF, 0xAD, 0xFF, 0xAD, 0xFF, 0xAD, 0xFF, 0xAD, 0xFF, 0xAD, 0xFF, 0xAD, 0xFF, 0xAD
    .byte 0xFF, 0xAD, 0xFF, 0xAD, 0xFF, 0xAD, 0xFF, 0xAD, 0xFF, 0xAD, 0xFF, 0xAD, 0xFF, 0xAD, 0xFF, 0xAD, 0xFF, 0xAD, 0xFF, 0xAD, 0xFF, 0xAD, 0xFF, 0xAD, 0xFF, 0xAD, 0xFF, 0xAD, 0xFF, 0xAD, 0xFF, 0xAD
    .byte 0xFF, 0xAD, 0xFF, 0xAD, 0xFF, 0xAD, 0xFF, 0xAD, 0xFF, 0xAD, 0xFF, 0xAD, 0xFF, 0xAD, 0xFF, 0xAD, 0xFF, 0xAD, 0xFF, 0xAD, 0xFF, 0xAD, 0xFF, 0xAD, 0xFF, 0xAD, 0xFF, 0xAD, 0xFF, 0xAD, 0xFF, 0xAD
    .byte 0xFF, 0xAD, 0xFF, 0xAD, 0xFF, 0xAD, 0xFF, 0xAD, 0xFF, 0xAD, 0xFF, 0xAD, 0xFF, 0xAD, 0xFF, 0xAD, 0xFF, 0xAD, 0xFF, 0xAD, 0xFF, 0xAD, 0xFF, 0xAD, 0xFF, 0xAD, 0xFF, 0xAD, 0xFF, 0xAD, 0xFF, 0xAD
    .byte 0xFF, 0xAD, 0xFF, 0xAD, 0xFF, 0xAD, 0xFF, 0xAD, 0xFF, 0xAD, 0xFF, 0xAD, 0xFF, 0xAD, 0xFF, 0xAD, 0xFF, 0xAD, 0xFF, 0xAD, 0xFF, 0xAD, 0xFF, 0xAD, 0xFF, 0xAD, 0xFF, 0xAD, 0xFF, 0xAD, 0xFF, 0xAD
    .byte 0xFF, 0xAD, 0xFF, 0xAD, 0xFF, 0xAD, 0xFF, 0xAD, 0xFF, 0xAD, 0xFF, 0xAD, 0xFF, 0xAD, 0xFF, 0xAD, 0xFF, 0xAD, 0xFF, 0xAD, 0xFF, 0xAD, 0xB6, 0xB6, 0xB6, 0xB6, 0xB6, 0xB6, 0xB6, 0xB6, 0xB6, 0xB6
    .byte 0xB6, 0xB6, 0xB6, 0xB6, 0xB6, 0xB6, 0xB6, 0xB6, 0xB6, 0xB6, 0xAD, 0xAD, 0xAD, 0xFF, 0xAD, 0xAD, 0xAD, 0xFF, 0xAD, 0xAD, 0xAD, 0xFF, 0xAD, 0xAD, 0xAD, 0xFF, 0xAD, 0xAD, 0xAD, 0xFF, 0xAD, 0xAD
    .byte 0xAD, 0xFF, 0xAD, 0xAD, 0xAD, 0xFF, 0xAD, 0xAD, 0xAD, 0xFF, 0xAD, 0xAD, 0xAD, 0xFF, 0xAD, 0xAD, 0xAD, 0xFF, 0xAD, 0xAD, 0xAD, 0xFF, 0xAD, 0xAD, 0xAD, 0xFF, 0xAD, 0xAD, 0xAD, 0xFF, 0xAD, 0xAD
    .byte 0xAD, 0xFF, 0xAD, 0xAD, 0xAD, 0xFF, 0xAD, 0xAD, 0xAD, 0xFF, 0xAD, 0xAD, 0xAD, 0xFF, 0xAD, 0xAD, 0xAD, 0xFF, 0xAD, 0xAD, 0xAD, 0xFF, 0xAD, 0xAD, 0xAD, 0xFF, 0xAD, 0xAD, 0xAD, 0xFF, 0xAD, 0xAD
    .byte 0xAD, 0xFF, 0xAD, 0xAD, 0xAD, 0xFF, 0xAD, 0xAD, 0xAD, 0xFF, 0xAD, 0xAD, 0xAD, 0xFF, 0xAD, 0xAD, 0xAD, 0xFF, 0xAD, 0xAD, 0xAD, 0xFF, 0xAD, 0xAD, 0xAD, 0xFF, 0xAD, 0xAD, 0xAD, 0xFF, 0xAD, 0xAD
    .byte 0xAD, 0xFF, 0xAD, 0xAD, 0xAD, 0xFF, 0xAD, 0xAD, 0xAD, 0xFF, 0xAD, 0xAD, 0xAD, 0xFF, 0xAD, 0xAD, 0xAD, 0xFF, 0xAD, 0xAD, 0xAD, 0xFF, 0xAD, 0xAD, 0xAD, 0xFF, 0xAD, 0xAD, 0xAD, 0xFF, 0xAD, 0xAD
    .byte 0xAD, 0xFF, 0xAD, 0xAD, 0xAD, 0xFF, 0xAD, 0xAD, 0xAD, 0xFF, 0xAD, 0xAD, 0xAD, 0xFF, 0xAD, 0xAD, 0xAD, 0xFF, 0xAD, 0xAD, 0xAD, 0xFF, 0xAD, 0xAD, 0xAD, 0xFF, 0xAD, 0xAD, 0xAD, 0xFF, 0xAD, 0xAD
    .byte 0xAD, 0xFF, 0xAD, 0xAD, 0xAD, 0xFF, 0xAD, 0xAD, 0xAD, 0xFF, 0xAD, 0xAD, 0xAD, 0xFF, 0xAD, 0xAD, 0xAD, 0xFF, 0xAD, 0xAD, 0xAD, 0xFF, 0xAD, 0xAD, 0xAD, 0xFF, 0xAD, 0xAD, 0xAD, 0xFF, 0xAD, 0xAD
    .byte 0xAD, 0xFF, 0xAD, 0xAD, 0xAD, 0xFF, 0xAD, 0xAD, 0xAD, 0xFF, 0xAD, 0xAD, 0xAD, 0xFF, 0xAD, 0xAD, 0xAD, 0xFF, 0xAD, 0xAD, 0xAD, 0xFF, 0xAD, 0xAD, 0xAD, 0xFF, 0xAD, 0xAD, 0xAD, 0xFF, 0xAD, 0xAD
    .byte 0xAD, 0xFF, 0xAD, 0xAD, 0xAD, 0xFF, 0xAD, 0xAD, 0xAD, 0xFF, 0xAD, 0xAD, 0xAD, 0xFF, 0xAD, 0xAD, 0xAD, 0xFF, 0xAD, 0xAD, 0xAD, 0xFF, 0xAD, 0xAD, 0xAD, 0xFF, 0xAD, 0xAD, 0xAD, 0xFF, 0xAD, 0xAD
    .byte 0xAD, 0xFF, 0xAD, 0xAD, 0xAD, 0xFF, 0xAD, 0xAD, 0xAD, 0xFF, 0xAD, 0xAD, 0xAD, 0xFF, 0xAD, 0xAD, 0xAD, 0xFF, 0xAD, 0xAD, 0xAD, 0xFF, 0xB6, 0xB6, 0xB6, 0xB6, 0xB6, 0xB6, 0xB6, 0xB6, 0xB6, 0xB6
    .byte 0xB6, 0xB6, 0xB6, 0xB6, 0xB6, 0xB6, 0xB6, 0xB6, 0xB6, 0xB6, 0xFF, 0xAD, 0xFF, 0xAD, 0xFF, 0xAD, 0xFF, 0xAD, 0xFF, 0xAD, 0xFF, 0xAD, 0xFF, 0xAD, 0xFF, 0xAD, 0xFF, 0xAD, 0xFF, 0xAD, 0xFF, 0xAD
    .byte 0xFF, 0xAD, 0xFF, 0xAD, 0xFF, 0xAD, 0xFF, 0xAD, 0xFF, 0xAD, 0xFF, 0xAD, 0xFF, 0xAD, 0xFF, 0xAD, 0xFF, 0xAD, 0xFF, 0xAD, 0xFF, 0xAD, 0xFF, 0xAD, 0xFF, 0xAD, 0xFF, 0xAD, 0xFF, 0xAD, 0xFF, 0xAD
    .byte 0xFF, 0xAD, 0xFF, 0xAD, 0xFF, 0xAD, 0xFF, 0xAD, 0xFF, 0xAD, 0xFF, 0xAD, 0xFF, 0xAD, 0xFF, 0xAD, 0xFF, 0xAD, 0xFF, 0xAD, 0xFF, 0xAD, 0xFF, 0xAD, 0xFF, 0xAD, 0xFF, 0xAD, 0xFF, 0xAD, 0xFF, 0xAD
    .byte 0xFF, 0xAD, 0xFF, 0xAD, 0xFF, 0xAD, 0xFF, 0xAD, 0xFF, 0xAD, 0xFF, 0xAD, 0xFF, 0xAD, 0xFF, 0xAD, 0xFF, 0xAD, 0xFF, 0xAD, 0xFF, 0xAD, 0xFF, 0xAD, 0xFF, 0xAD, 0xFF, 0xAD, 0xFF, 0xAD, 0xFF, 0xAD
    .byte 0xFF, 0xAD, 0xFF, 0xAD, 0xFF, 0xAD, 0xFF, 0xAD, 0xFF, 0xAD, 0xFF, 0xAD, 0xFF, 0xAD, 0xFF, 0xAD, 0xFF, 0xAD, 0xFF, 0xAD, 0xFF, 0xAD, 0xFF, 0xAD, 0xFF, 0xAD, 0xFF, 0xAD, 0xFF, 0xAD, 0xFF, 0xAD
    .byte 0xFF, 0xAD, 0xFF, 0xAD, 0xFF, 0xAD, 0xFF, 0xAD, 0xFF, 0xAD, 0xFF, 0xAD, 0xFF, 0xAD, 0xFF, 0xAD, 0xFF, 0xAD, 0xFF, 0xAD, 0xFF, 0xAD, 0xFF, 0xAD, 0xFF, 0xAD, 0xFF, 0xAD, 0xFF, 0xAD, 0xFF, 0xAD
    .byte 0xFF, 0xAD, 0xFF, 0xAD, 0xFF, 0xAD, 0xFF, 0xAD, 0xFF, 0xAD, 0xFF, 0xAD, 0xFF, 0xAD, 0xFF, 0xAD, 0xFF, 0xAD, 0xFF, 0xAD, 0xFF, 0xAD, 0xFF, 0xAD, 0xFF, 0xAD, 0xFF, 0xAD, 0xFF, 0xAD, 0xFF, 0xAD
    .byte 0xFF, 0xAD, 0xFF, 0xAD, 0xFF, 0xAD, 0xFF, 0xAD, 0xFF, 0xAD, 0xFF, 0xAD, 0xFF, 0xAD, 0xFF, 0xAD, 0xFF, 0xAD, 0xFF, 0xAD, 0xFF, 0xAD, 0xFF, 0xAD, 0xFF, 0xAD, 0xFF, 0xAD, 0xFF, 0xAD, 0xFF, 0xAD
    .byte 0xFF, 0xAD, 0xFF, 0xAD, 0xFF, 0xAD, 0xFF, 0xAD, 0xFF, 0xAD, 0xFF, 0xAD, 0xFF, 0xAD, 0xFF, 0xAD, 0xFF, 0xAD, 0xFF, 0xAD, 0xFF, 0xAD, 0xFF, 0xAD, 0xFF, 0xAD, 0xFF, 0xAD, 0xFF, 0xAD, 0xFF, 0xAD
    .byte 0xFF, 0xAD, 0xFF, 0xAD, 0xFF, 0xAD, 0xFF, 0xAD, 0xFF, 0xAD, 0xFF, 0xAD, 0xFF, 0xAD, 0xFF, 0xAD, 0xFF, 0xAD, 0xFF, 0xAD, 0xFF, 0xAD, 0xB6, 0xB6, 0xB6, 0xB6, 0xB6, 0xB6, 0xB6, 0xB6, 0xB6, 0xB6
    .byte 0xB6, 0xB6, 0xB6, 0xB6, 0xB6, 0xB6, 0xB6, 0xB6, 0xB6, 0xB6, 0xAD, 0xAD, 0xAD, 0xAD, 0xAD, 0xAD, 0xAD, 0xAD, 0xAD, 0xAD, 0xAD, 0xAD, 0xAD, 0xAD, 0xAD, 0xAD, 0xAD, 0xAD, 0xAD, 0xAD, 0xAD, 0xAD
    .byte 0xAD, 0xAD, 0xAD, 0xAD, 0xAD, 0xAD, 0xAD, 0xAD, 0xAD, 0xAD, 0xAD, 0xAD, 0xAD, 0xAD, 0xAD, 0xAD, 0xAD, 0xAD, 0xAD, 0xAD, 0xAD, 0xAD, 0xAD, 0xAD, 0xAD, 0xAD, 0xAD, 0xAD, 0xAD, 0xAD, 0xAD, 0xAD
    .byte 0xAD, 0xAD, 0xAD, 0xAD, 0xAD, 0xAD, 0xAD, 0xAD, 0xAD, 0xAD, 0xAD, 0xAD, 0xAD, 0xAD, 0xAD, 0xAD, 0xAD, 0xAD, 0xAD, 0xAD, 0xAD, 0xAD, 0xAD, 0xAD, 0xAD, 0xAD, 0xAD, 0xAD, 0xAD, 0xAD, 0xAD, 0xAD
    .byte 0xAD, 0xAD, 0xAD, 0xAD, 0xAD, 0xAD, 0xAD, 0xAD, 0xAD, 0xAD, 0xAD, 0xAD, 0xAD, 0xAD, 0xAD, 0xAD, 0xAD, 0xAD, 0xAD, 0xAD, 0xAD, 0xAD, 0xAD, 0xAD, 0xAD, 0xAD, 0xAD, 0xAD, 0xAD, 0xAD, 0xAD, 0xAD
    .byte 0xAD, 0xAD, 0xAD, 0xAD, 0xAD, 0xAD, 0xAD, 0xAD, 0xAD, 0xAD, 0xAD, 0xAD, 0xAD, 0xAD, 0xAD, 0xAD, 0xAD, 0xAD, 0xAD, 0xAD, 0xAD, 0xAD, 0xAD, 0xAD, 0xAD, 0xAD, 0xAD, 0xAD, 0xAD, 0xAD, 0xAD, 0xAD
    .byte 0xAD, 0xAD, 0xAD, 0xAD, 0xAD, 0xAD, 0xAD, 0xAD, 0xAD, 0xAD, 0xAD, 0xAD, 0xAD, 0xAD, 0xAD, 0xAD, 0xAD, 0xAD, 0xAD, 0xAD, 0xAD, 0xAD, 0xAD, 0xAD, 0xAD, 0xAD, 0xAD, 0xAD, 0xAD, 0xAD, 0xAD, 0xAD
    .byte 0xAD, 0xAD, 0xAD, 0xAD, 0xAD, 0xAD, 0xAD, 0xAD, 0xAD, 0xAD, 0xAD, 0xAD, 0xAD, 0xAD, 0xAD, 0xAD, 0xAD, 0xAD, 0xAD, 0xAD, 0xAD, 0xAD, 0xAD, 0xAD, 0xAD, 0xAD, 0xAD, 0xAD, 0xAD, 0xAD, 0xAD, 0xAD
    .byte 0xAD, 0xAD, 0xAD, 0xAD, 0xAD, 0xAD, 0xAD, 0xAD, 0xAD, 0xAD, 0xAD, 0xAD, 0xAD, 0xAD, 0xAD, 0xAD, 0xAD, 0xAD, 0xAD, 0xAD, 0xAD, 0xAD, 0xAD, 0xAD, 0xAD, 0xAD, 0xAD, 0xAD, 0xAD, 0xAD, 0xAD, 0xAD
    .byte 0xAD, 0xAD, 0xAD, 0xAD, 0xAD, 0xAD, 0xAD, 0xAD, 0xAD, 0xAD, 0xAD, 0xAD, 0xAD, 0xAD, 0xAD, 0xAD, 0xAD, 0xAD, 0xAD, 0xAD, 0xAD, 0xAD, 0xAD, 0xAD, 0xAD, 0xAD, 0xAD, 0xAD, 0xAD, 0xAD, 0xAD, 0xAD
    .byte 0xAD, 0xAD, 0xAD, 0xAD, 0xAD, 0xAD, 0xAD, 0xAD, 0xAD, 0xAD, 0xAD, 0xAD, 0xAD, 0xAD, 0xAD, 0xAD, 0xAD, 0xAD, 0xAD, 0xAD, 0xAD, 0xAD, 0xB6, 0xB6, 0xB6, 0xB6, 0xB6, 0xB6, 0xB6, 0xB6, 0xB6, 0xB6
    .byte 0xB6, 0xB6, 0xB6, 0xB6, 0xB6, 0xB6, 0xB6, 0xB6, 0xB6, 0xB6, 0xFF, 0xAD, 0xFF, 0xAD, 0xFF, 0xAD, 0xFF, 0xAD, 0xFF, 0xAD, 0xFF, 0xAD, 0xFF, 0xAD, 0xFF, 0xAD, 0xFF, 0xAD, 0xFF, 0xAD, 0xFF, 0xAD
    .byte 0xFF, 0xAD, 0xFF, 0xAD, 0xFF, 0xAD, 0xFF, 0xAD, 0xFF, 0xAD, 0xFF, 0xAD, 0xFF, 0xAD, 0xFF, 0xAD, 0xFF, 0xAD, 0xFF, 0xAD, 0xFF, 0xAD, 0xFF, 0xAD, 0xFF, 0xAD, 0xFF, 0xAD, 0xFF, 0xAD, 0xFF, 0xAD
    .byte 0xFF, 0xAD, 0xFF, 0xAD, 0xFF, 0xAD, 0xFF, 0xAD, 0xFF, 0xAD, 0xFF, 0xAD, 0xFF, 0xAD, 0xFF, 0xAD, 0xFF, 0xAD, 0xFF, 0xAD, 0xFF, 0xAD, 0xFF, 0xAD, 0xFF, 0xAD, 0xFF, 0xAD, 0xFF, 0xAD, 0xFF, 0xAD
    .byte 0xFF, 0xAD, 0xFF, 0xAD, 0xFF, 0xAD, 0xFF, 0xAD, 0xFF, 0xAD, 0xFF, 0xAD, 0xFF, 0xAD, 0xFF, 0xAD, 0xFF, 0xAD, 0xFF, 0xAD, 0xFF, 0xAD, 0xFF, 0xAD, 0xFF, 0xAD, 0xFF, 0xAD, 0xFF, 0xAD, 0xFF, 0xAD
    .byte 0xFF, 0xAD, 0xFF, 0xAD, 0xFF, 0xAD, 0xFF, 0xAD, 0xFF, 0xAD, 0xFF, 0xAD, 0xFF, 0xAD, 0xFF, 0xAD, 0xFF, 0xAD, 0xFF, 0xAD, 0xFF, 0xAD, 0xFF, 0xAD, 0xFF, 0xAD, 0xFF, 0xAD, 0xFF, 0xAD, 0xFF, 0xAD
    .byte 0xFF, 0xAD, 0xFF, 0xAD, 0xFF, 0xAD, 0xFF, 0xAD, 0xFF, 0xAD, 0xFF, 0xAD, 0xFF, 0xAD, 0xFF, 0xAD, 0xFF, 0xAD, 0xFF, 0xAD, 0xFF, 0xAD, 0xFF, 0xAD, 0xFF, 0xAD, 0xFF, 0xAD, 0xFF, 0xAD, 0xFF, 0xAD
    .byte 0xFF, 0xAD, 0xFF, 0xAD, 0xFF, 0xAD, 0xFF, 0xAD, 0xFF, 0xAD, 0xFF, 0xAD, 0xFF, 0xAD, 0xFF, 0xAD, 0xFF, 0xAD, 0xFF, 0xAD, 0xFF, 0xAD, 0xFF, 0xAD, 0xFF, 0xAD, 0xFF, 0xAD, 0xFF, 0xAD, 0xFF, 0xAD
    .byte 0xFF, 0xAD, 0xFF, 0xAD, 0xFF, 0xAD, 0xFF, 0xAD, 0xFF, 0xAD, 0xFF, 0xAD, 0xFF, 0xAD, 0xFF, 0xAD, 0xFF, 0xAD, 0xFF, 0xAD, 0xFF, 0xAD, 0xFF, 0xAD, 0xFF, 0xAD, 0xFF, 0xAD, 0xFF, 0xAD, 0xFF, 0xAD
    .byte 0xFF, 0xAD, 0xFF, 0xAD, 0xFF, 0xAD, 0xFF, 0xAD, 0xFF, 0xAD, 0xFF, 0xAD, 0xFF, 0xAD, 0xFF, 0xAD, 0xFF, 0xAD, 0xFF, 0xAD, 0xFF, 0xAD, 0xFF, 0xAD, 0xFF, 0xAD, 0xFF, 0xAD, 0xFF, 0xAD, 0xFF, 0xAD
    .byte 0xFF, 0xAD, 0xFF, 0xAD, 0xFF, 0xAD, 0xFF, 0xAD, 0xFF, 0xAD, 0xFF, 0xAD, 0xFF, 0xAD, 0xFF, 0xAD, 0xFF, 0xAD, 0xFF, 0xAD, 0xFF, 0xAD, 0xB6, 0xB6, 0xB6, 0xB6, 0xB6, 0xB6, 0xB6, 0xB6, 0xB6, 0xB6
    .byte 0xB6, 0xB6, 0xB6, 0xB6, 0xB6, 0xB6, 0xB6, 0xB6, 0xB6, 0xB6, 0xAD, 0xAD, 0xAD, 0xFF, 0xAD, 0xAD, 0xAD, 0xFF, 0xAD, 0xAD, 0xAD, 0xFF, 0xAD, 0xAD, 0xAD, 0xFF, 0xAD, 0xAD, 0xAD, 0xFF, 0xAD, 0xAD
    .byte 0xAD, 0xFF, 0xAD, 0xAD, 0xAD, 0xFF, 0xAD, 0xAD, 0xAD, 0xFF, 0xAD, 0xAD, 0xAD, 0xFF, 0xAD, 0xAD, 0xAD, 0xFF, 0xAD, 0xAD, 0xAD, 0xFF, 0xAD, 0xAD, 0xAD, 0xFF, 0xAD, 0xAD, 0xAD, 0xFF, 0xAD, 0xAD
    .byte 0xAD, 0xFF, 0xAD, 0xAD, 0xAD, 0xFF, 0xAD, 0xAD, 0xAD, 0xFF, 0xAD, 0xAD, 0xAD, 0xFF, 0xAD, 0xAD, 0xAD, 0xFF, 0xAD, 0xAD, 0xAD, 0xFF, 0xAD, 0xAD, 0xAD, 0xFF, 0xAD, 0xAD, 0xAD, 0xFF, 0xAD, 0xAD
    .byte 0xAD, 0xFF, 0xAD, 0xAD, 0xAD, 0xFF, 0xAD, 0xAD, 0xAD, 0xFF, 0xAD, 0xAD, 0xAD, 0xFF, 0xAD, 0xAD, 0xAD, 0xFF, 0xAD, 0xAD, 0xAD, 0xFF, 0xAD, 0xAD, 0xAD, 0xFF, 0xAD, 0xAD, 0xAD, 0xFF, 0xAD, 0xAD
    .byte 0xAD, 0xFF, 0xAD, 0xAD, 0xAD, 0xFF, 0xAD, 0xAD, 0xAD, 0xFF, 0xAD, 0xAD, 0xAD, 0xFF, 0xAD, 0xAD, 0xAD, 0xFF, 0xAD, 0xAD, 0xAD, 0xFF, 0xAD, 0xAD, 0xAD, 0xFF, 0xAD, 0xAD, 0xAD, 0xFF, 0xAD, 0xAD
    .byte 0xAD, 0xFF, 0xAD, 0xAD, 0xAD, 0xFF, 0xAD, 0xAD, 0xAD, 0xFF, 0xAD, 0xAD, 0xAD, 0xFF, 0xAD, 0xAD, 0xAD, 0xFF, 0xAD, 0xAD, 0xAD, 0xFF, 0xAD, 0xAD, 0xAD, 0xFF, 0xAD, 0xAD, 0xAD, 0xFF, 0xAD, 0xAD
    .byte 0xAD, 0xFF, 0xAD, 0xAD, 0xAD, 0xFF, 0xAD, 0xAD, 0xAD, 0xFF, 0xAD, 0xAD, 0xAD, 0xFF, 0xAD, 0xAD, 0xAD, 0xFF, 0xAD, 0xAD, 0xAD, 0xFF, 0xAD, 0xAD, 0xAD, 0xFF, 0xAD, 0xAD, 0xAD, 0xFF, 0xAD, 0xAD
    .byte 0xAD, 0xFF, 0xAD, 0xAD, 0xAD, 0xFF, 0xAD, 0xAD, 0xAD, 0xFF, 0xAD, 0xAD, 0xAD, 0xFF, 0xAD, 0xAD, 0xAD, 0xFF, 0xAD, 0xAD, 0xAD, 0xFF, 0xAD, 0xAD, 0xAD, 0xFF, 0xAD, 0xAD, 0xAD, 0xFF, 0xAD, 0xAD
    .byte 0xAD, 0xFF, 0xAD, 0xAD, 0xAD, 0xFF, 0xAD, 0xAD, 0xAD, 0xFF, 0xAD, 0xAD, 0xAD, 0xFF, 0xAD, 0xAD, 0xAD, 0xFF, 0xAD, 0xAD, 0xAD, 0xFF, 0xAD, 0xAD, 0xAD, 0xFF, 0xAD, 0xAD, 0xAD, 0xFF, 0xAD, 0xAD
    .byte 0xAD, 0xFF, 0xAD, 0xAD, 0xAD, 0xFF, 0xAD, 0xAD, 0xAD, 0xFF, 0xAD, 0xAD, 0xAD, 0xFF, 0xAD, 0xAD, 0xAD, 0xFF, 0xAD, 0xAD, 0xAD, 0xFF, 0xB6, 0xB6, 0xB6, 0xB6, 0xB6, 0xB6, 0xB6, 0xB6, 0xB6, 0xB6
    .byte 0xB6, 0xB6, 0xB6, 0xB6, 0xB6, 0xB6, 0xB6, 0xB6, 0xB6, 0xB6, 0xFF, 0xAD, 0xFF, 0xAD, 0xFF, 0xAD, 0xFF, 0xAD, 0xFF, 0xAD, 0xFF, 0xAD, 0xFF, 0xAD, 0xFF, 0xAD, 0xFF, 0xAD, 0xFF, 0xAD, 0xFF, 0xAD
    .byte 0xFF, 0xAD, 0xFF, 0xAD, 0xFF, 0xAD, 0xFF, 0xAD, 0xFF, 0xAD, 0xFF, 0xAD, 0xFF, 0xAD, 0xFF, 0xAD, 0xFF, 0xAD, 0xFF, 0xAD, 0xFF, 0xAD, 0xFF, 0xAD, 0xFF, 0xAD, 0xFF, 0xAD, 0xFF, 0xAD, 0xFF, 0xAD
    .byte 0xFF, 0xAD, 0xFF, 0xAD, 0xFF, 0xAD, 0xFF, 0xAD, 0xFF, 0xAD, 0xFF, 0xAD, 0xFF, 0xAD, 0xFF, 0xAD, 0xFF, 0xAD, 0xFF, 0xAD, 0xFF, 0xAD, 0xFF, 0xAD, 0xFF, 0xAD, 0xFF, 0xAD, 0xFF, 0xAD, 0xFF, 0xAD
    .byte 0xFF, 0xAD, 0xFF, 0xAD, 0xFF, 0xAD, 0xFF, 0xAD, 0xFF, 0xAD, 0xFF, 0xAD, 0xFF, 0xAD, 0xFF, 0xAD, 0xFF, 0xAD, 0xFF, 0xAD, 0xFF, 0xAD, 0xFF, 0xAD, 0xFF, 0xAD, 0xFF, 0xAD, 0xFF, 0xAD, 0xFF, 0xAD
    .byte 0xFF, 0xAD, 0xFF, 0xAD, 0xFF, 0xAD, 0xFF, 0xAD, 0xFF, 0xAD, 0xFF, 0xAD, 0xFF, 0xAD, 0xFF, 0xAD, 0xFF, 0xAD, 0xFF, 0xAD, 0xFF, 0xAD, 0xFF, 0xAD, 0xFF, 0xAD, 0xFF, 0xAD, 0xFF, 0xAD, 0xFF, 0xAD
    .byte 0xFF, 0xAD, 0xFF, 0xAD, 0xFF, 0xAD, 0xFF, 0xAD, 0xFF, 0xAD, 0xFF, 0xAD, 0xFF, 0xAD, 0xFF, 0xAD, 0xFF, 0xAD, 0xFF, 0xAD, 0xFF, 0xAD, 0xFF, 0xAD, 0xFF, 0xAD, 0xFF, 0xAD, 0xFF, 0xAD, 0xFF, 0xAD
    .byte 0xFF, 0xAD, 0xFF, 0xAD, 0xFF, 0xAD, 0xFF, 0xAD, 0xFF, 0xAD, 0xFF, 0xAD, 0xFF, 0xAD, 0xFF, 0xAD, 0xFF, 0xAD, 0xFF, 0xAD, 0xFF, 0xAD, 0xFF, 0xAD, 0xFF, 0xAD, 0xFF, 0xAD, 0xFF, 0xAD, 0xFF, 0xAD
    .byte 0xFF, 0xAD, 0xFF, 0xAD, 0xFF, 0xAD, 0xFF, 0xAD, 0xFF, 0xAD, 0xFF, 0xAD, 0xFF, 0xAD, 0xFF, 0xAD, 0xFF, 0xAD, 0xFF, 0xAD, 0xFF, 0xAD, 0xFF, 0xAD, 0xFF, 0xAD, 0xFF, 0xAD, 0xFF, 0xAD, 0xFF, 0xAD
    .byte 0xFF, 0xAD, 0xFF, 0xAD, 0xFF, 0xAD, 0xFF, 0xAD, 0xFF, 0xAD, 0xFF, 0xAD, 0xFF, 0xAD, 0xFF, 0xAD, 0xFF, 0xAD, 0xFF, 0xAD, 0xFF, 0xAD, 0xFF, 0xAD, 0xFF, 0xAD, 0xFF, 0xAD, 0xFF, 0xAD, 0xFF, 0xAD
    .byte 0xFF, 0xAD, 0xFF, 0xAD, 0xFF, 0xAD, 0xFF, 0xAD, 0xFF, 0xAD, 0xFF, 0xAD, 0xFF, 0xAD, 0xFF, 0xAD, 0xFF, 0xAD, 0xFF, 0xAD, 0xFF, 0xAD, 0xB6, 0xB6, 0xB6, 0xB6, 0xB6, 0xB6, 0xB6, 0xB6, 0xB6, 0xB6
    .byte 0xB6, 0xB6, 0xB6, 0xB6, 0xB6, 0xB6, 0xB6, 0xB6, 0xB6, 0xB6, 0xAD, 0xAD, 0xAD, 0xAD, 0xAD, 0xAD, 0xAD, 0xAD, 0xAD, 0xAD, 0xAD, 0xAD, 0xAD, 0xAD, 0xAD, 0xAD, 0xAD, 0xAD, 0xAD, 0xAD, 0xAD, 0xAD
    .byte 0xAD, 0xAD, 0xAD, 0xAD, 0xAD, 0xAD, 0xAD, 0xAD, 0xAD, 0xAD, 0xAD, 0x49, 0x49, 0x49, 0x49, 0x49, 0x49, 0x49, 0x49, 0x49, 0x49, 0x49, 0x49, 0x49, 0x49, 0x49, 0x49, 0x49, 0x49, 0x49, 0x49, 0x49
    .byte 0x49, 0x49, 0x49, 0x49, 0x49, 0x49, 0x49, 0x49, 0x49, 0x49, 0x49, 0x49, 0x49, 0x49, 0x49, 0x49, 0x49, 0x49, 0x49, 0x49, 0x49, 0x49, 0x49, 0x49, 0x49, 0x49, 0x49, 0x49, 0x49, 0x49, 0x49, 0x49
    .byte 0x49, 0x49, 0x49, 0x49, 0x49, 0x49, 0x49, 0x49, 0x49, 0x49, 0x49, 0x49, 0x49, 0x49, 0x49, 0x49, 0x49, 0x49, 0x49, 0x49, 0x49, 0x49, 0x49, 0x49, 0x49, 0x49, 0x49, 0x49, 0x49, 0x49, 0x49, 0x49
    .byte 0x49, 0x49, 0x49, 0x49, 0x49, 0x49, 0x49, 0x49, 0x49, 0x49, 0x49, 0x49, 0x49, 0x49, 0x49, 0x49, 0x49, 0x49, 0x49, 0x49, 0x49, 0x49, 0x49, 0x49, 0x49, 0x49, 0x49, 0x49, 0x49, 0x49, 0x49, 0x49
    .byte 0x49, 0x49, 0x49, 0x49, 0x49, 0x49, 0x49, 0x49, 0x49, 0x49, 0x49, 0x49, 0x49, 0x49, 0x49, 0x49, 0x49, 0x49, 0x49, 0x49, 0x49, 0xAD, 0xAD, 0xAD, 0xAD, 0xAD, 0xAD, 0xAD, 0xAD, 0xAD, 0xAD, 0xAD
    .byte 0xAD, 0xAD, 0xAD, 0xAD, 0xAD, 0xAD, 0xAD, 0xAD, 0xAD, 0xAD, 0xAD, 0xAD, 0xAD, 0xAD, 0xAD, 0xAD, 0xAD, 0xAD, 0xAD, 0xAD, 0xAD, 0xAD, 0xAD, 0xAD, 0xAD, 0xAD, 0xAD, 0xAD, 0xAD, 0xAD, 0xAD, 0xAD
    .byte 0xAD, 0xAD, 0xAD, 0xAD, 0xAD, 0xAD, 0xAD, 0xAD, 0xAD, 0xAD, 0xAD, 0xAD, 0xAD, 0xAD, 0xAD, 0xAD, 0xAD, 0xAD, 0xAD, 0xAD, 0xAD, 0xAD, 0xAD, 0xAD, 0xAD, 0xAD, 0xAD, 0xAD, 0xAD, 0xAD, 0xAD, 0xAD
    .byte 0xAD, 0xAD, 0xAD, 0xAD, 0xAD, 0xAD, 0xAD, 0xAD, 0xAD, 0xAD, 0xAD, 0xAD, 0xAD, 0xAD, 0xAD, 0xAD, 0xAD, 0xAD, 0xAD, 0xAD, 0xAD, 0xAD, 0xAD, 0xAD, 0xAD, 0xAD, 0xAD, 0xAD, 0xAD, 0xAD, 0xAD, 0xAD
    .byte 0xAD, 0xAD, 0xAD, 0xAD, 0xAD, 0xAD, 0xAD, 0xAD, 0xAD, 0xAD, 0xAD, 0xAD, 0xAD, 0xAD, 0xAD, 0xAD, 0xAD, 0xAD, 0xAD, 0xAD, 0xAD, 0xAD, 0xB6, 0xB6, 0xB6, 0xB6, 0xB6, 0xB6, 0xB6, 0xB6, 0xB6, 0xB6
    .byte 0xB6, 0xB6, 0xB6, 0xB6, 0xB6, 0xB6, 0xB6, 0xB6, 0xB6, 0xB6, 0xFF, 0xAD, 0xFF, 0xAD, 0xFF, 0xAD, 0xFF, 0xAD, 0xFF, 0xAD, 0xFF, 0xAD, 0xFF, 0xAD, 0xFF, 0xAD, 0xFF, 0xAD, 0xFF, 0xAD, 0xFF, 0xAD
    .byte 0xFF, 0xAD, 0xFF, 0xAD, 0xFF, 0xAD, 0xFF, 0xAD, 0xFF, 0xAD, 0xFF, 0x49, 0x49, 0x49, 0x49, 0x49, 0x49, 0x49, 0x49, 0x49, 0x49, 0x49, 0x49, 0x49, 0x49, 0x49, 0x49, 0x49, 0x49, 0x49, 0x49, 0x49
    .byte 0x49, 0x49, 0x49, 0x49, 0x49, 0x49, 0x49, 0x49, 0x49, 0x49, 0x49, 0x49, 0x49, 0x49, 0x49, 0x49, 0x49, 0x49, 0x49, 0x49, 0x49, 0x49, 0x49, 0x49, 0x49, 0x49, 0x49, 0x49, 0x49, 0x49, 0x49, 0x49
    .byte 0x49, 0x49, 0x49, 0x49, 0x49, 0x49, 0x49, 0x49, 0x49, 0x49, 0x49, 0x49, 0x49, 0x49, 0x49, 0x49, 0x49, 0x49, 0x49, 0x49, 0x49, 0x49, 0x49, 0x49, 0x49, 0x49, 0x49, 0x49, 0x49, 0x49, 0x49, 0x49
    .byte 0x49, 0x49, 0x49, 0x49, 0x49, 0x49, 0x49, 0x49, 0x49, 0x49, 0x49, 0x49, 0x49, 0x49, 0x49, 0x49, 0x49, 0x49, 0x49, 0x49, 0x49, 0x49, 0x49, 0x49, 0x49, 0x49, 0x49, 0x49, 0x49, 0x49, 0x49, 0x49
    .byte 0x49, 0x49, 0x49, 0x49, 0x49, 0x49, 0x49, 0x49, 0x49, 0x49, 0x49, 0x49, 0x49, 0x49, 0x49, 0x49, 0x49, 0x49, 0x49, 0x49, 0x49, 0xAD, 0xFF, 0xAD, 0xFF, 0xAD, 0xFF, 0xAD, 0xFF, 0xAD, 0xFF, 0xAD
    .byte 0xFF, 0xAD, 0xFF, 0xAD, 0xFF, 0xAD, 0xFF, 0xAD, 0xFF, 0xAD, 0xFF, 0xAD, 0xFF, 0xAD, 0xFF, 0xAD, 0xFF, 0xAD, 0xFF, 0xAD, 0xFF, 0xAD, 0xFF, 0xAD, 0xFF, 0xAD, 0xFF, 0xAD, 0xFF, 0xAD, 0xFF, 0xAD
    .byte 0xFF, 0xAD, 0xFF, 0xAD, 0xFF, 0xAD, 0xFF, 0xAD, 0xFF, 0xAD, 0xFF, 0xAD, 0xFF, 0xAD, 0xFF, 0xAD, 0xFF, 0xAD, 0xFF, 0xAD, 0xFF, 0xAD, 0xFF, 0xAD, 0xFF, 0xAD, 0xFF, 0xAD, 0xFF, 0xAD, 0xFF, 0xAD
    .byte 0xFF, 0xAD, 0xFF, 0xAD, 0xFF, 0xAD, 0xFF, 0xAD, 0xFF, 0xAD, 0xFF, 0xAD, 0xFF, 0xAD, 0xFF, 0xAD, 0xFF, 0xAD, 0xFF, 0xAD, 0xFF, 0xAD, 0xFF, 0xAD, 0xFF, 0xAD, 0xFF, 0xAD, 0xFF, 0xAD, 0xFF, 0xAD
    .byte 0xFF, 0xAD, 0xFF, 0xAD, 0xFF, 0xAD, 0xFF, 0xAD, 0xFF, 0xAD, 0xFF, 0xAD, 0xFF, 0xAD, 0xFF, 0xAD, 0xFF, 0xAD, 0xFF, 0xAD, 0xFF, 0xAD, 0xB6, 0xB6, 0xB6, 0xB6, 0xB6, 0xB6, 0xB6, 0xB6, 0xB6, 0xB6
    .byte 0xB6, 0xB6, 0xB6, 0xB6, 0xB6, 0xB6, 0xB6, 0xB6, 0xB6, 0xB6, 0xAD, 0xAD, 0xAD, 0xFF, 0xAD, 0xAD, 0xAD, 0xFF, 0xAD, 0xAD, 0xAD, 0xFF, 0xAD, 0xAD, 0xAD, 0xFF, 0xAD, 0xAD, 0xAD, 0xFF, 0xAD, 0xAD
    .byte 0xAD, 0xFF, 0xAD, 0xAD, 0xAD, 0xFF, 0xAD, 0xAD, 0xAD, 0xFF, 0xAD, 0x49, 0x49, 0x52, 0x52, 0x52, 0x52, 0x52, 0x52, 0x52, 0x49, 0x49, 0x49, 0x49, 0x49, 0x49, 0x49, 0x49, 0x49, 0x49, 0x49, 0x49
    .byte 0x49, 0x49, 0x49, 0x49, 0x49, 0x49, 0x49, 0x49, 0x49, 0x49, 0x49, 0x49, 0x49, 0x49, 0x49, 0x49, 0x49, 0x49, 0x49, 0x49, 0x49, 0x49, 0x52, 0x52, 0x52, 0x52, 0x52, 0x52, 0x52, 0x52, 0x52, 0x52
    .byte 0x52, 0x52, 0x52, 0x52, 0x52, 0x52, 0x52, 0x52, 0x52, 0x52, 0x52, 0x52, 0x52, 0x52, 0x52, 0x52, 0x52, 0x52, 0x52, 0x52, 0x52, 0x52, 0x52, 0x52, 0x52, 0x52, 0x52, 0x52, 0x52, 0x52, 0x52, 0x52
    .byte 0x52, 0x52, 0x52, 0x52, 0x52, 0x52, 0x52, 0x52, 0x52, 0x52, 0x52, 0x52, 0x52, 0x52, 0x52, 0x52, 0x52, 0x52, 0x52, 0x52, 0x52, 0x52, 0x52, 0x52, 0x49, 0x49, 0xAD, 0xAD, 0xAD, 0xFF, 0xAD, 0xAD
    .byte 0xAD, 0xFF, 0xAD, 0xAD, 0xAD, 0xFF, 0xAD, 0xAD, 0xAD, 0xFF, 0xAD, 0xAD, 0xAD, 0xFF, 0xAD, 0xAD, 0xAD, 0xFF, 0xAD, 0xAD, 0xAD, 0xFF, 0xAD, 0xAD, 0xAD, 0xFF, 0xAD, 0xAD, 0xAD, 0xFF, 0xAD, 0xAD
    .byte 0xAD, 0xFF, 0xAD, 0xAD, 0xAD, 0xFF, 0xAD, 0xAD, 0xAD, 0xFF, 0xAD, 0xAD, 0xAD, 0xFF, 0xAD, 0xAD, 0xAD, 0xFF, 0xAD, 0xAD, 0xAD, 0xFF, 0xAD, 0xAD, 0xAD, 0xFF, 0xAD, 0xAD, 0xAD, 0xFF, 0xAD, 0xAD
    .byte 0xAD, 0xFF, 0xAD, 0xAD, 0xAD, 0xFF, 0xAD, 0xAD, 0xAD, 0xFF, 0xAD, 0xAD, 0xAD, 0xFF, 0xAD, 0xAD, 0xAD, 0xFF, 0xAD, 0xAD, 0xAD, 0xFF, 0xAD, 0xAD, 0xAD, 0xFF, 0xAD, 0xAD, 0xAD, 0xFF, 0xAD, 0xAD
    .byte 0xAD, 0xFF, 0xAD, 0xAD, 0xAD, 0xFF, 0xAD, 0xAD, 0xAD, 0xFF, 0xAD, 0xAD, 0xAD, 0xFF, 0xAD, 0xAD, 0xAD, 0xFF, 0xAD, 0xAD, 0xAD, 0xFF, 0xAD, 0xAD, 0xAD, 0xFF, 0xAD, 0xAD, 0xAD, 0xFF, 0xAD, 0xAD
    .byte 0xAD, 0xFF, 0xAD, 0xAD, 0xAD, 0xFF, 0xAD, 0xAD, 0xAD, 0xFF, 0xAD, 0xAD, 0xAD, 0xFF, 0xAD, 0xAD, 0xAD, 0xFF, 0xAD, 0xAD, 0xAD, 0xFF, 0xB6, 0xB6, 0xB6, 0xB6, 0xB6, 0xB6, 0xB6, 0xB6, 0xB6, 0xB6
    .byte 0xB6, 0xB6, 0xB6, 0xB6, 0xB6, 0xB6, 0xB6, 0xB6, 0xB6, 0xB6, 0xFF, 0xAD, 0xFF, 0xAD, 0xFF, 0xAD, 0xFF, 0xAD, 0xFF, 0xAD, 0xFF, 0xAD, 0xFF, 0xAD, 0xFF, 0xAD, 0xFF, 0xAD, 0xFF, 0xAD, 0xFF, 0xAD
    .byte 0xFF, 0xAD, 0xFF, 0xAD, 0xFF, 0xAD, 0xFF, 0xAD, 0xFF, 0xAD, 0xFF, 0x49, 0x49, 0x52, 0x52, 0x52, 0x52, 0x52, 0x52, 0x52, 0x49, 0x49, 0x49, 0x49, 0x49, 0x49, 0x49, 0x49, 0x49, 0x49, 0x49, 0x49
    .byte 0x49, 0x49, 0x49, 0x49, 0x49, 0x49, 0x49, 0x49, 0x49, 0x49, 0x49, 0x49, 0x49, 0x49, 0x49, 0x49, 0x49, 0x49, 0x49, 0x49, 0x49, 0x49, 0x52, 0x52, 0x52, 0x52, 0x52, 0x52, 0x52, 0x52, 0x52, 0x52
    .byte 0x52, 0x52, 0x52, 0x52, 0x52, 0x52, 0x52, 0x52, 0x52, 0x52, 0x52, 0x52, 0x52, 0x52, 0x52, 0x52, 0x52, 0x52, 0x52, 0x52, 0x52, 0x52, 0x52, 0x52, 0x52, 0x52, 0x52, 0x52, 0x52, 0x52, 0x52, 0x52
    .byte 0x52, 0x52, 0x52, 0x52, 0x52, 0x52, 0x52, 0x52, 0x52, 0x52, 0x52, 0x52, 0x52, 0x52, 0x52, 0x52, 0x52, 0x52, 0x52, 0x52, 0x52, 0x52, 0x52, 0x52, 0x49, 0x49, 0xFF, 0xAD, 0xFF, 0xAD, 0xFF, 0xAD
    .byte 0xFF, 0xAD, 0xFF, 0xAD, 0xFF, 0xAD, 0xFF, 0xAD, 0xFF, 0xAD, 0xFF, 0xAD, 0xFF, 0xAD, 0xFF, 0xAD, 0xFF, 0xAD, 0xFF, 0xAD, 0xFF, 0xAD, 0xFF, 0xAD, 0xFF, 0xAD, 0xFF, 0xAD, 0xFF, 0xAD, 0xFF, 0xAD
    .byte 0xFF, 0xAD, 0xFF, 0xAD, 0xFF, 0xAD, 0xFF, 0xAD, 0xFF, 0xAD, 0xFF, 0xAD, 0xFF, 0xAD, 0xFF, 0xAD, 0xFF, 0xAD, 0xFF, 0xAD, 0xFF, 0xAD, 0xFF, 0xAD, 0xFF, 0xAD, 0xFF, 0xAD, 0xFF, 0xAD, 0xFF, 0xAD
    .byte 0xFF, 0xAD, 0xFF, 0xAD, 0xFF, 0xAD, 0xFF, 0xAD, 0xFF, 0xAD, 0xFF, 0xAD, 0xFF, 0xAD, 0xFF, 0xAD, 0xFF, 0xAD, 0xFF, 0xAD, 0xFF, 0xAD, 0xFF, 0xAD, 0xFF, 0xAD, 0xFF, 0xAD, 0xFF, 0xAD, 0xFF, 0xAD
    .byte 0xFF, 0xAD, 0xFF, 0xAD, 0xFF, 0xAD, 0xFF, 0xAD, 0xFF, 0xAD, 0xFF, 0xAD, 0xFF, 0xAD, 0xFF, 0xAD, 0xFF, 0xAD, 0xFF, 0xAD, 0xFF, 0xAD, 0xFF, 0xAD, 0xFF, 0xAD, 0xFF, 0xAD, 0xFF, 0xAD, 0xFF, 0xAD
    .byte 0xFF, 0xAD, 0xFF, 0xAD, 0xFF, 0xAD, 0xFF, 0xAD, 0xFF, 0xAD, 0xFF, 0xAD, 0xFF, 0xAD, 0xFF, 0xAD, 0xFF, 0xAD, 0xFF, 0xAD, 0xFF, 0xAD, 0xB6, 0xB6, 0xB6, 0xB6, 0xB6, 0xB6, 0xB6, 0xB6, 0xB6, 0xB6
    .byte 0xB6, 0xB6, 0xB6, 0xB6, 0xB6, 0xB6, 0xB6, 0xB6, 0xB6, 0xB6, 0xAD, 0xAD, 0xAD, 0xAD, 0xAD, 0xAD, 0xAD, 0xAD, 0xAD, 0xAD, 0xAD, 0xAD, 0xAD, 0xAD, 0xAD, 0xAD, 0xAD, 0xAD, 0xAD, 0xAD, 0xAD, 0xAD
    .byte 0xAD, 0xAD, 0xAD, 0xAD, 0xAD, 0xAD, 0xAD, 0xAD, 0xAD, 0xAD, 0xAD, 0x49, 0x49, 0x52, 0x52, 0x52, 0x52, 0x52, 0x52, 0x52, 0x49, 0x49, 0x49, 0x49, 0x49, 0x49, 0x49, 0x49, 0x49, 0x49, 0x49, 0x49
    .byte 0x49, 0x49, 0x49, 0x49, 0x49, 0x49, 0x49, 0x49, 0x49, 0x49, 0x49, 0x49, 0x49, 0x49, 0x49, 0x49, 0x49, 0x49, 0x49, 0x49, 0x49, 0x49, 0x52, 0x52, 0x52, 0x52, 0x52, 0x52, 0x52, 0x52, 0x52, 0x52
    .byte 0x52, 0x52, 0x52, 0x52, 0x52, 0x52, 0x52, 0x52, 0x52, 0x52, 0x52, 0x52, 0x52, 0x52, 0x52, 0x52, 0x52, 0x52, 0x52, 0x52, 0x52, 0x52, 0x52, 0x52, 0x52, 0x52, 0x52, 0x52, 0x52, 0x52, 0x52, 0x52
    .byte 0x52, 0x52, 0x52, 0x52, 0x52, 0x52, 0x52, 0x52, 0x52, 0x52, 0x52, 0x52, 0x52, 0x52, 0x52, 0x52, 0x52, 0x52, 0x52, 0x52, 0x52, 0x52, 0x52, 0x52, 0x49, 0x49, 0xAD, 0xAD, 0xAD, 0xAD, 0xAD, 0xAD
    .byte 0xAD, 0xAD, 0xAD, 0xAD, 0xAD, 0xAD, 0xAD, 0xAD, 0xAD, 0xAD, 0xAD, 0xAD, 0xAD, 0xAD, 0xAD, 0xAD, 0xAD, 0xAD, 0xAD, 0xAD, 0xAD, 0xAD, 0xAD, 0xAD, 0xAD, 0xAD, 0xAD, 0xAD, 0xAD, 0xAD, 0xAD, 0xAD
    .byte 0xAD, 0xAD, 0xAD, 0xAD, 0xAD, 0xAD, 0xAD, 0xAD, 0xAD, 0xAD, 0xAD, 0xAD, 0xAD, 0xAD, 0xAD, 0xAD, 0xAD, 0xAD, 0xAD, 0xAD, 0xAD, 0xAD, 0xAD, 0xAD, 0xAD, 0xAD, 0xAD, 0xAD, 0xAD, 0xAD, 0xAD, 0xAD
    .byte 0xAD, 0xAD, 0xAD, 0xAD, 0xAD, 0xAD, 0xAD, 0xAD, 0xAD, 0xAD, 0xAD, 0xAD, 0xAD, 0xAD, 0xAD, 0xAD, 0xAD, 0xAD, 0xAD, 0xAD, 0xAD, 0xAD, 0xAD, 0xAD, 0xAD, 0xAD, 0xAD, 0xAD, 0xAD, 0xAD, 0xAD, 0xAD
    .byte 0xAD, 0xAD, 0xAD, 0xAD, 0xAD, 0xAD, 0xAD, 0xAD, 0xAD, 0xAD, 0xAD, 0xAD, 0xAD, 0xAD, 0xAD, 0xAD, 0xAD, 0xAD, 0xAD, 0xAD, 0xAD, 0xAD, 0xAD, 0xAD, 0xAD, 0xAD, 0xAD, 0xAD, 0xAD, 0xAD, 0xAD, 0xAD
    .byte 0xAD, 0xAD, 0xAD, 0xAD, 0xAD, 0xAD, 0xAD, 0xAD, 0xAD, 0xAD, 0xAD, 0xAD, 0xAD, 0xAD, 0xAD, 0xAD, 0xAD, 0xAD, 0xAD, 0xAD, 0xAD, 0xAD, 0xB6, 0xB6, 0xB6, 0xB6, 0xB6, 0xB6, 0xB6, 0xB6, 0xB6, 0xB6
    .byte 0xB6, 0xB6, 0xB6, 0xB6, 0xB6, 0xB6, 0xB6, 0xB6, 0xB6, 0xB6, 0xFF, 0xAD, 0xFF, 0xAD, 0xFF, 0xAD, 0xFF, 0xAD, 0xFF, 0xAD, 0xFF, 0xAD, 0xFF, 0xAD, 0xFF, 0xAD, 0xFF, 0xAD, 0xFF, 0xAD, 0xFF, 0xAD
    .byte 0xFF, 0xAD, 0xFF, 0xAD, 0xFF, 0xAD, 0xFF, 0xAD, 0xFF, 0xAD, 0xFF, 0x49, 0x49, 0x52, 0x52, 0x52, 0x52, 0x52, 0x52, 0x52, 0x49, 0x49, 0x49, 0x49, 0x49, 0x49, 0x49, 0x49, 0x49, 0x49, 0x49, 0x49
    .byte 0x49, 0x49, 0x49, 0x49, 0x49, 0x49, 0x49, 0x49, 0x49, 0x49, 0x49, 0x49, 0x49, 0x49, 0x49, 0x49, 0x49, 0x49, 0x49, 0x49, 0x49, 0x49, 0x52, 0x52, 0x52, 0x52, 0x52, 0x52, 0x52, 0x52, 0x52, 0x52
    .byte 0x52, 0x52, 0x52, 0x52, 0x52, 0x52, 0x52, 0x52, 0x52, 0x52, 0x52, 0x52, 0x52, 0x52, 0x52, 0x52, 0x52, 0x52, 0x52, 0x52, 0x52, 0x52, 0x52, 0x52, 0x52, 0x52, 0x52, 0x52, 0x52, 0x52, 0x52, 0x52
    .byte 0x52, 0x52, 0x52, 0x52, 0x52, 0x52, 0x52, 0x52, 0x52, 0x52, 0x52, 0x52, 0x52, 0x52, 0x52, 0x52, 0x52, 0x52, 0x52, 0x52, 0x52, 0x52, 0x52, 0x52, 0x49, 0x49, 0xFF, 0xAD, 0xFF, 0xAD, 0xFF, 0xAD
    .byte 0xA5, 0xA5, 0xA5, 0xA5, 0xA5, 0xAE, 0xFF, 0xAD, 0xFF, 0xAD, 0xFF, 0xAD, 0xFF, 0xAD, 0xFF, 0xAD, 0xFF, 0xAD, 0xFF, 0xAD, 0xFF, 0xAD, 0xFF, 0xAD, 0xFF, 0xAD, 0xFF, 0xAD, 0xFF, 0xAD, 0xFF, 0xAD
    .byte 0xFF, 0xAD, 0xFF, 0xAD, 0xFF, 0xAD, 0xFF, 0xAD, 0xFF, 0xAD, 0xFF, 0xAD, 0xFF, 0xAD, 0xFF, 0xAD, 0xFF, 0xAD, 0xFF, 0xAD, 0xFF, 0xAD, 0xFF, 0xAD, 0xFF, 0xAD, 0xFF, 0xAD, 0xFF, 0xAD, 0xFF, 0xAD
    .byte 0xFF, 0xAD, 0xFF, 0xAD, 0xFF, 0xAD, 0xFF, 0xAD, 0xFF, 0xAD, 0xFF, 0xAD, 0xFF, 0xAD, 0xFF, 0xAD, 0xFF, 0xAD, 0xFF, 0xAD, 0xFF, 0xAD, 0xFF, 0xAD, 0xFF, 0xAD, 0xFF, 0xAD, 0xFF, 0xAD, 0xFF, 0xAD
    .byte 0xFF, 0xAD, 0xFF, 0xAD, 0xFF, 0xAD, 0xFF, 0xAD, 0xFF, 0xAD, 0xFF, 0xAD, 0xFF, 0xAD, 0xFF, 0xAD, 0xFF, 0xAD, 0xFF, 0xAD, 0xFF, 0xAD, 0xFF, 0xAD, 0xFF, 0xAD, 0xFF, 0xAD, 0xFF, 0xAD, 0xFF, 0xAD
    .byte 0xFF, 0xAD, 0xFF, 0xAD, 0xFF, 0xAD, 0xFF, 0xAD, 0xFF, 0xAD, 0xFF, 0xAD, 0xFF, 0xAD, 0xFF, 0xAD, 0xFF, 0xAD, 0xFF, 0xAD, 0xFF, 0xAD, 0xB6, 0xB6, 0xB6, 0xB6, 0xB6, 0xB6, 0xB6, 0xB6, 0xB6, 0xB6
    .byte 0xB6, 0xB6, 0xB6, 0xB6, 0xB6, 0xB6, 0xB6, 0xB6, 0xB6, 0xB6, 0xAD, 0xAD, 0xAD, 0xFF, 0xAD, 0xAD, 0xAD, 0xFF, 0xAD, 0xAD, 0xAD, 0xFF, 0xAD, 0xAD, 0xAD, 0xFF, 0xAD, 0xAD, 0xAD, 0xFF, 0xAD, 0xAD
    .byte 0xAD, 0xFF, 0xAD, 0xAD, 0xAD, 0xFF, 0xAD, 0xAD, 0xAD, 0xFF, 0xAD, 0x49, 0x49, 0x52, 0x52, 0x52, 0x52, 0x52, 0x52, 0x52, 0x49, 0x49, 0x49, 0x49, 0x49, 0x49, 0x49, 0x49, 0x49, 0x49, 0x49, 0x49
    .byte 0x49, 0x49, 0x49, 0x49, 0x49, 0x49, 0x49, 0x49, 0x49, 0x49, 0x49, 0x49, 0x49, 0x49, 0x49, 0x49, 0x49, 0x49, 0x49, 0x49, 0x49, 0x49, 0x52, 0x52, 0x52, 0x52, 0x52, 0x52, 0x52, 0x52, 0x52, 0x52
    .byte 0x52, 0x52, 0x52, 0x52, 0x52, 0x52, 0x52, 0x52, 0x52, 0x52, 0x52, 0x52, 0x52, 0x52, 0x52, 0x52, 0x52, 0x52, 0x52, 0x52, 0x52, 0x52, 0x52, 0x52, 0x52, 0x52, 0x52, 0x52, 0x52, 0x52, 0x52, 0x52
    .byte 0x52, 0x52, 0x52, 0x52, 0x52, 0x52, 0x52, 0x52, 0x52, 0x52, 0x52, 0x52, 0x52, 0x52, 0x52, 0x52, 0x52, 0x52, 0x52, 0x52, 0x52, 0x52, 0x52, 0x52, 0x49, 0x49, 0xAD, 0xAD, 0xAE, 0xAE, 0xAD, 0xAD
    .byte 0xAD, 0xFF, 0xAD, 0xAD, 0xAE, 0xAE, 0xAD, 0xAD, 0xAD, 0xFF, 0xAD, 0xAD, 0xAD, 0xFF, 0xAD, 0xAD, 0xAD, 0xFF, 0xAD, 0xAD, 0xAD, 0xFF, 0xAD, 0xAD, 0xAD, 0xFF, 0xAD, 0xAD, 0xAD, 0xFF, 0xAD, 0xAD
    .byte 0xAD, 0xFF, 0xAD, 0xAD, 0xAD, 0xFF, 0xAD, 0xAD, 0xAD, 0xFF, 0xAD, 0xAD, 0xAD, 0xFF, 0xAD, 0xAD, 0xAD, 0xFF, 0xAD, 0xAD, 0xAD, 0xFF, 0xAD, 0xAD, 0xAD, 0xFF, 0xAD, 0xAD, 0xAD, 0xFF, 0xAD, 0xAD
    .byte 0xAD, 0xFF, 0xAD, 0xAD, 0xAD, 0xFF, 0xAD, 0xAD, 0xAD, 0xFF, 0xAD, 0xAD, 0xAD, 0xFF, 0xAD, 0xAD, 0xAD, 0xFF, 0xAD, 0xAD, 0xAD, 0xFF, 0xAD, 0xAD, 0xAD, 0xFF, 0xAD, 0xAD, 0xAD, 0xFF, 0xAD, 0xAD
    .byte 0xAD, 0xFF, 0xAD, 0xAD, 0xAD, 0xFF, 0xAD, 0xAD, 0xAD, 0xFF, 0xAD, 0xAD, 0xAD, 0xFF, 0xAD, 0xAD, 0xAD, 0xFF, 0xAD, 0xAD, 0xAD, 0xFF, 0xAD, 0xAD, 0xAD, 0xFF, 0xAD, 0xAD, 0xAD, 0xFF, 0xAD, 0xAD
    .byte 0xAD, 0xFF, 0xAD, 0xAD, 0xAD, 0xFF, 0xAD, 0xAD, 0xAD, 0xFF, 0xAD, 0xAD, 0xAD, 0xFF, 0xAD, 0xAD, 0xAD, 0xFF, 0xAD, 0xAD, 0xAD, 0xFF, 0xB6, 0xB6, 0xB6, 0xB6, 0xB6, 0xB6, 0xB6, 0xB6, 0xB6, 0xB6
    .byte 0xB6, 0xB6, 0xB6, 0xB6, 0xB6, 0xB6, 0xB6, 0xB6, 0xB6, 0xB6, 0xFF, 0xAD, 0xFF, 0xAD, 0xFF, 0xAD, 0xFF, 0xAD, 0xFF, 0xAD, 0xFF, 0xAD, 0xFF, 0xAD, 0xFF, 0xAD, 0xFF, 0xAD, 0xFF, 0xAD, 0xFF, 0xAD
    .byte 0xFF, 0xAD, 0xFF, 0xAD, 0xFF, 0xAD, 0xFF, 0xAD, 0xFF, 0xAD, 0xFF, 0x49, 0x49, 0x52, 0x52, 0x52, 0x52, 0x52, 0x52, 0x52, 0x49, 0x49, 0x49, 0x49, 0x49, 0x49, 0x49, 0x49, 0x49, 0x49, 0x49, 0x49
    .byte 0x49, 0x49, 0x49, 0x49, 0x49, 0x49, 0x49, 0x49, 0x49, 0x49, 0x49, 0x49, 0x49, 0x49, 0x49, 0x49, 0x49, 0x49, 0x49, 0x49, 0x49, 0x49, 0x52, 0x52, 0x52, 0x52, 0x52, 0x52, 0x52, 0x52, 0x52, 0x52
    .byte 0x52, 0x52, 0x52, 0x52, 0x52, 0x52, 0x52, 0x52, 0x52, 0x52, 0x52, 0x52, 0x52, 0x52, 0x52, 0x52, 0x52, 0x52, 0x52, 0x52, 0x52, 0x52, 0x52, 0x52, 0x52, 0x52, 0x52, 0x52, 0x52, 0x52, 0x52, 0x52
    .byte 0x52, 0x52, 0x52, 0x52, 0x52, 0x52, 0x52, 0x52, 0x52, 0x52, 0x52, 0x52, 0x52, 0x52, 0x52, 0x52, 0x52, 0x52, 0x52, 0x52, 0x52, 0x52, 0x52, 0x52, 0x49, 0x49, 0xFF, 0xAE, 0xAD, 0xAD, 0xAD, 0xAD
    .byte 0x9D, 0x5D, 0x5D, 0xA5, 0x03, 0xA5, 0x03, 0xAD, 0xAD, 0xAD, 0xAE, 0xAD, 0xFF, 0xAD, 0xFF, 0xAD, 0xFF, 0xAD, 0xFF, 0xAD, 0xFF, 0xAD, 0xFF, 0xAD, 0xFF, 0xAD, 0xFF, 0xAD, 0xFF, 0xAD, 0xFF, 0xAD
    .byte 0xFF, 0xAD, 0xFF, 0xAD, 0xFF, 0xAD, 0xFF, 0xAD, 0xFF, 0xAD, 0xFF, 0xAD, 0xFF, 0xAD, 0xFF, 0xAD, 0xFF, 0xAD, 0xFF, 0xAD, 0xFF, 0xAD, 0xFF, 0xAD, 0xFF, 0xAD, 0xFF, 0xAD, 0xFF, 0xAD, 0xFF, 0xAD
    .byte 0xFF, 0xAD, 0xFF, 0xAD, 0xFF, 0xAD, 0xFF, 0xAD, 0xFF, 0xAD, 0xFF, 0xAD, 0xFF, 0xAD, 0xFF, 0xAD, 0xFF, 0xAD, 0xFF, 0xAD, 0xFF, 0xAD, 0xFF, 0xAD, 0xFF, 0xAD, 0xFF, 0xAD, 0xFF, 0xAD, 0xFF, 0xAD
    .byte 0xFF, 0xAD, 0xFF, 0xAD, 0xFF, 0xAD, 0xFF, 0xAD, 0xFF, 0xAD, 0xFF, 0xAD, 0xFF, 0xAD, 0xFF, 0xAD, 0xFF, 0xAD, 0xFF, 0xAD, 0xFF, 0xAD, 0xFF, 0xAD, 0xFF, 0xAD, 0xFF, 0xAD, 0xFF, 0xAD, 0xFF, 0xAD
    .byte 0xFF, 0xAD, 0xFF, 0xAD, 0xFF, 0xAD, 0xFF, 0xAD, 0xFF, 0xAD, 0xFF, 0xAD, 0xFF, 0xAD, 0xFF, 0xAD, 0xFF, 0xAD, 0xFF, 0xAD, 0xFF, 0xAD, 0xB6, 0xB6, 0xB6, 0xB6, 0xB6, 0xB6, 0xB6, 0xB6, 0xB6, 0xB6
    .byte 0xB6, 0xB6, 0xB6, 0xB6, 0xB6, 0xB6, 0xB6, 0xB6, 0xB6, 0xB6, 0xAD, 0xAD, 0xAD, 0xAD, 0xAD, 0xAD, 0xAD, 0xAD, 0xAD, 0xAD, 0xAD, 0xAD, 0xAD, 0xAD, 0xAD, 0xAD, 0xAD, 0xAD, 0xAD, 0xAD, 0xAD, 0xAD
    .byte 0xAD, 0xAD, 0xAD, 0xAD, 0xAD, 0xAD, 0xAD, 0xAD, 0xAD, 0xAD, 0xAD, 0x49, 0x49, 0x52, 0x52, 0x52, 0x52, 0x52, 0x52, 0x52, 0x49, 0x49, 0x49, 0x49, 0x49, 0x49, 0x49, 0x49, 0x49, 0x49, 0x49, 0x49
    .byte 0x49, 0x49, 0x49, 0x49, 0x49, 0x49, 0x49, 0x49, 0x49, 0x49, 0x49, 0x49, 0x49, 0x49, 0x49, 0x49, 0x49, 0x49, 0x49, 0x49, 0x49, 0x49, 0x52, 0x52, 0x52, 0x52, 0x52, 0x52, 0x5A, 0x5A, 0x5A, 0x52
    .byte 0x52, 0x52, 0x52, 0x52, 0x52, 0x52, 0x52, 0x52, 0x5A, 0x5A, 0x5A, 0x5A, 0x5A, 0x52, 0x52, 0x52, 0x52, 0x52, 0x52, 0x52, 0x52, 0x52, 0x52, 0x52, 0x52, 0x52, 0x52, 0x52, 0x52, 0x52, 0x52, 0x52
    .byte 0x52, 0x52, 0x52, 0x52, 0x52, 0x52, 0x52, 0x52, 0x52, 0x52, 0x52, 0x52, 0x52, 0x52, 0x52, 0x52, 0x52, 0x52, 0x52, 0x52, 0x52, 0x52, 0x52, 0x52, 0x49, 0x49, 0xAD, 0xAD, 0xA5, 0xA5, 0x5D, 0x54
    .byte 0x54, 0x5D, 0x03, 0x03, 0x5D, 0x03, 0x03, 0x03, 0xAD, 0xAD, 0xAE, 0xAD, 0xAD, 0xAD, 0xAD, 0xAD, 0xAD, 0xAD, 0xAD, 0xAD, 0xAD, 0xAD, 0xAD, 0xAD, 0xAD, 0xAD, 0xAD, 0xAD, 0xAD, 0xAD, 0xAD, 0xAD
    .byte 0xAD, 0xAD, 0xAD, 0xAD, 0xAD, 0xAD, 0xAD, 0xAD, 0xAD, 0xAD, 0xAD, 0xAD, 0xAD, 0xAD, 0xAD, 0xAD, 0xAD, 0xAD, 0xAD, 0xAD, 0xAD, 0xAD, 0xAD, 0xAD, 0xAD, 0xAD, 0xAD, 0xAD, 0xAD, 0xAD, 0xAD, 0xAD
    .byte 0xAD, 0xAD, 0xAD, 0xAD, 0xAD, 0xAD, 0xAD, 0xAD, 0xAD, 0xAD, 0xAD, 0xAD, 0xAD, 0xAD, 0xAD, 0xAD, 0xAD, 0xAD, 0xAD, 0xAD, 0xAD, 0xAD, 0xAD, 0xAD, 0xAD, 0xAD, 0xAD, 0xAD, 0xAD, 0xAD, 0xAD, 0xAD
    .byte 0xAD, 0xAD, 0xAD, 0xAD, 0xAD, 0xAD, 0xAD, 0xAD, 0xAD, 0xAD, 0xAD, 0xAD, 0xAD, 0xAD, 0xAD, 0xAD, 0xAD, 0xAD, 0xAD, 0xAD, 0xAD, 0xAD, 0xAD, 0xAD, 0xAD, 0xAD, 0xAD, 0xAD, 0xAD, 0xAD, 0xAD, 0xAD
    .byte 0xAD, 0xAD, 0xAD, 0xAD, 0xAD, 0xAD, 0xAD, 0xAD, 0xAD, 0xAD, 0xAD, 0xAD, 0xAD, 0xAD, 0xAD, 0xAD, 0xAD, 0xAD, 0xAD, 0xAD, 0xAD, 0xAD, 0xB6, 0xB6, 0xB6, 0xB6, 0xB6, 0xB6, 0xB6, 0xB6, 0xB6, 0xB6
    .byte 0xB6, 0xB6, 0xB6, 0xB6, 0xB6, 0xB6, 0xB6, 0xB6, 0xB6, 0xB6, 0xFF, 0xAD, 0xFF, 0xAD, 0xFF, 0xAD, 0xFF, 0xAD, 0xFF, 0xAD, 0xFF, 0xAD, 0xFF, 0xAD, 0xFF, 0xAD, 0xFF, 0xAD, 0xFF, 0xAD, 0xFF, 0xAD
    .byte 0xFF, 0xAD, 0xFF, 0xAD, 0xFF, 0xAD, 0xFF, 0xAD, 0xFF, 0xAD, 0xFF, 0x49, 0x49, 0x52, 0x52, 0x52, 0x52, 0x52, 0x52, 0x52, 0x49, 0x49, 0x49, 0x49, 0x49, 0x49, 0x49, 0x49, 0x49, 0x49, 0x49, 0x49
    .byte 0x49, 0x49, 0x49, 0x49, 0x49, 0x49, 0x49, 0x49, 0x49, 0x49, 0x49, 0x49, 0x49, 0x49, 0x49, 0x49, 0x49, 0x49, 0x49, 0x49, 0x49, 0x49, 0x52, 0x52, 0x52, 0x52, 0x52, 0x52, 0x5A, 0x5A, 0x5A, 0x52
    .byte 0x52, 0x52, 0x52, 0x52, 0x52, 0x52, 0x5A, 0x52, 0x5A, 0x5A, 0x5A, 0x5A, 0x5A, 0x52, 0x52, 0x52, 0x52, 0x52, 0x52, 0x52, 0x52, 0x52, 0x52, 0x52, 0x52, 0x52, 0x52, 0x52, 0x52, 0x52, 0x52, 0x52
    .byte 0x52, 0x52, 0x52, 0x52, 0x52, 0x52, 0x52, 0x52, 0x52, 0x52, 0x52, 0x52, 0x52, 0x52, 0x52, 0x52, 0x52, 0x52, 0x52, 0x52, 0x52, 0x52, 0x52, 0x52, 0x49, 0x49, 0xAE, 0xA5, 0xAD, 0xAD, 0x54, 0x5D
    .byte 0x54, 0x54, 0x03, 0xA5, 0x03, 0xAD, 0xA5, 0x03, 0x03, 0xAE, 0xAD, 0xAD, 0xFF, 0xAD, 0xFF, 0xAD, 0xFF, 0xAD, 0xFF, 0xAD, 0xFF, 0xAD, 0xFF, 0xAD, 0xFF, 0xAD, 0xFF, 0xAD, 0xFF, 0xAD, 0xFF, 0xAD
    .byte 0xFF, 0xAD, 0xFF, 0xAD, 0xFF, 0xAD, 0xFF, 0xAD, 0xFF, 0xAD, 0xFF, 0xAD, 0xFF, 0xAD, 0xFF, 0xAD, 0xFF, 0xAD, 0xFF, 0xAD, 0xFF, 0xAD, 0xFF, 0xAD, 0xFF, 0xAD, 0xFF, 0xAD, 0xFF, 0xAD, 0xFF, 0xAD
    .byte 0xFF, 0xAD, 0xFF, 0xAD, 0xFF, 0xAD, 0xFF, 0xAD, 0xFF, 0xAD, 0xFF, 0xAD, 0xFF, 0xAD, 0xFF, 0xAD, 0xFF, 0xAD, 0xFF, 0xAD, 0xFF, 0xAD, 0xFF, 0xAD, 0xFF, 0xAD, 0xFF, 0xAD, 0xFF, 0xAD, 0xFF, 0xAD
    .byte 0xFF, 0xAD, 0xFF, 0xAD, 0xFF, 0xAD, 0xFF, 0xAD, 0xFF, 0xAD, 0xFF, 0xAD, 0xFF, 0xAD, 0xFF, 0xAD, 0xFF, 0xAD, 0xFF, 0xAD, 0xFF, 0xAD, 0xFF, 0xAD, 0xFF, 0xAD, 0xFF, 0xAD, 0xFF, 0xAD, 0xFF, 0xAD
    .byte 0xFF, 0xAD, 0xFF, 0xAD, 0xFF, 0xAD, 0xFF, 0xAD, 0xFF, 0xAD, 0xFF, 0xAD, 0xFF, 0xAD, 0xFF, 0xAD, 0xFF, 0xAD, 0xFF, 0xAD, 0xFF, 0xAD, 0xB6, 0xB6, 0xB6, 0xB6, 0xB6, 0xB6, 0xB6, 0xB6, 0xB6, 0xB6
    .byte 0xB6, 0xB6, 0xB6, 0xB6, 0xB6, 0xB6, 0xB6, 0xB6, 0xB6, 0xB6, 0xAD, 0xAD, 0xAD, 0xFF, 0xAD, 0xAD, 0xAD, 0xFF, 0xAD, 0xAD, 0xAD, 0xFF, 0xAD, 0xAD, 0xAD, 0xFF, 0xAD, 0xAD, 0xAD, 0xFF, 0xAD, 0xAD
    .byte 0xAD, 0xFF, 0xAD, 0xAD, 0xAD, 0xFF, 0xAD, 0xAD, 0xAD, 0xFF, 0xAD, 0x49, 0x49, 0x52, 0x52, 0x52, 0x52, 0x52, 0x52, 0x52, 0x49, 0x49, 0x49, 0x49, 0x49, 0x49, 0x49, 0x49, 0x49, 0x49, 0x49, 0x49
    .byte 0x49, 0x49, 0x49, 0x49, 0x49, 0x49, 0x49, 0x49, 0x49, 0x49, 0x49, 0x49, 0x49, 0x49, 0x49, 0x49, 0x49, 0x49, 0x49, 0x49, 0x49, 0x49, 0x52, 0x52, 0x52, 0x52, 0x52, 0x52, 0x5A, 0x5A, 0x5A, 0x52
    .byte 0x52, 0x52, 0x52, 0x5A, 0x52, 0x5A, 0x5A, 0x5A, 0x5A, 0x5A, 0x5A, 0x5A, 0x5A, 0x5A, 0x5A, 0x5A, 0x52, 0x52, 0x52, 0x52, 0x52, 0x52, 0x52, 0x52, 0x52, 0x52, 0x52, 0x52, 0x52, 0x52, 0x52, 0x52
    .byte 0x52, 0x52, 0x52, 0x52, 0x52, 0x52, 0x52, 0x52, 0x52, 0x52, 0x52, 0x52, 0x52, 0x52, 0x52, 0x52, 0x52, 0x52, 0x52, 0x52, 0x52, 0x52, 0x52, 0x52, 0x49, 0x49, 0xAE, 0xAE, 0x54, 0x5D, 0x54, 0x5D
    .byte 0xA5, 0x03, 0x03, 0x5D, 0x54, 0x5C, 0x03, 0x03, 0x9D, 0x03, 0x03, 0x03, 0xAD, 0xFF, 0xAD, 0xAD, 0xAD, 0xFF, 0xAD, 0xAD, 0xAD, 0xFF, 0xAD, 0xAD, 0xAD, 0xFF, 0xAD, 0xAD, 0xAD, 0xFF, 0xAD, 0xAD
    .byte 0xAD, 0xFF, 0xAD, 0xAD, 0xAD, 0xFF, 0xAD, 0xAD, 0xAD, 0xFF, 0xAD, 0xAD, 0xAD, 0xFF, 0xAD, 0xAD, 0xAD, 0xFF, 0xAD, 0xAD, 0xAD, 0xFF, 0xAD, 0xAD, 0xAD, 0xFF, 0xAD, 0xAD, 0xAD, 0xFF, 0xAD, 0xAD
    .byte 0xAD, 0xFF, 0xAD, 0xAD, 0xAD, 0xFF, 0xAD, 0xAD, 0xAD, 0xFF, 0xAD, 0xAD, 0xAD, 0xFF, 0xAD, 0xAD, 0xAD, 0xFF, 0xAD, 0xAD, 0xAD, 0xFF, 0xAD, 0xAD, 0xAD, 0xFF, 0xAD, 0xAD, 0xAD, 0xFF, 0xAD, 0xAD
    .byte 0xAD, 0xFF, 0xAD, 0xAD, 0xAD, 0xFF, 0xAD, 0xAD, 0xAD, 0xFF, 0xAD, 0xAD, 0xAD, 0xFF, 0xAD, 0xAD, 0xAD, 0xFF, 0xAD, 0xAD, 0xAD, 0xFF, 0xAD, 0xAD, 0xAD, 0xFF, 0xAD, 0xAD, 0xAD, 0xFF, 0xAD, 0xAD
    .byte 0xAD, 0xFF, 0xAD, 0xAD, 0xAD, 0xFF, 0xAD, 0xAD, 0xAD, 0xFF, 0xAD, 0xAD, 0xAD, 0xFF, 0xAD, 0xAD, 0xAD, 0xFF, 0xAD, 0xAD, 0xAD, 0xFF, 0xB6, 0xB6, 0xB6, 0xB6, 0xB6, 0xB6, 0xB6, 0xB6, 0xB6, 0xB6
    .byte 0xB6, 0xB6, 0xB6, 0xB6, 0xB6, 0xB6, 0xB6, 0xB6, 0xB6, 0xB6, 0xFF, 0xAD, 0xFF, 0xAD, 0xFF, 0xAD, 0xFF, 0xAD, 0xFF, 0xAD, 0xFF, 0xAD, 0xFF, 0xAD, 0xFF, 0xAD, 0xFF, 0xAD, 0xFF, 0xAD, 0xFF, 0xAD
    .byte 0xFF, 0xAD, 0xFF, 0xAD, 0xFF, 0xAD, 0xFF, 0xAD, 0xFF, 0xAD, 0xFF, 0x49, 0x49, 0x52, 0x52, 0x52, 0x52, 0x52, 0x52, 0x52, 0x49, 0x49, 0x49, 0x49, 0x49, 0x49, 0x49, 0x49, 0x49, 0x49, 0x49, 0x49
    .byte 0x49, 0x49, 0x49, 0x49, 0x49, 0x49, 0x49, 0x49, 0x49, 0x49, 0x49, 0x49, 0x49, 0x49, 0x49, 0x49, 0x49, 0x49, 0x49, 0x49, 0x51, 0x51, 0x52, 0x52, 0x52, 0x52, 0x52, 0x52, 0x5A, 0x5A, 0x5A, 0x5A
    .byte 0x5A, 0x5A, 0x5A, 0x5A, 0x5A, 0x5A, 0x52, 0x5A, 0x5A, 0x5A, 0x5A, 0x5A, 0x5A, 0x5A, 0x5A, 0x5A, 0x52, 0x52, 0x52, 0x52, 0x52, 0x52, 0x52, 0x52, 0x52, 0x52, 0x52, 0x52, 0x52, 0x52, 0x52, 0x52
    .byte 0x52, 0x52, 0x52, 0x52, 0x52, 0x52, 0x52, 0x52, 0x52, 0x52, 0x52, 0x52, 0x52, 0x52, 0x52, 0x52, 0x52, 0x52, 0x52, 0x52, 0x52, 0x52, 0x52, 0x52, 0x49, 0x49, 0xFF, 0x5D, 0xAE, 0xA5, 0x54, 0xA5
    .byte 0x03, 0x03, 0x03, 0x54, 0x03, 0x5D, 0x03, 0x03, 0xA5, 0xAE, 0x03, 0x03, 0xAE, 0xAD, 0xFF, 0xAD, 0xFF, 0xAD, 0xFF, 0xAD, 0xFF, 0xAD, 0xFF, 0xAD, 0xFF, 0xAD, 0xFF, 0xAD, 0xFF, 0xAD, 0xFF, 0xAD
    .byte 0xFF, 0xAD, 0xFF, 0xAD, 0xFF, 0xAD, 0xFF, 0xAD, 0xFF, 0xAD, 0xFF, 0xAD, 0xFF, 0xAD, 0xFF, 0xAD, 0xFF, 0xAD, 0xFF, 0xAD, 0xFF, 0xAD, 0xFF, 0xAD, 0xFF, 0xAD, 0xFF, 0xAD, 0xFF, 0xAD, 0xFF, 0xAD
    .byte 0xFF, 0xAD, 0xFF, 0xAD, 0xFF, 0xAD, 0xFF, 0xAD, 0xFF, 0xAD, 0xFF, 0xAD, 0xFF, 0xAD, 0xFF, 0xAD, 0xFF, 0xAD, 0xFF, 0xAD, 0xFF, 0xAD, 0xFF, 0xAD, 0xFF, 0xAD, 0xFF, 0xAD, 0xFF, 0xAD, 0xFF, 0xAD
    .byte 0xFF, 0xAD, 0xFF, 0xAD, 0xFF, 0xAD, 0xFF, 0xAD, 0xFF, 0xAD, 0xFF, 0xAD, 0xFF, 0xAD, 0xFF, 0xAD, 0xFF, 0xAD, 0xFF, 0xAD, 0xFF, 0xAD, 0xFF, 0xAD, 0xFF, 0xAD, 0xFF, 0xAD, 0xFF, 0xAD, 0xFF, 0xAD
    .byte 0xFF, 0xAD, 0xFF, 0xAD, 0xFF, 0xAD, 0xFF, 0xAD, 0xFF, 0xAD, 0xFF, 0xAD, 0xFF, 0xAD, 0xFF, 0xAD, 0xFF, 0xAD, 0xFF, 0xAD, 0xFF, 0xAD, 0xB6, 0xB6, 0xB6, 0xB6, 0xB6, 0xB6, 0xB6, 0xB6, 0xB6, 0xB6
    .byte 0xB6, 0xB6, 0xB6, 0xB6, 0xB6, 0xB6, 0xB6, 0xB6, 0xB6, 0xB6, 0xAD, 0xAD, 0xAD, 0xAD, 0xAD, 0xAD, 0xAD, 0xAD, 0xAD, 0xAD, 0xAD, 0xAD, 0xAD, 0xAD, 0xAD, 0xAD, 0xAD, 0xAD, 0xAD, 0xAD, 0xAD, 0xAD
    .byte 0xAD, 0xAD, 0xAD, 0xAD, 0xAD, 0xAD, 0xAD, 0xAD, 0xAD, 0xAD, 0xAD, 0x49, 0x49, 0x52, 0x52, 0x52, 0x52, 0x52, 0x52, 0x52, 0x52, 0x52, 0x52, 0x52, 0x52, 0x52, 0x52, 0x52, 0x52, 0x52, 0x52, 0x52
    .byte 0x52, 0x52, 0x52, 0x52, 0x52, 0x52, 0x52, 0x52, 0x52, 0x52, 0x49, 0x49, 0x49, 0x49, 0x49, 0x49, 0x49, 0x49, 0x49, 0x49, 0x51, 0x51, 0x51, 0x49, 0x49, 0x49, 0x49, 0x49, 0x5A, 0x5A, 0x5A, 0x52
    .byte 0x52, 0x52, 0x49, 0x49, 0x5A, 0x5A, 0x5A, 0x5A, 0x5A, 0x5A, 0x49, 0x5A, 0x5A, 0x5A, 0x5A, 0x5A, 0x5A, 0x52, 0x52, 0x52, 0x52, 0x52, 0x52, 0x52, 0x52, 0x52, 0x52, 0x52, 0x52, 0x52, 0x52, 0x52
    .byte 0x52, 0x52, 0x52, 0x52, 0x52, 0x52, 0x52, 0x52, 0x52, 0x52, 0x52, 0x52, 0x52, 0x52, 0x49, 0x49, 0x49, 0x49, 0x49, 0x49, 0x49, 0x49, 0x49, 0x49, 0x49, 0x49, 0xAE, 0xA5, 0xA5, 0x54, 0x54, 0x54
    .byte 0x03, 0x54, 0x54, 0x03, 0x03, 0x03, 0x03, 0x03, 0x03, 0x03, 0x03, 0x03, 0x03, 0xAD, 0xAD, 0xAD, 0xAD, 0xAD, 0xAD, 0xAD, 0xAD, 0xAD, 0xAD, 0xAD, 0xAD, 0xAD, 0xAD, 0xAD, 0xAD, 0xAD, 0xAD, 0xAD
    .byte 0xAD, 0xAD, 0xAD, 0xAD, 0xAD, 0xAD, 0xAD, 0xAD, 0xAD, 0xAD, 0xAD, 0xAD, 0xAD, 0xAD, 0xAD, 0xAD, 0xAD, 0xAD, 0xAD, 0xAD, 0xAD, 0xAD, 0xAD, 0xAD, 0xAD, 0xAD, 0xAD, 0xAD, 0xAD, 0xAD, 0xAD, 0xAD
    .byte 0xAD, 0xAD, 0xAD, 0xAD, 0xAD, 0xAD, 0xAD, 0xAD, 0xAD, 0xAD, 0xAD, 0xAD, 0xAD, 0xAD, 0xAD, 0xAD, 0xAD, 0xAD, 0xAD, 0xAD, 0xAD, 0xAD, 0xAD, 0xAD, 0xAD, 0xAD, 0xAD, 0xAD, 0xAD, 0xAD, 0xAD, 0xAD
    .byte 0xAD, 0xAD, 0xAD, 0xAD, 0xAD, 0xAD, 0xAD, 0xAD, 0xAD, 0xAD, 0xAD, 0xAD, 0xAD, 0xAD, 0xAD, 0xAD, 0xAD, 0xAD, 0xAD, 0xAD, 0xAD, 0xAD, 0xAD, 0xAD, 0xAD, 0xAD, 0xAD, 0xAD, 0xAD, 0xAD, 0xAD, 0xAD
    .byte 0xAD, 0xAD, 0xAD, 0xAD, 0xAD, 0xAD, 0xAD, 0xAD, 0xAD, 0xAD, 0xAD, 0xAD, 0xAD, 0xAD, 0xAD, 0xAD, 0xAD, 0xAD, 0xAD, 0xAD, 0xAD, 0xAD, 0xB6, 0xB6, 0xB6, 0xB6, 0xB6, 0xB6, 0xB6, 0xB6, 0xB6, 0xB6
    .byte 0xB6, 0xB6, 0xB6, 0xB6, 0xB6, 0xB6, 0xB6, 0xB6, 0xB6, 0xB6, 0xFF, 0xAD, 0xFF, 0xAD, 0xFF, 0xAD, 0xFF, 0xAD, 0xFF, 0xAD, 0xFF, 0xAD, 0xFF, 0xAD, 0xFF, 0xAD, 0xFF, 0xAD, 0xFF, 0xAD, 0xFF, 0xAD
    .byte 0xFF, 0xAD, 0xFF, 0xAD, 0xFF, 0xAD, 0xFF, 0xAD, 0xFF, 0xAD, 0xFF, 0x49, 0x49, 0x52, 0x52, 0x52, 0x52, 0x52, 0x52, 0x52, 0x52, 0x52, 0x52, 0x52, 0x52, 0x52, 0x52, 0x52, 0x52, 0x52, 0x52, 0x52
    .byte 0x52, 0x52, 0x52, 0x52, 0x52, 0x52, 0x52, 0x52, 0x52, 0x52, 0x49, 0x49, 0x49, 0x49, 0x49, 0x49, 0x49, 0x49, 0x49, 0x49, 0x51, 0x51, 0x51, 0x52, 0x52, 0x52, 0x5A, 0x49, 0x5A, 0x5A, 0x5A, 0x5A
    .byte 0x5A, 0x5A, 0x52, 0x5A, 0x5A, 0x5A, 0x5A, 0x5A, 0x5A, 0x5A, 0x49, 0x5A, 0x5A, 0x5A, 0x5A, 0x5A, 0x5A, 0x52, 0x52, 0x52, 0x52, 0x52, 0x52, 0x52, 0x52, 0x52, 0x52, 0x52, 0x52, 0x52, 0x52, 0x52
    .byte 0x52, 0x52, 0x52, 0x52, 0x52, 0x52, 0x52, 0x52, 0x52, 0x52, 0x52, 0x52, 0x52, 0x52, 0x49, 0x49, 0x49, 0x49, 0x49, 0x49, 0x49, 0x49, 0x49, 0x49, 0x49, 0x49, 0xA5, 0x5D, 0x54, 0x54, 0x54, 0x54
    .byte 0x54, 0x54, 0x54, 0x03, 0x5D, 0x03, 0x03, 0x03, 0x03, 0x03, 0x03, 0x03, 0xFF, 0xAD, 0xAE, 0xAD, 0xFF, 0xAD, 0xFF, 0xAD, 0xFF, 0xAD, 0xFF, 0xAD, 0xFF, 0xAD, 0xFF, 0xAD, 0xFF, 0xAD, 0xFF, 0xAD
    .byte 0xFF, 0xAD, 0xFF, 0xAD, 0xFF, 0xAD, 0xFF, 0xAD, 0xFF, 0xAD, 0xFF, 0xAD, 0xFF, 0xAD, 0xFF, 0xAD, 0xFF, 0xAD, 0xFF, 0xAD, 0xFF, 0xAD, 0xFF, 0xAD, 0xFF, 0xAD, 0xFF, 0xAD, 0xFF, 0xAD, 0xFF, 0xAD
    .byte 0xFF, 0xAD, 0xFF, 0xAD, 0xFF, 0xAD, 0xFF, 0xAD, 0xFF, 0xAD, 0xFF, 0xAD, 0xFF, 0xAD, 0xFF, 0xAD, 0xFF, 0xAD, 0xFF, 0xAD, 0xFF, 0xAD, 0xFF, 0xAD, 0xFF, 0xAD, 0xFF, 0xAD, 0xFF, 0xAD, 0xFF, 0xAD
    .byte 0xFF, 0xAD, 0xFF, 0xAD, 0xFF, 0xAD, 0xFF, 0xAD, 0xFF, 0xAD, 0xFF, 0xAD, 0xFF, 0xAD, 0xFF, 0xAD, 0xFF, 0xAD, 0xFF, 0xAD, 0xFF, 0xAD, 0xFF, 0xAD, 0xFF, 0xAD, 0xFF, 0xAD, 0xFF, 0xAD, 0xFF, 0xAD
    .byte 0xFF, 0xAD, 0xFF, 0xAD, 0xFF, 0xAD, 0xFF, 0xAD, 0xFF, 0xAD, 0xFF, 0xAD, 0xFF, 0xAD, 0xFF, 0xAD, 0xFF, 0xAD, 0xFF, 0xAD, 0xFF, 0xAD, 0xB6, 0xB6, 0xB6, 0xB6, 0xB6, 0xB6, 0xB6, 0xB6, 0xB6, 0xB6
    .byte 0xB6, 0xB6, 0xB6, 0xB6, 0xB6, 0xB6, 0xB6, 0xB6, 0xB6, 0xB6, 0xAD, 0xAD, 0xAD, 0xFF, 0xAD, 0xAD, 0xAD, 0xFF, 0xAD, 0xAD, 0xAD, 0xFF, 0xAD, 0xAD, 0xAD, 0xFF, 0xAD, 0xAD, 0xAD, 0xFF, 0xAD, 0xAD
    .byte 0xAD, 0xFF, 0xAD, 0xAD, 0xAD, 0xFF, 0xAD, 0xAD, 0xAD, 0xFF, 0xAD, 0x49, 0x49, 0x52, 0x52, 0x52, 0x52, 0x52, 0x52, 0x52, 0x52, 0x52, 0x52, 0x52, 0x52, 0x52, 0x52, 0x52, 0x52, 0x52, 0x52, 0x52
    .byte 0x52, 0x52, 0x52, 0x52, 0x52, 0x52, 0x52, 0x52, 0x52, 0x52, 0x49, 0x49, 0x49, 0x49, 0x49, 0x49, 0x49, 0x49, 0x49, 0x49, 0x52, 0x52, 0x52, 0x5A, 0x52, 0x52, 0x49, 0x49, 0x5A, 0x49, 0x5A, 0x5A
    .byte 0x5A, 0x5A, 0x5A, 0x5A, 0x5A, 0x51, 0x5A, 0x5A, 0x5A, 0x49, 0x49, 0x49, 0x52, 0x5A, 0x5A, 0x5A, 0x5A, 0x5A, 0x5A, 0x52, 0x52, 0x52, 0x52, 0x52, 0x52, 0x52, 0x52, 0x52, 0x52, 0x52, 0x52, 0x52
    .byte 0x52, 0x52, 0x52, 0x52, 0x52, 0x52, 0x52, 0x52, 0x52, 0x52, 0x52, 0x52, 0x52, 0x52, 0x49, 0x49, 0x49, 0x49, 0x49, 0x49, 0x49, 0x49, 0x49, 0x49, 0x49, 0x49, 0xAD, 0xAD, 0xAE, 0x54, 0x54, 0x54
    .byte 0x03, 0x03, 0x03, 0x03, 0x03, 0x03, 0xA5, 0xA5, 0x5D, 0x03, 0x03, 0x03, 0x9D, 0xAE, 0xAE, 0xAD, 0xAD, 0xFF, 0xAD, 0xAD, 0xAD, 0xFF, 0xAD, 0xAD, 0xAD, 0xFF, 0xAD, 0xAD, 0xAD, 0xFF, 0xAD, 0xAD
    .byte 0xAD, 0xFF, 0xAD, 0xAD, 0xAD, 0xFF, 0xAD, 0xAD, 0xAD, 0xFF, 0xAD, 0xAD, 0xAD, 0xFF, 0xAD, 0xAD, 0xAD, 0xFF, 0xAD, 0xAD, 0xAD, 0xFF, 0xAD, 0xAD, 0xAD, 0xFF, 0xAD, 0xAD, 0xAD, 0xFF, 0xAD, 0xAD
    .byte 0xAD, 0xFF, 0xAD, 0xAD, 0xAD, 0xFF, 0xAD, 0xAD, 0xAD, 0xFF, 0xAD, 0xAD, 0xAD, 0xFF, 0xAD, 0xAD, 0xAD, 0xFF, 0xAD, 0xAD, 0xAD, 0xFF, 0xAD, 0xAD, 0xAD, 0xFF, 0xAD, 0xAD, 0xAD, 0xFF, 0xAD, 0xAD
    .byte 0xAD, 0xFF, 0xAD, 0xAD, 0xAD, 0xFF, 0xAD, 0xAD, 0xAD, 0xFF, 0xAD, 0xAD, 0xAD, 0xFF, 0xAD, 0xAD, 0xAD, 0xFF, 0xAD, 0xAD, 0xAD, 0xFF, 0xAD, 0xAD, 0xAD, 0xFF, 0xAD, 0xAD, 0xAD, 0xFF, 0xAD, 0xAD
    .byte 0xAD, 0xFF, 0xAD, 0xAD, 0xAD, 0xFF, 0xAD, 0xAD, 0xAD, 0xFF, 0xAD, 0xAD, 0xAD, 0xFF, 0xAD, 0xAD, 0xAD, 0xFF, 0xAD, 0xAD, 0xAD, 0xFF, 0xB6, 0xB6, 0xB6, 0xB6, 0xB6, 0xB6, 0xB6, 0xB6, 0xB6, 0xB6
    .byte 0xB6, 0xB6, 0xB6, 0xB6, 0xB6, 0xB6, 0xB6, 0xB6, 0xB6, 0xB6, 0xFF, 0xAD, 0xFF, 0xAD, 0xFF, 0xAD, 0xFF, 0xAD, 0xFF, 0xAD, 0xFF, 0xAD, 0xFF, 0xAD, 0xFF, 0xAD, 0xFF, 0xAD, 0xFF, 0xAD, 0xFF, 0xAD
    .byte 0xFF, 0xAD, 0xFF, 0xAD, 0xFF, 0xAD, 0xFF, 0xAD, 0xFF, 0xAD, 0xFF, 0x49, 0x49, 0x52, 0x52, 0x52, 0x52, 0x52, 0x52, 0x52, 0x52, 0x52, 0x52, 0x52, 0x52, 0x52, 0x52, 0x52, 0x52, 0x52, 0x52, 0x52
    .byte 0x52, 0x52, 0x52, 0x52, 0x52, 0x52, 0x52, 0x52, 0x52, 0x52, 0x49, 0x49, 0x49, 0x49, 0x49, 0x49, 0x49, 0x49, 0x49, 0x49, 0x52, 0x52, 0x52, 0x52, 0x5A, 0x5A, 0x49, 0x5A, 0x49, 0x5A, 0x5A, 0x5A
    .byte 0x5A, 0x5A, 0x5A, 0x5A, 0x5A, 0x5A, 0x51, 0x5A, 0x5A, 0x5A, 0x49, 0x5A, 0x5A, 0x5A, 0x5A, 0x5A, 0x5A, 0x5A, 0x5A, 0x52, 0x52, 0x52, 0x52, 0x52, 0x52, 0x52, 0x52, 0x52, 0x52, 0x52, 0x52, 0x52
    .byte 0x52, 0x52, 0x52, 0x52, 0x52, 0x52, 0x52, 0x52, 0x52, 0x52, 0x52, 0x52, 0x52, 0x52, 0x49, 0x49, 0x49, 0x49, 0x49, 0x49, 0x49, 0x49, 0x49, 0x49, 0x49, 0x49, 0x5D, 0xAD, 0xAE, 0xA5, 0x54, 0x03
    .byte 0x03, 0x03, 0x9D, 0x9D, 0x03, 0x03, 0x5D, 0x03, 0x03, 0x03, 0x03, 0x03, 0x03, 0xAD, 0xFF, 0xAD, 0xFF, 0xAD, 0xFF, 0xAD, 0xFF, 0xAD, 0xFF, 0xAD, 0xFF, 0xAD, 0xFF, 0xAD, 0xFF, 0xAD, 0xFF, 0xAD
    .byte 0xFF, 0xAD, 0xFF, 0xAD, 0xFF, 0xAD, 0xFF, 0xAD, 0xFF, 0xAD, 0xFF, 0xAD, 0xFF, 0xAD, 0xFF, 0xAD, 0xFF, 0xAD, 0xFF, 0xAD, 0xFF, 0xAD, 0xFF, 0xAD, 0xFF, 0xAD, 0xFF, 0xAD, 0xFF, 0xAD, 0xFF, 0xAD
    .byte 0xFF, 0xAD, 0xFF, 0xAD, 0xFF, 0xAD, 0xFF, 0xAD, 0xFF, 0xAD, 0xFF, 0xAD, 0xFF, 0xAD, 0xFF, 0xAD, 0xFF, 0xAD, 0xFF, 0xAD, 0xFF, 0xAD, 0xFF, 0xAD, 0xFF, 0xAD, 0xFF, 0xAD, 0xFF, 0xAD, 0xFF, 0xAD
    .byte 0xFF, 0xAD, 0xFF, 0xAD, 0xFF, 0xAD, 0xFF, 0xAD, 0xFF, 0xAD, 0xFF, 0xAD, 0xFF, 0xAD, 0xFF, 0xAD, 0xFF, 0xAD, 0xFF, 0xAD, 0xFF, 0xAD, 0xFF, 0xAD, 0xFF, 0xAD, 0xFF, 0xAD, 0xFF, 0xAD, 0xFF, 0xAD
    .byte 0xFF, 0xAD, 0xFF, 0xAD, 0xFF, 0xAD, 0xFF, 0xAD, 0xFF, 0xAD, 0xFF, 0xAD, 0xFF, 0xAD, 0xFF, 0xAD, 0xFF, 0xAD, 0xFF, 0xAD, 0xFF, 0xAD, 0xB6, 0xB6, 0xB6, 0xB6, 0xB6, 0xB6, 0xB6, 0xB6, 0xB6, 0xB6
    .byte 0xB6, 0xB6, 0xB6, 0xB6, 0xB6, 0xB6, 0xB6, 0xB6, 0xB6, 0xB6, 0xAD, 0xAD, 0xAD, 0xAD, 0xAD, 0xAD, 0xAD, 0xAD, 0xAD, 0xAD, 0xAD, 0xAD, 0xAD, 0xAD, 0xAD, 0xAD, 0xAD, 0xAD, 0xAD, 0xAD, 0xAD, 0xAD
    .byte 0xAD, 0xAD, 0xAD, 0xAD, 0xAD, 0xAD, 0xAD, 0xAD, 0xAD, 0xAD, 0xAD, 0x49, 0x49, 0x52, 0x52, 0x52, 0x52, 0x52, 0x52, 0x52, 0x52, 0x52, 0x52, 0x52, 0x52, 0x52, 0x52, 0x52, 0x52, 0x52, 0x52, 0x52
    .byte 0x52, 0x52, 0x52, 0x52, 0x52, 0x52, 0x52, 0x52, 0x52, 0x52, 0x49, 0x49, 0x49, 0x49, 0x49, 0x49, 0x49, 0x49, 0x49, 0x49, 0x52, 0x52, 0x52, 0x5A, 0x5A, 0x5A, 0x5A, 0x52, 0x49, 0x5A, 0x49, 0x5A
    .byte 0x5A, 0x5A, 0x5A, 0x5A, 0x5A, 0x5A, 0x5A, 0x5A, 0x5A, 0x49, 0x5A, 0x5A, 0x5A, 0x5A, 0x5A, 0x5A, 0x52, 0x52, 0x52, 0x52, 0x52, 0x52, 0x52, 0x52, 0x52, 0x52, 0x52, 0x52, 0x52, 0x52, 0x52, 0x52
    .byte 0x52, 0x52, 0x52, 0x52, 0x52, 0x52, 0x52, 0x52, 0x52, 0x52, 0x52, 0x52, 0x52, 0x52, 0x49, 0x49, 0x49, 0x49, 0x49, 0x49, 0x49, 0x49, 0x49, 0x49, 0x49, 0x49, 0xAD, 0xAD, 0x5D, 0x03, 0x03, 0xAD
    .byte 0x03, 0x03, 0x03, 0x03, 0x03, 0x03, 0x5D, 0x03, 0x03, 0x03, 0x03, 0x03, 0xAD, 0xA5, 0xAD, 0xAD, 0xAD, 0xAD, 0xAD, 0xAD, 0xAD, 0xAD, 0xAD, 0xAD, 0xAD, 0xAD, 0xAD, 0xAD, 0xAD, 0xAD, 0xAD, 0xAD
    .byte 0xAD, 0xAD, 0xAD, 0xAD, 0xAD, 0xAD, 0xAD, 0xAD, 0xAD, 0xAD, 0xAD, 0xAD, 0xAD, 0xAD, 0xAD, 0xAD, 0xAD, 0xAD, 0xAD, 0xAD, 0xAD, 0xAD, 0xAD, 0xAD, 0xAD, 0xAD, 0xAD, 0xAD, 0xAD, 0xAD, 0xAD, 0xAD
    .byte 0xAD, 0xAD, 0xAD, 0xAD, 0xAD, 0xAD, 0xAD, 0xAD, 0xAD, 0xAD, 0xAD, 0xAD, 0xAD, 0xAD, 0xAD, 0xAD, 0xAD, 0xAD, 0xAD, 0xAD, 0xAD, 0xAD, 0xAD, 0xAD, 0xAD, 0xAD, 0xAD, 0xAD, 0xAD, 0xAD, 0xAD, 0xAD
    .byte 0xAD, 0xAD, 0xAD, 0xAD, 0xAD, 0xAD, 0xAD, 0xAD, 0xAD, 0xAD, 0xAD, 0xAD, 0xAD, 0xAD, 0xAD, 0xAD, 0xAD, 0xAD, 0xAD, 0xAD, 0xAD, 0xAD, 0xAD, 0xAD, 0xAD, 0xAD, 0xAD, 0xAD, 0xAD, 0xAD, 0xAD, 0xAD
    .byte 0xAD, 0xAD, 0xAD, 0xAD, 0xAD, 0xAD, 0xAD, 0xAD, 0xAD, 0xAD, 0xAD, 0xAD, 0xAD, 0xAD, 0xAD, 0xAD, 0xAD, 0xAD, 0xAD, 0xAD, 0xAD, 0xAD, 0xB6, 0xB6, 0xB6, 0xB6, 0xB6, 0xB6, 0xB6, 0xB6, 0xB6, 0xB6
    .byte 0xB6, 0xB6, 0xB6, 0xB6, 0xB6, 0xB6, 0xB6, 0xB6, 0xB6, 0xB6, 0xFF, 0xAD, 0xFF, 0xAD, 0xFF, 0xAD, 0xFF, 0xAD, 0xFF, 0xAD, 0xFF, 0xAD, 0xFF, 0xAD, 0xFF, 0xAD, 0xFF, 0xAD, 0xFF, 0xAD, 0xFF, 0xAD
    .byte 0xFF, 0xAD, 0xFF, 0xAD, 0xFF, 0xAD, 0xFF, 0xAD, 0xFF, 0xAD, 0xFF, 0x49, 0x49, 0x52, 0x52, 0x52, 0x52, 0x52, 0x52, 0x52, 0x52, 0x52, 0x52, 0x52, 0x52, 0x52, 0x52, 0x52, 0x52, 0x52, 0x52, 0x52
    .byte 0x52, 0x52, 0x52, 0x52, 0x52, 0x52, 0x52, 0x52, 0x52, 0x52, 0x49, 0x49, 0x49, 0x49, 0x49, 0x49, 0x49, 0x49, 0x49, 0x49, 0x52, 0x52, 0x5A, 0x5A, 0x5A, 0x5A, 0x52, 0x5A, 0x5A, 0x49, 0x5A, 0x5A
    .byte 0x5A, 0x5A, 0x5A, 0x5A, 0x5A, 0x5A, 0x5A, 0x5A, 0x5A, 0x49, 0x49, 0x5A, 0x5A, 0x52, 0x5A, 0x52, 0x5A, 0x52, 0x52, 0x52, 0x52, 0x52, 0x52, 0x52, 0x52, 0x52, 0x52, 0x52, 0x52, 0x52, 0x52, 0x52
    .byte 0x52, 0x52, 0x52, 0x52, 0x52, 0x52, 0x52, 0x52, 0x52, 0x52, 0x52, 0x52, 0x52, 0x52, 0x49, 0x49, 0x49, 0x49, 0x49, 0x49, 0x49, 0x49, 0x49, 0x49, 0x49, 0x49, 0x5D, 0xAD, 0x03, 0x03, 0x03, 0x03
    .byte 0x5D, 0x03, 0x03, 0x03, 0x03, 0x03, 0x03, 0x03, 0x03, 0x03, 0x5D, 0xAD, 0xAD, 0xA5, 0xA5, 0xAD, 0xFF, 0xAD, 0xFF, 0xAD, 0xFF, 0xAD, 0xFF, 0xAD, 0xFF, 0xAD, 0xFF, 0xAD, 0xFF, 0xAD, 0xFF, 0xAD
    .byte 0xFF, 0xAD, 0xFF, 0xAD, 0xFF, 0xAD, 0xFF, 0xAD, 0xFF, 0xAD, 0xFF, 0xAD, 0xFF, 0xAD, 0xFF, 0xAD, 0xFF, 0xAD, 0xFF, 0xAD, 0xFF, 0xAD, 0xFF, 0xAD, 0xFF, 0xAD, 0xFF, 0xAD, 0xFF, 0xAD, 0xFF, 0xAD
    .byte 0xFF, 0xAD, 0xFF, 0xAD, 0xFF, 0xAD, 0xFF, 0xAD, 0xFF, 0xAD, 0xFF, 0x00, 0x00, 0x00, 0x00, 0x00, 0x00, 0x00, 0x00, 0x00, 0x00, 0x00, 0x00, 0x00, 0x00, 0x00, 0x00, 0x00, 0x00, 0x00, 0x00, 0x00
    .byte 0x00, 0x00, 0x00, 0x00, 0x00, 0x00, 0x00, 0x00, 0x00, 0x00, 0x00, 0x00, 0x00, 0x00, 0x00, 0x00, 0x00, 0x00, 0x00, 0x00, 0x00, 0x00, 0x00, 0x00, 0x00, 0x00, 0x00, 0x00, 0x09, 0xAD, 0xFF, 0xAD
    .byte 0xFF, 0xAD, 0xFF, 0xAD, 0xFF, 0xAD, 0xFF, 0xAD, 0xFF, 0xAD, 0xFF, 0xAD, 0xFF, 0xAD, 0xFF, 0xAD, 0xFF, 0xAD, 0xFF, 0xAD, 0xFF, 0xAD, 0xB6, 0xB6, 0xB6, 0xB6, 0xB6, 0xB6, 0xB6, 0xB6, 0xB6, 0xB6
    .byte 0xB6, 0xB6, 0xB6, 0xB6, 0xB6, 0xB6, 0xB6, 0xB6, 0xB6, 0xB6, 0xAD, 0xAD, 0xAD, 0xFF, 0xAD, 0xAD, 0xAD, 0xFF, 0xAD, 0xAD, 0xAD, 0xFF, 0xAD, 0xAD, 0xAD, 0xFF, 0xAD, 0xAD, 0xAD, 0xFF, 0xAD, 0xAD
    .byte 0xAD, 0xFF, 0xAD, 0xAD, 0xAD, 0xFF, 0xAD, 0xAD, 0xAD, 0xFF, 0xAD, 0x49, 0x49, 0x52, 0x52, 0x52, 0x52, 0x52, 0x52, 0x52, 0x52, 0x52, 0x52, 0x52, 0x52, 0x52, 0x52, 0x52, 0x52, 0x52, 0x52, 0x52
    .byte 0x52, 0x52, 0x52, 0x52, 0x52, 0x52, 0x52, 0x52, 0x52, 0x52, 0x49, 0x49, 0x49, 0x49, 0x49, 0x49, 0x49, 0x49, 0x49, 0x49, 0x52, 0x52, 0x52, 0x5A, 0x5A, 0x5A, 0x5A, 0x5A, 0x52, 0x49, 0x49, 0x5A
    .byte 0x5A, 0x5A, 0x5A, 0x5A, 0x5A, 0x5A, 0x5A, 0x5A, 0x5A, 0x5A, 0x5A, 0x5A, 0x5A, 0x5A, 0x5A, 0x5A, 0x5A, 0x52, 0x5A, 0x5A, 0x52, 0x52, 0x52, 0x52, 0x52, 0x52, 0x52, 0x52, 0x52, 0x52, 0x52, 0x52
    .byte 0x52, 0x52, 0x52, 0x52, 0x52, 0x52, 0x52, 0x52, 0x52, 0x52, 0x52, 0x52, 0x52, 0x52, 0x49, 0x49, 0x49, 0x49, 0x49, 0x49, 0x49, 0x49, 0x49, 0x49, 0x49, 0x49, 0x5D, 0xA5, 0x03, 0x03, 0x03, 0x03
    .byte 0x03, 0x03, 0x03, 0x03, 0x03, 0x03, 0x03, 0x03, 0xA5, 0x03, 0x5D, 0x54, 0x5D, 0xA5, 0xAD, 0xAD, 0xAD, 0xAD, 0xAD, 0xAD, 0xAD, 0xFF, 0xAD, 0xAD, 0xAD, 0xFF, 0xAD, 0xAD, 0xAD, 0xFF, 0xAD, 0xAD
    .byte 0xAD, 0xFF, 0xAD, 0xAD, 0xAD, 0xFF, 0xAD, 0xAD, 0xAD, 0xFF, 0xAD, 0xAD, 0xAD, 0xFF, 0xAD, 0xAD, 0xAD, 0xFF, 0xAD, 0xAD, 0xAD, 0xFF, 0xAD, 0xAD, 0xAD, 0xFF, 0xAD, 0xAD, 0xAD, 0xFF, 0xAD, 0xAD
    .byte 0xAD, 0xFF, 0xAD, 0xAD, 0xAD, 0xFF, 0xAD, 0xAD, 0xAD, 0xFF, 0xAD, 0x00, 0x00, 0x00, 0x00, 0x00, 0x00, 0x00, 0x00, 0x00, 0x00, 0x00, 0x00, 0x00, 0x00, 0x00, 0x00, 0x00, 0x00, 0x00, 0x00, 0x00
    .byte 0x00, 0x00, 0x00, 0x00, 0x00, 0x00, 0x00, 0x00, 0x00, 0x00, 0x00, 0x00, 0x00, 0x00, 0x00, 0x00, 0x00, 0x00, 0x00, 0x00, 0x00, 0x00, 0x00, 0x00, 0x00, 0x00, 0x00, 0x00, 0x09, 0xFF, 0xAD, 0xAD
    .byte 0xAD, 0xFF, 0xAD, 0xAD, 0xAD, 0xFF, 0xAD, 0xAD, 0xAD, 0xFF, 0xAD, 0xAD, 0xAD, 0xFF, 0xAD, 0xAD, 0xAD, 0xFF, 0xAD, 0xAD, 0xAD, 0xFF, 0xB6, 0xB6, 0xB6, 0xB6, 0xB6, 0xB6, 0xB6, 0xB6, 0xB6, 0xB6
    .byte 0xB6, 0xB6, 0xB6, 0xB6, 0xB6, 0xB6, 0xB6, 0xB6, 0xB6, 0xB6, 0xFF, 0xAD, 0xFF, 0xAD, 0xFF, 0xAD, 0xFF, 0xAD, 0xFF, 0xAD, 0xFF, 0xAD, 0xFF, 0xAD, 0xFF, 0xAD, 0xFF, 0xAD, 0xFF, 0xAD, 0xFF, 0xAD
    .byte 0xFF, 0xAD, 0xFF, 0xAD, 0xFF, 0xAD, 0xFF, 0xAD, 0xFF, 0xAD, 0xFF, 0x49, 0x49, 0x52, 0x52, 0x52, 0x52, 0x52, 0x52, 0x52, 0x52, 0x52, 0x52, 0x52, 0x52, 0x52, 0x52, 0x52, 0x52, 0x52, 0x52, 0x52
    .byte 0x52, 0x52, 0x52, 0x52, 0x52, 0x52, 0x52, 0x52, 0x52, 0x52, 0x49, 0x49, 0x49, 0x49, 0x49, 0x49, 0x49, 0x49, 0x49, 0x49, 0x49, 0x49, 0x49, 0x5A, 0x5A, 0x5A, 0x5A, 0x5A, 0x5A, 0x49, 0x49, 0x5A
    .byte 0x5A, 0x5A, 0x5A, 0x5A, 0x5A, 0x5A, 0x5A, 0x5A, 0x5A, 0x5A, 0x5A, 0x49, 0x5A, 0x5A, 0x52, 0x5A, 0x5A, 0x5A, 0x52, 0x5A, 0x52, 0x52, 0x52, 0x52, 0x52, 0x52, 0x52, 0x52, 0x52, 0x52, 0x52, 0x52
    .byte 0x52, 0x52, 0x52, 0x52, 0x52, 0x52, 0x52, 0x52, 0x52, 0x52, 0x52, 0x52, 0x52, 0x52, 0x49, 0x49, 0x49, 0x49, 0x49, 0x49, 0x49, 0x49, 0x49, 0x49, 0x49, 0x49, 0x5D, 0x03, 0x03, 0x03, 0x03, 0x03
    .byte 0x03, 0x03, 0x03, 0x03, 0x03, 0x03, 0x5D, 0x03, 0xA5, 0x5D, 0x54, 0xAD, 0x54, 0x9D, 0xFF, 0xA5, 0xFF, 0xAD, 0xFF, 0xAD, 0xFF, 0xAD, 0xFF, 0xAD, 0xFF, 0xAD, 0xFF, 0xAD, 0xFF, 0xAD, 0xFF, 0xAD
    .byte 0xFF, 0xAD, 0xFF, 0xAD, 0xFF, 0xAD, 0xFF, 0xAD, 0xFF, 0xAD, 0xFF, 0xAD, 0xFF, 0xAD, 0xFF, 0xAD, 0xFF, 0xAD, 0xFF, 0xAD, 0xFF, 0xAD, 0xFF, 0xAD, 0xFF, 0xAD, 0xFF, 0xAD, 0xFF, 0xAD, 0xFF, 0xAD
    .byte 0xFF, 0xAD, 0xFF, 0xAD, 0xFF, 0xAD, 0xFF, 0xAD, 0xFF, 0xAD, 0xFF, 0x00, 0x00, 0x09, 0x09, 0x09, 0x09, 0x09, 0x09, 0x09, 0x09, 0x09, 0x09, 0x09, 0x09, 0x09, 0x09, 0x09, 0x09, 0x09, 0x09, 0x09
    .byte 0x09, 0x09, 0x09, 0x09, 0x09, 0x09, 0x09, 0x09, 0x09, 0x09, 0x09, 0x09, 0x09, 0x09, 0x09, 0x09, 0x09, 0x09, 0x09, 0x09, 0x09, 0x09, 0x09, 0x09, 0x09, 0x09, 0x09, 0x09, 0x09, 0xAD, 0xFF, 0xAD
    .byte 0xFF, 0xAD, 0xFF, 0xAD, 0xFF, 0xAD, 0xFF, 0xAD, 0xFF, 0xAD, 0xFF, 0xAD, 0xFF, 0xAD, 0xFF, 0xAD, 0xFF, 0xAD, 0xFF, 0xAD, 0xFF, 0xAD, 0xB6, 0xB6, 0xB6, 0xB6, 0xB6, 0xB6, 0xB6, 0xB6, 0xB6, 0xB6
    .byte 0xB6, 0xB6, 0xB6, 0xB6, 0xB6, 0xB6, 0xB6, 0xB6, 0xB6, 0xB6, 0xAD, 0xAD, 0xAD, 0xAD, 0xAD, 0xAD, 0xAD, 0xAD, 0xAD, 0xAD, 0xAD, 0xAD, 0xAD, 0xAD, 0xAD, 0xAD, 0xAD, 0xAD, 0xAD, 0xAD, 0xAD, 0xAD
    .byte 0xAD, 0xAD, 0xAD, 0xAD, 0xAD, 0xAD, 0xAD, 0xAD, 0xAD, 0xAD, 0xAD, 0x49, 0x49, 0x52, 0x52, 0x52, 0x52, 0x52, 0x52, 0x52, 0x52, 0x52, 0x52, 0x52, 0x52, 0x52, 0x52, 0x52, 0x52, 0x52, 0x52, 0x52
    .byte 0x52, 0x52, 0x52, 0x52, 0x52, 0x52, 0x52, 0x52, 0x52, 0x52, 0x49, 0x49, 0x49, 0x49, 0x49, 0x49, 0x49, 0x49, 0x49, 0x49, 0x49, 0x49, 0x49, 0x52, 0x5A, 0x5A, 0x5A, 0x5A, 0x52, 0x49, 0x5A, 0x5A
    .byte 0x49, 0x5A, 0x5A, 0x5A, 0x5A, 0x5A, 0x5A, 0x5A, 0x5A, 0x5A, 0x5A, 0x5A, 0x5A, 0x5A, 0x5A, 0x5A, 0x5A, 0x5A, 0x52, 0x5A, 0x52, 0x52, 0x52, 0x52, 0x52, 0x52, 0x52, 0x52, 0x52, 0x52, 0x52, 0x52
    .byte 0x52, 0x52, 0x52, 0x52, 0x52, 0x52, 0x52, 0x52, 0x52, 0x52, 0x52, 0x52, 0x52, 0x52, 0x49, 0x49, 0x49, 0x49, 0x49, 0x49, 0x49, 0x49, 0x49, 0x49, 0x49, 0x49, 0x5D, 0x03, 0x03, 0x03, 0x03, 0x03
    .byte 0x03, 0x03, 0x03, 0x03, 0x03, 0x03, 0x03, 0x9D, 0xAD, 0xAD, 0x54, 0x5D, 0x03, 0x54, 0xA5, 0x5D, 0x5D, 0xAD, 0xAD, 0xAE, 0xAD, 0xAD, 0xAD, 0xAD, 0xAD, 0xAD, 0xAD, 0xAD, 0xAD, 0xAD, 0xAD, 0xAD
    .byte 0xAD, 0xAD, 0xAD, 0xAD, 0xAD, 0xAD, 0xAD, 0xAD, 0xAD, 0xAD, 0xAD, 0xAD, 0xAD, 0xAD, 0xAD, 0xAD, 0xAD, 0xAD, 0xAD, 0xAD, 0xAD, 0xAD, 0xAD, 0xAD, 0xAD, 0xAD, 0xAD, 0xAD, 0xAD, 0xAD, 0xAD, 0xAD
    .byte 0xAD, 0xAD, 0xAD, 0xAD, 0xAD, 0xAD, 0xAD, 0xAD, 0xAD, 0xAD, 0xAD, 0x00, 0x00, 0x09, 0x09, 0x09, 0x09, 0x09, 0x09, 0x09, 0x09, 0x09, 0x09, 0x09, 0x09, 0x09, 0x09, 0x09, 0x09, 0x09, 0x09, 0x09
    .byte 0x09, 0x09, 0x09, 0x09, 0x09, 0x09, 0x09, 0x09, 0x09, 0x09, 0x09, 0x09, 0x09, 0x09, 0x09, 0x09, 0x09, 0x09, 0x09, 0x09, 0x09, 0x09, 0x09, 0x09, 0x09, 0x09, 0x09, 0x09, 0x09, 0xAD, 0xAD, 0xAD
    .byte 0xAD, 0xAD, 0xAD, 0xAD, 0xAD, 0xAD, 0xAD, 0xAD, 0xAD, 0xAD, 0xAD, 0xAD, 0xAD, 0xAD, 0xAD, 0xAD, 0xAD, 0xAD, 0xAD, 0xAD, 0xAD, 0xAD, 0xB6, 0xB6, 0xB6, 0xB6, 0xB6, 0xB6, 0xB6, 0xB6, 0xB6, 0xB6
    .byte 0xB6, 0xB6, 0xB6, 0xB6, 0xB6, 0xB6, 0xB6, 0xB6, 0xB6, 0xB6, 0xFF, 0xAD, 0xFF, 0xAD, 0xFF, 0xAD, 0xFF, 0xAD, 0xFF, 0xAD, 0xFF, 0xAD, 0xFF, 0xAD, 0xFF, 0xAD, 0xFF, 0xAD, 0xFF, 0xAD, 0xFF, 0xAD
    .byte 0xFF, 0xAD, 0xFF, 0xAD, 0xFF, 0xAD, 0xFF, 0xAD, 0xFF, 0xAD, 0xFF, 0x49, 0x49, 0x52, 0x52, 0x52, 0x52, 0x52, 0x52, 0x52, 0x52, 0x52, 0x52, 0x52, 0x52, 0x52, 0x52, 0x52, 0x52, 0x52, 0x52, 0x52
    .byte 0x52, 0x52, 0x52, 0x52, 0x52, 0x52, 0x52, 0x52, 0x52, 0x52, 0x49, 0x49, 0x49, 0x49, 0x49, 0x49, 0x49, 0x49, 0x49, 0x49, 0x49, 0x49, 0x49, 0x52, 0x5A, 0x52, 0x5A, 0x5A, 0x5A, 0x52, 0x5A, 0x49
    .byte 0x5A, 0x5A, 0x5A, 0x5A, 0x5A, 0x5A, 0x5A, 0x5A, 0x52, 0x5A, 0x5A, 0x49, 0x52, 0x5A, 0x5A, 0x5A, 0x5A, 0x5A, 0x5A, 0x52, 0x52, 0x52, 0x52, 0x52, 0x52, 0x52, 0x52, 0x52, 0x52, 0x52, 0x52, 0x52
    .byte 0x52, 0x52, 0x52, 0x52, 0x52, 0x52, 0x52, 0x52, 0x52, 0x52, 0x52, 0x52, 0x52, 0x52, 0x49, 0x49, 0x49, 0x49, 0x49, 0x49, 0x49, 0x49, 0x49, 0x49, 0x49, 0x49, 0x54, 0x03, 0x03, 0x03, 0x03, 0x03
    .byte 0x03, 0xA5, 0x03, 0xA5, 0x03, 0x03, 0x03, 0x03, 0xA5, 0x03, 0x03, 0x03, 0x03, 0x03, 0x54, 0x03, 0xFF, 0xAD, 0xFF, 0xAE, 0xFF, 0xAD, 0xFF, 0xAD, 0xFF, 0xAD, 0xFF, 0xAD, 0xFF, 0xAD, 0xFF, 0xAD
    .byte 0xFF, 0xAD, 0xFF, 0xAD, 0xFF, 0xAD, 0xFF, 0xAD, 0xFF, 0xAD, 0xFF, 0xAD, 0xFF, 0xAD, 0xFF, 0xAD, 0xFF, 0xAD, 0xFF, 0xAD, 0xFF, 0xAD, 0xFF, 0xAD, 0xFF, 0xAD, 0xFF, 0xAD, 0xFF, 0xAD, 0xFF, 0xAD
    .byte 0xFF, 0xAD, 0xFF, 0xAD, 0xFF, 0xAD, 0xFF, 0xAD, 0xFF, 0xAD, 0xFF, 0x00, 0x00, 0x09, 0x09, 0x09, 0x09, 0x09, 0x09, 0x09, 0x09, 0x09, 0x09, 0x09, 0x09, 0x09, 0x09, 0x09, 0x09, 0x09, 0x09, 0x09
    .byte 0x09, 0x09, 0x09, 0x09, 0x09, 0x09, 0x09, 0x09, 0x09, 0x09, 0x09, 0x09, 0x09, 0x09, 0x09, 0x09, 0x09, 0x09, 0x09, 0x09, 0x09, 0x09, 0x09, 0x09, 0x09, 0x09, 0x09, 0x09, 0x09, 0xAD, 0xFF, 0xAD
    .byte 0xFF, 0xAD, 0xFF, 0xAD, 0xFF, 0xAD, 0xFF, 0xAD, 0xFF, 0xAD, 0xFF, 0xAD, 0xFF, 0xAD, 0xFF, 0xAD, 0xFF, 0xAD, 0xFF, 0xAD, 0xFF, 0xAD, 0xB6, 0xB6, 0xB6, 0xB6, 0xB6, 0xB6, 0xB6, 0xB6, 0xB6, 0xB6
    .byte 0xB6, 0xB6, 0xB6, 0xB6, 0xB6, 0xB6, 0xB6, 0xB6, 0xB6, 0xB6, 0xAD, 0xAD, 0xAD, 0xFF, 0xAD, 0xAD, 0xAD, 0xFF, 0xAD, 0xAD, 0xAD, 0xFF, 0xAD, 0xAD, 0xAD, 0xFF, 0xAD, 0xAD, 0xAD, 0xFF, 0xAD, 0xAD
    .byte 0xAD, 0xFF, 0xAD, 0xAD, 0xAD, 0xFF, 0xAD, 0xAD, 0xAD, 0xFF, 0xAD, 0x49, 0x49, 0x52, 0x52, 0x52, 0x52, 0x52, 0x52, 0x52, 0x52, 0x52, 0x52, 0x52, 0x52, 0x52, 0x52, 0x52, 0x52, 0x52, 0x52, 0x52
    .byte 0x52, 0x52, 0x52, 0x52, 0x52, 0x52, 0x52, 0x52, 0x52, 0x52, 0x52, 0x52, 0x52, 0x52, 0x52, 0x52, 0x52, 0x52, 0x52, 0x52, 0x52, 0x52, 0x52, 0x52, 0x52, 0x5A, 0x5A, 0x5A, 0x5A, 0x5A, 0x5A, 0x5A
    .byte 0x5A, 0x52, 0x5A, 0x52, 0x52, 0x5A, 0x5A, 0x5A, 0x5A, 0x5A, 0x5A, 0x5A, 0x5A, 0x52, 0x52, 0x52, 0x5A, 0x5A, 0x5A, 0x5A, 0x5A, 0x52, 0x52, 0x52, 0x52, 0x52, 0x52, 0x52, 0x52, 0x52, 0x52, 0x52
    .byte 0x52, 0x52, 0x52, 0x52, 0x52, 0x52, 0x52, 0x52, 0x52, 0x52, 0x52, 0x52, 0x52, 0x52, 0x49, 0x49, 0x49, 0x49, 0x49, 0x49, 0x49, 0x49, 0x49, 0x49, 0x49, 0x49, 0x54, 0x03, 0x03, 0x03, 0xAD, 0x03
    .byte 0x03, 0x03, 0x54, 0x03, 0x03, 0x03, 0x03, 0x03, 0x03, 0x03, 0x03, 0x54, 0x03, 0x03, 0x03, 0x03, 0x54, 0x03, 0xAE, 0xAD, 0xAD, 0xFF, 0xAD, 0xAD, 0xAD, 0xFF, 0xAD, 0xAD, 0xAD, 0xFF, 0xAD, 0xAD
    .byte 0xAD, 0xFF, 0xAD, 0xAD, 0xAD, 0xFF, 0xAD, 0xAD, 0xAD, 0xFF, 0xAD, 0xAD, 0xAD, 0xFF, 0xAD, 0xAD, 0xAD, 0xFF, 0xAD, 0xAD, 0xAD, 0xFF, 0xAD, 0xAD, 0xAD, 0xFF, 0xAD, 0xAD, 0xAD, 0xFF, 0xAD, 0xAD
    .byte 0xAD, 0xFF, 0xAD, 0xAD, 0xAD, 0xFF, 0xAD, 0xAD, 0xAD, 0xFF, 0xAD, 0x00, 0x00, 0x09, 0x09, 0x09, 0x09, 0x09, 0x09, 0x09, 0x09, 0x09, 0x09, 0x09, 0x09, 0x09, 0x09, 0x09, 0x09, 0x09, 0x09, 0x09
    .byte 0x09, 0x09, 0x09, 0x09, 0x09, 0x09, 0x09, 0x09, 0x09, 0x09, 0x09, 0x09, 0x09, 0x09, 0x09, 0x09, 0x09, 0x09, 0x09, 0x09, 0x09, 0x09, 0x09, 0x09, 0x09, 0x09, 0x09, 0x09, 0x09, 0xFF, 0xAD, 0xAD
    .byte 0xAD, 0xFF, 0xAD, 0xAD, 0xAD, 0xFF, 0xAD, 0xAD, 0xAD, 0xFF, 0xAD, 0xAD, 0xAD, 0xFF, 0xAD, 0xAD, 0xAD, 0xFF, 0xAD, 0xAD, 0xAD, 0xFF, 0xB6, 0xB6, 0xB6, 0xB6, 0xB6, 0xB6, 0xB6, 0xB6, 0xB6, 0xB6
    .byte 0xB6, 0xB6, 0xB6, 0xB6, 0xB6, 0xB6, 0xB6, 0xB6, 0xB6, 0xB6, 0xFF, 0xAD, 0xFF, 0xAD, 0xFF, 0xAD, 0xFF, 0xAD, 0xFF, 0xAD, 0xFF, 0xAD, 0xFF, 0xAD, 0xFF, 0xAD, 0xFF, 0xAD, 0xFF, 0xAD, 0xFF, 0xAD
    .byte 0xFF, 0xAD, 0xFF, 0xAD, 0xFF, 0xAD, 0xFF, 0xAD, 0xFF, 0xAD, 0xFF, 0x49, 0x49, 0x52, 0x52, 0x52, 0x52, 0x52, 0x52, 0x52, 0x52, 0x52, 0x52, 0x52, 0x52, 0x52, 0x52, 0x52, 0x52, 0x52, 0x52, 0x52
    .byte 0x52, 0x52, 0x52, 0x52, 0x52, 0x52, 0x52, 0x52, 0x52, 0x52, 0x52, 0x52, 0x52, 0x52, 0x52, 0x52, 0x52, 0x52, 0x52, 0x52, 0x52, 0x52, 0x52, 0x52, 0x52, 0x52, 0x5A, 0x5A, 0x5A, 0x5A, 0x52, 0x52
    .byte 0x5A, 0x52, 0x52, 0x5A, 0x5A, 0x5A, 0x5A, 0x5A, 0x5A, 0x5A, 0x5A, 0x5A, 0x5A, 0x5A, 0x5A, 0x5A, 0x5A, 0x5A, 0x5A, 0x52, 0x52, 0x52, 0x52, 0x52, 0x52, 0x52, 0x52, 0x52, 0x52, 0x52, 0x52, 0x52
    .byte 0x52, 0x52, 0x52, 0x52, 0x52, 0x52, 0x52, 0x52, 0x52, 0x52, 0x52, 0x52, 0x52, 0x52, 0x49, 0x49, 0x49, 0x49, 0x49, 0x49, 0x49, 0x49, 0x49, 0x49, 0x49, 0x49, 0x5D, 0x54, 0x03, 0x03, 0x03, 0x03
    .byte 0x03, 0x03, 0x03, 0x03, 0x03, 0x03, 0x03, 0x03, 0x03, 0x03, 0x03, 0x03, 0x5D, 0x03, 0x03, 0x54, 0x03, 0x03, 0xA5, 0x9D, 0xFF, 0xAD, 0xFF, 0xAD, 0xFF, 0xAD, 0xFF, 0xAD, 0xFF, 0xAD, 0xFF, 0xAD
    .byte 0xFF, 0xAD, 0xFF, 0xAD, 0xFF, 0xAD, 0xFF, 0xAD, 0xFF, 0xAD, 0xFF, 0xAD, 0xFF, 0xAD, 0xFF, 0xAD, 0xFF, 0xAD, 0xFF, 0xAD, 0xFF, 0xAD, 0xFF, 0xAD, 0xFF, 0xAD, 0xFF, 0xAD, 0xFF, 0xAD, 0xFF, 0xAD
    .byte 0xFF, 0xAD, 0xFF, 0xAD, 0xFF, 0xAD, 0xFF, 0xAD, 0xFF, 0xAD, 0xFF, 0x00, 0x00, 0x09, 0x09, 0x09, 0x09, 0x09, 0x09, 0x09, 0x09, 0x09, 0x09, 0x09, 0x09, 0x09, 0x09, 0x09, 0x09, 0x09, 0x09, 0x09
    .byte 0x09, 0x09, 0x09, 0x09, 0x09, 0x09, 0x09, 0x09, 0x09, 0x09, 0x09, 0x09, 0x09, 0x09, 0x09, 0x09, 0x09, 0x09, 0x09, 0x09, 0x09, 0x09, 0x09, 0x09, 0x09, 0x09, 0x09, 0x09, 0x09, 0xAD, 0xFF, 0xAD
    .byte 0xFF, 0xAD, 0xFF, 0xAD, 0xFF, 0xAD, 0xFF, 0xAD, 0xFF, 0xAD, 0xFF, 0xAD, 0xFF, 0xAD, 0xFF, 0xAD, 0xFF, 0xAD, 0xFF, 0xAD, 0xFF, 0xAD, 0xB6, 0xB6, 0xB6, 0xB6, 0xB6, 0xB6, 0xB6, 0xB6, 0xB6, 0xB6
    .byte 0xB6, 0xB6, 0xB6, 0xB6, 0xB6, 0xB6, 0xB6, 0xB6, 0xB6, 0xB6, 0xAD, 0xAD, 0xAD, 0xAD, 0xAD, 0xAD, 0xAD, 0xAD, 0xAD, 0xAD, 0xAD, 0xAD, 0xAD, 0xAD, 0xAD, 0xAD, 0xAD, 0xAD, 0xAD, 0xAD, 0xAD, 0xAD
    .byte 0xAD, 0xAD, 0xAD, 0xAD, 0xAD, 0xAD, 0xAD, 0xAD, 0xAD, 0xAD, 0xAD, 0x49, 0x49, 0x49, 0x49, 0x49, 0x49, 0x49, 0x49, 0x49, 0x49, 0x49, 0x49, 0x49, 0x49, 0x49, 0x49, 0x49, 0x49, 0x49, 0x49, 0x52
    .byte 0x52, 0x52, 0x52, 0x52, 0x52, 0x52, 0x52, 0x52, 0x52, 0x52, 0x52, 0x52, 0x52, 0x52, 0x52, 0x52, 0x52, 0x52, 0x52, 0x52, 0x52, 0x52, 0x52, 0x52, 0x52, 0x52, 0x52, 0x52, 0x52, 0x5A, 0x52, 0x52
    .byte 0x52, 0x5A, 0x5A, 0x5A, 0x5A, 0x5A, 0x5A, 0x5A, 0x5A, 0x5A, 0x5A, 0x5A, 0x52, 0x5A, 0x52, 0x5A, 0x5A, 0x5A, 0x5A, 0x5A, 0x5A, 0x5A, 0x52, 0x52, 0x52, 0x52, 0x52, 0x52, 0x52, 0x52, 0x49, 0x49
    .byte 0x49, 0x49, 0x49, 0x49, 0x49, 0x49, 0x49, 0x49, 0x49, 0x49, 0x49, 0x49, 0x49, 0x49, 0x49, 0x49, 0x49, 0x49, 0x49, 0x49, 0x49, 0x49, 0x49, 0x49, 0x49, 0x49, 0xAD, 0xAD, 0x03, 0x03, 0x03, 0x03
    .byte 0x03, 0x03, 0x03, 0x03, 0x03, 0x03, 0x03, 0x03, 0x03, 0x03, 0x03, 0x03, 0x03, 0x54, 0x03, 0x03, 0x03, 0x03, 0x03, 0x03, 0xAD, 0xAE, 0x03, 0xAD, 0x03, 0xAD, 0xAD, 0xAD, 0xAD, 0xAD, 0xAD, 0xAD
    .byte 0xAD, 0xAD, 0xAD, 0xAD, 0xAD, 0xAD, 0xAD, 0xAD, 0xAD, 0xAD, 0xAD, 0xAD, 0xAD, 0xAD, 0xAD, 0xAD, 0xAD, 0xAD, 0xAD, 0xAD, 0xAD, 0xAD, 0xAD, 0xAD, 0xAD, 0xAD, 0xAD, 0xAD, 0xAD, 0xAD, 0xAD, 0xAD
    .byte 0xAD, 0xAD, 0xAD, 0xAD, 0xAD, 0xAD, 0xAD, 0xAD, 0xAD, 0xAD, 0xAD, 0x00, 0x00, 0x09, 0x09, 0x09, 0x09, 0x09, 0x09, 0x09, 0x09, 0x09, 0x09, 0x09, 0x09, 0x09, 0x09, 0x09, 0x09, 0x09, 0x09, 0x09
    .byte 0x09, 0x09, 0x09, 0x09, 0x09, 0x09, 0x09, 0x09, 0x09, 0x09, 0x09, 0x09, 0x09, 0x09, 0x09, 0x09, 0x09, 0x09, 0x09, 0x09, 0x09, 0x09, 0x09, 0x09, 0x09, 0x09, 0x09, 0x09, 0x09, 0xAD, 0xAD, 0xAD
    .byte 0xAD, 0xAD, 0xAD, 0xAD, 0xAD, 0xAD, 0xAD, 0xAD, 0xAD, 0xAD, 0xAD, 0xAD, 0xAD, 0xAD, 0xAD, 0xAD, 0xAD, 0xAD, 0xAD, 0xAD, 0xAD, 0xAD, 0xB6, 0xB6, 0xB6, 0xB6, 0xB6, 0xB6, 0xB6, 0xB6, 0xB6, 0xB6
    .byte 0xB6, 0xB6, 0xB6, 0xB6, 0xB6, 0xB6, 0xB6, 0xB6, 0xB6, 0xB6, 0xFF, 0xAD, 0xFF, 0xAD, 0xFF, 0xAD, 0xFF, 0xAD, 0xFF, 0xAD, 0xFF, 0xAD, 0xFF, 0xAD, 0xFF, 0xAD, 0xFF, 0xAD, 0xFF, 0xAD, 0xFF, 0xAD
    .byte 0xFF, 0xAD, 0xFF, 0xAD, 0xFF, 0xAD, 0xFF, 0xAD, 0xFF, 0xAD, 0xFF, 0x49, 0x49, 0x49, 0x49, 0x49, 0x49, 0x49, 0x49, 0x49, 0x49, 0x49, 0x49, 0x49, 0x49, 0x49, 0x49, 0x49, 0x49, 0x49, 0x49, 0x52
    .byte 0x52, 0x52, 0x52, 0x52, 0x52, 0x52, 0x52, 0x52, 0x52, 0x52, 0x52, 0x52, 0x52, 0x52, 0x52, 0x52, 0x52, 0x52, 0x52, 0x52, 0x52, 0x52, 0x52, 0x52, 0x52, 0x52, 0x52, 0x52, 0x52, 0x52, 0x52, 0x52
    .byte 0x52, 0x52, 0x52, 0x5A, 0x5A, 0x52, 0x5A, 0x52, 0x5A, 0x5A, 0x5A, 0x52, 0x5A, 0x52, 0x5A, 0x52, 0x52, 0x52, 0x5A, 0x52, 0x52, 0x52, 0x52, 0x52, 0x52, 0x52, 0x52, 0x52, 0x52, 0x52, 0x49, 0x49
    .byte 0x49, 0x49, 0x49, 0x49, 0x49, 0x49, 0x49, 0x49, 0x49, 0x49, 0x49, 0x49, 0x49, 0x49, 0x49, 0x49, 0x49, 0x49, 0x49, 0x49, 0x49, 0x49, 0x49, 0x49, 0x49, 0x49, 0x5D, 0xAD, 0x03, 0x03, 0x03, 0x03
    .byte 0x03, 0x03, 0x03, 0x03, 0x03, 0x03, 0x03, 0x03, 0x03, 0x03, 0x03, 0x03, 0x03, 0x03, 0x03, 0x03, 0x03, 0x03, 0x9D, 0x03, 0x9D, 0x03, 0x03, 0xAD, 0x03, 0xAE, 0x03, 0x03, 0xFF, 0xAD, 0xFF, 0xAD
    .byte 0xFF, 0xAD, 0xFF, 0xAD, 0xFF, 0xAD, 0xFF, 0xAD, 0xFF, 0xAD, 0xFF, 0xAD, 0xFF, 0xAD, 0xFF, 0xAD, 0xFF, 0xAD, 0xFF, 0xAD, 0xFF, 0xAD, 0xFF, 0xAD, 0xFF, 0xAD, 0xFF, 0xAD, 0xFF, 0xAD, 0xFF, 0xAD
    .byte 0xFF, 0xAD, 0xFF, 0xAD, 0xFF, 0xAD, 0xFF, 0xAD, 0xFF, 0xAD, 0xFF, 0x00, 0x00, 0x09, 0x09, 0x09, 0x09, 0x09, 0x09, 0x09, 0x09, 0x09, 0x09, 0x09, 0x09, 0x09, 0x09, 0x09, 0x09, 0x09, 0x09, 0x09
    .byte 0x09, 0x09, 0x09, 0x09, 0x09, 0x09, 0x09, 0x09, 0x09, 0x09, 0x09, 0x09, 0x09, 0x09, 0x09, 0x09, 0x09, 0x09, 0x09, 0x09, 0x09, 0x09, 0x09, 0x09, 0x09, 0x09, 0x09, 0x09, 0x09, 0xAD, 0xFF, 0xAD
    .byte 0xFF, 0xAD, 0xFF, 0xAD, 0xFF, 0xAD, 0xFF, 0xAD, 0xFF, 0xAD, 0xFF, 0xAD, 0xFF, 0xAD, 0xFF, 0xAD, 0xFF, 0xAD, 0xFF, 0xAD, 0xFF, 0xAD, 0xB6, 0xB6, 0xB6, 0xB6, 0xB6, 0xB6, 0xB6, 0xB6, 0xB6, 0xB6
    .byte 0xB6, 0xB6, 0xB6, 0xB6, 0xB6, 0xB6, 0xB6, 0xB6, 0xB6, 0xB6, 0xAD, 0xAD, 0xAD, 0xFF, 0xAD, 0xAD, 0xAD, 0xFF, 0xAD, 0xAD, 0xAD, 0xFF, 0xAD, 0xAD, 0xAD, 0xFF, 0xAD, 0xAD, 0xAD, 0xFF, 0xAD, 0xAD
    .byte 0xAD, 0xFF, 0xAD, 0xAD, 0xAD, 0xFF, 0xAD, 0xAD, 0xAD, 0xFF, 0xAD, 0x49, 0x49, 0x49, 0x49, 0x49, 0x49, 0x49, 0x49, 0x49, 0x49, 0x49, 0x49, 0x49, 0x49, 0x49, 0x49, 0x49, 0x49, 0x49, 0x49, 0x52
    .byte 0x52, 0x52, 0x52, 0x52, 0x52, 0x52, 0x52, 0x52, 0x52, 0x52, 0x52, 0x52, 0x52, 0x52, 0x52, 0x52, 0x52, 0x52, 0x52, 0x52, 0x52, 0x52, 0x52, 0x52, 0x52, 0x52, 0x52, 0x52, 0x52, 0x52, 0x52, 0x52
    .byte 0x52, 0x52, 0x52, 0x52, 0x5A, 0x5A, 0x52, 0x5A, 0x52, 0x52, 0x52, 0x5A, 0x5A, 0x52, 0x5A, 0x52, 0x5A, 0x52, 0x52, 0x52, 0x52, 0x52, 0x52, 0x52, 0x52, 0x52, 0x52, 0x52, 0x52, 0x52, 0x49, 0x49
    .byte 0x49, 0x49, 0x49, 0x49, 0x49, 0x49, 0x49, 0x49, 0x49, 0x49, 0x49, 0x49, 0x49, 0x49, 0x49, 0x49, 0x49, 0x49, 0x49, 0x49, 0x49, 0x49, 0x49, 0x49, 0x49, 0x49, 0x5D, 0xAD, 0x03, 0x03, 0x5D, 0xAD
    .byte 0x03, 0x03, 0x03, 0x03, 0x03, 0x03, 0x03, 0x03, 0x03, 0x03, 0x03, 0x03, 0x03, 0x03, 0x03, 0x03, 0x03, 0x03, 0x03, 0x9D, 0x03, 0x03, 0x03, 0x03, 0xAD, 0x03, 0x03, 0xAD, 0xAD, 0xFF, 0xAD, 0xAD
    .byte 0xAD, 0xFF, 0xAD, 0xAD, 0xAD, 0xFF, 0xAD, 0xAD, 0xAD, 0xFF, 0xAD, 0xAD, 0xAD, 0xFF, 0xAD, 0xAD, 0xAD, 0xFF, 0xAD, 0xAD, 0xAD, 0xFF, 0xAD, 0xAD, 0xAD, 0xFF, 0xAD, 0xAD, 0xAD, 0xFF, 0xAD, 0xAD
    .byte 0xAD, 0xFF, 0xAD, 0xAD, 0xAD, 0xFF, 0xAD, 0xAD, 0xAD, 0xFF, 0xAD, 0x00, 0x00, 0x09, 0x09, 0x09, 0x09, 0x09, 0x09, 0x09, 0x09, 0x09, 0x09, 0x09, 0x09, 0x09, 0x09, 0x09, 0x09, 0x09, 0x09, 0x09
    .byte 0x09, 0x09, 0x09, 0x09, 0x09, 0x09, 0x09, 0x09, 0x09, 0x09, 0x09, 0x09, 0x09, 0x09, 0x09, 0x09, 0x09, 0x09, 0x09, 0x09, 0x09, 0x09, 0x09, 0x09, 0x09, 0x09, 0x09, 0x09, 0x09, 0xFF, 0xAD, 0xAD
    .byte 0xAD, 0xFF, 0xAD, 0xAD, 0xAD, 0xFF, 0xAD, 0xAD, 0xAD, 0xFF, 0xAD, 0xAD, 0xAD, 0xFF, 0xAD, 0xAD, 0xAD, 0xFF, 0xAD, 0xAD, 0xAD, 0xFF, 0xB6, 0xB6, 0xB6, 0xB6, 0xB6, 0xB6, 0xB6, 0xB6, 0xB6, 0xB6
    .byte 0xB6, 0xB6, 0xB6, 0xB6, 0xB6, 0xB6, 0xB6, 0xB6, 0xB6, 0xB6, 0xFF, 0xAD, 0xFF, 0xAD, 0xFF, 0xAD, 0xFF, 0xAD, 0xFF, 0xAD, 0xFF, 0xAD, 0xFF, 0xAD, 0xFF, 0xAD, 0xFF, 0xAD, 0xFF, 0xAD, 0xFF, 0xAD
    .byte 0xFF, 0xAD, 0xFF, 0xAD, 0xFF, 0xAD, 0xFF, 0xAD, 0xFF, 0xAD, 0xFF, 0x49, 0x49, 0x49, 0x49, 0x49, 0x49, 0x49, 0x49, 0x49, 0x49, 0x49, 0x49, 0x49, 0x49, 0x49, 0x49, 0x49, 0x49, 0x49, 0x49, 0x52
    .byte 0x52, 0x52, 0x52, 0x52, 0x52, 0x52, 0x52, 0x52, 0x52, 0x52, 0x52, 0x52, 0x52, 0x52, 0x52, 0x52, 0x52, 0x52, 0x52, 0x52, 0x52, 0x52, 0x52, 0x52, 0x52, 0x52, 0x52, 0x52, 0x52, 0x52, 0x52, 0x52
    .byte 0x52, 0x52, 0x5A, 0x52, 0x5A, 0x5A, 0x52, 0x52, 0x5A, 0x5A, 0x52, 0x5A, 0x52, 0x5A, 0x5A, 0x52, 0x5A, 0x52, 0x52, 0x52, 0x52, 0x52, 0x52, 0x52, 0x52, 0x52, 0x52, 0x52, 0x52, 0x52, 0x49, 0x49
    .byte 0x49, 0x49, 0x49, 0x49, 0x49, 0x49, 0x49, 0x49, 0x49, 0x49, 0x49, 0x49, 0x49, 0x49, 0x49, 0x49, 0x49, 0x49, 0x49, 0x49, 0x49, 0x49, 0x49, 0x49, 0x49, 0x49, 0x5D, 0xA5, 0xA5, 0xAD, 0xA5, 0x03
    .byte 0x03, 0x03, 0x03, 0x03, 0x03, 0x03, 0x03, 0x03, 0x03, 0x03, 0x03, 0x5D, 0x03, 0x03, 0x03, 0x03, 0x03, 0x03, 0x03, 0x03, 0x03, 0x03, 0x03, 0x03, 0xAE, 0x03, 0x03, 0xAD, 0x03, 0x03, 0xFF, 0xAD
    .byte 0xFF, 0x03, 0xFF, 0xAD, 0xFF, 0xAD, 0xFF, 0xAD, 0xFF, 0xAD, 0xFF, 0xAD, 0xFF, 0xAD, 0xFF, 0xAD, 0xFF, 0xAD, 0xFF, 0xAD, 0xFF, 0xAD, 0xFF, 0xAD, 0xFF, 0xAD, 0xFF, 0xAD, 0xFF, 0xAD, 0xFF, 0xAD
    .byte 0xFF, 0xAD, 0xFF, 0xAD, 0xFF, 0xAD, 0xFF, 0xAD, 0xFF, 0xAD, 0xFF, 0x00, 0x00, 0x09, 0x09, 0x09, 0x09, 0x09, 0x09, 0x09, 0x09, 0xAD, 0xFF, 0xAD, 0xFF, 0xAD, 0xFF, 0xAD, 0xFF, 0xAD, 0xFF, 0xAD
    .byte 0xFF, 0xAD, 0xFF, 0xAD, 0xFF, 0xAD, 0xFF, 0xAD, 0xFF, 0xAD, 0xFF, 0xAD, 0xFF, 0xAD, 0xFF, 0xAD, 0xFF, 0xAD, 0xFF, 0xAD, 0xFF, 0xAD, 0xFF, 0xAD, 0xFF, 0xAD, 0xFF, 0xAD, 0x74, 0xAD, 0x74, 0xAD
    .byte 0xFF, 0xAD, 0xFF, 0xAD, 0xFF, 0xAD, 0xFF, 0xAD, 0xFF, 0xAD, 0xFF, 0xAD, 0xFF, 0xAD, 0xFF, 0xAD, 0xFF, 0xAD, 0xFF, 0xAD, 0xFF, 0xAD, 0xB6, 0xB6, 0xB6, 0xB6, 0xB6, 0xB6, 0xB6, 0xB6, 0xB6, 0xB6
    .byte 0xB6, 0xB6, 0xB6, 0xB6, 0xB6, 0xB6, 0xB6, 0xB6, 0xB6, 0xB6, 0xAD, 0xAD, 0xAD, 0xAD, 0xAD, 0xAD, 0xAD, 0xAD, 0xAD, 0xAD, 0xAD, 0xAD, 0xAD, 0xAD, 0xAD, 0xAD, 0xAD, 0xAD, 0xAD, 0xAD, 0xAD, 0xAD
    .byte 0xAD, 0xAD, 0xAD, 0xAD, 0xAD, 0xAD, 0xAD, 0xAD, 0xAD, 0xAD, 0xAD, 0x49, 0x49, 0x49, 0x49, 0x49, 0x49, 0x49, 0x49, 0x49, 0x49, 0x49, 0x49, 0x49, 0x49, 0x49, 0x49, 0x49, 0x49, 0x49, 0x49, 0x52
    .byte 0x52, 0x52, 0x52, 0x52, 0x52, 0x52, 0x52, 0x52, 0x52, 0x52, 0x52, 0x52, 0x52, 0x52, 0x52, 0x52, 0x52, 0x52, 0x52, 0x52, 0x52, 0x52, 0x52, 0x52, 0x52, 0x52, 0x52, 0x52, 0x52, 0x52, 0x52, 0x52
    .byte 0x52, 0x52, 0x52, 0x5A, 0x5A, 0x5A, 0x5A, 0x5A, 0x5A, 0x52, 0x5A, 0x5A, 0x5A, 0x5A, 0x5A, 0x52, 0x52, 0x52, 0x52, 0x52, 0x52, 0x52, 0x52, 0x52, 0x52, 0x52, 0x52, 0x52, 0x52, 0x52, 0x49, 0x49
    .byte 0x49, 0x49, 0x49, 0x49, 0x49, 0x49, 0x49, 0x49, 0x49, 0x49, 0x49, 0x49, 0x49, 0x49, 0x49, 0x49, 0x49, 0x49, 0x49, 0x49, 0x49, 0x49, 0x49, 0x49, 0x49, 0x49, 0x5D, 0x5D, 0x54, 0xA5, 0x03, 0x03
    .byte 0x03, 0x03, 0x03, 0x03, 0x03, 0x03, 0x03, 0x03, 0x03, 0x54, 0x03, 0x03, 0x03, 0x03, 0x03, 0x03, 0x03, 0x03, 0x03, 0x03, 0x03, 0x03, 0x03, 0x03, 0xA5, 0xA5, 0x03, 0xAD, 0xAD, 0x03, 0xAD, 0x03
    .byte 0x03, 0x03, 0xAD, 0x03, 0xAD, 0xAD, 0xAD, 0xAD, 0xAD, 0xAD, 0xAD, 0xAD, 0xAD, 0xAD, 0xAD, 0xAD, 0xAD, 0xAD, 0xAD, 0xAD, 0xAD, 0xAD, 0xAD, 0xAD, 0xAD, 0xAD, 0xAD, 0xAD, 0xAD, 0xAD, 0xAD, 0xAD
    .byte 0xAD, 0xAD, 0xAD, 0xAD, 0xAD, 0xAD, 0xAD, 0xAD, 0xAD, 0xAD, 0xAD, 0x00, 0x00, 0x09, 0x09, 0x09, 0x09, 0x09, 0x09, 0x09, 0x09, 0xAD, 0xAD, 0xAD, 0xAD, 0xAD, 0xAD, 0xAD, 0xAD, 0xAD, 0xAD, 0xAD
    .byte 0xAD, 0xAD, 0xAD, 0xAD, 0xAD, 0xAD, 0xAD, 0xAD, 0xAD, 0xAD, 0xAD, 0xAD, 0xAD, 0xAD, 0xAD, 0xAD, 0xAD, 0xAD, 0xAD, 0xAD, 0xAD, 0xAD, 0xAD, 0xAD, 0xAD, 0xAD, 0x74, 0x74, 0x74, 0xAD, 0x74, 0x74
    .byte 0xAD, 0xAD, 0xAD, 0xAD, 0xAD, 0xAD, 0xAD, 0xAD, 0xAD, 0xAD, 0xAD, 0xAD, 0xAD, 0xAD, 0xAD, 0xAD, 0xAD, 0xAD, 0xAD, 0xAD, 0xAD, 0xAD, 0xB6, 0xB6, 0xB6, 0xB6, 0xB6, 0xB6, 0xB6, 0xB6, 0xB6, 0xB6
    .byte 0xB6, 0xB6, 0xB6, 0xB6, 0xB6, 0xB6, 0xB6, 0xB6, 0xB6, 0xB6, 0xFF, 0xAD, 0xFF, 0xAD, 0xFF, 0xAD, 0xFF, 0xAD, 0xFF, 0xAD, 0xFF, 0xAD, 0xFF, 0xAD, 0xFF, 0xAD, 0x6B, 0xAD, 0xFF, 0xAD, 0xFF, 0xAD
    .byte 0xFF, 0xAD, 0xFF, 0xAD, 0xFF, 0xAD, 0xFF, 0xAD, 0xFF, 0xAD, 0xFF, 0x49, 0x49, 0x49, 0x49, 0x49, 0x49, 0x49, 0x49, 0x49, 0x49, 0x49, 0x49, 0x49, 0x49, 0x49, 0x49, 0x49, 0x49, 0x49, 0x49, 0x52
    .byte 0x52, 0x52, 0x52, 0x52, 0x52, 0x52, 0x52, 0x52, 0x52, 0x52, 0x52, 0x52, 0x52, 0x52, 0x52, 0x52, 0x52, 0x52, 0x52, 0x52, 0x52, 0x52, 0x52, 0x52, 0x52, 0x52, 0x52, 0x52, 0x52, 0x52, 0x52, 0x52
    .byte 0x52, 0x52, 0x52, 0x52, 0x5A, 0x5A, 0x5A, 0x5A, 0x5A, 0x52, 0x5A, 0x5A, 0x52, 0x52, 0x52, 0x52, 0x52, 0x52, 0x52, 0x52, 0x52, 0x52, 0x52, 0x52, 0x52, 0x52, 0x52, 0x52, 0x52, 0x52, 0x49, 0x49
    .byte 0x49, 0x49, 0x49, 0x49, 0x49, 0x49, 0x49, 0x49, 0x49, 0x49, 0x49, 0x49, 0x49, 0x49, 0x49, 0x49, 0x49, 0x49, 0x49, 0x49, 0x49, 0x49, 0x49, 0x49, 0x49, 0x49, 0x5D, 0xAE, 0x54, 0x03, 0x03, 0x03
    .byte 0x03, 0x03, 0x03, 0x03, 0x03, 0x03, 0x03, 0x03, 0x03, 0x03, 0x03, 0x54, 0x03, 0x03, 0x03, 0x03, 0x03, 0x03, 0x03, 0x03, 0x5D, 0x03, 0x03, 0x03, 0x03, 0xAD, 0x03, 0xAE, 0xFF, 0xAD, 0x03, 0x03
    .byte 0x03, 0x03, 0xFF, 0xAD, 0x03, 0xAD, 0xFF, 0xAD, 0xFF, 0xAD, 0xFF, 0xAD, 0xFF, 0xAD, 0xFF, 0xAD, 0xFF, 0xAD, 0xFF, 0xAD, 0xFF, 0xAD, 0xFF, 0xAD, 0xFF, 0xAD, 0xFF, 0xAD, 0xFF, 0xAD, 0xFF, 0xAD
    .byte 0xFF, 0xAD, 0xFF, 0xAD, 0xFF, 0xAD, 0xFF, 0xAD, 0xFF, 0xAD, 0xFF, 0x00, 0x00, 0x09, 0x09, 0x09, 0x09, 0x09, 0x09, 0x09, 0x09, 0xAD, 0xFF, 0xAD, 0xFF, 0xAD, 0xFF, 0xAD, 0xFF, 0xAD, 0xFF, 0xAD
    .byte 0xFF, 0xAD, 0xFF, 0xAD, 0xFF, 0xAD, 0xFF, 0xAD, 0xFF, 0xAD, 0xFF, 0xAD, 0xFF, 0xAD, 0xFF, 0xAD, 0xFF, 0xAD, 0xFF, 0xAD, 0xFF, 0xAD, 0xFF, 0xAD, 0x74, 0x74, 0xFF, 0x74, 0xFF, 0x74, 0x74, 0xAD
    .byte 0xFF, 0xAD, 0xFF, 0xAD, 0xFF, 0xAD, 0xFF, 0xAD, 0xFF, 0xAD, 0xFF, 0xAD, 0xFF, 0xAD, 0xFF, 0xAD, 0xFF, 0xAD, 0xFF, 0xAD, 0xFF, 0xAD, 0xB6, 0xB6, 0xB6, 0xB6, 0xB6, 0xB6, 0xB6, 0xB6, 0xB6, 0xB6
    .byte 0xB6, 0xB6, 0xB6, 0xB6, 0xB6, 0xB6, 0xB6, 0xB6, 0xB6, 0xB6, 0xAD, 0xAD, 0xAD, 0xFF, 0xAD, 0xAD, 0xAD, 0xFF, 0xAD, 0xAD, 0xAD, 0xFF, 0xAD, 0xAD, 0xAD, 0x6B, 0x6B, 0x6B, 0x6B, 0x6B, 0x6B, 0xAD
    .byte 0xAD, 0xFF, 0xAD, 0xAD, 0xAD, 0xFF, 0xAD, 0xAD, 0xAD, 0xFF, 0xAD, 0x49, 0x49, 0x49, 0x49, 0x49, 0x49, 0x49, 0x49, 0x49, 0x49, 0x49, 0x49, 0x49, 0x49, 0x49, 0x49, 0x49, 0x49, 0x49, 0x49, 0x52
    .byte 0x52, 0x52, 0x52, 0x52, 0x52, 0x52, 0x52, 0x52, 0x52, 0x52, 0x52, 0x52, 0x52, 0x52, 0x52, 0x52, 0x52, 0x52, 0x52, 0x52, 0x52, 0x52, 0x52, 0x52, 0x52, 0x52, 0x52, 0x52, 0x52, 0x52, 0x52, 0x52
    .byte 0x52, 0x52, 0x52, 0x52, 0x5A, 0x5A, 0x5A, 0x5A, 0x5A, 0x5A, 0x5A, 0x52, 0x5A, 0x52, 0x52, 0x52, 0x52, 0x52, 0x52, 0x52, 0x52, 0x52, 0x52, 0x52, 0x52, 0x52, 0x52, 0x52, 0x52, 0x52, 0x49, 0x49
    .byte 0x49, 0x49, 0x49, 0x49, 0x49, 0x49, 0x49, 0x49, 0x49, 0x49, 0x49, 0x49, 0x49, 0x49, 0x49, 0x49, 0x49, 0x49, 0x49, 0x49, 0x49, 0x49, 0x49, 0x49, 0x49, 0x49, 0x5D, 0xAD, 0x55, 0x5D, 0x03, 0x03
    .byte 0x03, 0x03, 0x03, 0x03, 0x03, 0x03, 0x03, 0x03, 0x03, 0x03, 0x03, 0x03, 0x03, 0x03, 0x03, 0x03, 0x03, 0x03, 0x5D, 0x03, 0x03, 0x03, 0x03, 0xA5, 0x03, 0xAD, 0x03, 0x03, 0x03, 0x03, 0x03, 0x03
    .byte 0x03, 0x03, 0x03, 0x03, 0x03, 0xFF, 0xAD, 0xAD, 0xAD, 0xFF, 0xAD, 0xAD, 0xAD, 0xFF, 0xAD, 0xAD, 0xAD, 0xFF, 0xAD, 0xAD, 0xAD, 0xFF, 0xAD, 0xAD, 0xAD, 0xFF, 0xAD, 0xAD, 0xAD, 0xFF, 0xAD, 0xAD
    .byte 0xAD, 0xFF, 0xAD, 0xAD, 0xAD, 0xFF, 0xAD, 0xAD, 0xAD, 0xFF, 0xAD, 0x00, 0x00, 0x09, 0x09, 0x09, 0x09, 0x09, 0x09, 0x09, 0x09, 0xFF, 0xAD, 0xAD, 0xAD, 0xFF, 0xAD, 0xAD, 0xAD, 0xFF, 0xAD, 0xAD
    .byte 0xAD, 0xFF, 0xAD, 0xAD, 0xAD, 0xFF, 0xAD, 0xAD, 0xAD, 0xFF, 0xAD, 0xAD, 0xAD, 0xFF, 0xAD, 0xAD, 0xAD, 0xFF, 0xAD, 0xAD, 0xAD, 0xFF, 0xAD, 0x74, 0x74, 0x74, 0x74, 0x74, 0x74, 0xFF, 0x74, 0x74
    .byte 0x74, 0xFF, 0xAD, 0xAD, 0xAD, 0xFF, 0xAD, 0xAD, 0xAD, 0xFF, 0xAD, 0xAD, 0xAD, 0xFF, 0xAD, 0xAD, 0xAD, 0xFF, 0xAD, 0xAD, 0xAD, 0xFF, 0xB6, 0xB6, 0xB6, 0xB6, 0xB6, 0xB6, 0xB6, 0xB6, 0xB6, 0xB6
    .byte 0xB6, 0xB6, 0xB6, 0xB6, 0xB6, 0xB6, 0xB6, 0xB6, 0xB6, 0xB6, 0xFF, 0xAD, 0xFF, 0xAD, 0xFF, 0xAD, 0xFF, 0xAD, 0xFF, 0xAD, 0xFF, 0xAD, 0xFF, 0x6B, 0x6B, 0xAD, 0x6B, 0xAD, 0x6B, 0x6B, 0x6B, 0x6B
    .byte 0xFF, 0xAD, 0xFF, 0xAD, 0xFF, 0xAD, 0xFF, 0xAD, 0xFF, 0xAD, 0xFF, 0x49, 0x49, 0x49, 0x49, 0x49, 0x49, 0x49, 0x49, 0x49, 0x49, 0x49, 0x49, 0x49, 0x49, 0x49, 0x49, 0x49, 0x49, 0x49, 0x49, 0x52
    .byte 0x52, 0x52, 0x52, 0x52, 0x52, 0x52, 0x52, 0x52, 0x52, 0x52, 0x52, 0x52, 0x52, 0x52, 0x52, 0x52, 0x52, 0x52, 0x52, 0x52, 0x52, 0x52, 0x52, 0x52, 0x52, 0x52, 0x52, 0x52, 0x52, 0x52, 0x52, 0x52
    .byte 0x52, 0x52, 0x52, 0x52, 0x52, 0x52, 0x5A, 0x52, 0x5A, 0x5A, 0x5A, 0x52, 0x52, 0x52, 0x52, 0x52, 0x52, 0x52, 0x52, 0x52, 0x52, 0x52, 0x52, 0x52, 0x52, 0x52, 0x52, 0x52, 0x52, 0x52, 0x49, 0x49
    .byte 0x49, 0x49, 0x49, 0x49, 0x49, 0x49, 0x49, 0x49, 0x49, 0x49, 0x49, 0x49, 0x49, 0x49, 0x49, 0x49, 0x49, 0x49, 0x49, 0x49, 0x49, 0x49, 0x49, 0x49, 0x49, 0x49, 0xA5, 0xA5, 0x54, 0x03, 0x03, 0x54
    .byte 0x03, 0x03, 0x03, 0x03, 0x03, 0x03, 0x03, 0x03, 0x03, 0x03, 0x03, 0x03, 0x03, 0x03, 0x03, 0x03, 0x03, 0x9D, 0x03, 0x03, 0x03, 0x03, 0x03, 0x03, 0x5D, 0xA5, 0x03, 0x03, 0x03, 0x03, 0x03, 0x03
    .byte 0xFF, 0xAD, 0x03, 0x03, 0x03, 0x03, 0x03, 0xAD, 0xFF, 0xAD, 0xFF, 0xAD, 0xFF, 0xAD, 0xFF, 0xAD, 0xFF, 0xAD, 0xFF, 0xAD, 0xFF, 0xAD, 0xFF, 0xAD, 0xFF, 0xAD, 0xFF, 0xAD, 0xFF, 0xAD, 0xFF, 0xAD
    .byte 0xFF, 0xAD, 0xFF, 0xAD, 0xFF, 0xAD, 0xFF, 0xAD, 0xFF, 0xAD, 0xFF, 0x00, 0x00, 0x09, 0x09, 0x09, 0x09, 0x09, 0x09, 0x09, 0x09, 0xAD, 0xFF, 0xAD, 0xFF, 0xAD, 0xFF, 0xAD, 0xFF, 0xAD, 0xFF, 0xAD
    .byte 0xFF, 0xAD, 0xFF, 0xAD, 0xFF, 0xAD, 0xFF, 0xAD, 0xFF, 0xAD, 0xFF, 0xAD, 0xFF, 0xAD, 0xFF, 0xAD, 0x54, 0x54, 0xFF, 0xAD, 0xFF, 0xAD, 0xFF, 0x74, 0x74, 0x74, 0x74, 0xAD, 0x74, 0x74, 0xFF, 0x74
    .byte 0x74, 0x74, 0xFF, 0xAD, 0xFF, 0xAD, 0xFF, 0xAD, 0xFF, 0xAD, 0xFF, 0xAD, 0xFF, 0xAD, 0xFF, 0xAD, 0xFF, 0xAD, 0xFF, 0xAD, 0xFF, 0xAD, 0xB6, 0xB6, 0xB6, 0xB6, 0xB6, 0xB6, 0xB6, 0xB6, 0xB6, 0xB6
    .byte 0xB6, 0xB6, 0xB6, 0xB6, 0xB6, 0xB6, 0xB6, 0xB6, 0xB6, 0xB6, 0xAD, 0xAD, 0xAD, 0xAD, 0xAD, 0xAD, 0xAD, 0xAD, 0xAD, 0xAD, 0xAD, 0xAD, 0x6B, 0x6B, 0xAD, 0x74, 0xAD, 0x6B, 0x6B, 0x6B, 0x6B, 0xAD
    .byte 0xAD, 0xAD, 0xAD, 0xAD, 0xAD, 0xAD, 0xAD, 0xAD, 0xAD, 0xAD, 0xAD, 0x49, 0x49, 0x49, 0x49, 0x49, 0x49, 0x49, 0x49, 0x49, 0x49, 0x49, 0x49, 0x49, 0x49, 0x49, 0x49, 0x49, 0x49, 0x49, 0x49, 0x52
    .byte 0x52, 0x52, 0x52, 0x52, 0x52, 0x52, 0x52, 0x52, 0x52, 0x52, 0x52, 0x52, 0x52, 0x52, 0x52, 0x52, 0x52, 0x52, 0x52, 0x52, 0x52, 0x52, 0x52, 0x52, 0x52, 0x52, 0x52, 0x52, 0x52, 0x52, 0x52, 0x52
    .byte 0x52, 0x52, 0x52, 0x52, 0x52, 0x52, 0x52, 0x5A, 0x5A, 0x5A, 0x5A, 0x52, 0x52, 0x52, 0x52, 0x52, 0x52, 0x52, 0x52, 0x52, 0x52, 0x52, 0x52, 0x52, 0x52, 0x52, 0x52, 0x52, 0x52, 0x52, 0x49, 0x49
    .byte 0x49, 0x49, 0x49, 0x49, 0x49, 0x49, 0x49, 0x49, 0x49, 0x49, 0x49, 0x49, 0x49, 0x49, 0x49, 0x49, 0x49, 0x49, 0x49, 0x49, 0x49, 0x49, 0x49, 0x49, 0x49, 0x49, 0xAD, 0x5D, 0x5D, 0x5D, 0x54, 0x03
    .byte 0x03, 0x03, 0x03, 0x03, 0x03, 0x03, 0x03, 0x03, 0x5D, 0x03, 0x03, 0x03, 0x03, 0x03, 0x03, 0x03, 0x03, 0x9D, 0x03, 0x03, 0x03, 0x03, 0x03, 0x03, 0x03, 0x03, 0x03, 0xA5, 0x03, 0x03, 0x03, 0x03
    .byte 0x03, 0x03, 0x03, 0x03, 0x03, 0x03, 0x03, 0xAD, 0xAD, 0xAD, 0xAD, 0xAD, 0xAD, 0xAD, 0xAD, 0xAD, 0xAD, 0xAD, 0xAD, 0xAD, 0xAD, 0xAD, 0xAD, 0xAD, 0xAD, 0xAD, 0xAD, 0xAD, 0xAD, 0xAD, 0xAD, 0xAD
    .byte 0xAD, 0xAD, 0xAD, 0xAD, 0xAD, 0xAD, 0xAD, 0xAD, 0xAD, 0xAD, 0xAD, 0x00, 0x00, 0x09, 0x09, 0x09, 0x09, 0x09, 0x09, 0x09, 0x09, 0xAD, 0xAD, 0xAD, 0xAD, 0xAD, 0x52, 0x52, 0x52, 0x49, 0x49, 0x49
    .byte 0x49, 0x49, 0x49, 0x49, 0x52, 0xAD, 0xAD, 0xAD, 0xAD, 0xAD, 0xAD, 0xAD, 0xAD, 0xAD, 0x54, 0xAD, 0x54, 0xAD, 0xAD, 0xAD, 0xAD, 0xAD, 0x74, 0x74, 0xAD, 0x74, 0xAD, 0x74, 0xAD, 0x74, 0x74, 0xAD
    .byte 0x74, 0x74, 0xAD, 0xAD, 0xAD, 0xAD, 0xAD, 0xAD, 0xAD, 0xAD, 0xAD, 0xAD, 0xAD, 0xAD, 0xAD, 0xAD, 0xAD, 0xAD, 0xAD, 0xAD, 0xAD, 0xAD, 0xB6, 0xB6, 0xB6, 0xB6, 0xB6, 0xB6, 0xB6, 0xB6, 0xB6, 0xB6
    .byte 0xB6, 0xB6, 0xB6, 0xB6, 0xB6, 0xB6, 0xB6, 0xB6, 0xB6, 0xB6, 0xFF, 0xAD, 0xFF, 0xAD, 0xFF, 0xAD, 0xFF, 0xAD, 0xFF, 0xAD, 0xFF, 0x74, 0x6B, 0x74, 0xFF, 0x6B, 0x6B, 0x6B, 0x74, 0x6B, 0x6B, 0xAD
    .byte 0x6B, 0xAD, 0xFF, 0xAD, 0xFF, 0xAD, 0xFF, 0xAD, 0xFF, 0xAD, 0xFF, 0x49, 0x49, 0x49, 0x49, 0x49, 0x49, 0x49, 0x49, 0x49, 0x49, 0x49, 0x49, 0x49, 0x49, 0x49, 0x49, 0x49, 0x49, 0x49, 0x49, 0x52
    .byte 0x52, 0x52, 0x52, 0x52, 0x52, 0x52, 0x52, 0x52, 0x52, 0x52, 0x52, 0x52, 0x52, 0x52, 0x52, 0x52, 0x52, 0x52, 0x52, 0x52, 0x52, 0x52, 0x52, 0x52, 0x52, 0x52, 0x52, 0x52, 0x52, 0x52, 0x52, 0x52
    .byte 0x52, 0x52, 0x52, 0x52, 0x52, 0x52, 0x52, 0x52, 0x52, 0x52, 0x52, 0x52, 0x52, 0x52, 0x52, 0x52, 0x52, 0x52, 0x52, 0x52, 0x52, 0x52, 0x52, 0x52, 0x52, 0x52, 0x52, 0x52, 0x52, 0x52, 0x49, 0x49
    .byte 0x49, 0x49, 0x49, 0x49, 0x49, 0x49, 0x49, 0x49, 0x49, 0x49, 0x49, 0x49, 0x49, 0x49, 0x49, 0x49, 0x49, 0x49, 0x49, 0x49, 0x49, 0x49, 0x49, 0x49, 0x49, 0x49, 0xA5, 0xA5, 0x5D, 0x54, 0x03, 0x03
    .byte 0x03, 0x54, 0x03, 0x03, 0x03, 0x03, 0x03, 0x03, 0x03, 0x03, 0x5D, 0x03, 0x03, 0x03, 0x03, 0x03, 0x03, 0x03, 0x03, 0x03, 0x03, 0x03, 0x03, 0x03, 0x03, 0x03, 0x03, 0x03, 0x03, 0x03, 0x03, 0x03
    .byte 0x03, 0x03, 0x03, 0x03, 0x03, 0xAD, 0xFF, 0xAD, 0xFF, 0xAD, 0xFF, 0xAD, 0xFF, 0xAD, 0xFF, 0xAD, 0xFF, 0xAD, 0xFF, 0xAD, 0xFF, 0xAD, 0xFF, 0xAD, 0xFF, 0xAD, 0xFF, 0xAD, 0xFF, 0xAD, 0xFF, 0xAD
    .byte 0xFF, 0xAD, 0xFF, 0xAD, 0xFF, 0xAD, 0xFF, 0xAD, 0xFF, 0xAD, 0xFF, 0x00, 0x00, 0x09, 0x09, 0x09, 0x09, 0x09, 0x09, 0x09, 0x09, 0xAD, 0xFF, 0xAD, 0xFF, 0xAD, 0x52, 0x52, 0x52, 0x49, 0x49, 0x49
    .byte 0x49, 0x49, 0x49, 0x49, 0x49, 0x49, 0x49, 0xAD, 0xFF, 0xAD, 0xFF, 0xAD, 0xFF, 0x54, 0x54, 0xAD, 0x54, 0x54, 0x54, 0x54, 0xFF, 0xAD, 0x74, 0x74, 0x5A, 0x5A, 0x74, 0x74, 0x74, 0x74, 0x74, 0x74
    .byte 0x74, 0x74, 0xFF, 0xAD, 0xFF, 0xAD, 0xFF, 0xAD, 0xFF, 0xAD, 0xFF, 0xAD, 0xFF, 0xAD, 0xFF, 0xAD, 0xFF, 0xAD, 0xFF, 0xAD, 0xFF, 0xAD, 0xB6, 0xB6, 0xB6, 0xB6, 0xB6, 0xB6, 0xB6, 0xB6, 0xB6, 0xB6
    .byte 0xB6, 0xB6, 0xB6, 0xB6, 0xB6, 0xB6, 0xB6, 0xB6, 0xB6, 0xB6, 0xAD, 0xAD, 0xAD, 0xFF, 0xAD, 0xAD, 0xAD, 0xFF, 0xAD, 0xAD, 0x74, 0x6B, 0x74, 0xAD, 0x74, 0x6B, 0x6B, 0xAD, 0xAD, 0x6B, 0x6B, 0xAD
    .byte 0x6B, 0x6B, 0xAD, 0xAD, 0xAD, 0xFF, 0xAD, 0xAD, 0xAD, 0xFF, 0xAD, 0x49, 0x49, 0x52, 0x52, 0x52, 0x52, 0x52, 0x52, 0x52, 0x52, 0x52, 0x52, 0x52, 0x52, 0x52, 0x52, 0x52, 0x52, 0x52, 0x52, 0x52
    .byte 0x52, 0x52, 0x52, 0x52, 0x52, 0x52, 0x52, 0x52, 0x52, 0x52, 0x52, 0x52, 0x52, 0x52, 0x52, 0x52, 0x52, 0x52, 0x52, 0x52, 0x52, 0x52, 0x52, 0x49, 0x49, 0x49, 0x49, 0x49, 0x49, 0x49, 0x49, 0x49
    .byte 0x49, 0x49, 0x49, 0x49, 0x49, 0x49, 0x49, 0x49, 0x51, 0x51, 0x51, 0x49, 0x49, 0x49, 0x49, 0x49, 0x49, 0x49, 0x49, 0x49, 0x49, 0x49, 0x49, 0x49, 0x49, 0x49, 0x49, 0x49, 0x49, 0x49, 0x49, 0x49
    .byte 0x49, 0x49, 0x49, 0x49, 0x49, 0x49, 0x49, 0x49, 0x49, 0x49, 0x49, 0x49, 0x49, 0x49, 0x49, 0x49, 0x49, 0x49, 0x49, 0x49, 0x49, 0x49, 0x49, 0x49, 0x49, 0x49, 0xAD, 0xAE, 0x54, 0x54, 0x03, 0x03
    .byte 0x03, 0x03, 0x03, 0x54, 0x03, 0x03, 0x9D, 0x03, 0x03, 0x5D, 0x5D, 0xA5, 0x03, 0x03, 0x03, 0x03, 0x03, 0x9D, 0x03, 0x03, 0x03, 0x03, 0x03, 0xA5, 0x03, 0x03, 0x03, 0x03, 0x03, 0x03, 0x03, 0x03
    .byte 0xAD, 0x03, 0x03, 0x03, 0x03, 0x03, 0x03, 0xAD, 0xAD, 0xFF, 0xAD, 0xAD, 0xAD, 0xFF, 0xAD, 0xAD, 0xAD, 0xFF, 0xAD, 0xAD, 0xAD, 0xFF, 0xAD, 0xAD, 0xAD, 0xFF, 0xAD, 0xAD, 0xAD, 0xFF, 0xAD, 0xAD
    .byte 0xAD, 0xFF, 0xAD, 0xAD, 0xAD, 0xFF, 0xAD, 0xAD, 0x49, 0x49, 0x52, 0x52, 0x52, 0x52, 0x52, 0x49, 0x49, 0x49, 0x49, 0x52, 0x52, 0x52, 0x52, 0x52, 0x52, 0x52, 0x52, 0x52, 0x52, 0x52, 0x52, 0x52
    .byte 0x52, 0x52, 0x49, 0x49, 0x49, 0x49, 0x49, 0xAD, 0xAD, 0xFF, 0xAD, 0xAD, 0xAD, 0x54, 0x03, 0x03, 0x54, 0x54, 0x03, 0x54, 0x54, 0x54, 0x54, 0x5A, 0x5A, 0x5A, 0x74, 0xAD, 0x74, 0x74, 0x74, 0xAD
    .byte 0xAD, 0x74, 0x74, 0xAD, 0xAD, 0xFF, 0xAD, 0xAD, 0xAD, 0xFF, 0xAD, 0xAD, 0xAD, 0xFF, 0xAD, 0xAD, 0xAD, 0xFF, 0xAD, 0xAD, 0xAD, 0xFF, 0xB6, 0xB6, 0xB6, 0xB6, 0xB6, 0xB6, 0xB6, 0xB6, 0xB6, 0xB6
    .byte 0xB6, 0xB6, 0xB6, 0xB6, 0xB6, 0xB6, 0xB6, 0xB6, 0xB6, 0xB6, 0xFF, 0xAD, 0xFF, 0xAD, 0xFF, 0xAD, 0xFF, 0xAD, 0xFF, 0xAD, 0x74, 0xAD, 0x6B, 0x6B, 0x6B, 0xAD, 0x6B, 0xAD, 0x6B, 0x74, 0x6B, 0x6B
    .byte 0x6B, 0xAD, 0xFF, 0xAD, 0xFF, 0xAD, 0xFF, 0xAD, 0xFF, 0xAD, 0xFF, 0x49, 0x49, 0x52, 0x52, 0x52, 0x52, 0x52, 0x52, 0x52, 0x52, 0x52, 0x52, 0x52, 0x52, 0x52, 0x52, 0x52, 0x52, 0x52, 0x52, 0x52
    .byte 0x52, 0x52, 0x52, 0x52, 0x52, 0x52, 0x52, 0x52, 0x52, 0x52, 0x52, 0x52, 0x52, 0x52, 0x52, 0x52, 0x52, 0x52, 0x52, 0x52, 0x52, 0x52, 0x52, 0x49, 0x49, 0x49, 0x49, 0x49, 0x49, 0x49, 0x49, 0x49
    .byte 0x49, 0x49, 0x49, 0x49, 0x49, 0x49, 0x49, 0x49, 0x51, 0x51, 0x51, 0x51, 0x51, 0x51, 0x49, 0x49, 0x49, 0x49, 0x49, 0x49, 0x49, 0x49, 0x49, 0x49, 0x49, 0x49, 0x49, 0x49, 0x49, 0x49, 0x49, 0x49
    .byte 0x49, 0x49, 0x49, 0x49, 0x49, 0x49, 0x49, 0x49, 0x49, 0x49, 0x49, 0x49, 0x49, 0x49, 0x49, 0x49, 0x49, 0x49, 0x49, 0x49, 0x49, 0x49, 0x49, 0x49, 0x49, 0x49, 0xAD, 0xA5, 0xA5, 0x54, 0x54, 0x03
    .byte 0x03, 0x03, 0x03, 0x03, 0x03, 0x03, 0x03, 0x03, 0xA5, 0x9D, 0xA5, 0xA5, 0x03, 0x03, 0xAD, 0x03, 0x03, 0xA5, 0x5D, 0x03, 0x03, 0x03, 0x03, 0xA5, 0xFF, 0xAE, 0x03, 0x03, 0x03, 0x03, 0x03, 0x03
    .byte 0x03, 0x03, 0x03, 0x03, 0x03, 0xAD, 0x03, 0x03, 0xFF, 0xAD, 0xFF, 0xAD, 0xFF, 0xAD, 0xFF, 0xAD, 0xFF, 0xAD, 0xFF, 0xAD, 0xFF, 0xAD, 0xFF, 0xAD, 0xFF, 0xAD, 0xFF, 0xAD, 0xFF, 0xAD, 0xFF, 0xAD
    .byte 0xFF, 0xAD, 0xFF, 0xAD, 0xFF, 0xAD, 0xFF, 0xAD, 0x49, 0x49, 0x52, 0x52, 0x52, 0x52, 0x52, 0x49, 0x49, 0x49, 0x49, 0x52, 0x52, 0x52, 0x52, 0x52, 0x52, 0x52, 0x52, 0x52, 0x52, 0x52, 0x52, 0x52
    .byte 0x52, 0x52, 0x49, 0x49, 0x52, 0xAD, 0xFF, 0xAD, 0xFF, 0xAD, 0xFF, 0x03, 0x03, 0x03, 0x03, 0x03, 0x03, 0x54, 0x03, 0x54, 0x54, 0x54, 0x54, 0x5A, 0xFF, 0x5A, 0x74, 0x5A, 0x74, 0x5A, 0xFF, 0xAD
    .byte 0x74, 0x74, 0xFF, 0xAD, 0xFF, 0xAD, 0xFF, 0xAD, 0xFF, 0xAD, 0xFF, 0xAD, 0xFF, 0xAD, 0xFF, 0xAD, 0xFF, 0xAD, 0xFF, 0xAD, 0xFF, 0xAD, 0xB6, 0xB6, 0xB6, 0xB6, 0xB6, 0xB6, 0xB6, 0xB6, 0xB6, 0xB6
    .byte 0xB6, 0xB6, 0xB6, 0xB6, 0xB6, 0xB6, 0xB6, 0xB6, 0xB6, 0xB6, 0xAD, 0xAD, 0xAD, 0xAD, 0xAD, 0xAD, 0xAD, 0xAD, 0xAD, 0xAD, 0xAD, 0x6B, 0x6B, 0xAD, 0x6B, 0x6B, 0x6B, 0x74, 0x6B, 0x6B, 0x6B, 0x6B
    .byte 0x6B, 0xAD, 0xAD, 0xAD, 0xAD, 0xAD, 0xAD, 0xAD, 0xAD, 0xAD, 0xAD, 0x49, 0x49, 0x52, 0x52, 0x52, 0x52, 0x52, 0x52, 0x52, 0x52, 0x52, 0x52, 0x52, 0x52, 0x52, 0x52, 0x52, 0x52, 0x52, 0x52, 0x52
    .byte 0x52, 0x52, 0x52, 0x52, 0x52, 0x52, 0x52, 0x52, 0x52, 0x52, 0x52, 0x52, 0x52, 0x52, 0x52, 0x52, 0x52, 0x52, 0x52, 0x52, 0x52, 0x52, 0x52, 0x49, 0x49, 0x49, 0x49, 0x49, 0x49, 0x49, 0x49, 0x49
    .byte 0x49, 0x49, 0x49, 0x49, 0x49, 0x49, 0x49, 0x49, 0x49, 0x49, 0x49, 0x51, 0x51, 0x51, 0x49, 0x49, 0x49, 0x49, 0x49, 0x49, 0x49, 0x49, 0x49, 0x49, 0x49, 0x49, 0x49, 0x49, 0x49, 0x49, 0x49, 0x49
    .byte 0x49, 0x49, 0x49, 0x49, 0x49, 0x49, 0x49, 0x49, 0x49, 0x49, 0x49, 0x49, 0x49, 0x49, 0x49, 0x49, 0x49, 0x49, 0x49, 0x49, 0x49, 0x49, 0x49, 0x49, 0x49, 0x49, 0x54, 0xA5, 0xA5, 0x5D, 0x54, 0x03
    .byte 0x5D, 0x03, 0x03, 0x5D, 0x03, 0x03, 0x03, 0xA5, 0xA5, 0xAD, 0xA5, 0xAD, 0xAE, 0x03, 0x03, 0x03, 0x03, 0x03, 0xAD, 0x03, 0x03, 0xA5, 0xAE, 0xAE, 0xAE, 0xAD, 0xAD, 0xAD, 0xAD, 0x03, 0x03, 0x03
    .byte 0x03, 0x03, 0x03, 0x03, 0x03, 0x03, 0xAD, 0x03, 0xAD, 0xAD, 0xAD, 0xAD, 0xAD, 0xAD, 0xAD, 0xAD, 0xAD, 0xAD, 0xAD, 0xAD, 0xAD, 0xAD, 0xAD, 0xAD, 0xAD, 0xAD, 0xAD, 0xAD, 0xAD, 0xAD, 0xAD, 0xAD
    .byte 0xAD, 0xAD, 0xAD, 0xAD, 0xAD, 0xAD, 0xAD, 0xAD, 0xAD, 0xAD, 0xAD, 0x00, 0x00, 0x09, 0x09, 0x09, 0x09, 0x09, 0x09, 0x09, 0x09, 0xAD, 0xAD, 0xAD, 0xAD, 0xAD, 0x49, 0x49, 0x52, 0x52, 0x52, 0x52
    .byte 0x52, 0x52, 0x52, 0x52, 0x49, 0x49, 0x49, 0xAD, 0xAD, 0xAD, 0xAD, 0xAD, 0x03, 0x03, 0x54, 0x03, 0x54, 0x03, 0x54, 0x6B, 0x54, 0x6B, 0x54, 0x54, 0x6B, 0x5A, 0x74, 0x74, 0x5A, 0x74, 0x74, 0x74
    .byte 0x74, 0x74, 0xAD, 0xAD, 0xAD, 0xAD, 0xAD, 0xAD, 0xAD, 0xAD, 0xAD, 0xAD, 0xAD, 0xAD, 0xAD, 0xAD, 0xAD, 0xAD, 0xAD, 0xAD, 0xAD, 0xAD, 0xB6, 0xB6, 0xB6, 0xB6, 0xB6, 0xB6, 0xB6, 0xB6, 0xB6, 0xB6
    .byte 0xB6, 0xB6, 0xB6, 0xB6, 0xB6, 0xB6, 0xB6, 0xB6, 0xB6, 0xB6, 0xFF, 0xAD, 0xFF, 0xAD, 0xFF, 0xAD, 0xFF, 0xAD, 0xFF, 0xAD, 0x74, 0x74, 0x6B, 0x6B, 0x6B, 0x6B, 0x74, 0x6B, 0x6B, 0x6B, 0xFF, 0x6B
    .byte 0xFF, 0xAD, 0xFF, 0xAD, 0xFF, 0xAD, 0xFF, 0xAD, 0xFF, 0xAD, 0xFF, 0x49, 0x49, 0x52, 0x52, 0x52, 0x52, 0x52, 0x52, 0x52, 0x52, 0x52, 0x52, 0x52, 0x52, 0x52, 0x52, 0x52, 0x52, 0x52, 0x52, 0x52
    .byte 0x52, 0x52, 0x52, 0x52, 0x52, 0x52, 0x52, 0x52, 0x52, 0x52, 0x52, 0x52, 0x52, 0x52, 0x52, 0x52, 0x52, 0x52, 0x52, 0x52, 0x52, 0x52, 0x52, 0x49, 0x49, 0x49, 0x49, 0x49, 0x49, 0x49, 0x49, 0x49
    .byte 0x49, 0x49, 0x49, 0x49, 0x49, 0x49, 0x49, 0x49, 0x49, 0x49, 0x49, 0x51, 0x51, 0x51, 0x49, 0x49, 0x49, 0x49, 0x49, 0x49, 0x49, 0x49, 0x49, 0x49, 0x49, 0x49, 0x49, 0x49, 0x49, 0x49, 0x49, 0x49
    .byte 0x49, 0x49, 0x49, 0x49, 0x49, 0x49, 0x49, 0x49, 0x49, 0x49, 0x49, 0x49, 0x49, 0x49, 0x49, 0x49, 0x49, 0x49, 0x49, 0x49, 0x49, 0x49, 0x49, 0x49, 0x49, 0x49, 0xFF, 0xAE, 0x5D, 0x54, 0x54, 0x5D
    .byte 0x5D, 0x5D, 0x03, 0x5D, 0xA5, 0xA5, 0xAE, 0xAE, 0xA5, 0xAE, 0xAE, 0xAE, 0xFF, 0xAD, 0xFF, 0xAD, 0xFF, 0xAD, 0xFF, 0xAD, 0xFF, 0xAD, 0xFF, 0xAD, 0xFF, 0xAD, 0xFF, 0xAD, 0x03, 0x03, 0x03, 0x03
    .byte 0x03, 0x03, 0x03, 0x03, 0x03, 0xAD, 0x03, 0xAD, 0xFF, 0xAD, 0xFF, 0xAD, 0xFF, 0xAD, 0xFF, 0xAD, 0xFF, 0xAD, 0xFF, 0xAD, 0xFF, 0xAD, 0xFF, 0xAD, 0xFF, 0xAD, 0xFF, 0xAD, 0xFF, 0xAD, 0xFF, 0xAD
    .byte 0xFF, 0xAD, 0xFF, 0xAD, 0xFF, 0xAD, 0xFF, 0xAD, 0xFF, 0xAD, 0xFF, 0x00, 0x00, 0x09, 0x09, 0x09, 0x09, 0x09, 0x09, 0x09, 0x09, 0xAD, 0xFF, 0xAD, 0xFF, 0xAD, 0x49, 0x49, 0x49, 0x49, 0x49, 0x49
    .byte 0x49, 0x49, 0x52, 0x52, 0x49, 0x49, 0x49, 0xAD, 0xFF, 0x03, 0xFF, 0x03, 0x54, 0x03, 0x54, 0x03, 0xFF, 0x03, 0x03, 0x03, 0x54, 0x54, 0x54, 0x6B, 0x6B, 0x6B, 0x5A, 0xAD, 0x74, 0x5A, 0xFF, 0x74
    .byte 0x74, 0xAD, 0xFF, 0xAD, 0xFF, 0xAD, 0xFF, 0xAD, 0xFF, 0xAD, 0xFF, 0xAD, 0xFF, 0xAD, 0xFF, 0xAD, 0xFF, 0xAD, 0xFF, 0xAD, 0xFF, 0xAD, 0xB6, 0xB6, 0xB6, 0xB6, 0xB6, 0xB6, 0xB6, 0xB6, 0xB6, 0xB6
    .byte 0xB6, 0xB6, 0xB6, 0xB6, 0xB6, 0xB6, 0xB6, 0xB6, 0xB6, 0xB6, 0xAD, 0xAD, 0xAD, 0xFF, 0xAD, 0xAD, 0xAD, 0xFF, 0xAD, 0x74, 0xAD, 0x74, 0x74, 0x6B, 0x5A, 0x6B, 0x6B, 0x6B, 0x6B, 0x6B, 0x6B, 0x6B
    .byte 0xAD, 0xFF, 0xAD, 0xAD, 0xAD, 0xFF, 0xAD, 0xAD, 0xAD, 0xFF, 0xAD, 0x49, 0x49, 0x52, 0x52, 0x52, 0x52, 0x52, 0x52, 0x52, 0x52, 0x52, 0x52, 0x52, 0x52, 0x52, 0x52, 0x52, 0x52, 0x52, 0x52, 0x52
    .byte 0x52, 0x52, 0x52, 0x52, 0x52, 0x52, 0x52, 0x52, 0x52, 0x52, 0x52, 0x52, 0x52, 0x52, 0x52, 0x52, 0x52, 0x52, 0x52, 0x52, 0x52, 0x52, 0x52, 0x49, 0x49, 0x49, 0x49, 0x49, 0x49, 0x49, 0x49, 0x49
    .byte 0x49, 0x49, 0x49, 0x49, 0x49, 0x49, 0x49, 0x49, 0x49, 0x49, 0x49, 0x49, 0x49, 0x49, 0x49, 0x49, 0x49, 0x49, 0x49, 0x49, 0x49, 0x49, 0x49, 0x49, 0x49, 0x49, 0x49, 0x49, 0x49, 0x49, 0x49, 0x49
    .byte 0x49, 0x49, 0x49, 0x49, 0x49, 0x49, 0x49, 0x49, 0x49, 0x49, 0x49, 0x49, 0x49, 0x49, 0x49, 0x49, 0x49, 0x49, 0x49, 0x49, 0x49, 0x49, 0x49, 0x49, 0x49, 0x49, 0xAE, 0xAD, 0xA5, 0x9D, 0x5D, 0x5D
    .byte 0x54, 0x54, 0x54, 0xA5, 0x9D, 0xAD, 0xA5, 0xAE, 0xAE, 0xFF, 0xAD, 0xAD, 0xAD, 0xFF, 0xAD, 0xAE, 0xAD, 0xFF, 0xAD, 0xAD, 0xAE, 0xFF, 0xAD, 0xAD, 0xAD, 0xFF, 0xAD, 0xAD, 0xAD, 0xFF, 0x03, 0x03
    .byte 0x03, 0xFF, 0x03, 0xAD, 0x03, 0x03, 0x03, 0xAD, 0xAD, 0xFF, 0xAD, 0xAD, 0xAD, 0xFF, 0xAD, 0xAD, 0xAD, 0xFF, 0xAD, 0xAD, 0xAD, 0xFF, 0xAD, 0xAD, 0xAD, 0xFF, 0xAD, 0xAD, 0xAD, 0xFF, 0xAD, 0xAD
    .byte 0xAD, 0xFF, 0xAD, 0xAD, 0xAD, 0xFF, 0xAD, 0xAD, 0xAD, 0xFF, 0xAD, 0x00, 0x00, 0x09, 0x09, 0x09, 0x09, 0x09, 0x09, 0x09, 0x09, 0xFF, 0xAD, 0xAD, 0xAD, 0xFF, 0x49, 0x49, 0x49, 0x49, 0x49, 0x49
    .byte 0x49, 0x49, 0x52, 0x52, 0x52, 0xFF, 0xAD, 0xAD, 0xAD, 0xFF, 0xAD, 0x03, 0x03, 0x54, 0x03, 0x54, 0x03, 0x03, 0x03, 0x03, 0x03, 0x03, 0x54, 0x54, 0x6B, 0x6B, 0x6B, 0x6B, 0xAD, 0x74, 0x74, 0xAD
    .byte 0xAD, 0xFF, 0xAD, 0xAD, 0xAD, 0xFF, 0xAD, 0xAD, 0xAD, 0xFF, 0xAD, 0xAD, 0xAD, 0xFF, 0xAD, 0xAD, 0xAD, 0xFF, 0xAD, 0xAD, 0xAD, 0xFF, 0xB6, 0xB6, 0xB6, 0xB6, 0xB6, 0xB6, 0xB6, 0xB6, 0xB6, 0xB6
    .byte 0xB6, 0xB6, 0xB6, 0xB6, 0xB6, 0xB6, 0xB6, 0xB6, 0xB6, 0xB6, 0xFF, 0xAD, 0xFF, 0xAD, 0xFF, 0xAD, 0xFF, 0xAD, 0xFF, 0xAD, 0xFF, 0x74, 0xFF, 0x6B, 0x6B, 0x6B, 0x74, 0x5A, 0x5A, 0xAD, 0x6B, 0x6B
    .byte 0xFF, 0xAD, 0xFF, 0xAD, 0xFF, 0xAD, 0xFF, 0xAD, 0xFF, 0xAD, 0xFF, 0x49, 0x49, 0x52, 0x52, 0x52, 0x52, 0x52, 0x52, 0x52, 0x52, 0x52, 0x52, 0x52, 0x52, 0x52, 0x52, 0x52, 0x52, 0x52, 0x52, 0x52
    .byte 0x52, 0x52, 0x52, 0x52, 0x52, 0x52, 0x52, 0x52, 0x52, 0x52, 0x52, 0x52, 0x52, 0x52, 0x52, 0x52, 0x52, 0x52, 0x52, 0x52, 0x52, 0x52, 0x52, 0x49, 0x49, 0x49, 0x49, 0x49, 0x49, 0x49, 0x49, 0x49
    .byte 0x49, 0x49, 0x49, 0x49, 0x49, 0x49, 0x49, 0x49, 0x49, 0x49, 0x49, 0x49, 0x49, 0x49, 0x49, 0x49, 0x49, 0x49, 0x49, 0x49, 0x49, 0x49, 0x49, 0x49, 0x49, 0x49, 0x49, 0x49, 0x49, 0x49, 0x49, 0x49
    .byte 0x49, 0x49, 0x49, 0x49, 0x49, 0x49, 0x49, 0x49, 0x49, 0x49, 0x49, 0x49, 0x49, 0x49, 0x49, 0x49, 0x49, 0x49, 0x49, 0x49, 0x49, 0x49, 0x49, 0x49, 0x49, 0x49, 0xA5, 0xA5, 0xFF, 0xA5, 0xA5, 0xA5
    .byte 0x5D, 0x5D, 0x5D, 0xA5, 0xA5, 0xA5, 0xFF, 0xAE, 0xFF, 0xAD, 0xFF, 0xAD, 0xFF, 0xAD, 0xFF, 0xAD, 0xFF, 0xAD, 0xFF, 0xAD, 0xFF, 0xAD, 0xFF, 0xAD, 0xFF, 0xAD, 0xFF, 0xAD, 0xFF, 0xAD, 0xFF, 0xAD
    .byte 0x03, 0x03, 0x03, 0xAD, 0x03, 0xAD, 0x03, 0xAD, 0xFF, 0xAD, 0xFF, 0xAD, 0xFF, 0xAD, 0xFF, 0xAD, 0xFF, 0xAD, 0xFF, 0xAD, 0xFF, 0xAD, 0xFF, 0xAD, 0xFF, 0xAD, 0xFF, 0xAD, 0xFF, 0xAD, 0xFF, 0xAD
    .byte 0xFF, 0xAD, 0xFF, 0xAD, 0xFF, 0xAD, 0xFF, 0xAD, 0xFF, 0xAD, 0xFF, 0x00, 0x00, 0x09, 0x09, 0x09, 0x09, 0x09, 0x09, 0x09, 0x09, 0xAD, 0xFF, 0xAD, 0xFF, 0xAD, 0xFF, 0xAD, 0xFF, 0x76, 0x76, 0xAD
    .byte 0xFF, 0xAD, 0xFF, 0xAD, 0xFF, 0xAD, 0xFF, 0xAD, 0xFF, 0xAD, 0x03, 0x54, 0x03, 0x54, 0x54, 0x03, 0x54, 0x54, 0x54, 0x03, 0x03, 0x03, 0x54, 0x54, 0x5A, 0x6B, 0x6B, 0x74, 0x5A, 0xAD, 0x5A, 0xAD
    .byte 0xFF, 0xAD, 0xFF, 0xAD, 0xFF, 0xAD, 0xFF, 0xAD, 0xFF, 0xAD, 0xFF, 0xAD, 0xFF, 0xAD, 0xFF, 0xAD, 0xFF, 0xAD, 0xFF, 0xAD, 0xFF, 0xAD, 0xB6, 0xB6, 0xB6, 0xB6, 0xB6, 0xB6, 0xB6, 0xB6, 0xB6, 0xB6
    .byte 0xB6, 0xB6, 0xB6, 0xB6, 0xB6, 0xB6, 0xB6, 0xB6, 0xB6, 0xB6, 0xAD, 0xAD, 0xAD, 0xAD, 0xAD, 0xAD, 0xAD, 0xAD, 0xAD, 0xAD, 0x74, 0xAD, 0x5A, 0x6B, 0x74, 0x6B, 0xAD, 0x6B, 0x6B, 0x6B, 0x6B, 0x6B
    .byte 0xAD, 0xAD, 0xAD, 0xAD, 0xAD, 0xAD, 0xAD, 0xAD, 0xAD, 0xAD, 0xAD, 0x49, 0x49, 0x52, 0x52, 0x52, 0x52, 0x52, 0x52, 0x52, 0x52, 0x52, 0x52, 0x52, 0x52, 0x52, 0x52, 0x52, 0x52, 0x52, 0x52, 0x52
    .byte 0x52, 0x52, 0x52, 0x52, 0x52, 0x52, 0x52, 0x52, 0x52, 0x52, 0x52, 0x52, 0x52, 0x52, 0x52, 0x52, 0x52, 0x52, 0x52, 0x52, 0x52, 0x52, 0x52, 0x49, 0x49, 0x49, 0x49, 0x49, 0x49, 0x49, 0x49, 0x49
    .byte 0x49, 0x49, 0x49, 0x49, 0x49, 0x49, 0x49, 0x49, 0x49, 0x49, 0x49, 0x49, 0x49, 0x49, 0x49, 0x49, 0x49, 0x49, 0x49, 0x49, 0x49, 0x49, 0x49, 0x49, 0x49, 0x49, 0x49, 0x49, 0x49, 0x49, 0x49, 0x49
    .byte 0x49, 0x49, 0x49, 0x49, 0x49, 0x49, 0x49, 0x49, 0x49, 0x49, 0x49, 0x49, 0x49, 0x49, 0x49, 0x49, 0x49, 0x49, 0x49, 0x49, 0x49, 0x49, 0x49, 0x49, 0x49, 0x49, 0xAD, 0xAE, 0xAD, 0xA5, 0xA5, 0x9D
    .byte 0xA5, 0x9D, 0xA5, 0xA5, 0xAD, 0xAE, 0xAD, 0xAD, 0xAD, 0xAD, 0xAD, 0xAD, 0xAD, 0xAD, 0xAD, 0xAD, 0xAD, 0xAD, 0xAD, 0xAD, 0xAD, 0xAD, 0xAD, 0xAD, 0xAD, 0xAD, 0xAD, 0xAD, 0xAD, 0xAD, 0xAD, 0xAD
    .byte 0xAD, 0xAD, 0xAD, 0xAD, 0xAD, 0xAD, 0xAD, 0xAD, 0xAD, 0xAD, 0xAD, 0xAD, 0xAD, 0xAD, 0xAD, 0xAD, 0xAD, 0xAD, 0xAD, 0xAD, 0xAD, 0xAD, 0xAD, 0xAD, 0xAD, 0xAD, 0xAD, 0xAD, 0xAD, 0xAD, 0xAD, 0xAD
    .byte 0xAD, 0xAD, 0xAD, 0xAD, 0xAD, 0xAD, 0xAD, 0xAD, 0xAD, 0xAD, 0xAD, 0x00, 0x00, 0x09, 0x09, 0x09, 0x09, 0x09, 0x09, 0x09, 0x09, 0xAD, 0xAD, 0xAD, 0xAD, 0xAD, 0xAD, 0xAD, 0xAD, 0x76, 0x76, 0xAD
    .byte 0xAD, 0xAD, 0xAD, 0xAD, 0xAD, 0xAD, 0xAD, 0xAD, 0xAD, 0xAD, 0xAD, 0x54, 0x03, 0x54, 0x54, 0x03, 0x03, 0x6B, 0x54, 0x03, 0x54, 0x54, 0x54, 0x6B, 0x54, 0x6B, 0x6B, 0x6B, 0x6B, 0x5A, 0xAD, 0xAD
    .byte 0xAD, 0xAD, 0xAD, 0xAD, 0xAD, 0xAD, 0xAD, 0xAD, 0xAD, 0xAD, 0xAD, 0xAD, 0xAD, 0xAD, 0xAD, 0xAD, 0xAD, 0xAD, 0xAD, 0xAD, 0xAD, 0xAD, 0xB6, 0xB6, 0xB6, 0xB6, 0xB6, 0xB6, 0xB6, 0xB6, 0xB6, 0xB6
    .byte 0xB6, 0xB6, 0xB6, 0xB6, 0xB6, 0xB6, 0xB6, 0xB6, 0xB6, 0xB6, 0xFF, 0xAD, 0xFF, 0xAD, 0xFF, 0xAD, 0xFF, 0xAD, 0xFF, 0xAD, 0x5A, 0x5A, 0x5A, 0x74, 0x6B, 0x6B, 0x6B, 0x6B, 0x6B, 0x6B, 0x6B, 0x5A
    .byte 0x5A, 0xAD, 0xFF, 0xAD, 0xFF, 0xAD, 0xFF, 0xAD, 0xFF, 0xAD, 0xFF, 0x49, 0x49, 0x52, 0x52, 0x52, 0x52, 0x52, 0x52, 0x52, 0x52, 0x52, 0x52, 0x52, 0x52, 0x52, 0x52, 0x52, 0x52, 0x52, 0x52, 0x52
    .byte 0x52, 0x52, 0x52, 0x52, 0x52, 0x52, 0x52, 0x52, 0x52, 0x52, 0x52, 0x52, 0x52, 0x52, 0x52, 0x52, 0x52, 0x52, 0x52, 0x52, 0x52, 0x52, 0x52, 0x49, 0x49, 0x49, 0x49, 0x49, 0x49, 0x49, 0x49, 0x49
    .byte 0x49, 0x49, 0x49, 0x49, 0x49, 0x49, 0x49, 0x49, 0x49, 0x49, 0x49, 0x49, 0x49, 0x49, 0x49, 0x49, 0x49, 0x49, 0x49, 0x49, 0x49, 0x49, 0x49, 0x49, 0x49, 0x49, 0x49, 0x49, 0x49, 0x49, 0x49, 0x49
    .byte 0x49, 0x49, 0x49, 0x49, 0x49, 0x49, 0x49, 0x49, 0x49, 0x49, 0x49, 0x49, 0x49, 0x49, 0x49, 0x49, 0x49, 0x49, 0x49, 0x49, 0x49, 0x49, 0x49, 0x49, 0x49, 0x49, 0xFF, 0xAD, 0xAE, 0xA5, 0xAD, 0xA5
    .byte 0xA5, 0xAD, 0xA5, 0xAD, 0xAE, 0xAD, 0xFF, 0xAD, 0xFF, 0xAD, 0xFF, 0xAD, 0xFF, 0xAD, 0xFF, 0xAD, 0xFF, 0xAD, 0xFF, 0xAD, 0xFF, 0xAD, 0xFF, 0xAD, 0xFF, 0xAD, 0xFF, 0xAD, 0xFF, 0xAD, 0xFF, 0xAD
    .byte 0xFF, 0xAD, 0xFF, 0xAD, 0xFF, 0xAD, 0xFF, 0xAD, 0xFF, 0xAD, 0xFF, 0xAD, 0xFF, 0xAD, 0xFF, 0xAD, 0xFF, 0xAD, 0xFF, 0xAD, 0xFF, 0xAD, 0xFF, 0xAD, 0xFF, 0xAD, 0xFF, 0xAD, 0xFF, 0xAD, 0xFF, 0xAD
    .byte 0xFF, 0xAD, 0xFF, 0xAD, 0xFF, 0xAD, 0xFF, 0xAD, 0xFF, 0xAD, 0xFF, 0x00, 0x00, 0x09, 0x09, 0x09, 0x09, 0x09, 0x09, 0x09, 0x09, 0xAD, 0xFF, 0xAD, 0xFF, 0xAD, 0xFF, 0xAD, 0xFF, 0x76, 0x76, 0xAD
    .byte 0xFF, 0xAD, 0xFF, 0xAD, 0xFF, 0xAD, 0xFF, 0xAD, 0xFF, 0xAD, 0xFF, 0x03, 0x54, 0x03, 0x03, 0x03, 0x03, 0x03, 0x03, 0x54, 0x54, 0x54, 0x6B, 0x54, 0x54, 0x6B, 0x6B, 0x6B, 0x5A, 0x74, 0xFF, 0xAD
    .byte 0xFF, 0xAD, 0xFF, 0xAD, 0xFF, 0xAD, 0xFF, 0xAD, 0xFF, 0xAD, 0xFF, 0xAD, 0xFF, 0xAD, 0xFF, 0xAD, 0xFF, 0xAD, 0xFF, 0xAD, 0xFF, 0xAD, 0xB6, 0xB6, 0xB6, 0xB6, 0xB6, 0xB6, 0xB6, 0xB6, 0xB6, 0xB6
    .byte 0xB6, 0xB6, 0xB6, 0xB6, 0xB6, 0xB6, 0xB6, 0xB6, 0xB6, 0xB6, 0xAD, 0xAD, 0xAD, 0xFF, 0xAD, 0xAD, 0xAD, 0xFF, 0xAD, 0xAD, 0x5A, 0xFF, 0x5A, 0x5A, 0x6B, 0x5A, 0x5A, 0x74, 0x6B, 0x5A, 0xAD, 0xAD
    .byte 0x6B, 0x6B, 0xAD, 0xAD, 0xAD, 0xFF, 0xAD, 0xAD, 0xAD, 0xFF, 0xAD, 0x49, 0x49, 0x52, 0x52, 0x52, 0x52, 0x52, 0x52, 0x52, 0x52, 0x52, 0x52, 0x52, 0x52, 0x52, 0x52, 0x52, 0x52, 0x52, 0x52, 0x52
    .byte 0x52, 0x52, 0x52, 0x52, 0x52, 0x52, 0x52, 0x52, 0x52, 0x52, 0x52, 0x52, 0x52, 0x52, 0x52, 0x52, 0x52, 0x52, 0x52, 0x52, 0x52, 0x52, 0x52, 0x49, 0x49, 0x49, 0x49, 0x49, 0x49, 0x49, 0x49, 0x49
    .byte 0x49, 0x49, 0x49, 0x49, 0x49, 0x49, 0x49, 0x49, 0x49, 0x49, 0x49, 0x49, 0x49, 0x49, 0x49, 0x49, 0x49, 0x49, 0x49, 0x49, 0x49, 0x49, 0x49, 0x49, 0x49, 0x49, 0x49, 0x49, 0x49, 0x49, 0x49, 0x49
    .byte 0x49, 0x49, 0x49, 0x49, 0x49, 0x49, 0x49, 0x49, 0x49, 0x49, 0x49, 0x49, 0x49, 0x49, 0x49, 0x49, 0x49, 0x49, 0x49, 0x49, 0x49, 0x49, 0x49, 0x49, 0x49, 0x49, 0xAD, 0xAD, 0xAD, 0xAE, 0xAE, 0xAE
    .byte 0xA5, 0xAE, 0xAE, 0xAE, 0xAD, 0xFF, 0xAD, 0xAD, 0xAD, 0xFF, 0xAD, 0xAD, 0xAD, 0xFF, 0xAD, 0xAD, 0xAD, 0xFF, 0xAD, 0xAD, 0xAD, 0xFF, 0xAD, 0xAD, 0xAD, 0xFF, 0xAD, 0xAD, 0xAD, 0xFF, 0xAD, 0xAD
    .byte 0xAD, 0xFF, 0xAD, 0xAD, 0xAD, 0xFF, 0xAD, 0xAD, 0xAD, 0xFF, 0xAD, 0xAD, 0xAD, 0xFF, 0xAD, 0xAD, 0xAD, 0xFF, 0xAD, 0xAD, 0xAD, 0xFF, 0xAD, 0xAD, 0xAD, 0xFF, 0xAD, 0xAD, 0xAD, 0xFF, 0xAD, 0xAD
    .byte 0xAD, 0xFF, 0xAD, 0xAD, 0xAD, 0xFF, 0xAD, 0xAD, 0xAD, 0xFF, 0xAD, 0x00, 0x00, 0x09, 0x09, 0x09, 0x09, 0x09, 0x09, 0x09, 0x09, 0xFF, 0xAD, 0xAD, 0xAD, 0xFF, 0xAD, 0xAD, 0xAD, 0x08, 0x08, 0x08
    .byte 0x08, 0x08, 0x08, 0x08, 0xAD, 0xFF, 0xAD, 0xAD, 0xAD, 0x54, 0xAD, 0x03, 0x03, 0x03, 0x03, 0x03, 0x03, 0x03, 0x03, 0x54, 0x54, 0x54, 0x54, 0x6B, 0x6B, 0x6B, 0x5A, 0xAD, 0x6B, 0x5A, 0xAD, 0xAD
    .byte 0xAD, 0xFF, 0xAD, 0xAD, 0xAD, 0xFF, 0xAD, 0xAD, 0xAD, 0xFF, 0xAD, 0xAD, 0xAD, 0xFF, 0xAD, 0xAD, 0xAD, 0xFF, 0xAD, 0xAD, 0xAD, 0xFF, 0xB6, 0xB6, 0xB6, 0xB6, 0xB6, 0xB6, 0xB6, 0xB6, 0xB6, 0xB6
    .byte 0xB6, 0xB6, 0xB6, 0xB6, 0xB6, 0xB6, 0xB6, 0xB6, 0xB6, 0xB6, 0xFF, 0xAD, 0xFF, 0xAD, 0xFF, 0xAD, 0xFF, 0xAD, 0xFF, 0xAD, 0xFF, 0xAD, 0xFF, 0x5A, 0xFF, 0x74, 0x6B, 0x74, 0xFF, 0x6B, 0x5A, 0x6B
    .byte 0x6B, 0xAD, 0x6B, 0xAD, 0xFF, 0xAD, 0xFF, 0xAD, 0xFF, 0xAD, 0xFF, 0x49, 0x49, 0x52, 0x52, 0x52, 0x52, 0x52, 0x52, 0x52, 0x52, 0x52, 0x52, 0x52, 0x52, 0x52, 0x52, 0x52, 0x52, 0x52, 0x52, 0x52
    .byte 0x52, 0x52, 0x52, 0x52, 0x52, 0x52, 0x52, 0x52, 0x52, 0x52, 0x52, 0x52, 0x52, 0x52, 0x52, 0x52, 0x52, 0x52, 0x52, 0x52, 0x52, 0x52, 0x52, 0x49, 0x49, 0x49, 0x49, 0x49, 0x49, 0x49, 0x49, 0x49
    .byte 0x49, 0x49, 0x49, 0x49, 0x49, 0x49, 0x49, 0x49, 0x49, 0x49, 0x49, 0x49, 0x49, 0x49, 0x49, 0x49, 0x49, 0x49, 0x49, 0x49, 0x49, 0x49, 0x49, 0x49, 0x49, 0x49, 0x49, 0x49, 0x49, 0x49, 0x49, 0x49
    .byte 0x49, 0x49, 0x49, 0x49, 0x49, 0x49, 0x49, 0x49, 0x49, 0x49, 0x49, 0x49, 0x49, 0x49, 0x49, 0x49, 0x49, 0x49, 0x49, 0x49, 0x49, 0x49, 0x49, 0x49, 0x49, 0x49, 0xFF, 0xAD, 0xFF, 0xAD, 0xFF, 0xAD
    .byte 0xFF, 0xAD, 0xFF, 0xAD, 0xFF, 0xAD, 0xFF, 0xAD, 0xFF, 0xAD, 0xFF, 0xAD, 0xFF, 0xAD, 0xFF, 0xAD, 0xFF, 0xAD, 0xFF, 0xAD, 0xFF, 0xAD, 0xFF, 0xAD, 0xFF, 0xAD, 0xFF, 0xAD, 0xFF, 0xAD, 0xFF, 0xAD
    .byte 0xFF, 0xAD, 0xFF, 0xAD, 0xFF, 0xAD, 0xFF, 0xAD, 0xFF, 0xAD, 0xFF, 0xAD, 0xFF, 0xAD, 0xFF, 0xAD, 0xFF, 0xAD, 0xFF, 0xAD, 0xFF, 0xAD, 0xFF, 0xAD, 0xFF, 0xAD, 0xFF, 0xAD, 0xFF, 0xAD, 0xFF, 0xAD
    .byte 0xFF, 0xAD, 0xFF, 0xAD, 0xFF, 0xAD, 0xFF, 0xAD, 0xFF, 0xAD, 0xFF, 0x00, 0x00, 0x09, 0x09, 0x09, 0x09, 0x09, 0x09, 0x09, 0x09, 0xAD, 0xFF, 0xAD, 0xFF, 0xAD, 0xFF, 0xAD, 0xFF, 0x08, 0x08, 0x08
    .byte 0x08, 0x08, 0x08, 0x08, 0xFF, 0xAD, 0xFF, 0xAD, 0xFF, 0xAD, 0x03, 0x03, 0x03, 0x03, 0x54, 0x03, 0x03, 0x03, 0x03, 0x03, 0x03, 0x74, 0x54, 0x54, 0x6B, 0x6B, 0x5A, 0x6B, 0x5A, 0xAD, 0x74, 0xAD
    .byte 0xFF, 0xAD, 0xFF, 0xAD, 0xFF, 0xAD, 0xFF, 0xAD, 0xFF, 0xAD, 0xFF, 0xAD, 0xFF, 0xAD, 0xFF, 0xAD, 0xFF, 0xAD, 0xFF, 0xAD, 0xFF, 0xAD, 0xB6, 0xB6, 0xB6, 0xB6, 0xB6, 0xB6, 0xB6, 0xB6, 0xB6, 0xB6
    .byte 0xB6, 0xB6, 0xB6, 0xB6, 0xB6, 0xB6, 0xB6, 0xB6, 0xB6, 0xB6, 0xAD, 0xAD, 0xAD, 0xAD, 0xAD, 0xAD, 0xAD, 0xAD, 0xAD, 0xAD, 0xAD, 0x5A, 0x5A, 0x6B, 0x6B, 0x5A, 0x6B, 0x5A, 0x6B, 0x6B, 0x6B, 0x6B
    .byte 0xAD, 0x6B, 0xAD, 0xAD, 0xAD, 0xAD, 0xAD, 0xAD, 0xAD, 0xAD, 0xAD, 0x49, 0x49, 0x49, 0x49, 0x49, 0x49, 0x49, 0x49, 0x49, 0x49, 0x49, 0x49, 0x49, 0x49, 0x49, 0x49, 0x49, 0x49, 0x49, 0x49, 0x49
    .byte 0x49, 0x49, 0x49, 0x49, 0x49, 0x49, 0x49, 0x49, 0x49, 0x49, 0x49, 0x49, 0x49, 0x49, 0x49, 0x49, 0x49, 0x49, 0x49, 0x49, 0x49, 0x49, 0x49, 0x49, 0x49, 0x49, 0x49, 0x49, 0x49, 0x49, 0x49, 0x49
    .byte 0x49, 0x49, 0x49, 0x49, 0x49, 0x49, 0x49, 0x49, 0x49, 0x49, 0x49, 0x49, 0x49, 0x49, 0x49, 0x49, 0x49, 0x49, 0x49, 0x49, 0x49, 0x49, 0x49, 0x49, 0x49, 0x49, 0x49, 0x49, 0x49, 0x49, 0x49, 0x49
    .byte 0x49, 0x49, 0x49, 0x49, 0x49, 0x49, 0x49, 0x49, 0x49, 0x49, 0x49, 0x49, 0x49, 0x49, 0x49, 0x49, 0x49, 0x49, 0x49, 0x49, 0x49, 0x49, 0x49, 0x49, 0x49, 0x49, 0x49, 0x49, 0xAD, 0xAD, 0xAD, 0xAE
    .byte 0xAD, 0xAD, 0xAD, 0xAD, 0xAD, 0xAD, 0xAD, 0xAD, 0xAD, 0xAD, 0xAD, 0xAD, 0xAD, 0xAD, 0xAD, 0xAD, 0xAD, 0xAD, 0xAD, 0xAD, 0xAD, 0xAD, 0xAD, 0xAD, 0xAD, 0xAD, 0xAD, 0xAD, 0xAD, 0xAD, 0xAD, 0xAD
    .byte 0xAD, 0xAD, 0xAD, 0xAD, 0xAD, 0xAD, 0xAD, 0xAD, 0xAD, 0xAD, 0xAD, 0xAD, 0xAD, 0xAD, 0xAD, 0xAD, 0xAD, 0xAD, 0xAD, 0xAD, 0xAD, 0xAD, 0xAD, 0xAD, 0xAD, 0xAD, 0xAD, 0xAD, 0xAD, 0xAD, 0xAD, 0xAD
    .byte 0xAD, 0xAD, 0xAD, 0xAD, 0xAD, 0xAD, 0xAD, 0xAD, 0xAD, 0xAD, 0xAD, 0x00, 0x00, 0x09, 0x09, 0x09, 0x09, 0x09, 0x09, 0x09, 0x09, 0xAD, 0xAD, 0xAD, 0xAD, 0xAD, 0xAD, 0xAD, 0xAD, 0x08, 0x08, 0x08
    .byte 0x08, 0x08, 0x08, 0x08, 0xAD, 0xAD, 0xAD, 0xAD, 0x54, 0x03, 0x03, 0x03, 0x03, 0x03, 0x03, 0x03, 0x03, 0x03, 0x03, 0x03, 0x54, 0x54, 0x6B, 0x6B, 0x6B, 0x6B, 0x6B, 0x6B, 0x74, 0x74, 0xAD, 0xAD
    .byte 0xAD, 0xAD, 0xAD, 0xAD, 0xAD, 0xAD, 0xAD, 0xAD, 0xAD, 0xAD, 0xAD, 0xAD, 0xAD, 0xAD, 0xAD, 0xAD, 0xAD, 0xAD, 0xAD, 0xAD, 0xAD, 0xAD, 0xB6, 0xB6, 0xB6, 0xB6, 0xB6, 0xB6, 0xB6, 0xB6, 0xB6, 0xB6
    .byte 0xB6, 0xB6, 0xB6, 0xB6, 0xB6, 0xB6, 0xB6, 0xB6, 0xB6, 0xB6, 0xFF, 0xAD, 0xFF, 0xAD, 0xFF, 0xAD, 0xFF, 0xAD, 0xFF, 0xAD, 0xFF, 0x5A, 0x5A, 0x5A, 0x6B, 0x6B, 0x6B, 0x6B, 0x6B, 0x6B, 0x6B, 0x6B
    .byte 0x6B, 0xAD, 0xFF, 0xAD, 0xFF, 0xAD, 0xFF, 0xAD, 0xFF, 0xAD, 0xFF, 0x49, 0x49, 0x49, 0x49, 0x49, 0x49, 0x49, 0x49, 0x49, 0x49, 0x49, 0x49, 0x49, 0x49, 0x49, 0x49, 0x49, 0x49, 0x49, 0x49, 0x49
    .byte 0x49, 0x49, 0x49, 0x49, 0x49, 0x49, 0x49, 0x49, 0x49, 0x49, 0x49, 0x49, 0x49, 0x49, 0x49, 0x49, 0x49, 0x49, 0x49, 0x49, 0x49, 0x49, 0x49, 0x49, 0x49, 0x49, 0x49, 0x49, 0x49, 0x49, 0x49, 0x49
    .byte 0x49, 0x49, 0x49, 0x49, 0x49, 0x49, 0x49, 0x49, 0x49, 0x49, 0x49, 0x49, 0x49, 0x49, 0x49, 0x49, 0x49, 0x49, 0x49, 0x49, 0x49, 0x49, 0x49, 0x49, 0x49, 0x49, 0x49, 0x49, 0x49, 0x49, 0x49, 0x49
    .byte 0x49, 0x49, 0x49, 0x49, 0x49, 0x49, 0x49, 0x49, 0x49, 0x49, 0x49, 0x49, 0x49, 0x49, 0x49, 0x49, 0x49, 0x49, 0x49, 0x49, 0x49, 0x49, 0x49, 0x49, 0x49, 0x49, 0x49, 0x49, 0x49, 0x49, 0xFF, 0xAD
    .byte 0xFF, 0xAD, 0xFF, 0xAD, 0xFF, 0xAD, 0xFF, 0xAD, 0xFF, 0xAD, 0xFF, 0xAD, 0xFF, 0xAD, 0xFF, 0xAD, 0xFF, 0xAD, 0xFF, 0xAD, 0xFF, 0xAD, 0xFF, 0xAD, 0xFF, 0xAD, 0xFF, 0xAD, 0xFF, 0xAD, 0xFF, 0xAD
    .byte 0xFF, 0xAD, 0xFF, 0xAD, 0xFF, 0xAD, 0xFF, 0xAD, 0xFF, 0xAD, 0xFF, 0xAD, 0xFF, 0xAD, 0xFF, 0xAD, 0xFF, 0xAD, 0xFF, 0xAD, 0xFF, 0xAD, 0xFF, 0xAD, 0xFF, 0xAD, 0xFF, 0xAD, 0xFF, 0xAD, 0xFF, 0xAD
    .byte 0xFF, 0xAD, 0xFF, 0xAD, 0xFF, 0xAD, 0xFF, 0xAD, 0xFF, 0xAD, 0xFF, 0x00, 0x00, 0x09, 0x09, 0x09, 0x09, 0x09, 0x09, 0x09, 0x09, 0xAD, 0xFF, 0xAD, 0xFF, 0xAD, 0xFF, 0xAD, 0xFF, 0x08, 0x08, 0x08
    .byte 0x08, 0x08, 0x08, 0x08, 0xFF, 0xAD, 0xFF, 0x54, 0xFF, 0x03, 0x03, 0x03, 0x03, 0x03, 0x03, 0x03, 0x03, 0x03, 0x03, 0x03, 0x6B, 0x54, 0x6B, 0x6B, 0x6B, 0x6B, 0x5A, 0x74, 0x74, 0x74, 0x74, 0xAD
    .byte 0xFF, 0xAD, 0xFF, 0xAD, 0xFF, 0xAD, 0xFF, 0xAD, 0xFF, 0xAD, 0xFF, 0xAD, 0xFF, 0xAD, 0xFF, 0xAD, 0xFF, 0xAD, 0xFF, 0xAD, 0xFF, 0xAD, 0xB6, 0xB6, 0xB6, 0xB6, 0xB6, 0xB6, 0xB6, 0xB6, 0xB6, 0xB6
    .byte 0xB6, 0xB6, 0xB6, 0xB6, 0xB6, 0xB6, 0xB6, 0xB6, 0xB6, 0xB6, 0xAD, 0xAD, 0xAD, 0xFF, 0xAD, 0xAD, 0xAD, 0xFF, 0xAD, 0xAD, 0x74, 0xFF, 0x5A, 0x6B, 0x6B, 0x6B, 0x6B, 0x6B, 0x6B, 0x6B, 0x6B, 0x6B
    .byte 0x6B, 0x6B, 0xAD, 0x6B, 0xAD, 0xFF, 0xAD, 0xAD, 0xAD, 0xFF, 0xAD, 0xAD, 0xAD, 0xFF, 0xAD, 0xAD, 0xAD, 0xFF, 0xAD, 0xAD, 0xAD, 0xFF, 0xAD, 0xAD, 0xAD, 0xFF, 0xAD, 0xAD, 0xAD, 0xFF, 0xAD, 0xAD
    .byte 0xAD, 0xFF, 0xAD, 0xAD, 0xAD, 0xFF, 0xAD, 0xAD, 0xAD, 0xFF, 0xAD, 0xAD, 0xAD, 0xFF, 0xAD, 0xAD, 0xAD, 0xFF, 0xAD, 0xAD, 0xAD, 0xFF, 0xAD, 0xAD, 0xAD, 0xFF, 0xAD, 0xAD, 0xAD, 0xFF, 0xAD, 0xAD
    .byte 0xAD, 0xFF, 0xAD, 0xAD, 0xAD, 0xFF, 0xAD, 0xAD, 0xAD, 0xFF, 0xAD, 0xAD, 0xAD, 0xFF, 0xAD, 0xAD, 0xAD, 0xFF, 0xAD, 0xAD, 0xAD, 0xFF, 0xAD, 0xAD, 0xAD, 0xFF, 0xAD, 0xAD, 0xAD, 0xFF, 0xAD, 0xAD
    .byte 0xAD, 0xFF, 0xAD, 0xAD, 0xAD, 0xFF, 0xAD, 0xAD, 0xAD, 0xFF, 0xAD, 0xAD, 0xAD, 0xFF, 0xAD, 0xAD, 0xAD, 0xFF, 0xAD, 0xAD, 0xAD, 0xFF, 0xAD, 0xAD, 0xAD, 0xFF, 0xAD, 0x49, 0x49, 0x49, 0x49, 0xAD
    .byte 0xAD, 0xFF, 0xAD, 0xAD, 0xAD, 0xFF, 0xAD, 0xAD, 0xAD, 0xFF, 0xAD, 0xAD, 0xAD, 0xFF, 0xAD, 0xAD, 0xAD, 0xFF, 0xAD, 0xAD, 0xAD, 0xFF, 0xAD, 0xAD, 0xAD, 0xFF, 0xAD, 0xAD, 0xAD, 0xFF, 0xAD, 0xAD
    .byte 0xAD, 0xFF, 0xAD, 0xAD, 0xAD, 0xFF, 0xAD, 0xAD, 0xAD, 0xFF, 0xAD, 0xAD, 0xAD, 0xFF, 0xAD, 0xAD, 0xAD, 0xFF, 0xAD, 0xAD, 0xAD, 0xFF, 0xAD, 0xAD, 0xAD, 0xFF, 0xAD, 0xAD, 0xAD, 0xFF, 0xAD, 0xAD
    .byte 0xAD, 0xFF, 0xAD, 0xAD, 0xAD, 0xFF, 0xAD, 0xAD, 0xAD, 0xFF, 0xAD, 0x00, 0x00, 0x09, 0x09, 0x09, 0x09, 0x09, 0x09, 0x09, 0x09, 0xFF, 0xAD, 0xAD, 0xAD, 0xFF, 0xAD, 0xAD, 0xAD, 0xFF, 0xAD, 0xAD
    .byte 0xAD, 0xFF, 0xAD, 0xAD, 0xAD, 0xFF, 0xAD, 0x54, 0xAD, 0xFF, 0x03, 0x03, 0x03, 0x03, 0x03, 0x03, 0x54, 0x03, 0x03, 0x03, 0x03, 0x6B, 0x6B, 0xAD, 0x6B, 0x74, 0x74, 0x74, 0x74, 0x74, 0x74, 0xAD
    .byte 0xAD, 0xFF, 0xAD, 0xAD, 0xAD, 0xFF, 0xAD, 0xAD, 0xAD, 0xFF, 0xAD, 0xAD, 0xAD, 0xFF, 0xAD, 0xAD, 0xAD, 0xFF, 0xAD, 0xAD, 0xAD, 0xFF, 0xB6, 0xB6, 0xB6, 0xB6, 0xB6, 0xB6, 0xB6, 0xB6, 0xB6, 0xB6
    .byte 0xB6, 0xB6, 0xB6, 0xB6, 0xB6, 0xB6, 0xB6, 0xB6, 0xB6, 0xB6, 0xFF, 0xAD, 0xFF, 0xAD, 0xFF, 0xAD, 0xFF, 0xAD, 0xFF, 0xAD, 0x74, 0x74, 0x74, 0x6B, 0x6B, 0x74, 0x6B, 0x6B, 0x5A, 0x6B, 0x6B, 0x6B
    .byte 0x6B, 0x6B, 0x6B, 0x6B, 0xFF, 0xAD, 0xFF, 0xAD, 0xFF, 0xAD, 0xFF, 0xAD, 0xFF, 0xAD, 0xFF, 0xAD, 0xFF, 0xAD, 0xFF, 0xAD, 0xFF, 0xAD, 0xFF, 0xAD, 0xFF, 0xAD, 0xFF, 0xAD, 0xFF, 0xAD, 0xFF, 0xAD
    .byte 0xFF, 0xAD, 0xFF, 0xAD, 0xFF, 0xAD, 0xFF, 0xAD, 0xFF, 0xAD, 0xFF, 0xAD, 0xFF, 0xAD, 0xFF, 0xAD, 0xFF, 0xAD, 0xFF, 0xAD, 0xFF, 0xAD, 0xFF, 0xAD, 0xFF, 0xAD, 0xFF, 0xAD, 0xFF, 0xAD, 0xFF, 0xAD
    .byte 0xFF, 0xAD, 0xFF, 0xAD, 0xFF, 0xAD, 0xFF, 0xAD, 0xFF, 0xAD, 0xFF, 0xAD, 0xFF, 0xAD, 0xFF, 0xAD, 0xFF, 0xAD, 0xFF, 0xAD, 0xFF, 0xAD, 0xFF, 0xAD, 0xFF, 0xAD, 0xFF, 0xAD, 0xFF, 0xAD, 0xFF, 0xAD
    .byte 0xFF, 0xAD, 0xFF, 0xAD, 0xFF, 0xAD, 0xFF, 0xAD, 0xFF, 0xAD, 0xFF, 0xAD, 0xFF, 0xAD, 0xFF, 0xAD, 0xFF, 0xAD, 0xFF, 0xAD, 0xFF, 0xAD, 0xFF, 0xAD, 0xFF, 0xAD, 0xFF, 0xAD, 0xFF, 0x49, 0x49, 0x49
    .byte 0xFF, 0xAD, 0xFF, 0xAD, 0xFF, 0xAD, 0xFF, 0xAD, 0xFF, 0xAD, 0xFF, 0xAD, 0xFF, 0xAD, 0xFF, 0xAD, 0xFF, 0xAD, 0xFF, 0xAD, 0xFF, 0xAD, 0xFF, 0xAD, 0xFF, 0xAD, 0xFF, 0xAD, 0xFF, 0xAD, 0xFF, 0xAD
    .byte 0xFF, 0xAD, 0xFF, 0xAD, 0xFF, 0xAD, 0xFF, 0xAD, 0xFF, 0xAD, 0xFF, 0xAD, 0xFF, 0xAD, 0xFF, 0xAD, 0xFF, 0xAD, 0xFF, 0xAD, 0xFF, 0xAD, 0xFF, 0xAD, 0xFF, 0xAD, 0xFF, 0xAD, 0xFF, 0xAD, 0xFF, 0xAD
    .byte 0xFF, 0xAD, 0xFF, 0xAD, 0xFF, 0xAD, 0xFF, 0xAD, 0xFF, 0xAD, 0xFF, 0x00, 0x00, 0x09, 0x09, 0x09, 0x09, 0x09, 0x09, 0x09, 0x09, 0xAD, 0xFF, 0xAD, 0xFF, 0xAD, 0xFF, 0xAD, 0xFF, 0xAD, 0xFF, 0xAD
    .byte 0xFF, 0xAD, 0xFF, 0xAD, 0xFF, 0xAD, 0xFF, 0xAD, 0x03, 0x03, 0x03, 0x03, 0x54, 0x03, 0x03, 0x03, 0x03, 0x03, 0x03, 0x03, 0x6B, 0x6B, 0x74, 0x74, 0x74, 0x6B, 0x74, 0xAD, 0x74, 0x74, 0x74, 0xAD
    .byte 0xFF, 0xAD, 0xFF, 0xAD, 0xFF, 0xAD, 0xFF, 0xAD, 0xFF, 0xAD, 0xFF, 0xAD, 0xFF, 0xAD, 0xFF, 0xAD, 0xFF, 0xAD, 0xFF, 0xAD, 0xFF, 0xAD, 0xB6, 0xB6, 0xB6, 0xB6, 0xB6, 0xB6, 0xB6, 0xB6, 0xB6, 0xB6
    .byte 0xB6, 0xB6, 0xB6, 0xB6, 0xB6, 0xB6, 0xB6, 0xB6, 0xB6, 0xB6, 0xAD, 0xAD, 0xAD, 0xAD, 0xAD, 0xAD, 0xAD, 0xAD, 0xAD, 0x74, 0x74, 0x5A, 0x5A, 0x5A, 0x6B, 0x6B, 0x6B, 0x6B, 0x6B, 0x6B, 0x6B, 0x6B
    .byte 0x6B, 0x6B, 0x6B, 0xAD, 0xAD, 0xAD, 0xAD, 0xAD, 0xAD, 0xAD, 0xAD, 0xAD, 0xAD, 0xAD, 0xAD, 0xAD, 0xAD, 0xAD, 0xAD, 0xAD, 0xAD, 0xAD, 0xAD, 0xAD, 0xAD, 0xAD, 0xAD, 0xAD, 0xAD, 0xAD, 0xAD, 0xAD
    .byte 0xAD, 0xAD, 0xAD, 0xAD, 0xAD, 0xAD, 0xAD, 0xAD, 0xAD, 0xAD, 0xAD, 0xAD, 0xAD, 0xAD, 0xAD, 0xAD, 0xAD, 0xAD, 0xAD, 0xAD, 0xAD, 0xAD, 0xAD, 0xAD, 0xAD, 0xAD, 0xAD, 0xAD, 0xAD, 0xAD, 0xAD, 0xAD
    .byte 0xAD, 0xAD, 0xAD, 0xAD, 0xAD, 0xAD, 0xAD, 0xAD, 0xAD, 0xAD, 0xAD, 0xAD, 0xAD, 0xAD, 0xAD, 0xAD, 0xAD, 0xAD, 0xAD, 0xAD, 0xAD, 0xAD, 0xAD, 0xAD, 0xAD, 0xAD, 0xAD, 0xAD, 0xAD, 0xAD, 0xAD, 0xAD
    .byte 0xAD, 0xAD, 0xAD, 0xAD, 0xAD, 0xAD, 0xAD, 0xAD, 0xAD, 0xAD, 0xAD, 0xAD, 0xAD, 0xAD, 0xAD, 0xAD, 0xAD, 0xAD, 0xAD, 0xAD, 0xAD, 0xAD, 0xAD, 0xAD, 0xAD, 0xAD, 0xAD, 0xAD, 0xAD, 0xAD, 0x49, 0x49
    .byte 0x49, 0x49, 0xAD, 0xAD, 0xAD, 0xAD, 0xAD, 0xAD, 0xAD, 0xAD, 0xAD, 0xAD, 0xAD, 0xAD, 0xAD, 0xAD, 0xAD, 0xAD, 0xAD, 0xAD, 0xAD, 0xAD, 0xAD, 0xAD, 0xAD, 0xAD, 0xAD, 0xAD, 0xAD, 0xAD, 0xAD, 0xAD
    .byte 0xAD, 0xAD, 0xAD, 0xAD, 0xAD, 0xAD, 0xAD, 0xAD, 0xAD, 0xAD, 0xAD, 0xAD, 0xAD, 0xAD, 0xAD, 0xAD, 0xAD, 0xAD, 0xAD, 0xAD, 0xAD, 0xAD, 0xAD, 0xAD, 0xAD, 0xAD, 0xAD, 0xAD, 0xAD, 0xAD, 0xAD, 0xAD
    .byte 0xAD, 0xAD, 0xAD, 0xAD, 0xAD, 0xAD, 0xAD, 0xAD, 0xAD, 0xAD, 0xAD, 0x00, 0x00, 0x09, 0x09, 0x09, 0x09, 0x09, 0x09, 0x09, 0x09, 0xAD, 0xAD, 0xAD, 0xAD, 0xAD, 0xAD, 0xAD, 0xAD, 0xAD, 0xAD, 0xAD
    .byte 0xAD, 0xAD, 0xAD, 0xAD, 0xAD, 0xAD, 0x54, 0xAD, 0x03, 0x03, 0x03, 0x03, 0x03, 0x03, 0x03, 0x03, 0x03, 0x03, 0x03, 0x5A, 0x03, 0x03, 0x6B, 0x6B, 0x74, 0x6B, 0x74, 0x74, 0x74, 0x74, 0x74, 0xAD
    .byte 0xAD, 0xAD, 0xAD, 0xAD, 0xAD, 0xAD, 0xAD, 0xAD, 0xAD, 0xAD, 0xAD, 0xAD, 0xAD, 0xAD, 0xAD, 0xAD, 0xAD, 0xAD, 0xAD, 0xAD, 0xAD, 0xAD, 0xB6, 0xB6, 0xB6, 0xB6, 0xB6, 0xB6, 0xB6, 0xB6, 0xB6, 0xB6
    .byte 0xB6, 0xB6, 0xB6, 0xB6, 0xB6, 0xB6, 0xB6, 0xB6, 0xB6, 0xB6, 0xFF, 0xAD, 0xFF, 0xAD, 0xFF, 0xAD, 0xFF, 0xAD, 0x74, 0x74, 0x5A, 0x74, 0x74, 0x5A, 0x6B, 0x6B, 0x6B, 0x6B, 0x5A, 0x6B, 0x6B, 0x6B
    .byte 0x6B, 0x6B, 0x6B, 0x5A, 0x6B, 0xAD, 0xFF, 0xAD, 0xFF, 0xAD, 0xFF, 0xAD, 0xFF, 0xAD, 0xFF, 0xAD, 0xFF, 0xAD, 0xFF, 0xAD, 0xFF, 0xAD, 0xFF, 0xAD, 0xFF, 0xAD, 0xFF, 0xAD, 0xFF, 0xAD, 0xFF, 0xAD
    .byte 0xFF, 0xAD, 0xFF, 0xAD, 0xFF, 0xAD, 0xFF, 0xAD, 0xFF, 0xAD, 0xFF, 0xAD, 0xFF, 0xAD, 0xFF, 0xAD, 0xFF, 0xAD, 0xFF, 0xAD, 0xFF, 0xAD, 0xFF, 0xAD, 0xFF, 0xAD, 0xFF, 0xAD, 0xFF, 0xAD, 0xFF, 0xAD
    .byte 0xFF, 0xAD, 0xFF, 0xAD, 0xFF, 0xAD, 0xFF, 0xAD, 0xFF, 0xAD, 0xFF, 0xAD, 0xFF, 0xAD, 0xFF, 0xAD, 0xFF, 0xAD, 0xFF, 0xAD, 0xFF, 0xAD, 0xFF, 0xAD, 0xFF, 0xAD, 0xFF, 0xAD, 0xFF, 0xAD, 0xFF, 0xAD
    .byte 0xFF, 0xAD, 0xFF, 0xAD, 0xFF, 0xAD, 0xFF, 0xAD, 0xFF, 0xAD, 0xFF, 0xAD, 0xFF, 0xAD, 0xFF, 0xAD, 0xFF, 0xAD, 0xFF, 0xAD, 0xFF, 0xAD, 0xFF, 0xAD, 0xFF, 0xAD, 0xFF, 0xAD, 0xFF, 0xAD, 0xFF, 0x49
    .byte 0x49, 0x49, 0x49, 0xAD, 0xFF, 0xAD, 0xFF, 0xAD, 0xFF, 0xAD, 0xFF, 0xAD, 0xFF, 0xAD, 0xFF, 0xAD, 0xFF, 0xAD, 0xFF, 0xAD, 0xFF, 0xAD, 0xFF, 0xAD, 0xFF, 0xAD, 0xFF, 0xAD, 0xFF, 0xAD, 0xFF, 0xAD
    .byte 0xFF, 0xAD, 0xFF, 0xAD, 0xFF, 0xAD, 0xFF, 0xAD, 0xFF, 0xAD, 0xFF, 0xAD, 0xFF, 0xAD, 0xFF, 0xAD, 0xFF, 0xAD, 0xFF, 0xAD, 0xFF, 0xAD, 0xFF, 0xAD, 0xFF, 0xAD, 0xFF, 0xAD, 0xFF, 0xAD, 0xFF, 0xAD
    .byte 0xFF, 0xAD, 0xFF, 0xAD, 0xFF, 0xAD, 0xFF, 0xAD, 0xFF, 0xAD, 0xFF, 0x00, 0x00, 0x09, 0x09, 0x09, 0x09, 0x09, 0x09, 0x09, 0x09, 0xAD, 0xFF, 0xAD, 0xFF, 0xAD, 0xFF, 0xAD, 0xFF, 0xAD, 0xFF, 0xAD
    .byte 0xFF, 0xAD, 0xFF, 0xAD, 0xFF, 0xAD, 0x03, 0x03, 0x03, 0x03, 0x03, 0x03, 0x03, 0x03, 0x03, 0x03, 0x03, 0x03, 0x03, 0x03, 0x03, 0x5A, 0x5A, 0x5A, 0x74, 0x6B, 0x6B, 0x6B, 0x74, 0x74, 0x74, 0xAD
    .byte 0xFF, 0xAD, 0xFF, 0xAD, 0xFF, 0xAD, 0xFF, 0xAD, 0xFF, 0xAD, 0xFF, 0xAD, 0xFF, 0xAD, 0xFF, 0xAD, 0xFF, 0xAD, 0xFF, 0xAD, 0xFF, 0xAD, 0xB6, 0xB6, 0xB6, 0xB6, 0xB6, 0xB6, 0xB6, 0xB6, 0xB6, 0xB6
    .byte 0xB6, 0xB6, 0xB6, 0xB6, 0xB6, 0xB6, 0xB6, 0xB6, 0xB6, 0xB6, 0xAD, 0xAD, 0xAD, 0xFF, 0xAD, 0xAD, 0xAD, 0xFF, 0xAD, 0xAD, 0x5A, 0x74, 0x74, 0x5A, 0x5A, 0x5A, 0x6B, 0x6B, 0x74, 0x6B, 0x6B, 0x6B
    .byte 0x6B, 0x6B, 0x6B, 0x6B, 0xAD, 0xFF, 0xAD, 0xAD, 0xAD, 0xFF, 0xAD, 0xAD, 0xAD, 0xFF, 0xAD, 0xAD, 0xAD, 0xFF, 0xAD, 0xAD, 0xAD, 0xFF, 0xAD, 0xAD, 0xAD, 0xFF, 0xAD, 0xAD, 0xAD, 0xFF, 0xAD, 0xAD
    .byte 0xAD, 0xFF, 0xAD, 0xAD, 0xAD, 0xFF, 0xAD, 0xAD, 0xAD, 0xFF, 0xAD, 0xAD, 0xAD, 0xFF, 0xAD, 0xAD, 0xAD, 0xFF, 0xAD, 0xAD, 0xAD, 0xFF, 0xAD, 0xAD, 0xAD, 0xFF, 0xAD, 0xAD, 0xAD, 0xFF, 0xAD, 0xAD
    .byte 0xAD, 0xFF, 0xAD, 0xAD, 0xAD, 0xFF, 0xAD, 0xAD, 0xAD, 0xFF, 0xAD, 0xAD, 0xAD, 0xFF, 0xAD, 0xAD, 0xAD, 0xFF, 0xAD, 0xAD, 0xAD, 0xFF, 0xAD, 0xAD, 0xAD, 0xFF, 0xAD, 0xAD, 0xAD, 0xFF, 0xAD, 0xAD
    .byte 0xAD, 0xFF, 0xAD, 0xAD, 0xAD, 0xFF, 0xAD, 0xAD, 0xAD, 0xFF, 0xAD, 0xAD, 0xAD, 0xFF, 0xAD, 0xAD, 0xAD, 0xFF, 0xAD, 0xAD, 0xAD, 0xFF, 0xAD, 0xAD, 0xAD, 0xFF, 0xAD, 0xAD, 0xAD, 0xFF, 0xAD, 0xAD
    .byte 0xAD, 0x49, 0x49, 0x49, 0x49, 0xFF, 0xAD, 0xAD, 0xAD, 0xFF, 0xAD, 0xAD, 0xAD, 0xFF, 0xAD, 0xAD, 0xAD, 0xFF, 0xAD, 0xAD, 0xAD, 0xFF, 0xAD, 0xAD, 0xAD, 0xFF, 0xAD, 0xAD, 0xAD, 0xFF, 0xAD, 0xAD
    .byte 0xAD, 0xFF, 0xAD, 0xAD, 0xAD, 0xFF, 0xAD, 0xAD, 0xAD, 0xFF, 0xAD, 0xAD, 0xAD, 0xFF, 0xAD, 0xAD, 0xAD, 0xFF, 0xAD, 0xAD, 0xAD, 0xFF, 0xAD, 0xAD, 0xAD, 0xFF, 0xAD, 0xAD, 0xAD, 0xFF, 0xAD, 0xAD
    .byte 0xAD, 0xFF, 0xAD, 0xAD, 0xAD, 0xFF, 0xAD, 0xAD, 0xAD, 0xFF, 0xAD, 0x00, 0x00, 0x09, 0x09, 0x09, 0x09, 0x09, 0x09, 0x09, 0x09, 0xFF, 0xAD, 0xAD, 0xAD, 0xFF, 0xAD, 0xAD, 0xAD, 0xFF, 0xAD, 0xAD
    .byte 0xAD, 0xFF, 0xAD, 0xAD, 0x03, 0x03, 0x03, 0x03, 0x03, 0x03, 0x03, 0x03, 0x03, 0x03, 0x03, 0x03, 0x03, 0x03, 0x03, 0x03, 0x6B, 0x5A, 0x6B, 0x5A, 0x6B, 0x74, 0x74, 0x6B, 0x74, 0x74, 0x74, 0xAD
    .byte 0xAD, 0xFF, 0xAD, 0xAD, 0xAD, 0xFF, 0xAD, 0xAD, 0xAD, 0xFF, 0xAD, 0xAD, 0xAD, 0xFF, 0xAD, 0xAD, 0xAD, 0xFF, 0xAD, 0xAD, 0xAD, 0xFF, 0xB6, 0xB6, 0xB6, 0xB6, 0xB6, 0xB6, 0xB6, 0xB6, 0xB6, 0xB6
    .byte 0xA4, 0xA4, 0xA4, 0xA4, 0xA4, 0xA4, 0xA4, 0xA4, 0xA4, 0xA4, 0xFF, 0xAD, 0xFF, 0xAD, 0xFF, 0xAD, 0xFF, 0x5A, 0xFF, 0xAD, 0x5A, 0x5A, 0x74, 0x5A, 0x5A, 0x5A, 0x6B, 0x6B, 0x6B, 0x6B, 0x6B, 0x6B
    .byte 0x6B, 0x6B, 0x6B, 0x6B, 0x6B, 0xAD, 0xFF, 0xAD, 0xFF, 0xAD, 0xFF, 0xAD, 0xFF, 0xAD, 0xFF, 0xAD, 0xFF, 0xAD, 0xFF, 0xAD, 0xFF, 0xAD, 0xFF, 0xAD, 0xFF, 0xAD, 0xFF, 0xAD, 0xFF, 0xAD, 0xFF, 0xAD
    .byte 0xFF, 0xAD, 0xFF, 0xAD, 0xFF, 0xAD, 0xFF, 0xAD, 0xFF, 0xAD, 0xFF, 0xAD, 0xFF, 0xAD, 0xFF, 0xAD, 0xFF, 0xAD, 0xFF, 0xAD, 0xFF, 0xAD, 0xFF, 0xAD, 0xFF, 0xAD, 0xFF, 0xAD, 0xFF, 0xAD, 0xFF, 0xAD
    .byte 0xFF, 0xAD, 0xFF, 0xAD, 0xFF, 0xAD, 0xFF, 0xAD, 0xFF, 0xAD, 0xFF, 0xAD, 0xFF, 0xAD, 0xFF, 0xAD, 0xFF, 0xAD, 0xFF, 0xAD, 0xFF, 0xAD, 0xFF, 0xAD, 0xFF, 0xAD, 0xFF, 0xAD, 0xFF, 0xAD, 0xFF, 0xAD
    .byte 0xFF, 0xAD, 0xFF, 0xAD, 0xFF, 0xAD, 0xFF, 0xAD, 0xFF, 0xAD, 0xFF, 0xAD, 0xFF, 0xAD, 0xFF, 0xAD, 0xFF, 0xAD, 0xFF, 0xAD, 0xFF, 0xAD, 0xFF, 0xAD, 0xFF, 0xAD, 0xFF, 0xAD, 0xFF, 0xAD, 0xFF, 0xAD
    .byte 0xFF, 0xAD, 0x49, 0x49, 0x49, 0x49, 0xFF, 0xAD, 0xFF, 0xAD, 0xFF, 0xAD, 0xFF, 0xAD, 0xFF, 0xAD, 0xFF, 0xAD, 0xFF, 0xAD, 0xFF, 0xAD, 0xFF, 0xAD, 0xFF, 0xAD, 0xFF, 0xAD, 0xFF, 0xAD, 0xFF, 0xAD
    .byte 0xFF, 0xAD, 0xFF, 0xAD, 0xFF, 0xAD, 0xFF, 0xAD, 0xFF, 0xAD, 0xFF, 0xAD, 0xFF, 0xAD, 0xFF, 0xAD, 0xFF, 0xAD, 0xFF, 0xAD, 0xFF, 0xAD, 0xFF, 0xAD, 0xFF, 0xAD, 0xFF, 0xAD, 0xFF, 0xAD, 0xFF, 0xAD
    .byte 0xFF, 0xAD, 0xFF, 0xAD, 0xFF, 0xAD, 0xFF, 0xAD, 0xFF, 0xAD, 0xFF, 0xAD, 0xFF, 0xAD, 0xFF, 0xAD, 0xFF, 0xAD, 0xFF, 0xAD, 0xFF, 0xAD, 0xFF, 0xAD, 0xFF, 0xAD, 0xFF, 0xAD, 0xFF, 0xAD, 0xFF, 0xAD
    .byte 0xFF, 0xAD, 0xFF, 0x54, 0x03, 0x03, 0x03, 0x03, 0x03, 0x03, 0x03, 0x03, 0x03, 0x03, 0x03, 0x03, 0x03, 0x03, 0x03, 0x5A, 0x5A, 0x6B, 0x6B, 0x6B, 0x74, 0x6B, 0x6B, 0x74, 0xFF, 0x74, 0xFF, 0xAD
    .byte 0xFF, 0xAD, 0xFF, 0xAD, 0xFF, 0xAD, 0xFF, 0xAD, 0xFF, 0xAD, 0xFF, 0xAD, 0xFF, 0xAD, 0xFF, 0xAD, 0xFF, 0xAD, 0xFF, 0xAD, 0xFF, 0xAD, 0xB6, 0xB6, 0xB6, 0xB6, 0xB6, 0xB6, 0xB6, 0xB6, 0xB6, 0xB6
    .byte 0xA4, 0xA4, 0xA4, 0xA4, 0xA4, 0xA4, 0xA4, 0xA4, 0xA4, 0xA4, 0xAD, 0xAD, 0xAD, 0xAD, 0xAD, 0xAD, 0xAD, 0x5A, 0xAD, 0x5A, 0x5A, 0x74, 0x5A, 0x5A, 0x6B, 0x6B, 0x6B, 0x6B, 0x6B, 0x6B, 0x6B, 0x6B
    .byte 0x6B, 0x6B, 0x5A, 0x6B, 0x6B, 0xAD, 0xAD, 0xAD, 0xAD, 0xAD, 0xAD, 0xAD, 0xAD, 0xAD, 0xAD, 0xAD, 0xAD, 0xAD, 0xAD, 0xAD, 0xAD, 0xAD, 0xAD, 0xAD, 0xAD, 0xAD, 0xAD, 0xAD, 0xAD, 0xAD, 0xAD, 0xAD
    .byte 0xAD, 0xAD, 0xAD, 0xAD, 0xAD, 0xAD, 0xAD, 0xAD, 0xAD, 0xAD, 0xAD, 0xAD, 0xAD, 0xAD, 0xAD, 0xAD, 0xAD, 0xAD, 0xAD, 0xAD, 0xAD, 0xAD, 0xAD, 0xAD, 0xAD, 0xAD, 0xAD, 0xAD, 0xAD, 0xAD, 0xAD, 0xAD
    .byte 0xAD, 0xAD, 0xAD, 0xAD, 0xAD, 0xAD, 0xAD, 0xAD, 0xAD, 0xAD, 0xAD, 0xAD, 0xAD, 0xAD, 0xAD, 0xAD, 0xAD, 0xAD, 0xAD, 0xAD, 0xAD, 0xAD, 0xAD, 0xAD, 0xAD, 0xAD, 0xAD, 0xAD, 0xAD, 0xAD, 0xAD, 0xAD
    .byte 0xAD, 0xAD, 0xAD, 0xAD, 0xAD, 0xAD, 0xAD, 0xAD, 0xAD, 0xAD, 0xAD, 0xAD, 0xAD, 0xAD, 0xAD, 0xAD, 0xAD, 0xAD, 0xAD, 0xAD, 0xAD, 0xAD, 0xAD, 0xAD, 0xAD, 0xAD, 0xAD, 0xAD, 0xAD, 0xAD, 0xAD, 0xAD
    .byte 0xAD, 0xAD, 0xAD, 0xAD, 0x49, 0x49, 0x49, 0x49, 0xAD, 0xAD, 0xAD, 0xAD, 0xAD, 0xAD, 0xAD, 0xAD, 0xAD, 0xAD, 0xAD, 0xAD, 0xAD, 0xAD, 0xAD, 0xAD, 0xAD, 0xAD, 0xAD, 0xAD, 0xAD, 0xAD, 0xAD, 0xAD
    .byte 0xAD, 0xAD, 0xAD, 0xAD, 0xAD, 0xAD, 0xAD, 0xAD, 0xAD, 0xAD, 0xAD, 0xAD, 0xAD, 0xAD, 0xAD, 0xAD, 0xAD, 0xAD, 0xAD, 0xAD, 0xAD, 0xAD, 0xAD, 0xAD, 0xAD, 0xAD, 0xAD, 0xAD, 0xAD, 0xAD, 0xAD, 0xAD
    .byte 0xAD, 0xAD, 0xAD, 0xAD, 0xAD, 0xAD, 0xAD, 0xAD, 0xAD, 0xAD, 0xAD, 0xAD, 0xAD, 0xAD, 0xAD, 0xAD, 0xAD, 0xAD, 0xAD, 0xAD, 0xAD, 0xAD, 0xAD, 0xAD, 0xAD, 0xAD, 0xAD, 0xAD, 0xAD, 0xAD, 0xAD, 0xAD
    .byte 0xAD, 0xAD, 0x54, 0x03, 0x03, 0x54, 0x54, 0x03, 0x03, 0x03, 0x03, 0x03, 0x03, 0x03, 0x03, 0x03, 0x03, 0x03, 0x03, 0x5A, 0x6B, 0x5A, 0x5A, 0x5A, 0x6B, 0x6B, 0x6B, 0x74, 0xAD, 0xAD, 0xAD, 0xAD
    .byte 0xAD, 0xAD, 0xAD, 0xAD, 0xAD, 0xAD, 0xAD, 0xAD, 0xAD, 0xAD, 0xAD, 0xAD, 0xAD, 0xAD, 0xAD, 0xAD, 0xAD, 0xAD, 0xAD, 0xAD, 0xAD, 0xAD, 0xB6, 0xB6, 0xB6, 0xB6, 0xB6, 0xB6, 0xB6, 0xB6, 0xB6, 0xB6
    .byte 0xA4, 0xA4, 0xA4, 0xA4, 0xA4, 0xA4, 0xA4, 0xA4, 0xA4, 0xA4, 0xFF, 0xAD, 0xFF, 0xAD, 0xFF, 0xAD, 0xFF, 0xAD, 0xFF, 0xAD, 0x5A, 0x74, 0x5A, 0x5A, 0x5A, 0x6B, 0x5A, 0x6B, 0x6B, 0x6B, 0x6B, 0x6B
    .byte 0x6B, 0x6B, 0x6B, 0x6B, 0xFF, 0xAD, 0xFF, 0xAD, 0xFF, 0xAD, 0xFF, 0xAD, 0xFF, 0xAD, 0xFF, 0xAD, 0xFF, 0xAD, 0xFF, 0xAD, 0xFF, 0xAD, 0xFF, 0xAD, 0xFF, 0xAD, 0xFF, 0xAD, 0xFF, 0xAD, 0xFF, 0xAD
    .byte 0xFF, 0xAD, 0xFF, 0xAD, 0xFF, 0xAD, 0xFF, 0xAD, 0xFF, 0xAD, 0xFF, 0xAD, 0xFF, 0xAD, 0xFF, 0xAD, 0xFF, 0xAD, 0xFF, 0xAD, 0xFF, 0xAD, 0xFF, 0xAD, 0xFF, 0xAD, 0xFF, 0xAD, 0xFF, 0xAD, 0xFF, 0xAD
    .byte 0xFF, 0xAD, 0xFF, 0xAD, 0xFF, 0xAD, 0xFF, 0xAD, 0xFF, 0xAD, 0xFF, 0xAD, 0xFF, 0xAD, 0xFF, 0xAD, 0xFF, 0xAD, 0xFF, 0xAD, 0xFF, 0xAD, 0xFF, 0xAD, 0xFF, 0xAD, 0xFF, 0xAD, 0xFF, 0xAD, 0xFF, 0xAD
    .byte 0xFF, 0xAD, 0xFF, 0xAD, 0xFF, 0xAD, 0xFF, 0xAD, 0xFF, 0xAD, 0xFF, 0xAD, 0xFF, 0xAD, 0xFF, 0xAD, 0xFF, 0xAD, 0xFF, 0xAD, 0xFF, 0xAD, 0xFF, 0xAD, 0xFF, 0xAD, 0xFF, 0xAD, 0xFF, 0xAD, 0xFF, 0xAD
    .byte 0xFF, 0xAD, 0xFF, 0xAD, 0xFF, 0x49, 0x49, 0x49, 0x49, 0xAD, 0xFF, 0xAD, 0xFF, 0xAD, 0xFF, 0xAD, 0xFF, 0xAD, 0xFF, 0xAD, 0xFF, 0xAD, 0xFF, 0xAD, 0xFF, 0xAD, 0xFF, 0xAD, 0xFF, 0xAD, 0xFF, 0xAD
    .byte 0xFF, 0xAD, 0xFF, 0xAD, 0xFF, 0xAD, 0xFF, 0xAD, 0xFF, 0xAD, 0xFF, 0xAD, 0xFF, 0xAD, 0xFF, 0xAD, 0xFF, 0xAD, 0xFF, 0xAD, 0xFF, 0xAD, 0xFF, 0xAD, 0xFF, 0xAD, 0xFF, 0xAD, 0xFF, 0xAD, 0xFF, 0xAD
    .byte 0xFF, 0xAD, 0xFF, 0xAD, 0xFF, 0xAD, 0xFF, 0xAD, 0xFF, 0xAD, 0xFF, 0xAD, 0xFF, 0xAD, 0xFF, 0xAD, 0xFF, 0xAD, 0xFF, 0xAD, 0xFF, 0xAD, 0xFF, 0xAD, 0xFF, 0xAD, 0xFF, 0xAD, 0xFF, 0xAD, 0xFF, 0xAD
    .byte 0x5A, 0x54, 0x03, 0x03, 0x03, 0x54, 0x03, 0x03, 0x03, 0x03, 0x03, 0x03, 0x03, 0x03, 0x03, 0x03, 0x03, 0x03, 0x03, 0x03, 0x5A, 0x6B, 0x6B, 0x6B, 0x6B, 0xAD, 0x74, 0xAD, 0xFF, 0xAD, 0xFF, 0xAD
    .byte 0xFF, 0xAD, 0xFF, 0xAD, 0xFF, 0xAD, 0xFF, 0xAD, 0xFF, 0xAD, 0xFF, 0xAD, 0xFF, 0xAD, 0xFF, 0xAD, 0xFF, 0xAD, 0xFF, 0xAD, 0xFF, 0xAD, 0xB6, 0xB6, 0xB6, 0xB6, 0xB6, 0xB6, 0xB6, 0xB6, 0xB6, 0xB6
    .byte 0xA4, 0xA4, 0xA4, 0xA4, 0xA4, 0xA4, 0xA4, 0xA4, 0xA4, 0xA4, 0xAD, 0xAD, 0xAD, 0xFF, 0xAD, 0xAD, 0xAD, 0xFF, 0x5A, 0x5A, 0x5A, 0x74, 0x5A, 0x5A, 0x5A, 0x5A, 0x6B, 0x6B, 0x6B, 0x6B, 0x6B, 0x5A
    .byte 0x6B, 0x6B, 0xAD, 0x6B, 0x6B, 0xFF, 0xAD, 0xAD, 0xAD, 0xFF, 0xAD, 0xAD, 0xAD, 0xFF, 0xAD, 0xAD, 0xAD, 0xFF, 0xAD, 0xAD, 0xAD, 0xFF, 0xAD, 0xAD, 0xAD, 0xFF, 0xAD, 0xAD, 0xAD, 0xFF, 0xAD, 0xAD
    .byte 0xAD, 0xFF, 0xAD, 0xAD, 0xAD, 0xFF, 0xAD, 0xAD, 0xAD, 0xFF, 0xAD, 0xAD, 0xAD, 0xFF, 0xAD, 0xAD, 0xAD, 0xFF, 0xAD, 0xAD, 0xAD, 0xFF, 0xAD, 0xAD, 0xAD, 0xFF, 0xAD, 0xAD, 0xAD, 0xFF, 0xAD, 0xAD
    .byte 0xAD, 0xFF, 0xAD, 0xAD, 0xAD, 0xFF, 0xAD, 0xAD, 0xAD, 0xFF, 0xAD, 0xAD, 0xAD, 0xFF, 0xAD, 0xAD, 0xAD, 0xFF, 0xAD, 0xAD, 0xAD, 0xFF, 0xAD, 0xAD, 0xAD, 0xFF, 0xAD, 0xAD, 0xAD, 0xFF, 0xAD, 0xAD
    .byte 0xAD, 0xFF, 0xAD, 0xAD, 0xAD, 0xFF, 0xAD, 0xAD, 0xAD, 0xFF, 0xAD, 0xAD, 0xAD, 0xFF, 0xAD, 0xAD, 0xAD, 0xFF, 0xAD, 0xAD, 0xAD, 0xFF, 0xAD, 0xAD, 0xAD, 0xFF, 0xAD, 0xAD, 0xAD, 0xFF, 0xAD, 0xAD
    .byte 0xAD, 0xFF, 0xAD, 0xAD, 0xAD, 0xFF, 0xAD, 0x49, 0x49, 0x49, 0xAD, 0xAD, 0xAD, 0xFF, 0xAD, 0xAD, 0xAD, 0xFF, 0xAD, 0xAD, 0xAD, 0xFF, 0xAD, 0xAD, 0xAD, 0xFF, 0xAD, 0xAD, 0xAD, 0xFF, 0xAD, 0xAD
    .byte 0xAD, 0xFF, 0xAD, 0xAD, 0xAD, 0xFF, 0xAD, 0xAD, 0xAD, 0xFF, 0xAD, 0xAD, 0xAD, 0xFF, 0xAD, 0xAD, 0xAD, 0xFF, 0xAD, 0xAD, 0xAD, 0xFF, 0xAD, 0xAD, 0xAD, 0xFF, 0xAD, 0xAD, 0xAD, 0xFF, 0xAD, 0xAD
    .byte 0xAD, 0xFF, 0xAD, 0xAD, 0xAD, 0xFF, 0xAD, 0xAD, 0xAD, 0xFF, 0xAD, 0xAD, 0xAD, 0xFF, 0xAD, 0xAD, 0xAD, 0xFF, 0xAD, 0xAD, 0xAD, 0xFF, 0xAD, 0xAD, 0xAD, 0xFF, 0xAD, 0xAD, 0xAD, 0xFF, 0xAD, 0xAD
    .byte 0x5A, 0x54, 0x54, 0x54, 0x03, 0x03, 0x03, 0x03, 0x54, 0x03, 0x03, 0x03, 0x03, 0x03, 0x03, 0x03, 0x03, 0x03, 0x03, 0x6B, 0x5A, 0x6B, 0x6B, 0x6B, 0x74, 0xFF, 0xAD, 0xAD, 0xAD, 0xFF, 0xAD, 0xAD
    .byte 0xAD, 0xFF, 0xAD, 0xAD, 0xAD, 0xFF, 0xAD, 0xAD, 0xAD, 0xFF, 0xAD, 0xAD, 0xAD, 0xFF, 0xAD, 0xAD, 0xAD, 0xFF, 0xAD, 0xAD, 0xAD, 0xFF, 0xB6, 0xB6, 0xB6, 0xB6, 0xB6, 0xB6, 0xB6, 0xB6, 0xB6, 0xB6
    .byte 0xA4, 0xA4, 0xA4, 0xA4, 0xA4, 0xA4, 0xA4, 0xA4, 0xA4, 0xA4, 0xFF, 0xAD, 0xFF, 0xAD, 0xFF, 0xAD, 0xFF, 0x5A, 0x5A, 0x5A, 0x5A, 0xAD, 0x5A, 0x5A, 0x5A, 0x6B, 0x6B, 0x6B, 0x6B, 0x6B, 0x6B, 0x5A
    .byte 0x6B, 0x6B, 0x6B, 0x6B, 0x6B, 0xAD, 0xFF, 0xAD, 0xFF, 0xAD, 0xFF, 0xAD, 0xFF, 0xAD, 0xFF, 0xAD, 0xFF, 0xAD, 0xFF, 0xAD, 0xFF, 0xAD, 0xFF, 0xAD, 0xFF, 0xAD, 0xFF, 0xAD, 0xFF, 0xAD, 0xFF, 0xAD
    .byte 0xFF, 0xAD, 0xFF, 0xAD, 0xFF, 0xAD, 0xFF, 0xAD, 0xFF, 0xAD, 0xFF, 0xAD, 0xFF, 0xAD, 0xFF, 0xAD, 0xFF, 0xAD, 0xFF, 0xAD, 0xFF, 0xAD, 0xFF, 0xAD, 0xFF, 0xAD, 0xFF, 0xAD, 0xFF, 0xAD, 0xFF, 0xAD
    .byte 0xFF, 0xAD, 0xFF, 0xAD, 0xFF, 0xAD, 0xFF, 0xAD, 0xFF, 0xAD, 0xFF, 0xAD, 0xFF, 0xAD, 0xFF, 0xAD, 0xFF, 0xAD, 0xFF, 0xAD, 0xFF, 0xAD, 0xFF, 0xAD, 0xFF, 0xAD, 0xFF, 0xAD, 0xFF, 0xAD, 0xFF, 0xAD
    .byte 0xFF, 0xAD, 0xFF, 0xAD, 0xFF, 0xAD, 0xFF, 0xAD, 0xFF, 0xAD, 0xFF, 0xAD, 0xFF, 0xAD, 0xFF, 0xAD, 0xFF, 0xAD, 0xFF, 0xAD, 0xFF, 0xAD, 0xFF, 0xAD, 0xFF, 0xAD, 0xFF, 0xAD, 0xFF, 0xAD, 0xFF, 0xAD
    .byte 0xFF, 0xAD, 0xFF, 0xAD, 0xFF, 0xAD, 0xFF, 0xAD, 0x49, 0x49, 0x49, 0x49, 0xFF, 0xAD, 0xFF, 0xAD, 0xFF, 0xAD, 0xFF, 0xAD, 0xFF, 0xAD, 0xFF, 0xAD, 0xFF, 0xAD, 0xFF, 0xAD, 0xFF, 0xAD, 0xFF, 0xAD
    .byte 0xFF, 0xAD, 0xFF, 0xAD, 0xFF, 0xAD, 0xFF, 0xAD, 0xFF, 0xAD, 0xFF, 0xAD, 0xFF, 0xAD, 0xFF, 0xAD, 0xFF, 0xAD, 0xFF, 0xAD, 0xFF, 0xAD, 0xFF, 0xAD, 0xFF, 0xAD, 0xFF, 0xAD, 0xFF, 0xAD, 0xFF, 0xAD
    .byte 0xFF, 0xAD, 0xFF, 0xAD, 0xFF, 0xAD, 0xFF, 0xAD, 0xFF, 0xAD, 0xFF, 0xAD, 0xFF, 0xAD, 0xFF, 0xAD, 0xFF, 0xAD, 0xFF, 0xAD, 0xFF, 0xAD, 0xFF, 0xAD, 0xFF, 0xAD, 0xFF, 0xAD, 0xFF, 0xAD, 0xFF, 0x5A
    .byte 0x54, 0x54, 0x03, 0x03, 0x03, 0x54, 0x03, 0x03, 0x54, 0x03, 0x03, 0x03, 0x03, 0x03, 0x03, 0x03, 0x54, 0x03, 0x5A, 0x6B, 0x5A, 0x5A, 0xFF, 0xAD, 0xFF, 0xAD, 0xFF, 0xAD, 0xFF, 0xAD, 0xFF, 0xAD
    .byte 0xFF, 0xAD, 0xFF, 0xAD, 0xFF, 0xAD, 0xFF, 0xAD, 0xFF, 0xAD, 0xFF, 0xAD, 0xFF, 0xAD, 0xFF, 0xAD, 0xFF, 0xAD, 0xFF, 0xAD, 0xFF, 0xAD, 0xB6, 0xB6, 0xB6, 0xB6, 0xB6, 0xB6, 0xB6, 0xB6, 0xB6, 0xB6
    .byte 0xA4, 0xA4, 0xA4, 0xA4, 0xA4, 0xA4, 0xA4, 0xA4, 0xA4, 0xA4, 0xAD, 0xAD, 0xAD, 0xAD, 0xAD, 0xAD, 0xAD, 0xAD, 0xAD, 0x5A, 0x5A, 0x5A, 0x74, 0x74, 0x5A, 0x74, 0x74, 0x5A, 0x5A, 0x6B, 0x6B, 0x6B
    .byte 0x6B, 0x5A, 0x6B, 0x6B, 0x6B, 0xAD, 0xAD, 0xAD, 0xAD, 0xAD, 0xAD, 0xAD, 0xAD, 0xAD, 0xAD, 0xAD, 0xAD, 0xAD, 0xAD, 0xAD, 0xAD, 0xAD, 0xAD, 0xAD, 0xAD, 0xAD, 0xAD, 0xAD, 0xAD, 0xAD, 0xAD, 0xAD
    .byte 0xAD, 0xAD, 0xAD, 0xAD, 0xAD, 0xAD, 0xAD, 0xAD, 0xAD, 0xAD, 0xAD, 0xAD, 0xAD, 0xAD, 0xAD, 0xAD, 0xAD, 0xAD, 0xAD, 0xAD, 0xAD, 0xAD, 0xAD, 0xAD, 0xAD, 0xAD, 0xAD, 0xAD, 0xAD, 0xAD, 0xAD, 0xAD
    .byte 0xAD, 0xAD, 0xAD, 0xAD, 0xAD, 0xAD, 0xAD, 0xAD, 0xAD, 0xAD, 0xAD, 0xAD, 0xAD, 0xAD, 0xAD, 0xAD, 0xAD, 0xAD, 0xAD, 0xAD, 0xAD, 0xAD, 0xAD, 0xAD, 0xAD, 0xAD, 0xAD, 0xAD, 0xAD, 0xAD, 0xAD, 0xAD
    .byte 0xAD, 0xAD, 0xAD, 0xAD, 0xAD, 0xAD, 0xAD, 0xAD, 0xAD, 0xAD, 0xAD, 0xAD, 0xAD, 0xAD, 0xAD, 0xAD, 0xAD, 0xAD, 0xAD, 0xAD, 0xAD, 0xAD, 0xAD, 0xAD, 0xAD, 0xAD, 0xAD, 0xAD, 0xAD, 0xAD, 0xAD, 0xAD
    .byte 0xAD, 0xAD, 0xAD, 0xAD, 0xAD, 0xAD, 0xAD, 0xAD, 0xAD, 0x49, 0x49, 0x49, 0x49, 0xAD, 0xAD, 0xAD, 0xAD, 0xAD, 0xAD, 0xAD, 0xAD, 0xAD, 0xAD, 0xAD, 0xAD, 0xAD, 0xAD, 0xAD, 0xAD, 0xAD, 0xAD, 0xAD
    .byte 0xAD, 0xAD, 0xAD, 0xAD, 0xAD, 0xAD, 0xAD, 0xAD, 0xAD, 0xAD, 0xAD, 0xAD, 0xAD, 0xAD, 0xAD, 0xAD, 0xAD, 0xAD, 0xAD, 0xAD, 0xAD, 0xAD, 0xAD, 0xAD, 0xAD, 0xAD, 0xAD, 0xAD, 0xAD, 0xAD, 0xAD, 0xAD
    .byte 0xAD, 0xAD, 0xAD, 0xAD, 0xAD, 0xAD, 0xAD, 0xAD, 0xAD, 0xAD, 0xAD, 0xAD, 0xAD, 0xAD, 0xAD, 0xAD, 0xAD, 0xAD, 0xAD, 0xAD, 0xAD, 0xAD, 0xAD, 0xAD, 0xAD, 0xAD, 0xAD, 0xAD, 0xAD, 0xAD, 0x5A, 0xAD
    .byte 0x54, 0x54, 0x54, 0x03, 0x03, 0x03, 0x03, 0x03, 0x03, 0x54, 0x54, 0x03, 0x03, 0x03, 0x03, 0x03, 0x03, 0x03, 0x5A, 0x5A, 0x5A, 0x5A, 0x5A, 0x5A, 0xAD, 0xAD, 0xAD, 0xAD, 0xAD, 0xAD, 0xAD, 0xAD
    .byte 0xAD, 0xAD, 0xAD, 0xAD, 0xAD, 0xAD, 0xAD, 0xAD, 0xAD, 0xAD, 0xAD, 0xAD, 0xAD, 0xAD, 0xAD, 0xAD, 0xAD, 0xAD, 0xAD, 0xAD, 0xAD, 0xAD, 0xB6, 0xB6, 0xB6, 0xB6, 0xB6, 0xB6, 0xB6, 0xB6, 0xB6, 0xB6
    .byte 0xA4, 0xA4, 0xA4, 0xA4, 0xA4, 0xA4, 0xA4, 0xA4, 0xA4, 0xA4, 0xFF, 0xAD, 0xFF, 0xAD, 0xFF, 0xAD, 0xFF, 0xAD, 0xFF, 0x5A, 0x5A, 0x5A, 0x5A, 0xAD, 0x5A, 0x5A, 0x6B, 0x5A, 0x5A, 0x6B, 0x6B, 0x6B
    .byte 0x6B, 0x5A, 0x6B, 0x6B, 0x6B, 0x5A, 0xFF, 0xAD, 0xFF, 0xAD, 0xFF, 0xAD, 0xFF, 0xAD, 0xFF, 0xAD, 0xFF, 0xAD, 0xFF, 0xAD, 0xFF, 0xAD, 0xFF, 0xAD, 0xFF, 0xAD, 0xFF, 0xAD, 0xFF, 0xAD, 0xFF, 0xAD
    .byte 0xFF, 0xAD, 0xFF, 0xAD, 0xFF, 0xAD, 0xFF, 0xAD, 0xFF, 0xAD, 0xFF, 0xAD, 0xFF, 0xAD, 0xFF, 0xAD, 0xFF, 0xAD, 0xFF, 0xAD, 0xFF, 0xAD, 0xFF, 0xAD, 0xFF, 0xAD, 0xFF, 0xAD, 0xFF, 0xAD, 0xFF, 0xAD
    .byte 0xFF, 0xAD, 0xFF, 0xAD, 0xFF, 0xAD, 0xFF, 0xAD, 0xFF, 0xAD, 0xFF, 0xAD, 0xFF, 0xAD, 0xFF, 0xAD, 0xFF, 0xAD, 0xFF, 0xAD, 0xFF, 0xAD, 0xFF, 0xAD, 0xFF, 0xAD, 0xFF, 0xAD, 0xFF, 0xAD, 0xFF, 0xAD
    .byte 0xFF, 0xAD, 0xFF, 0xAD, 0xFF, 0xAD, 0xFF, 0xAD, 0xFF, 0xAD, 0xFF, 0xAD, 0xFF, 0xAD, 0xFF, 0xAD, 0xFF, 0xAD, 0xFF, 0xAD, 0xFF, 0xAD, 0xFF, 0xAD, 0xFF, 0xAD, 0xFF, 0xAD, 0xFF, 0xAD, 0xFF, 0xAD
    .byte 0xFF, 0xAD, 0xFF, 0xAD, 0xFF, 0xAD, 0xFF, 0xAD, 0xFF, 0xAD, 0xFF, 0x49, 0x49, 0xAD, 0xFF, 0xAD, 0xFF, 0xAD, 0xFF, 0xAD, 0xFF, 0xAD, 0xFF, 0xAD, 0xFF, 0xAD, 0xFF, 0xAD, 0xFF, 0xAD, 0xFF, 0xAD
    .byte 0xFF, 0xAD, 0xFF, 0xAD, 0xFF, 0xAD, 0xFF, 0xAD, 0xFF, 0xAD, 0xFF, 0xAD, 0xFF, 0xAD, 0xFF, 0xAD, 0xFF, 0xAD, 0xFF, 0xAD, 0xFF, 0xAD, 0xFF, 0xAD, 0xFF, 0xAD, 0xFF, 0xAD, 0xFF, 0xAD, 0xFF, 0xAD
    .byte 0xFF, 0xAD, 0xFF, 0xAD, 0xFF, 0xAD, 0xFF, 0xAD, 0xFF, 0xAD, 0xFF, 0xAD, 0xFF, 0xAD, 0xFF, 0xAD, 0xFF, 0xAD, 0xFF, 0xAD, 0xFF, 0xAD, 0xFF, 0xAD, 0xFF, 0xAD, 0xFF, 0xAD, 0xFF, 0xAD, 0x5A, 0x5A
    .byte 0x5A, 0x54, 0x54, 0x03, 0x03, 0x54, 0x03, 0x03, 0x03, 0x03, 0x03, 0x54, 0x03, 0x03, 0x54, 0x6B, 0x03, 0x5A, 0x6B, 0x5A, 0x6B, 0xAD, 0x5A, 0xAD, 0xFF, 0xAD, 0xFF, 0xAD, 0xFF, 0xAD, 0xFF, 0xAD
    .byte 0xFF, 0xAD, 0xFF, 0xAD, 0xFF, 0xAD, 0xFF, 0xAD, 0xFF, 0xAD, 0xFF, 0xAD, 0xFF, 0xAD, 0xFF, 0xAD, 0xFF, 0xAD, 0xFF, 0xAD, 0xFF, 0xAD, 0xB6, 0xB6, 0xB6, 0xB6, 0xB6, 0xB6, 0xB6, 0xB6, 0xB6, 0xB6
    .byte 0xA4, 0xA4, 0xA4, 0xA4, 0xA4, 0xA4, 0xA4, 0xA4, 0xA4, 0xA4, 0xAD, 0xAD, 0xAD, 0xFF, 0xAD, 0xAD, 0xAD, 0xFF, 0x5A, 0x5A, 0x5A, 0x5A, 0x5A, 0xAD, 0x5A, 0x5A, 0x6B, 0x6B, 0x6B, 0x5A, 0x74, 0x6B
    .byte 0x6B, 0x5A, 0x5A, 0x6B, 0x6B, 0x5A, 0xAD, 0xAD, 0xAD, 0xFF, 0xAD, 0xAD, 0xAD, 0xFF, 0xAD, 0xAD, 0xAD, 0xFF, 0xAD, 0xAD, 0xAD, 0xFF, 0xAD, 0xAD, 0xAD, 0xFF, 0xAD, 0xAD, 0xAD, 0xFF, 0xAD, 0xAD
    .byte 0xAD, 0xFF, 0xAD, 0xAD, 0xAD, 0xFF, 0xAD, 0xAD, 0xAD, 0xFF, 0xAD, 0xAD, 0xAD, 0xFF, 0xAD, 0xAD, 0xAD, 0xFF, 0xAD, 0xAD, 0xAD, 0xFF, 0xAD, 0xAD, 0xAD, 0xFF, 0xAD, 0xAD, 0xAD, 0xFF, 0xAD, 0xAD
    .byte 0xAD, 0xFF, 0xAD, 0xAD, 0xAD, 0xFF, 0xAD, 0xAD, 0xAD, 0xFF, 0xAD, 0xAD, 0xAD, 0xFF, 0xAD, 0xAD, 0xAD, 0xFF, 0xAD, 0xAD, 0xAD, 0xFF, 0xAD, 0xAD, 0xAD, 0xFF, 0xAD, 0xAD, 0xAD, 0xFF, 0xAD, 0xAD
    .byte 0xAD, 0xFF, 0xAD, 0xAD, 0xAD, 0xFF, 0xAD, 0xAD, 0xAD, 0xFF, 0xAD, 0xAD, 0xAD, 0xFF, 0xAD, 0xAD, 0xAD, 0xFF, 0xAD, 0xAD, 0xAD, 0xFF, 0xAD, 0xAD, 0xAD, 0xFF, 0xAD, 0xAD, 0xAD, 0xFF, 0xAD, 0xAD
    .byte 0xAD, 0xFF, 0xAD, 0xAD, 0xAD, 0xFF, 0xAD, 0xAD, 0xAD, 0xFF, 0xAD, 0xAD, 0xAD, 0xFF, 0xAD, 0xAD, 0xAD, 0xFF, 0xAD, 0xAD, 0xAD, 0xFF, 0xAD, 0xAD, 0xAD, 0xFF, 0xAD, 0xAD, 0xAD, 0xFF, 0xAD, 0xAD
    .byte 0xAD, 0xFF, 0xAD, 0xAD, 0xAD, 0xFF, 0xAD, 0xAD, 0xAD, 0xFF, 0xAD, 0xAD, 0xAD, 0xFF, 0xAD, 0xAD, 0xAD, 0xFF, 0xAD, 0xAD, 0xAD, 0xFF, 0xAD, 0xAD, 0xAD, 0xFF, 0xAD, 0xAD, 0xAD, 0xFF, 0xAD, 0xAD
    .byte 0xAD, 0xFF, 0xAD, 0xAD, 0xAD, 0xFF, 0xAD, 0xAD, 0xAD, 0xFF, 0xAD, 0xAD, 0xAD, 0xFF, 0xAD, 0xAD, 0xAD, 0xFF, 0xAD, 0xAD, 0xAD, 0xFF, 0xAD, 0xAD, 0xAD, 0xFF, 0xAD, 0xAD, 0xAD, 0xFF, 0x5A, 0x5A
    .byte 0x5A, 0x5A, 0x5A, 0x5A, 0x03, 0x54, 0x03, 0x03, 0x03, 0x03, 0x03, 0x03, 0x03, 0x03, 0x03, 0x03, 0x03, 0x03, 0x6B, 0x5A, 0x6B, 0xFF, 0x6B, 0x6B, 0xAD, 0xFF, 0xAD, 0xAD, 0xAD, 0xFF, 0xAD, 0xAD
    .byte 0xAD, 0xFF, 0xAD, 0xAD, 0xAD, 0xFF, 0xAD, 0xAD, 0xAD, 0xFF, 0xAD, 0xAD, 0xAD, 0xFF, 0xAD, 0xAD, 0xAD, 0xFF, 0xAD, 0xAD, 0xAD, 0xFF, 0xB6, 0xB6, 0xB6, 0xB6, 0xB6, 0xB6, 0xB6, 0xB6, 0xB6, 0xB6
    .byte 0xA4, 0xA4, 0xA4, 0xA4, 0xA4, 0xA4, 0xA4, 0xA4, 0xA4, 0xA4, 0xFF, 0xAD, 0xFF, 0xAD, 0xFF, 0xAD, 0xFF, 0xAD, 0x5A, 0xAD, 0x5A, 0x5A, 0xFF, 0x5A, 0xFF, 0xAD, 0x6B, 0x6B, 0x5A, 0x5A, 0x6B, 0x5A
    .byte 0x6B, 0x5A, 0x5A, 0x6B, 0x5A, 0xAD, 0xFF, 0xAD, 0xFF, 0xAD, 0xFF, 0xAD, 0xFF, 0xAD, 0xFF, 0xAD, 0xFF, 0xAD, 0xFF, 0xAD, 0xFF, 0xAD, 0xFF, 0xAD, 0xFF, 0xAD, 0xFF, 0xAD, 0xFF, 0xAD, 0xFF, 0xAD
    .byte 0xFF, 0xAD, 0xFF, 0xAD, 0xFF, 0xAD, 0xFF, 0xAD, 0xFF, 0xAD, 0xFF, 0xAD, 0xFF, 0xAD, 0xFF, 0xAD, 0xFF, 0xAD, 0xFF, 0xAD, 0xFF, 0xAD, 0xFF, 0xAD, 0xFF, 0xAD, 0xFF, 0xAD, 0xFF, 0xAD, 0xFF, 0xAD
    .byte 0xFF, 0xAD, 0xFF, 0xAD, 0xFF, 0xAD, 0xFF, 0xAD, 0xFF, 0xAD, 0xFF, 0xAD, 0xFF, 0xAD, 0xFF, 0xAD, 0xFF, 0xAD, 0xFF, 0xAD, 0xFF, 0xAD, 0xFF, 0xAD, 0xFF, 0xAD, 0xFF, 0xAD, 0xFF, 0xAD, 0xFF, 0xAD
    .byte 0xFF, 0xAD, 0xFF, 0xAD, 0xFF, 0xAD, 0xFF, 0xAD, 0xFF, 0xAD, 0xFF, 0xAD, 0xFF, 0xAD, 0xFF, 0xAD, 0xFF, 0xAD, 0xFF, 0xAD, 0xFF, 0xAD, 0xFF, 0xAD, 0xFF, 0xAD, 0xFF, 0xAD, 0xFF, 0xAD, 0xFF, 0xAD
    .byte 0xFF, 0xAD, 0xFF, 0xAD, 0xFF, 0xAD, 0xFF, 0xAD, 0xFF, 0xAD, 0xFF, 0xAD, 0xFF, 0xAD, 0xFF, 0xAD, 0xFF, 0xAD, 0xFF, 0xAD, 0xFF, 0xAD, 0xFF, 0xAD, 0xFF, 0xAD, 0xFF, 0xAD, 0xFF, 0xAD, 0xFF, 0xAD
    .byte 0xFF, 0xAD, 0xFF, 0xAD, 0xFF, 0xAD, 0xFF, 0xAD, 0xFF, 0xAD, 0xFF, 0xAD, 0xFF, 0xAD, 0xFF, 0xAD, 0xFF, 0xAD, 0xFF, 0xAD, 0xFF, 0xAD, 0xFF, 0xAD, 0xFF, 0xAD, 0xFF, 0xAD, 0xFF, 0xAD, 0xFF, 0xAD
    .byte 0xFF, 0xAD, 0xFF, 0xAD, 0xFF, 0xAD, 0xFF, 0xAD, 0xFF, 0xAD, 0xFF, 0xAD, 0xFF, 0xAD, 0xFF, 0xAD, 0xFF, 0xAD, 0xFF, 0xAD, 0xFF, 0xAD, 0xFF, 0xAD, 0xFF, 0xAD, 0xFF, 0xAD, 0xFF, 0x5A, 0x5A, 0x5A
    .byte 0x5A, 0x54, 0x54, 0x54, 0x54, 0x54, 0x03, 0x03, 0x03, 0x03, 0x03, 0x03, 0x03, 0x03, 0x03, 0x03, 0x6B, 0x6B, 0x5A, 0x6B, 0x6B, 0xAD, 0xFF, 0x6B, 0xFF, 0xAD, 0xFF, 0xAD, 0xFF, 0xAD, 0xFF, 0xAD
    .byte 0xFF, 0xAD, 0xFF, 0xAD, 0xFF, 0xAD, 0xFF, 0xAD, 0xFF, 0xAD, 0xFF, 0xAD, 0xFF, 0xAD, 0xFF, 0xAD, 0xFF, 0xAD, 0xFF, 0xAD, 0xFF, 0xAD, 0xB6, 0xB6, 0xB6, 0xB6, 0xB6, 0xB6, 0xB6, 0xB6, 0xB6, 0xB6
    .byte 0xA4, 0xA4, 0xA4, 0xA4, 0xA4, 0xA4, 0xA4, 0xA4, 0xA4, 0xA4, 0xAD, 0xAD, 0xAD, 0xAD, 0xAD, 0xAD, 0xAD, 0xAD, 0xAD, 0xAD, 0xAD, 0xAD, 0xAD, 0x5A, 0xAD, 0xAD, 0x74, 0x74, 0x5A, 0x74, 0x5A, 0x5A
    .byte 0x6B, 0x5A, 0x5A, 0x74, 0x74, 0x74, 0x74, 0xAD, 0xAD, 0xAD, 0xAD, 0xAD, 0xAD, 0xAD, 0xAD, 0xAD, 0xAD, 0xAD, 0xAD, 0xAD, 0xAD, 0xAD, 0xAD, 0xAD, 0xAD, 0xAD, 0xAD, 0xAD, 0xAD, 0xAD, 0xAD, 0xAD
    .byte 0xAD, 0xAD, 0xAD, 0xAD, 0xAD, 0xAD, 0xAD, 0xAD, 0xAD, 0xAD, 0xAD, 0xAD, 0xAD, 0xAD, 0xAD, 0xAD, 0xAD, 0xAD, 0xAD, 0xAD, 0xAD, 0xAD, 0xAD, 0xAD, 0xAD, 0xAD, 0xAD, 0xAD, 0xAD, 0xAD, 0xAD, 0xAD
    .byte 0xAD, 0xAD, 0xAD, 0xAD, 0xAD, 0xAD, 0xAD, 0xAD, 0xAD, 0xAD, 0xAD, 0xAD, 0xAD, 0xAD, 0xAD, 0xAD, 0xAD, 0xAD, 0xAD, 0xAD, 0xAD, 0xAD, 0xAD, 0xAD, 0xAD, 0xAD, 0xAD, 0xAD, 0xAD, 0xAD, 0xAD, 0xAD
    .byte 0xAD, 0xAD, 0xAD, 0xAD, 0xAD, 0xAD, 0xAD, 0xAD, 0xAD, 0xAD, 0xAD, 0xAD, 0xAD, 0xAD, 0xAD, 0xAD, 0xAD, 0xAD, 0xAD, 0xAD, 0xAD, 0xAD, 0xAD, 0xAD, 0xAD, 0xAD, 0xAD, 0xAD, 0xAD, 0xAD, 0xAD, 0xAD
    .byte 0xAD, 0xAD, 0xAD, 0xAD, 0xAD, 0xAD, 0xAD, 0xAD, 0xAD, 0xAD, 0xAD, 0xAD, 0xAD, 0xAD, 0xAD, 0xAD, 0xAD, 0xAD, 0xAD, 0xAD, 0xAD, 0xAD, 0xAD, 0xAD, 0xAD, 0xAD, 0xAD, 0xAD, 0xAD, 0xAD, 0xAD, 0xAD
    .byte 0xAD, 0xAD, 0xAD, 0xAD, 0xAD, 0xAD, 0xAD, 0xAD, 0xAD, 0xAD, 0xAD, 0xAD, 0xAD, 0xAD, 0xAD, 0xAD, 0xAD, 0xAD, 0xAD, 0xAD, 0xAD, 0xAD, 0xAD, 0xAD, 0xAD, 0xAD, 0xAD, 0xAD, 0xAD, 0xAD, 0xAD, 0xAD
    .byte 0xAD, 0xAD, 0xAD, 0xAD, 0xAD, 0xAD, 0xAD, 0xAD, 0xAD, 0xAD, 0xAD, 0xAD, 0xAD, 0xAD, 0xAD, 0xAD, 0xAD, 0xAD, 0xAD, 0xAD, 0xAD, 0xAD, 0xAD, 0xAD, 0xAD, 0x74, 0x74, 0xAD, 0x74, 0x5A, 0x5A, 0x5A
    .byte 0x5A, 0x5A, 0x5A, 0x54, 0x54, 0x54, 0x54, 0x54, 0x03, 0x54, 0x03, 0x74, 0x6B, 0x03, 0x6B, 0x6B, 0x6B, 0x6B, 0x6B, 0x6B, 0x6B, 0x6B, 0xAD, 0xAD, 0x6B, 0xAD, 0xAD, 0xAD, 0xAD, 0xAD, 0xAD, 0xAD
    .byte 0xAD, 0xAD, 0xAD, 0xAD, 0xAD, 0xAD, 0xAD, 0xAD, 0xAD, 0xAD, 0xAD, 0xAD, 0xAD, 0xAD, 0xAD, 0xAD, 0xAD, 0xAD, 0xAD, 0xAD, 0xAD, 0xAD, 0xB6, 0xB6, 0xB6, 0xB6, 0xB6, 0xB6, 0xB6, 0xB6, 0xB6, 0xB6
    .byte 0xA4, 0xA4, 0xA4, 0xA4, 0xA4, 0xA4, 0xA4, 0xA4, 0xA4, 0xA4, 0xFF, 0xAD, 0xFF, 0xAD, 0xFF, 0xAD, 0xFF, 0xAD, 0xFF, 0xAD, 0xFF, 0xAD, 0xFF, 0xAD, 0xFF, 0xAD, 0xFF, 0x5A, 0x5A, 0xAD, 0x5A, 0xAD
    .byte 0x74, 0x5A, 0x74, 0x74, 0xFF, 0x74, 0x74, 0xAD, 0xFF, 0xAD, 0xFF, 0xAD, 0xFF, 0xAD, 0xFF, 0xAD, 0xFF, 0xAD, 0xFF, 0xAD, 0xFF, 0xAD, 0xFF, 0xAD, 0xFF, 0xAD, 0xFF, 0xAD, 0xFF, 0xAD, 0xFF, 0xAD
    .byte 0xFF, 0xAD, 0xFF, 0xAD, 0xFF, 0xAD, 0xFF, 0xAD, 0xFF, 0xAD, 0xFF, 0xAD, 0xFF, 0xAD, 0xFF, 0xAD, 0xFF, 0xAD, 0xFF, 0xAD, 0xFF, 0xAD, 0xFF, 0xAD, 0xFF, 0xAD, 0xFF, 0xAD, 0xFF, 0xAD, 0xFF, 0xAD
    .byte 0xFF, 0xAD, 0xFF, 0xAD, 0xFF, 0xAD, 0xFF, 0xAD, 0xFF, 0xAD, 0xFF, 0xAD, 0xFF, 0xAD, 0xFF, 0xAD, 0xFF, 0xAD, 0xFF, 0xAD, 0xFF, 0xAD, 0xFF, 0xAD, 0xFF, 0xAD, 0xFF, 0xAD, 0xFF, 0xAD, 0xFF, 0xAD
    .byte 0xFF, 0xAD, 0xFF, 0xAD, 0xFF, 0xAD, 0xFF, 0xAD, 0xFF, 0xAD, 0xFF, 0xAD, 0xFF, 0xAD, 0xFF, 0xAD, 0xFF, 0xAD, 0xFF, 0xAD, 0xFF, 0xAD, 0xFF, 0xAD, 0xFF, 0xAD, 0xFF, 0xAD, 0xFF, 0xAD, 0xFF, 0xAD
    .byte 0xFF, 0xAD, 0xFF, 0xAD, 0xFF, 0xAD, 0xFF, 0xAD, 0xFF, 0xAD, 0xFF, 0xAD, 0xFF, 0xAD, 0xFF, 0xAD, 0xFF, 0xAD, 0xFF, 0xAD, 0xFF, 0xAD, 0xFF, 0xAD, 0xFF, 0xAD, 0xFF, 0xAD, 0xFF, 0xAD, 0xFF, 0xAD
    .byte 0xFF, 0xAD, 0xFF, 0xAD, 0xFF, 0xAD, 0xFF, 0xAD, 0xFF, 0xAD, 0xFF, 0xAD, 0xFF, 0xAD, 0xFF, 0xAD, 0xFF, 0xAD, 0xFF, 0xAD, 0xFF, 0xAD, 0xFF, 0xAD, 0xFF, 0xAD, 0xFF, 0xAD, 0xFF, 0xAD, 0xFF, 0xAD
    .byte 0xFF, 0xAD, 0xFF, 0xAD, 0xFF, 0xAD, 0xFF, 0xAD, 0xFF, 0xAD, 0xFF, 0xAD, 0xFF, 0xAD, 0xFF, 0xAD, 0xFF, 0xAD, 0xFF, 0xAD, 0xFF, 0xAD, 0xFF, 0xAD, 0xFF, 0x74, 0xFF, 0x74, 0x5A, 0x5A, 0x5A, 0x5A
    .byte 0x5A, 0x5A, 0x5A, 0x74, 0x5A, 0x54, 0x6B, 0x6B, 0x5A, 0x54, 0x6B, 0x6B, 0x6B, 0x6B, 0x6B, 0xAD, 0x6B, 0xAD, 0x6B, 0x74, 0x74, 0x6B, 0x6B, 0x6B, 0x6B, 0x6B, 0xFF, 0xAD, 0xFF, 0xAD, 0xFF, 0xAD
    .byte 0xFF, 0xAD, 0xFF, 0xAD, 0xFF, 0xAD, 0xFF, 0xAD, 0xFF, 0xAD, 0xFF, 0xAD, 0xFF, 0xAD, 0xFF, 0xAD, 0xFF, 0xAD, 0xFF, 0xAD, 0xFF, 0xAD, 0xB6, 0xB6, 0xB6, 0xB6, 0xB6, 0xB6, 0xB6, 0xB6, 0xB6, 0xB6
    .byte 0xA4, 0xA4, 0xA4, 0xA4, 0xA4, 0xA4, 0xA4, 0xA4, 0xA4, 0xA4, 0xAD, 0xAD, 0xAD, 0xFF, 0xAD, 0xAD, 0xAD, 0xFF, 0xAD, 0xAD, 0xAD, 0xFF, 0xAD, 0xAD, 0xAD, 0xFF, 0x5A, 0xAD, 0x5A, 0x5A, 0x74, 0x5A
    .byte 0x74, 0x74, 0x5A, 0x5A, 0x74, 0x74, 0xAD, 0xAD, 0xAD, 0xFF, 0xAD, 0xAD, 0xAD, 0xFF, 0xAD, 0xAD, 0xAD, 0xFF, 0xAD, 0xAD, 0xAD, 0xFF, 0xAD, 0xAD, 0xAD, 0xFF, 0xAD, 0xAD, 0xAD, 0xFF, 0xAD, 0xAD
    .byte 0xAD, 0xFF, 0xAD, 0xAD, 0xAD, 0xFF, 0xAD, 0xAD, 0xAD, 0xFF, 0xAD, 0xAD, 0xAD, 0xFF, 0xAD, 0xAD, 0xAD, 0xFF, 0xAD, 0xAD, 0xAD, 0xFF, 0xAD, 0xAD, 0xAD, 0xFF, 0xAD, 0xAD, 0xAD, 0xFF, 0xAD, 0xAD
    .byte 0xAD, 0xFF, 0xAD, 0xAD, 0xAD, 0xFF, 0xAD, 0xAD, 0xAD, 0xFF, 0xAD, 0xAD, 0xAD, 0xFF, 0xAD, 0xAD, 0xAD, 0xFF, 0xAD, 0xAD, 0xAD, 0xFF, 0xAD, 0xAD, 0xAD, 0xFF, 0xAD, 0xAD, 0xAD, 0xFF, 0xAD, 0xAD
    .byte 0xAD, 0xFF, 0xAD, 0xAD, 0xAD, 0xFF, 0xAD, 0xAD, 0xAD, 0xFF, 0xAD, 0xAD, 0xAD, 0xFF, 0xAD, 0xAD, 0xAD, 0xFF, 0xAD, 0xAD, 0xAD, 0xFF, 0xAD, 0xAD, 0xAD, 0xFF, 0xAD, 0xAD, 0xAD, 0xFF, 0xAD, 0xAD
    .byte 0xAD, 0xFF, 0xAD, 0xAD, 0xAD, 0xFF, 0xAD, 0xAD, 0xAD, 0xFF, 0xAD, 0xAD, 0xAD, 0xFF, 0xAD, 0xAD, 0xAD, 0xFF, 0xAD, 0xAD, 0xAD, 0xFF, 0xAD, 0xAD, 0xAD, 0xFF, 0xAD, 0xAD, 0xAD, 0xFF, 0xAD, 0xAD
    .byte 0xAD, 0xFF, 0xAD, 0xAD, 0xAD, 0xFF, 0xAD, 0xAD, 0xAD, 0xFF, 0xAD, 0xAD, 0xAD, 0xFF, 0xAD, 0xAD, 0xAD, 0xFF, 0xAD, 0xAD, 0xAD, 0xFF, 0xAD, 0xAD, 0xAD, 0xFF, 0xAD, 0xAD, 0xAD, 0xFF, 0xAD, 0xAD
    .byte 0xAD, 0xFF, 0xAD, 0xAD, 0xAD, 0xFF, 0xAD, 0xAD, 0xAD, 0xFF, 0xAD, 0xAD, 0xAD, 0xFF, 0xAD, 0xAD, 0xAD, 0xFF, 0xAD, 0xAD, 0xAD, 0xFF, 0xAD, 0xAD, 0x74, 0x74, 0x74, 0x74, 0x74, 0x5A, 0x5A, 0x5A
    .byte 0x5A, 0x5A, 0x5A, 0x5A, 0x5A, 0x6B, 0x5A, 0x54, 0xAD, 0x6B, 0x6B, 0x74, 0x6B, 0x6B, 0x6B, 0x6B, 0x6B, 0x6B, 0xAD, 0x6B, 0x6B, 0x6B, 0x6B, 0x6B, 0x6B, 0xFF, 0xAD, 0xAD, 0xAD, 0xFF, 0xAD, 0xAD
    .byte 0xAD, 0xFF, 0xAD, 0xAD, 0xAD, 0xFF, 0xAD, 0xAD, 0xAD, 0xFF, 0xAD, 0xAD, 0xAD, 0xFF, 0xAD, 0xAD, 0xAD, 0xFF, 0xAD, 0xAD, 0xAD, 0xFF, 0xB6, 0xB6, 0xB6, 0xB6, 0xB6, 0xB6, 0xB6, 0xB6, 0xB6, 0xB6
    .byte 0xA4, 0xA4, 0xA4, 0xA4, 0xA4, 0xA4, 0xA4, 0xA4, 0xA4, 0xA4, 0xFF, 0xAD, 0xFF, 0xAD, 0xFF, 0xAD, 0xFF, 0xAD, 0xFF, 0xAD, 0xFF, 0xAD, 0xFF, 0xAD, 0xFF, 0xAD, 0xFF, 0x74, 0x74, 0x5A, 0x5A, 0x5A
    .byte 0xFF, 0x74, 0x74, 0x74, 0x74, 0x74, 0xFF, 0xAD, 0xFF, 0xAD, 0xFF, 0xAD, 0xFF, 0xAD, 0xFF, 0xAD, 0xFF, 0xAD, 0xFF, 0xAD, 0xFF, 0xAD, 0xFF, 0xAD, 0xFF, 0xAD, 0xFF, 0xAD, 0xFF, 0xAD, 0xFF, 0xAD
    .byte 0xFF, 0xAD, 0xFF, 0xAD, 0xFF, 0xAD, 0xFF, 0xAD, 0xFF, 0xAD, 0xFF, 0xAD, 0xFF, 0xAD, 0xFF, 0xAD, 0xFF, 0xAD, 0xFF, 0xAD, 0xFF, 0xAD, 0xFF, 0xAD, 0xFF, 0xAD, 0xFF, 0xAD, 0xFF, 0xAD, 0xFF, 0xAD
    .byte 0xFF, 0xAD, 0xFF, 0xAD, 0xFF, 0xAD, 0xFF, 0xAD, 0xFF, 0xAD, 0xFF, 0xAD, 0xFF, 0xAD, 0xFF, 0xAD, 0xFF, 0xAD, 0xFF, 0xAD, 0xFF, 0xAD, 0xFF, 0xAD, 0xFF, 0xAD, 0xFF, 0xAD, 0xFF, 0xAD, 0xFF, 0xAD
    .byte 0xFF, 0xAD, 0xFF, 0xAD, 0xFF, 0xAD, 0xFF, 0xAD, 0xFF, 0xAD, 0xFF, 0xAD, 0xFF, 0xAD, 0xFF, 0xAD, 0xFF, 0xAD, 0xFF, 0xAD, 0xFF, 0xAD, 0xFF, 0xAD, 0xFF, 0xAD, 0xFF, 0xAD, 0xFF, 0xAD, 0xFF, 0xAD
    .byte 0xFF, 0xAD, 0xFF, 0xAD, 0xFF, 0xAD, 0xFF, 0xAD, 0xFF, 0xAD, 0xFF, 0xAD, 0xFF, 0xAD, 0xFF, 0xAD, 0xFF, 0xAD, 0xFF, 0xAD, 0xFF, 0xAD, 0xFF, 0xAD, 0xFF, 0xAD, 0xFF, 0xAD, 0xFF, 0xAD, 0xFF, 0xAD
    .byte 0xFF, 0xAD, 0xFF, 0xAD, 0xFF, 0xAD, 0xFF, 0xAD, 0xFF, 0xAD, 0xFF, 0xAD, 0xFF, 0xAD, 0xFF, 0xAD, 0xFF, 0xAD, 0xFF, 0xAD, 0xFF, 0xAD, 0xFF, 0xAD, 0xFF, 0xAD, 0xFF, 0xAD, 0xFF, 0xAD, 0xFF, 0xAD
    .byte 0xFF, 0xAD, 0xFF, 0xAD, 0xFF, 0xAD, 0xFF, 0xAD, 0xFF, 0xAD, 0xFF, 0xAD, 0xFF, 0xAD, 0xFF, 0xAD, 0xFF, 0xAD, 0xFF, 0xAD, 0xFF, 0xAD, 0xFF, 0x74, 0xFF, 0x74, 0x74, 0x74, 0x5A, 0x5A, 0x5A, 0x5A
    .byte 0x74, 0x5A, 0x5A, 0x5A, 0x5A, 0x5A, 0x6B, 0x6B, 0x6B, 0x6B, 0x6B, 0x6B, 0xFF, 0x6B, 0x6B, 0x6B, 0x6B, 0x6B, 0x6B, 0xAD, 0x6B, 0xAD, 0x6B, 0x6B, 0xFF, 0x6B, 0xFF, 0xAD, 0xFF, 0xAD, 0xFF, 0xAD
    .byte 0xFF, 0xAD, 0xFF, 0xAD, 0xFF, 0xAD, 0xFF, 0xAD, 0xFF, 0xAD, 0xFF, 0xAD, 0xFF, 0xAD, 0xFF, 0xAD, 0xFF, 0xAD, 0xFF, 0xAD, 0xFF, 0xAD, 0xB6, 0xB6, 0xB6, 0xB6, 0xB6, 0xB6, 0xB6, 0xB6, 0xB6, 0xB6
    .byte 0xA4, 0xA4, 0xA4, 0xA4, 0xA4, 0xA4, 0xA4, 0xA4, 0xA4, 0xA4, 0xAD, 0xAD, 0xAD, 0xAD, 0xAD, 0xAD, 0xAD, 0xAD, 0xAD, 0xAD, 0xAD, 0xAD, 0xAD, 0xAD, 0xAD, 0xAD, 0xAD, 0x74, 0x74, 0x74, 0x74, 0xAD
    .byte 0x74, 0xAD, 0x74, 0xAD, 0xAD, 0x74, 0xAD, 0xAD, 0xAD, 0xAD, 0xAD, 0xAD, 0xAD, 0xAD, 0xAD, 0xAD, 0xAD, 0xAD, 0xAD, 0xAD, 0xAD, 0xAD, 0xAD, 0xAD, 0xAD, 0xAD, 0xAD, 0xAD, 0xAD, 0xAD, 0xAD, 0xAD
    .byte 0xAD, 0xAD, 0xAD, 0xAD, 0xAD, 0xAD, 0xAD, 0xAD, 0xAD, 0xAD, 0xAD, 0xAD, 0xAD, 0xAD, 0xAD, 0xAD, 0xAD, 0xAD, 0xAD, 0xAD, 0xAD, 0xAD, 0xAD, 0xAD, 0xAD, 0xAD, 0xAD, 0xAD, 0xAD, 0xAD, 0xAD, 0xAD
    .byte 0xAD, 0xAD, 0xAD, 0xAD, 0xAD, 0xAD, 0xAD, 0xAD, 0xAD, 0xAD, 0xAD, 0xAD, 0xAD, 0xAD, 0xAD, 0xAD, 0xAD, 0xAD, 0xAD, 0xAD, 0xAD, 0xAD, 0xAD, 0xAD, 0xAD, 0xAD, 0xAD, 0xAD, 0xAD, 0xAD, 0xAD, 0xAD
    .byte 0xAD, 0xAD, 0xAD, 0xAD, 0xAD, 0xAD, 0xAD, 0xAD, 0xAD, 0xAD, 0xAD, 0xAD, 0xAD, 0xAD, 0xAD, 0xAD, 0xAD, 0xAD, 0xAD, 0xAD, 0xAD, 0xAD, 0xAD, 0xAD, 0xAD, 0xAD, 0xAD, 0xAD, 0xAD, 0xAD, 0xAD, 0xAD
    .byte 0xAD, 0xAD, 0xAD, 0xAD, 0xAD, 0xAD, 0xAD, 0xAD, 0xAD, 0xAD, 0xAD, 0xAD, 0xAD, 0xAD, 0xAD, 0xAD, 0xAD, 0xAD, 0xAD, 0xAD, 0xAD, 0xAD, 0xAD, 0xAD, 0xAD, 0xAD, 0xAD, 0xAD, 0xAD, 0xAD, 0xAD, 0xAD
    .byte 0xAD, 0xAD, 0xAD, 0xAD, 0xAD, 0xAD, 0xAD, 0xAD, 0xAD, 0xAD, 0xAD, 0xAD, 0xAD, 0xAD, 0xAD, 0xAD, 0xAD, 0xAD, 0xAD, 0xAD, 0xAD, 0xAD, 0xAD, 0xAD, 0xAD, 0xAD, 0xAD, 0xAD, 0xAD, 0xAD, 0xAD, 0xAD
    .byte 0xAD, 0xAD, 0xAD, 0xAD, 0xAD, 0xAD, 0xAD, 0xAD, 0xAD, 0xAD, 0xAD, 0xAD, 0xAD, 0xAD, 0xAD, 0xAD, 0xAD, 0xAD, 0xAD, 0xAD, 0xAD, 0xAD, 0xAD, 0x74, 0x74, 0xAD, 0xAD, 0x74, 0x74, 0x5A, 0x5A, 0x5A
    .byte 0x5A, 0x5A, 0x5A, 0x5A, 0x5A, 0x5A, 0x5A, 0x6B, 0x6B, 0xAD, 0xAD, 0x6B, 0x6B, 0x74, 0x6B, 0x74, 0x6B, 0x6B, 0x6B, 0x74, 0x6B, 0xAD, 0x6B, 0xAD, 0x6B, 0xAD, 0xAD, 0xAD, 0xAD, 0xAD, 0xAD, 0xAD
    .byte 0xAD, 0xAD, 0xAD, 0xAD, 0xAD, 0xAD, 0xAD, 0xAD, 0xAD, 0xAD, 0xAD, 0xAD, 0xAD, 0xAD, 0xAD, 0xAD, 0xAD, 0xAD, 0xAD, 0xAD, 0xAD, 0xAD, 0xB6, 0xB6, 0xB6, 0xB6, 0xB6, 0xB6, 0xB6, 0xB6, 0xB6, 0xB6
    .byte 0xA4, 0xA4, 0xA4, 0xA4, 0xA4, 0xA4, 0xA4, 0xA4, 0xA4, 0xA4, 0xFF, 0xAD, 0xFF, 0xAD, 0xFF, 0xAD, 0xFF, 0xAD, 0xFF, 0xAD, 0xFF, 0xAD, 0xFF, 0xAD, 0xFF, 0xAD, 0xFF, 0xAD, 0xFF, 0xAD, 0x74, 0x74
    .byte 0x74, 0x74, 0x74, 0x74, 0xFF, 0xAD, 0xFF, 0xAD, 0xFF, 0xAD, 0xFF, 0xAD, 0xFF, 0xAD, 0xFF, 0xAD, 0xFF, 0xAD, 0xFF, 0xAD, 0xFF, 0xAD, 0xFF, 0xAD, 0xFF, 0xAD, 0xFF, 0xAD, 0xFF, 0xAD, 0xFF, 0xAD
    .byte 0xFF, 0xAD, 0xFF, 0xAD, 0xFF, 0xAD, 0xFF, 0xAD, 0xFF, 0xAD, 0xFF, 0xAD, 0xFF, 0xAD, 0xFF, 0xAD, 0xFF, 0xAD, 0xFF, 0xAD, 0xFF, 0xAD, 0xFF, 0xAD, 0xFF, 0xAD, 0xFF, 0xAD, 0xFF, 0xAD, 0xFF, 0xAD
    .byte 0xFF, 0xAD, 0xFF, 0xAD, 0xFF, 0xAD, 0xFF, 0xAD, 0xFF, 0xAD, 0xFF, 0xAD, 0xFF, 0xAD, 0xFF, 0xAD, 0xFF, 0xAD, 0xFF, 0xAD, 0xFF, 0xAD, 0xFF, 0xAD, 0xFF, 0xAD, 0xFF, 0xAD, 0xFF, 0xAD, 0xFF, 0xAD
    .byte 0xFF, 0xAD, 0xFF, 0xAD, 0xFF, 0xAD, 0xFF, 0xAD, 0xFF, 0xAD, 0xFF, 0xAD, 0xFF, 0xAD, 0xFF, 0xAD, 0xFF, 0xAD, 0xFF, 0xAD, 0xFF, 0xAD, 0xFF, 0xAD, 0xFF, 0xAD, 0xFF, 0xAD, 0xFF, 0xAD, 0xFF, 0xAD
    .byte 0xFF, 0xAD, 0xFF, 0xAD, 0xFF, 0xAD, 0xFF, 0xAD, 0xFF, 0xAD, 0xFF, 0xAD, 0xFF, 0xAD, 0xFF, 0xAD, 0xFF, 0xAD, 0xFF, 0xAD, 0xFF, 0xAD, 0xFF, 0xAD, 0xFF, 0xAD, 0xFF, 0xAD, 0xFF, 0xAD, 0xFF, 0xAD
    .byte 0xFF, 0xAD, 0xFF, 0xAD, 0xFF, 0xAD, 0xFF, 0xAD, 0xFF, 0xAD, 0xFF, 0xAD, 0xFF, 0xAD, 0xFF, 0xAD, 0xFF, 0xAD, 0xFF, 0xAD, 0xFF, 0xAD, 0xFF, 0xAD, 0xFF, 0xAD, 0xFF, 0xAD, 0xFF, 0xAD, 0xFF, 0xAD
    .byte 0xFF, 0xAD, 0xFF, 0xAD, 0xFF, 0xAD, 0xFF, 0xAD, 0xFF, 0xAD, 0xFF, 0xAD, 0xFF, 0xAD, 0xFF, 0xAD, 0xFF, 0xAD, 0xFF, 0xAD, 0xFF, 0xAD, 0x74, 0x74, 0xFF, 0xAD, 0x74, 0x74, 0x74, 0x74, 0x5A, 0x5A
    .byte 0x5A, 0x74, 0x5A, 0x5A, 0x5A, 0x5A, 0x5A, 0x6B, 0x6B, 0x6B, 0xFF, 0x6B, 0x6B, 0x6B, 0x6B, 0x6B, 0x6B, 0x6B, 0x6B, 0x6B, 0x6B, 0xAD, 0x6B, 0xAD, 0x6B, 0xAD, 0xFF, 0xAD, 0xFF, 0xAD, 0xFF, 0xAD
    .byte 0xFF, 0xAD, 0xFF, 0xAD, 0xFF, 0xAD, 0xFF, 0xAD, 0xFF, 0xAD, 0xFF, 0xAD, 0xFF, 0xAD, 0xFF, 0xAD, 0xFF, 0xAD, 0xFF, 0xAD, 0xFF, 0xAD, 0xB6, 0xB6, 0xB6, 0xB6, 0xB6, 0xB6, 0xB6, 0xB6, 0xB6, 0xB6
    .byte 0xA4, 0xA4, 0xA4, 0xA4, 0xA4, 0xA4, 0xA4, 0xA4, 0xA4, 0xA4, 0xAD, 0xAD, 0xAD, 0xFF, 0xAD, 0xAD, 0xAD, 0xFF, 0xAD, 0xAD, 0xAD, 0xFF, 0xAD, 0xAD, 0xAD, 0xFF, 0xAD, 0xAD, 0xAD, 0x74, 0x74, 0xAD
    .byte 0x74, 0x74, 0x74, 0xAD, 0xAD, 0xFF, 0xAD, 0xAD, 0xAD, 0xFF, 0xAD, 0xAD, 0xAD, 0xFF, 0xAD, 0xAD, 0xAD, 0xFF, 0xAD, 0xAD, 0xAD, 0xFF, 0xAD, 0xAD, 0xAD, 0xFF, 0xAD, 0xAD, 0xAD, 0xFF, 0xAD, 0xAD
    .byte 0xAD, 0xFF, 0xAD, 0xAD, 0xAD, 0xFF, 0xAD, 0xAD, 0xAD, 0xFF, 0xAD, 0xAD, 0xAD, 0xFF, 0xAD, 0xAD, 0xAD, 0xFF, 0xAD, 0xAD, 0xAD, 0xFF, 0xAD, 0xAD, 0xAD, 0xFF, 0xAD, 0xAD, 0xAD, 0xFF, 0xAD, 0xAD
    .byte 0xAD, 0xFF, 0xAD, 0xAD, 0xAD, 0xFF, 0xAD, 0xAD, 0xAD, 0xFF, 0xAD, 0xAD, 0xAD, 0xFF, 0xAD, 0xAD, 0xAD, 0xFF, 0xAD, 0xAD, 0xAD, 0xFF, 0xAD, 0xAD, 0xAD, 0xFF, 0xAD, 0xAD, 0xAD, 0xFF, 0xAD, 0xAD
    .byte 0xAD, 0xFF, 0xAD, 0xAD, 0xAD, 0xFF, 0xAD, 0xAD, 0xAD, 0xFF, 0xAD, 0xAD, 0xAD, 0xFF, 0xAD, 0xAD, 0xAD, 0xFF, 0xAD, 0xAD, 0xAD, 0xFF, 0xAD, 0xAD, 0xAD, 0xFF, 0xAD, 0xAD, 0xAD, 0xFF, 0xAD, 0xAD
    .byte 0xAD, 0xFF, 0xAD, 0xAD, 0xAD, 0xFF, 0xAD, 0xAD, 0xAD, 0xFF, 0xAD, 0xAD, 0xAD, 0xFF, 0xAD, 0xAD, 0xAD, 0xFF, 0xAD, 0xAD, 0xAD, 0xFF, 0xAD, 0xAD, 0xAD, 0xFF, 0xAD, 0xAD, 0xAD, 0xFF, 0xAD, 0xAD
    .byte 0xAD, 0xFF, 0xAD, 0xAD, 0xAD, 0xFF, 0xAD, 0xAD, 0xAD, 0xFF, 0xAD, 0xAD, 0xAD, 0xFF, 0xAD, 0xAD, 0xAD, 0xFF, 0xAD, 0xAD, 0xAD, 0xFF, 0xAD, 0xAD, 0xAD, 0xFF, 0xAD, 0xAD, 0xAD, 0xFF, 0xAD, 0xAD
    .byte 0xAD, 0xFF, 0xAD, 0xAD, 0xAD, 0xFF, 0xAD, 0xAD, 0xAD, 0xFF, 0xAD, 0xAD, 0xAD, 0xFF, 0xAD, 0xAD, 0xAD, 0xFF, 0xAD, 0xAD, 0xAD, 0xFF, 0x74, 0x74, 0xAD, 0x74, 0x74, 0x74, 0x74, 0xFF, 0x5A, 0x5A
    .byte 0x5A, 0x74, 0x5A, 0x5A, 0x5A, 0x5A, 0x5A, 0xAD, 0xAD, 0x6B, 0x6B, 0x6B, 0x6B, 0x6B, 0x6B, 0x6B, 0x6B, 0x6B, 0x6B, 0x6B, 0x6B, 0x6B, 0xAD, 0x6B, 0xAD, 0xFF, 0xAD, 0xAD, 0xAD, 0xFF, 0xAD, 0xAD
    .byte 0xAD, 0xFF, 0xAD, 0xAD, 0xAD, 0xFF, 0xAD, 0xAD, 0xAD, 0xFF, 0xAD, 0xAD, 0xAD, 0xFF, 0xAD, 0xAD, 0xAD, 0xFF, 0xAD, 0xAD, 0xAD, 0xFF, 0xB6, 0xB6, 0xB6, 0xB6, 0xB6, 0xB6, 0xB6, 0xB6, 0xB6, 0xB6
    .byte 0xA4, 0xA4, 0xA4, 0xA4, 0xA4, 0xA4, 0xA4, 0xA4, 0xA4, 0xA4, 0xFF, 0xAD, 0xFF, 0xAD, 0xFF, 0xAD, 0xFF, 0xAD, 0xFF, 0xAD, 0xFF, 0xAD, 0xFF, 0xAD, 0xFF, 0xAD, 0xFF, 0xAD, 0xFF, 0xAD, 0xFF, 0xAD
    .byte 0xFF, 0xAD, 0xFF, 0xAD, 0xFF, 0xAD, 0xFF, 0xAD, 0xFF, 0xAD, 0xFF, 0xAD, 0xFF, 0xAD, 0xFF, 0xAD, 0xFF, 0xAD, 0xFF, 0xAD, 0xFF, 0xAD, 0xFF, 0xAD, 0xFF, 0xAD, 0xFF, 0xAD, 0xFF, 0xAD, 0xFF, 0xAD
    .byte 0xFF, 0xAD, 0xFF, 0xAD, 0xFF, 0xAD, 0xFF, 0xAD, 0xFF, 0xAD, 0xFF, 0xAD, 0xFF, 0xAD, 0xFF, 0xAD, 0xFF, 0xAD, 0xFF, 0xAD, 0xFF, 0xAD, 0xFF, 0xAD, 0xFF, 0xAD, 0xFF, 0xAD, 0xFF, 0xAD, 0xFF, 0xAD
    .byte 0xFF, 0xAD, 0xFF, 0xAD, 0xFF, 0xAD, 0xFF, 0xAD, 0xFF, 0xAD, 0xFF, 0xAD, 0xFF, 0xAD, 0xFF, 0xAD, 0xFF, 0xAD, 0xFF, 0xAD, 0xFF, 0xAD, 0xFF, 0xAD, 0xFF, 0xAD, 0xFF, 0xAD, 0xFF, 0xAD, 0xFF, 0xAD
    .byte 0xFF, 0xAD, 0xFF, 0xAD, 0xFF, 0xAD, 0xFF, 0xAD, 0xFF, 0xAD, 0xFF, 0xAD, 0xFF, 0xAD, 0xFF, 0xAD, 0xFF, 0xAD, 0xFF, 0xAD, 0xFF, 0xAD, 0xFF, 0xAD, 0xFF, 0xAD, 0xFF, 0xAD, 0xFF, 0xAD, 0xFF, 0xAD
    .byte 0xFF, 0xAD, 0xFF, 0xAD, 0xFF, 0xAD, 0xFF, 0xAD, 0xFF, 0xAD, 0xFF, 0xAD, 0xFF, 0xAD, 0xFF, 0xAD, 0xFF, 0xAD, 0xFF, 0xAD, 0xFF, 0xAD, 0xFF, 0xAD, 0xFF, 0xAD, 0xFF, 0xAD, 0xFF, 0xAD, 0xFF, 0xAD
    .byte 0xFF, 0xAD, 0xFF, 0xAD, 0xFF, 0xAD, 0xFF, 0xAD, 0xFF, 0xAD, 0xFF, 0xAD, 0xFF, 0xAD, 0xFF, 0xAD, 0xFF, 0xAD, 0xFF, 0xAD, 0xFF, 0xAD, 0xFF, 0xAD, 0xFF, 0xAD, 0xFF, 0xAD, 0xFF, 0xAD, 0xFF, 0xAD
    .byte 0xFF, 0xAD, 0xFF, 0xAD, 0xFF, 0xAD, 0xFF, 0xAD, 0xFF, 0xAD, 0xFF, 0xAD, 0xFF, 0xAD, 0xFF, 0xAD, 0xFF, 0xAD, 0xFF, 0xAD, 0xFF, 0xAD, 0xFF, 0x74, 0xFF, 0xAD, 0x74, 0x74, 0xFF, 0x74, 0x74, 0x5A
    .byte 0x5A, 0x5A, 0x5A, 0x5A, 0x5A, 0x5A, 0xFF, 0xAD, 0xFF, 0xAD, 0x6B, 0x6B, 0xFF, 0x6B, 0x6B, 0x6B, 0xFF, 0x6B, 0x6B, 0xAD, 0xFF, 0x6B, 0xFF, 0xAD, 0xFF, 0xAD, 0xFF, 0xAD, 0xFF, 0xAD, 0xFF, 0xAD
    .byte 0xFF, 0xAD, 0xFF, 0xAD, 0xFF, 0xAD, 0xFF, 0xAD, 0xFF, 0xAD, 0xFF, 0xAD, 0xFF, 0xAD, 0xFF, 0xAD, 0xFF, 0xAD, 0xFF, 0xAD, 0xFF, 0xAD, 0xB6, 0xB6, 0xB6, 0xB6, 0xB6, 0xB6, 0xB6, 0xB6, 0xB6, 0xB6
    .byte 0xA4, 0xA4, 0xA4, 0xA4, 0xA4, 0xA4, 0xA4, 0xA4, 0xA4, 0xA4, 0xAD, 0xAD, 0xAD, 0xAD, 0xAD, 0xAD, 0xAD, 0xAD, 0xAD, 0xAD, 0xAD, 0xAD, 0xAD, 0xAD, 0xAD, 0xAD, 0xAD, 0xAD, 0xAD, 0xAD, 0xAD, 0xAD
    .byte 0xAD, 0xAD, 0xAD, 0xAD, 0xAD, 0xAD, 0xAD, 0xAD, 0xAD, 0xAD, 0xAD, 0xAD, 0xAD, 0xAD, 0xAD, 0xAD, 0xAD, 0xAD, 0xAD, 0xAD, 0xAD, 0xAD, 0xAD, 0xAD, 0xAD, 0xAD, 0xAD, 0xAD, 0xAD, 0xAD, 0xAD, 0xAD
    .byte 0xAD, 0xAD, 0xAD, 0xAD, 0xAD, 0xAD, 0xAD, 0xAD, 0xAD, 0xAD, 0xAD, 0xAD, 0xAD, 0xAD, 0xAD, 0xAD, 0xAD, 0xAD, 0xAD, 0xAD, 0xAD, 0xAD, 0xAD, 0xAD, 0xAD, 0xAD, 0xAD, 0xAD, 0xAD, 0xAD, 0xAD, 0xAD
    .byte 0xAD, 0xAD, 0xAD, 0xAD, 0xAD, 0xAD, 0xAD, 0xAD, 0xAD, 0xAD, 0xAD, 0xAD, 0xAD, 0xAD, 0xAD, 0xAD, 0xAD, 0xAD, 0xAD, 0xAD, 0xAD, 0xAD, 0xAD, 0xAD, 0xAD, 0xAD, 0xAD, 0xAD, 0xAD, 0xAD, 0xAD, 0xAD
    .byte 0xAD, 0xAD, 0xAD, 0xAD, 0xAD, 0xAD, 0xAD, 0xAD, 0xAD, 0xAD, 0xAD, 0xAD, 0xAD, 0xAD, 0xAD, 0xAD, 0xAD, 0xAD, 0xAD, 0xAD, 0xAD, 0xAD, 0xAD, 0xAD, 0xAD, 0xAD, 0xAD, 0xAD, 0xAD, 0xAD, 0xAD, 0xAD
    .byte 0xAD, 0xAD, 0xAD, 0xAD, 0xAD, 0xAD, 0xAD, 0xAD, 0xAD, 0xAD, 0xAD, 0xAD, 0xAD, 0xAD, 0xAD, 0xAD, 0xAD, 0xAD, 0xAD, 0xAD, 0xAD, 0xAD, 0xAD, 0xAD, 0xAD, 0xAD, 0xAD, 0xAD, 0xAD, 0xAD, 0xAD, 0xAD
    .byte 0xAD, 0xAD, 0xAD, 0xAD, 0xAD, 0xAD, 0xAD, 0xAD, 0xAD, 0xAD, 0xAD, 0xAD, 0xAD, 0xAD, 0xAD, 0xAD, 0xAD, 0xAD, 0xAD, 0xAD, 0xAD, 0xAD, 0xAD, 0xAD, 0xAD, 0xAD, 0xAD, 0xAD, 0xAD, 0xAD, 0xAD, 0xAD
    .byte 0xAD, 0xAD, 0xAD, 0xAD, 0xAD, 0xAD, 0xAD, 0xAD, 0xAD, 0xAD, 0xAD, 0xAD, 0xAD, 0xAD, 0xAD, 0xAD, 0xAD, 0xAD, 0xAD, 0xAD, 0xAD, 0xAD, 0xAD, 0xAD, 0x74, 0x74, 0xAD, 0x74, 0x74, 0x74, 0xAD, 0x74
    .byte 0x74, 0x74, 0x5A, 0x5A, 0x74, 0xAD, 0xAD, 0xAD, 0xAD, 0xAD, 0xAD, 0x6B, 0x6B, 0x6B, 0xAD, 0xAD, 0xAD, 0xAD, 0xAD, 0xAD, 0xAD, 0xAD, 0xAD, 0xAD, 0xAD, 0xAD, 0xAD, 0xAD, 0xAD, 0xAD, 0xAD, 0xAD
    .byte 0xAD, 0xAD, 0xAD, 0xAD, 0xAD, 0xAD, 0xAD, 0xAD, 0xAD, 0xAD, 0xAD, 0xAD, 0xAD, 0xAD, 0xAD, 0xAD, 0xAD, 0xAD, 0xAD, 0xAD, 0xAD, 0xAD, 0xB6, 0xB6, 0xB6, 0xB6, 0xB6, 0xB6, 0xB6, 0xB6, 0xB6, 0xB6
    .byte 0xA4, 0xA4, 0xA4, 0xA4, 0xA4, 0xA4, 0xA4, 0xA4, 0xA4, 0xA4, 0xFF, 0xAD, 0xFF, 0xAD, 0xFF, 0xAD, 0xFF, 0xAD, 0xFF, 0xAD, 0xFF, 0xAD, 0xFF, 0xAD, 0xFF, 0xAD, 0xFF, 0xAD, 0xFF, 0xAD, 0xFF, 0xAD
    .byte 0xFF, 0xAD, 0xFF, 0xAD, 0xFF, 0xAD, 0xFF, 0xAD, 0xFF, 0xAD, 0xFF, 0xAD, 0xFF, 0xAD, 0xFF, 0xAD, 0xFF, 0xAD, 0xFF, 0xAD, 0xFF, 0xAD, 0xFF, 0xAD, 0xFF, 0xAD, 0xFF, 0xAD, 0xFF, 0xAD, 0xFF, 0xAD
    .byte 0xFF, 0xAD, 0xFF, 0xAD, 0xFF, 0xAD, 0xFF, 0xAD, 0xFF, 0xAD, 0xFF, 0xAD, 0xFF, 0xAD, 0xFF, 0xAD, 0xFF, 0xAD, 0xFF, 0xAD, 0xFF, 0xAD, 0xFF, 0xAD, 0xFF, 0xAD, 0xFF, 0xAD, 0xFF, 0xAD, 0xFF, 0xAD
    .byte 0xFF, 0xAD, 0xFF, 0xAD, 0xFF, 0xAD, 0xFF, 0xAD, 0xFF, 0xAD, 0xFF, 0xAD, 0xFF, 0xAD, 0xFF, 0xAD, 0xFF, 0xAD, 0xFF, 0xAD, 0xFF, 0xAD, 0xFF, 0xAD, 0xFF, 0xAD, 0xFF, 0xAD, 0xFF, 0xAD, 0xFF, 0xAD
    .byte 0xFF, 0xAD, 0xFF, 0xAD, 0xFF, 0xAD, 0xFF, 0xAD, 0xFF, 0xAD, 0xFF, 0xAD, 0xFF, 0xAD, 0xFF, 0xAD, 0xFF, 0xAD, 0xFF, 0xAD, 0xFF, 0xAD, 0xFF, 0xAD, 0xFF, 0xAD, 0xFF, 0xAD, 0xFF, 0xAD, 0xFF, 0xAD
    .byte 0xFF, 0xAD, 0xFF, 0xAD, 0xFF, 0xAD, 0xFF, 0xAD, 0xFF, 0xAD, 0xFF, 0xAD, 0xFF, 0xAD, 0xFF, 0xAD, 0xFF, 0xAD, 0xFF, 0xAD, 0xFF, 0xAD, 0xFF, 0xAD, 0xFF, 0xAD, 0xFF, 0xAD, 0xFF, 0xAD, 0xFF, 0xAD
    .byte 0xFF, 0xAD, 0xFF, 0xAD, 0xFF, 0xAD, 0xFF, 0xAD, 0xFF, 0xAD, 0xFF, 0xAD, 0xFF, 0xAD, 0xFF, 0xAD, 0xFF, 0xAD, 0xFF, 0xAD, 0xFF, 0xAD, 0xFF, 0xAD, 0xFF, 0xAD, 0xFF, 0xAD, 0xFF, 0xAD, 0xFF, 0xAD
    .byte 0xFF, 0xAD, 0xFF, 0xAD, 0xFF, 0xAD, 0xFF, 0xAD, 0xFF, 0xAD, 0xFF, 0xAD, 0xFF, 0xAD, 0xFF, 0xAD, 0xFF, 0xAD, 0xFF, 0xAD, 0xFF, 0xAD, 0xFF, 0xAD, 0xFF, 0x74, 0x74, 0x74, 0x74, 0xAD, 0x74, 0x74
    .byte 0x74, 0x74, 0xFF, 0xAD, 0xFF, 0xAD, 0xFF, 0xAD, 0xFF, 0xAD, 0xFF, 0xAD, 0xFF, 0xAD, 0xFF, 0xAD, 0xFF, 0xAD, 0xFF, 0xAD, 0xFF, 0xAD, 0xFF, 0xAD, 0xFF, 0xAD, 0xFF, 0xAD, 0xFF, 0xAD, 0xFF, 0xAD
    .byte 0xFF, 0xAD, 0xFF, 0xAD, 0xFF, 0xAD, 0xFF, 0xAD, 0xFF, 0xAD, 0xFF, 0xAD, 0xFF, 0xAD, 0xFF, 0xAD, 0xFF, 0xAD, 0xFF, 0xAD, 0xFF, 0xAD, 0xB6, 0xB6, 0xB6, 0xB6, 0xB6, 0xB6, 0xB6, 0xB6, 0xB6, 0xB6
    .byte 0xA4, 0xA4, 0xA4, 0xA4, 0xA4, 0xA4, 0xA4, 0xA4, 0xA4, 0xA4, 0xAD, 0xAD, 0xAD, 0xFF, 0xAD, 0xAD, 0xAD, 0xFF, 0xAD, 0xAD, 0xAD, 0xFF, 0xAD, 0xAD, 0xAD, 0xFF, 0xAD, 0xAD, 0xAD, 0xFF, 0xAD, 0xAD
    .byte 0xAD, 0xFF, 0xAD, 0xAD, 0xAD, 0xFF, 0xAD, 0xAD, 0xAD, 0xFF, 0xAD, 0xAD, 0xAD, 0xFF, 0xAD, 0xAD, 0xAD, 0xFF, 0xAD, 0xAD, 0xAD, 0xFF, 0xAD, 0xAD, 0xAD, 0xFF, 0xAD, 0xAD, 0xAD, 0xFF, 0xAD, 0xAD
    .byte 0xAD, 0xFF, 0xAD, 0xAD, 0xAD, 0xFF, 0xAD, 0xAD, 0xAD, 0xFF, 0xAD, 0xAD, 0xAD, 0xFF, 0xAD, 0xAD, 0xAD, 0xFF, 0xAD, 0xAD, 0xAD, 0xFF, 0xAD, 0xAD, 0xAD, 0xFF, 0xAD, 0xAD, 0xAD, 0xFF, 0xAD, 0xAD
    .byte 0xAD, 0xFF, 0xAD, 0xAD, 0xAD, 0xFF, 0xAD, 0xAD, 0xAD, 0xFF, 0xAD, 0xAD, 0xAD, 0xFF, 0xAD, 0xAD, 0xAD, 0xFF, 0xAD, 0xAD, 0xAD, 0xFF, 0xAD, 0xAD, 0xAD, 0xFF, 0xAD, 0xAD, 0xAD, 0xFF, 0xAD, 0xAD
    .byte 0xAD, 0xFF, 0xAD, 0xAD, 0xAD, 0xFF, 0xAD, 0xAD, 0xAD, 0xFF, 0xAD, 0xAD, 0xAD, 0xFF, 0xAD, 0xAD, 0xAD, 0xFF, 0xAD, 0xAD, 0xAD, 0xFF, 0xAD, 0xAD, 0xAD, 0xFF, 0xAD, 0xAD, 0xAD, 0xFF, 0xAD, 0xAD
    .byte 0xAD, 0xFF, 0xAD, 0xAD, 0xAD, 0xFF, 0xAD, 0xAD, 0xAD, 0xFF, 0xAD, 0xAD, 0xAD, 0xFF, 0xAD, 0xAD, 0xAD, 0xFF, 0xAD, 0xAD, 0xAD, 0xFF, 0xAD, 0xAD, 0xAD, 0xFF, 0xAD, 0xAD, 0xAD, 0xFF, 0xAD, 0xAD
    .byte 0xAD, 0xFF, 0xAD, 0xAD, 0xAD, 0xFF, 0xAD, 0xAD, 0xAD, 0xFF, 0xAD, 0xAD, 0xAD, 0xFF, 0xAD, 0xAD, 0xAD, 0xFF, 0xAD, 0xAD, 0xAD, 0xFF, 0xAD, 0xAD, 0xAD, 0xFF, 0xAD, 0xAD, 0xAD, 0xFF, 0xAD, 0xAD
    .byte 0xAD, 0xFF, 0xAD, 0xAD, 0xAD, 0xFF, 0xAD, 0xAD, 0xAD, 0xFF, 0xAD, 0xAD, 0xAD, 0xFF, 0xAD, 0xAD, 0xAD, 0xFF, 0xAD, 0xAD, 0xAD, 0xFF, 0xAD, 0xAD, 0x74, 0x74, 0x74, 0x74, 0x74, 0x74, 0x74, 0x74
    .byte 0xAD, 0xFF, 0xAD, 0xAD, 0xAD, 0xFF, 0xAD, 0xAD, 0xAD, 0xFF, 0xAD, 0xAD, 0xAD, 0xFF, 0xAD, 0xAD, 0xAD, 0xFF, 0xAD, 0xAD, 0xAD, 0xFF, 0xAD, 0xAD, 0xAD, 0xFF, 0xAD, 0xAD, 0xAD, 0xFF, 0xAD, 0xAD
    .byte 0xAD, 0xFF, 0xAD, 0xAD, 0xAD, 0xFF, 0xAD, 0xAD, 0xAD, 0xFF, 0xAD, 0xAD, 0xAD, 0xFF, 0xAD, 0xAD, 0xAD, 0xFF, 0xAD, 0xAD, 0xAD, 0xFF, 0xB6, 0xB6, 0xB6, 0xB6, 0xB6, 0xB6, 0xB6, 0xB6, 0xB6, 0xB6
    .byte 0xA4, 0xA4, 0xA4, 0xA4, 0xA4, 0xA4, 0xA4, 0xA4, 0xA4, 0xA4, 0xFF, 0xAD, 0xFF, 0xAD, 0xFF, 0xAD, 0xFF, 0xAD, 0xFF, 0xAD, 0xFF, 0xAD, 0xFF, 0xAD, 0xFF, 0xAD, 0xFF, 0xAD, 0xFF, 0xAD, 0xFF, 0xAD
    .byte 0xFF, 0xAD, 0xFF, 0xAD, 0xFF, 0xAD, 0xFF, 0xAD, 0xFF, 0xAD, 0xFF, 0xAD, 0xFF, 0xAD, 0xFF, 0xAD, 0xFF, 0xAD, 0xFF, 0xAD, 0xFF, 0xAD, 0xFF, 0xAD, 0xFF, 0xAD, 0xFF, 0xAD, 0xFF, 0xAD, 0xFF, 0xAD
    .byte 0xFF, 0xAD, 0xFF, 0xAD, 0xFF, 0xAD, 0xFF, 0xAD, 0xFF, 0xAD, 0xFF, 0xAD, 0xFF, 0xAD, 0xFF, 0xAD, 0xFF, 0xAD, 0xFF, 0xAD, 0xFF, 0xAD, 0xFF, 0xAD, 0xFF, 0xAD, 0xFF, 0xAD, 0xFF, 0xAD, 0xFF, 0xAD
    .byte 0xFF, 0xAD, 0xFF, 0xAD, 0xFF, 0xAD, 0xFF, 0xAD, 0xFF, 0xAD, 0xFF, 0xAD, 0xFF, 0xAD, 0xFF, 0xAD, 0xFF, 0xAD, 0xFF, 0xAD, 0xFF, 0xAD, 0xFF, 0xAD, 0xFF, 0xAD, 0xFF, 0xAD, 0xFF, 0xAD, 0xFF, 0xAD
    .byte 0xFF, 0xAD, 0xFF, 0xAD, 0xFF, 0xAD, 0xFF, 0xAD, 0xFF, 0xAD, 0xFF, 0xAD, 0xFF, 0xAD, 0xFF, 0xAD, 0xFF, 0xAD, 0xFF, 0xAD, 0xFF, 0xAD, 0xFF, 0xAD, 0xFF, 0xAD, 0xFF, 0xAD, 0xFF, 0xAD, 0xFF, 0xAD
    .byte 0xFF, 0xAD, 0xFF, 0xAD, 0xFF, 0xAD, 0xFF, 0xAD, 0xFF, 0xAD, 0xFF, 0xAD, 0xFF, 0xAD, 0xFF, 0xAD, 0xFF, 0xAD, 0xFF, 0xAD, 0xFF, 0xAD, 0xFF, 0xAD, 0xFF, 0xAD, 0xFF, 0xAD, 0xFF, 0xAD, 0xFF, 0xAD
    .byte 0xFF, 0xAD, 0xFF, 0xAD, 0xFF, 0xAD, 0xFF, 0xAD, 0xFF, 0xAD, 0xFF, 0xAD, 0xFF, 0xAD, 0xFF, 0xAD, 0xFF, 0xAD, 0xFF, 0xAD, 0xFF, 0xAD, 0xFF, 0xAD, 0xFF, 0xAD, 0xFF, 0xAD, 0xFF, 0xAD, 0xFF, 0xAD
    .byte 0xFF, 0xAD, 0xFF, 0xAD, 0xFF, 0xAD, 0xFF, 0xAD, 0xFF, 0xAD, 0xFF, 0xAD, 0xFF, 0xAD, 0xFF, 0xAD, 0xFF, 0xAD, 0xFF, 0xAD, 0xFF, 0xAD, 0xFF, 0xAD, 0xFF, 0xAD, 0xFF, 0x74, 0x74, 0x74, 0xFF, 0xAD
    .byte 0xFF, 0xAD, 0xFF, 0xAD, 0xFF, 0xAD, 0xFF, 0xAD, 0xFF, 0xAD, 0xFF, 0xAD, 0xFF, 0xAD, 0xFF, 0xAD, 0xFF, 0xAD, 0xFF, 0xAD, 0xFF, 0xAD, 0xFF, 0xAD, 0xFF, 0xAD, 0xFF, 0xAD, 0xFF, 0xAD, 0xFF, 0xAD
    .byte 0xFF, 0xAD, 0xFF, 0xAD, 0xFF, 0xAD, 0xFF, 0xAD, 0xFF, 0xAD, 0xFF, 0xAD, 0xFF, 0xAD, 0xFF, 0xAD, 0xFF, 0xAD, 0xFF, 0xAD, 0xFF, 0xAD, 0xB6, 0xB6, 0xB6, 0xB6, 0xB6, 0xB6, 0xB6, 0xB6, 0xB6, 0xB6
    .byte 0xA4, 0xA4, 0xA4, 0xA4, 0xA4, 0xA4, 0xA4, 0xA4, 0xA4, 0xA4, 0xAD, 0xAD, 0xAD, 0xAD, 0xAD, 0xAD, 0xAD, 0xAD, 0xAD, 0xAD, 0xAD, 0xAD, 0xAD, 0xAD, 0xAD, 0xAD, 0xAD, 0xAD, 0xAD, 0xAD, 0xAD, 0xAD
    .byte 0xAD, 0xAD, 0xAD, 0xAD, 0xAD, 0xAD, 0xAD, 0xAD, 0xAD, 0xAD, 0xAD, 0xAD, 0xAD, 0xAD, 0xAD, 0xAD, 0xAD, 0xAD, 0xAD, 0xAD, 0xAD, 0xAD, 0xAD, 0xAD, 0xAD, 0xAD, 0xAD, 0xAD, 0xAD, 0xAD, 0xAD, 0xAD
    .byte 0xAD, 0xAD, 0xAD, 0xAD, 0xAD, 0xAD, 0xAD, 0xAD, 0xAD, 0xAD, 0xAD, 0xAD, 0xAD, 0xAD, 0xAD, 0xAD, 0xAD, 0xAD, 0xAD, 0xAD, 0xAD, 0xAD, 0xAD, 0xAD, 0xAD, 0xAD, 0xAD, 0xAD, 0xAD, 0xAD, 0xAD, 0xAD
    .byte 0xAD, 0xAD, 0xAD, 0xAD, 0xAD, 0xAD, 0xAD, 0xAD, 0xAD, 0xAD, 0xAD, 0xAD, 0xAD, 0xAD, 0xAD, 0xAD, 0xAD, 0xAD, 0xAD, 0xAD, 0xAD, 0xAD, 0xAD, 0xAD, 0xAD, 0xAD, 0xAD, 0xAD, 0xAD, 0xAD, 0xAD, 0xAD
    .byte 0xAD, 0xAD, 0xAD, 0xAD, 0xAD, 0xAD, 0xAD, 0xAD, 0xAD, 0xAD, 0xAD, 0xAD, 0xAD, 0xAD, 0xAD, 0xAD, 0xAD, 0xAD, 0xAD, 0xAD, 0xAD, 0xAD, 0xAD, 0xAD, 0xAD, 0xAD, 0xAD, 0xAD, 0xAD, 0xAD, 0xAD, 0xAD
    .byte 0xAD, 0xAD, 0xAD, 0xAD, 0xAD, 0xAD, 0xAD, 0xAD, 0xAD, 0xAD, 0xAD, 0xAD, 0xAD, 0xAD, 0xAD, 0xAD, 0xAD, 0xAD, 0xAD, 0xAD, 0xAD, 0xAD, 0xAD, 0xAD, 0xAD, 0xAD, 0xAD, 0xAD, 0xAD, 0xAD, 0xAD, 0xAD
    .byte 0xAD, 0xAD, 0xAD, 0xAD, 0xAD, 0xAD, 0xAD, 0xAD, 0xAD, 0xAD, 0xAD, 0xAD, 0xAD, 0xAD, 0xAD, 0xAD, 0xAD, 0xAD, 0xAD, 0xAD, 0xAD, 0xAD, 0xAD, 0xAD, 0xAD, 0xAD, 0xAD, 0xAD, 0xAD, 0xAD, 0xAD, 0xAD
    .byte 0xAD, 0xAD, 0xAD, 0xAD, 0xAD, 0xAD, 0xAD, 0xAD, 0xAD, 0xAD, 0xAD, 0xAD, 0xAD, 0xAD, 0xAD, 0xAD, 0xAD, 0xAD, 0xAD, 0xAD, 0xAD, 0xAD, 0xAD, 0xAD, 0xAD, 0xAD, 0xAD, 0xAD, 0xAD, 0xAD, 0xAD, 0xAD
    .byte 0xAD, 0xAD, 0xAD, 0xAD, 0xAD, 0xAD, 0xAD, 0xAD, 0xAD, 0xAD, 0xAD, 0xAD, 0xAD, 0xAD, 0xAD, 0xAD, 0xAD, 0xAD, 0xAD, 0xAD, 0xAD, 0xAD, 0xAD, 0xAD, 0xAD, 0xAD, 0xAD, 0xAD, 0xAD, 0xAD, 0xAD, 0xAD
    .byte 0xAD, 0xAD, 0xAD, 0xAD, 0xAD, 0xAD, 0xAD, 0xAD, 0xAD, 0xAD, 0xAD, 0xAD, 0xAD, 0xAD, 0xAD, 0xAD, 0xAD, 0xAD, 0xAD, 0xAD, 0xAD, 0xAD, 0xB6, 0xB6, 0xB6, 0xB6, 0xB6, 0xB6, 0xB6, 0xB6, 0xB6, 0xB6
    .byte 0xA4, 0xA4, 0xA4, 0xA4, 0xA4, 0xA4, 0xA4, 0xA4, 0xA4, 0xA4, 0xFF, 0xAD, 0xFF, 0xAD, 0xFF, 0xAD, 0xFF, 0xAD, 0xFF, 0xAD, 0xFF, 0xAD, 0xFF, 0xAD, 0xFF, 0xAD, 0xFF, 0xAD, 0xFF, 0xAD, 0xFF, 0xAD
    .byte 0xFF, 0xAD, 0xFF, 0xAD, 0xFF, 0xAD, 0xFF, 0xAD, 0xFF, 0xAD, 0xFF, 0xAD, 0xFF, 0xAD, 0xFF, 0xAD, 0xFF, 0xAD, 0xFF, 0xAD, 0xFF, 0xAD, 0xFF, 0xAD, 0xFF, 0xAD, 0xFF, 0xAD, 0xFF, 0xAD, 0xFF, 0xAD
    .byte 0xFF, 0xAD, 0xFF, 0xAD, 0xFF, 0xAD, 0xFF, 0xAD, 0xFF, 0xAD, 0xFF, 0xAD, 0xFF, 0xAD, 0xFF, 0xAD, 0xFF, 0xAD, 0xFF, 0xAD, 0xFF, 0xAD, 0xFF, 0xAD, 0xFF, 0xAD, 0xFF, 0xAD, 0xFF, 0xAD, 0xFF, 0xAD
    .byte 0xFF, 0xAD, 0xFF, 0xAD, 0xFF, 0xAD, 0xFF, 0xAD, 0xFF, 0xAD, 0xFF, 0xAD, 0xFF, 0xAD, 0xFF, 0xAD, 0xFF, 0xAD, 0xFF, 0xAD, 0xFF, 0xAD, 0xFF, 0xAD, 0xFF, 0xAD, 0xFF, 0xAD, 0xFF, 0xAD, 0xFF, 0xAD
    .byte 0xFF, 0xAD, 0xFF, 0xAD, 0xFF, 0xAD, 0xFF, 0xAD, 0xFF, 0xAD, 0xFF, 0xAD, 0xFF, 0xAD, 0xFF, 0xAD, 0xFF, 0xAD, 0xFF, 0xAD, 0xFF, 0xAD, 0xFF, 0xAD, 0xFF, 0xAD, 0xFF, 0xAD, 0xFF, 0xAD, 0xFF, 0xAD
    .byte 0xFF, 0xAD, 0xFF, 0xAD, 0xFF, 0xAD, 0xFF, 0xAD, 0xFF, 0xAD, 0xFF, 0xAD, 0xFF, 0xAD, 0xFF, 0xAD, 0xFF, 0xAD, 0xFF, 0xAD, 0xFF, 0xAD, 0xFF, 0xAD, 0xFF, 0xAD, 0xFF, 0xAD, 0xFF, 0xAD, 0xFF, 0xAD
    .byte 0xFF, 0xAD, 0xFF, 0xAD, 0xFF, 0xAD, 0xFF, 0xAD, 0xFF, 0xAD, 0xFF, 0xAD, 0xFF, 0xAD, 0xFF, 0xAD, 0xFF, 0xAD, 0xFF, 0xAD, 0xFF, 0xAD, 0xFF, 0xAD, 0xFF, 0xAD, 0xFF, 0xAD, 0xFF, 0xAD, 0xFF, 0xAD
    .byte 0xFF, 0xAD, 0xFF, 0xAD, 0xFF, 0xAD, 0xFF, 0xAD, 0xFF, 0xAD, 0xFF, 0xAD, 0xFF, 0xAD, 0xFF, 0xAD, 0xFF, 0xAD, 0xFF, 0xAD, 0xFF, 0xAD, 0xFF, 0xAD, 0xFF, 0xAD, 0xFF, 0xAD, 0xFF, 0xAD, 0xFF, 0xAD
    .byte 0xFF, 0xAD, 0xFF, 0xAD, 0xFF, 0xAD, 0xFF, 0xAD, 0xFF, 0xAD, 0xFF, 0xAD, 0xFF, 0xAD, 0xFF, 0xAD, 0xFF, 0xAD, 0xFF, 0xAD, 0xFF, 0xAD, 0xFF, 0xAD, 0xFF, 0xAD, 0xFF, 0xAD, 0xFF, 0xAD, 0xFF, 0xAD
    .byte 0xFF, 0xAD, 0xFF, 0xAD, 0xFF, 0xAD, 0xFF, 0xAD, 0xFF, 0xAD, 0xFF, 0xAD, 0xFF, 0xAD, 0xFF, 0xAD, 0xFF, 0xAD, 0xFF, 0xAD, 0xFF, 0xAD, 0xB6, 0xB6, 0xB6, 0xB6, 0xB6, 0xB6, 0xB6, 0xB6, 0xB6, 0xB6
    .byte 0xA4, 0xA4, 0xA4, 0xA4, 0xA4, 0xA4, 0xA4, 0xA4, 0xA4, 0xA4, 0xAD, 0xAD, 0xAD, 0xFF, 0xAD, 0xAD, 0xAD, 0xFF, 0xAD, 0xAD, 0xAD, 0xFF, 0xAD, 0xAD, 0xAD, 0xFF, 0xAD, 0xAD, 0xAD, 0xFF, 0xAD, 0xAD
    .byte 0xAD, 0xFF, 0xAD, 0xAD, 0xAD, 0xFF, 0xAD, 0xAD, 0xAD, 0xFF, 0xAD, 0xAD, 0xAD, 0xFF, 0xAD, 0xAD, 0xAD, 0xFF, 0xAD, 0xAD, 0xAD, 0xFF, 0xAD, 0xAD, 0xAD, 0xFF, 0xAD, 0xAD, 0xAD, 0xFF, 0xAD, 0xAD
    .byte 0xAD, 0xFF, 0xAD, 0xAD, 0xAD, 0xFF, 0xAD, 0xAD, 0xAD, 0xFF, 0xAD, 0xAD, 0xAD, 0xFF, 0xAD, 0xAD, 0xAD, 0xFF, 0xAD, 0xAD, 0xAD, 0xFF, 0xAD, 0xAD, 0xAD, 0xFF, 0xAD, 0xAD, 0xAD, 0xFF, 0xAD, 0xAD
    .byte 0xAD, 0xFF, 0xAD, 0xAD, 0xAD, 0xFF, 0xAD, 0xAD, 0xAD, 0xFF, 0xAD, 0xAD, 0xAD, 0xFF, 0xAD, 0xAD, 0xAD, 0xFF, 0xAD, 0xAD, 0xAD, 0xFF, 0xAD, 0xAD, 0xAD, 0xFF, 0xAD, 0xAD, 0xAD, 0xFF, 0xAD, 0xAD
    .byte 0xAD, 0xFF, 0xAD, 0xAD, 0xAD, 0xFF, 0xAD, 0xAD, 0xAD, 0xFF, 0xAD, 0xAD, 0xAD, 0xFF, 0xAD, 0xAD, 0xAD, 0xFF, 0xAD, 0xAD, 0xAD, 0xFF, 0xAD, 0xAD, 0xAD, 0xFF, 0xAD, 0xAD, 0xAD, 0xFF, 0xAD, 0xAD
    .byte 0xAD, 0xFF, 0xAD, 0xAD, 0xAD, 0xFF, 0xAD, 0xAD, 0xAD, 0xFF, 0xAD, 0xAD, 0xAD, 0xFF, 0xAD, 0xAD, 0xAD, 0xFF, 0xAD, 0xAD, 0xAD, 0xFF, 0xAD, 0xAD, 0xAD, 0xFF, 0xAD, 0xAD, 0xAD, 0xFF, 0xAD, 0xAD
    .byte 0xAD, 0xFF, 0xAD, 0xAD, 0xAD, 0xFF, 0xAD, 0xAD, 0xAD, 0xFF, 0xAD, 0xAD, 0xAD, 0xFF, 0xAD, 0xAD, 0xAD, 0xFF, 0xAD, 0xAD, 0xAD, 0xFF, 0xAD, 0xAD, 0xAD, 0xFF, 0xAD, 0xAD, 0xAD, 0xFF, 0xAD, 0xAD
    .byte 0xAD, 0xFF, 0xAD, 0xAD, 0xAD, 0xFF, 0xAD, 0xAD, 0xAD, 0xFF, 0xAD, 0xAD, 0xAD, 0xFF, 0xAD, 0xAD, 0xAD, 0xFF, 0xAD, 0xAD, 0xAD, 0xFF, 0xAD, 0xAD, 0xAD, 0xFF, 0xAD, 0xAD, 0xAD, 0xFF, 0xAD, 0xAD
    .byte 0xAD, 0xFF, 0xAD, 0xAD, 0xAD, 0xFF, 0xAD, 0xAD, 0xAD, 0xFF, 0xAD, 0xAD, 0xAD, 0xFF, 0xAD, 0xAD, 0xAD, 0xFF, 0xAD, 0xAD, 0xAD, 0xFF, 0xAD, 0xAD, 0xAD, 0xFF, 0xAD, 0xAD, 0xAD, 0xFF, 0xAD, 0xAD
    .byte 0xAD, 0xFF, 0xAD, 0xAD, 0xAD, 0xFF, 0xAD, 0xAD, 0xAD, 0xFF, 0xAD, 0xAD, 0xAD, 0xFF, 0xAD, 0xAD, 0xAD, 0xFF, 0xAD, 0xAD, 0xAD, 0xFF, 0xB6, 0xB6, 0xB6, 0xB6, 0xB6, 0xB6, 0xB6, 0xB6, 0xB6, 0xB6
    .byte 0xA4, 0xA4, 0xA4, 0xA4, 0xA4, 0xA4, 0xA4, 0xA4, 0xA4, 0xA4, 0xA4, 0xA4, 0xA4, 0xA4, 0xA4, 0xA4, 0xA4, 0xA4, 0xA4, 0xA4, 0xB6, 0xB6, 0xB6, 0xB6, 0xB6, 0xB6, 0xB6, 0xB6, 0xB6, 0xB6, 0xB6, 0xB6
    .byte 0xB6, 0xB6, 0xB6, 0xB6, 0xB6, 0xB6, 0xB6, 0xB6, 0xB6, 0xB6, 0xB6, 0xB6, 0xB6, 0xB6, 0xB6, 0xB6, 0xB6, 0xB6, 0xB6, 0xB6, 0xB6, 0xB6, 0xB6, 0xB6, 0xB6, 0xB6, 0xB6, 0xB6, 0xB6, 0xB6, 0xB6, 0xB6
    .byte 0xB6, 0xB6, 0xB6, 0xB6, 0xB6, 0xB6, 0xB6, 0xB6, 0xB6, 0xB6, 0xB6, 0xB6, 0xB6, 0xB6, 0xB6, 0xB6, 0xB6, 0xB6, 0xB6, 0xB6, 0xB6, 0xB6, 0xB6, 0xB6, 0xB6, 0xB6, 0xB6, 0xB6, 0xB6, 0xB6, 0xB6, 0xB6
    .byte 0xB6, 0xB6, 0xB6, 0xB6, 0xB6, 0xB6, 0xB6, 0xB6, 0xB6, 0xB6, 0xB6, 0xB6, 0xB6, 0xB6, 0xB6, 0xB6, 0xB6, 0xB6, 0xB6, 0xA4, 0xA4, 0xA4, 0xA4, 0xA4, 0xA4, 0xA4, 0xA4, 0xA4, 0xA4, 0xA4, 0xA4, 0xA4
    .byte 0xA4, 0xA4, 0xA4, 0xB6, 0xB6, 0xB6, 0xB6, 0xB6, 0xB6, 0xB6, 0xB6, 0xB6, 0xB6, 0xB6, 0xB6, 0xB6, 0xB6, 0xB6, 0xB6, 0xB6, 0xB6, 0xB6, 0xB6, 0xB6, 0xB6, 0xB6, 0xB6, 0xB6, 0xB6, 0xB6, 0xB6, 0xB6
    .byte 0xB6, 0xB6, 0xB6, 0xB6, 0xB6, 0xB6, 0xB6, 0xB6, 0xB6, 0xB6, 0xB6, 0xB6, 0xA4, 0xA4, 0xA4, 0xA4, 0xA4, 0xA4, 0xA4, 0xA4, 0xB6, 0xB6, 0xB6, 0xB6, 0xB6, 0xB6, 0xB6, 0xB6, 0xB6, 0xB6, 0xB6, 0xB6
    .byte 0xB6, 0xB6, 0xB6, 0xB6, 0xB6, 0xB6, 0xB6, 0xB6, 0xB6, 0xB6, 0xB6, 0xB6, 0xB6, 0xB6, 0xB6, 0xB6, 0xB6, 0xB6, 0xB6, 0xB6, 0xB6, 0xB6, 0xB6, 0xB6, 0xB6, 0xB6, 0xB6, 0xB6, 0xB6, 0xB6, 0xB6, 0xB6
    .byte 0xB6, 0xB6, 0xB6, 0xB6, 0xB6, 0xB6, 0xB6, 0xB6, 0xB6, 0xB6, 0xB6, 0xB6, 0xB6, 0xB6, 0xB6, 0xB6, 0xB6, 0xB6, 0xB6, 0xB6, 0xB6, 0xB6, 0xB6, 0xB6, 0xB6, 0xB6, 0xB6, 0xB6, 0xB6, 0xB6, 0xB6, 0xB6
    .byte 0xB6, 0xB6, 0xB6, 0xB6, 0xB6, 0xB6, 0xB6, 0xB6, 0xB6, 0xB6, 0xB6, 0xB6, 0xB6, 0xB6, 0xB6, 0xB6, 0xB6, 0xB6, 0xB6, 0xB6, 0xB6, 0xB6, 0xB6, 0xB6, 0xB6, 0xB6, 0xB6, 0xB6, 0xB6, 0xB6, 0xB6, 0xB6
    .byte 0xB6, 0xB6, 0xB6, 0xB6, 0xB6, 0xB6, 0xB6, 0xB6, 0xB6, 0xB6, 0xB6, 0xB6, 0xB6, 0xB6, 0xB6, 0xB6, 0xB6, 0xB6, 0xB6, 0xB6, 0xB6, 0xB6, 0xB6, 0xB6, 0xB6, 0xB6, 0xB6, 0xB6, 0xB6, 0xB6, 0xB6, 0xB6
    .byte 0xA4, 0xA4, 0xA4, 0xA4, 0xA4, 0xA4, 0xA4, 0xA4, 0xA4, 0xA4, 0xA4, 0xA4, 0xA4, 0xA4, 0xA4, 0xA4, 0xA4, 0xA4, 0xA4, 0xA4, 0xB6, 0xB6, 0xB6, 0xB6, 0xB6, 0xB6, 0xB6, 0xB6, 0xB6, 0xB6, 0xB6, 0xB6
    .byte 0xB6, 0xB6, 0xB6, 0xB6, 0xB6, 0xB6, 0xB6, 0xB6, 0xB6, 0xB6, 0xB6, 0xB6, 0xB6, 0xB6, 0xB6, 0xB6, 0xB6, 0xB6, 0xB6, 0xB6, 0xB6, 0xB6, 0xB6, 0xB6, 0xB6, 0xB6, 0xB6, 0xB6, 0xB6, 0xB6, 0xB6, 0xB6
    .byte 0xB6, 0xB6, 0xB6, 0xB6, 0xB6, 0xB6, 0xB6, 0xB6, 0xB6, 0xB6, 0xB6, 0xB6, 0xB6, 0xB6, 0xB6, 0xB6, 0xB6, 0xB6, 0xB6, 0xB6, 0xB6, 0xB6, 0xB6, 0xB6, 0xB6, 0xB6, 0xB6, 0xB6, 0xB6, 0xB6, 0xB6, 0xB6
    .byte 0xB6, 0xB6, 0xB6, 0xB6, 0xB6, 0xB6, 0xB6, 0xB6, 0xB6, 0xB6, 0xB6, 0xB6, 0xB6, 0xB6, 0xB6, 0xB6, 0xB6, 0xB6, 0xB6, 0xA4, 0xA4, 0xA4, 0xA4, 0xA4, 0xA4, 0xA4, 0xA4, 0xA4, 0xA4, 0xA4, 0xA4, 0xA4
    .byte 0xA4, 0xA4, 0xA4, 0xB6, 0xB6, 0xB6, 0xB6, 0xB6, 0xB6, 0xB6, 0xB6, 0xB6, 0xB6, 0xB6, 0xB6, 0xB6, 0xB6, 0xB6, 0xB6, 0xB6, 0xB6, 0xB6, 0xB6, 0xB6, 0xB6, 0xB6, 0xB6, 0xB6, 0xB6, 0xB6, 0xB6, 0xB6
    .byte 0xB6, 0xB6, 0xB6, 0xB6, 0xB6, 0xB6, 0xB6, 0xB6, 0xB6, 0xB6, 0xB6, 0xB6, 0xA4, 0xA4, 0xA4, 0xA4, 0xA4, 0xA4, 0xA4, 0xA4, 0xB6, 0xB6, 0xB6, 0xB6, 0xB6, 0xB6, 0xB6, 0xB6, 0xB6, 0xB6, 0xB6, 0xB6
    .byte 0xB6, 0xB6, 0xB6, 0xB6, 0xB6, 0xB6, 0xB6, 0xB6, 0xB6, 0xB6, 0xB6, 0xB6, 0xB6, 0xB6, 0xB6, 0xB6, 0xB6, 0xB6, 0xB6, 0xB6, 0xB6, 0xB6, 0xB6, 0xB6, 0xB6, 0xB6, 0xB6, 0xB6, 0xB6, 0xB6, 0xB6, 0xB6
    .byte 0xB6, 0xB6, 0xB6, 0xB6, 0xB6, 0xB6, 0xB6, 0xB6, 0xB6, 0xB6, 0xB6, 0xB6, 0xB6, 0xB6, 0xB6, 0xB6, 0xB6, 0xB6, 0xB6, 0xB6, 0xB6, 0xB6, 0xB6, 0xB6, 0xB6, 0xB6, 0xB6, 0xB6, 0xB6, 0xB6, 0xB6, 0xB6
    .byte 0xB6, 0xB6, 0xB6, 0xB6, 0xB6, 0xB6, 0xB6, 0xB6, 0xB6, 0xB6, 0xB6, 0xB6, 0xB6, 0xB6, 0xB6, 0xB6, 0xB6, 0xB6, 0xB6, 0xB6, 0xB6, 0xB6, 0xB6, 0xB6, 0xB6, 0xB6, 0xB6, 0xB6, 0xB6, 0xB6, 0xB6, 0xB6
    .byte 0xB6, 0xB6, 0xB6, 0xB6, 0xB6, 0xB6, 0xB6, 0xB6, 0xB6, 0xB6, 0xB6, 0xB6, 0xB6, 0xB6, 0xB6, 0xB6, 0xB6, 0xB6, 0xB6, 0xB6, 0xB6, 0xB6, 0xB6, 0xB6, 0xB6, 0xB6, 0xB6, 0xB6, 0xB6, 0xB6, 0xB6, 0xB6
    .byte 0xA4, 0xA4, 0xA4, 0xA4, 0xA4, 0xA4, 0xA4, 0xA4, 0xA4, 0xA4, 0xA4, 0xA4, 0xA4, 0xA4, 0xA4, 0xA4, 0xA4, 0xA4, 0xA4, 0xA4, 0xB6, 0xB6, 0xB6, 0xB6, 0xB6, 0xB6, 0xB6, 0xB6, 0xB6, 0xB6, 0xB6, 0xB6
    .byte 0xB6, 0xB6, 0xB6, 0xB6, 0xB6, 0xB6, 0xB6, 0xB6, 0xB6, 0xB6, 0xB6, 0xB6, 0xB6, 0xB6, 0xB6, 0xB6, 0xB6, 0xB6, 0xB6, 0xB6, 0xB6, 0xB6, 0xB6, 0xB6, 0xB6, 0xB6, 0xB6, 0xB6, 0xB6, 0xB6, 0xB6, 0xB6
    .byte 0xB6, 0xB6, 0xB6, 0xB6, 0xB6, 0xB6, 0xB6, 0xB6, 0xB6, 0xB6, 0xB6, 0xB6, 0xB6, 0xB6, 0xB6, 0xB6, 0xB6, 0xB6, 0xB6, 0xB6, 0xB6, 0xB6, 0xB6, 0xB6, 0xB6, 0xB6, 0xB6, 0xB6, 0xB6, 0xB6, 0xB6, 0xB6
    .byte 0xB6, 0xB6, 0xB6, 0xB6, 0xB6, 0xB6, 0xB6, 0xB6, 0xB6, 0xB6, 0xB6, 0xB6, 0xB6, 0xB6, 0xB6, 0xB6, 0xB6, 0xB6, 0xB6, 0xA4, 0xA4, 0xA4, 0xA4, 0xA4, 0xA4, 0xA4, 0xA4, 0xA4, 0xA4, 0xA4, 0xA4, 0xA4
    .byte 0xA4, 0xA4, 0xA4, 0xB6, 0xB6, 0xB6, 0xB6, 0xB6, 0xB6, 0xB6, 0xB6, 0xB6, 0xB6, 0xB6, 0xB6, 0xB6, 0xB6, 0xB6, 0xB6, 0xB6, 0xB6, 0xB6, 0xB6, 0xB6, 0xB6, 0xB6, 0xB6, 0xB6, 0xB6, 0xB6, 0xB6, 0xB6
    .byte 0xB6, 0xB6, 0xB6, 0xB6, 0xB6, 0xB6, 0xB6, 0xB6, 0xB6, 0xB6, 0xB6, 0xB6, 0xA4, 0xA4, 0xA4, 0xA4, 0xA4, 0xA4, 0xA4, 0xA4, 0xB6, 0xB6, 0xB6, 0xB6, 0xB6, 0xB6, 0xB6, 0xB6, 0xB6, 0xB6, 0xB6, 0xB6
    .byte 0xB6, 0xB6, 0xB6, 0xB6, 0xB6, 0xB6, 0xB6, 0xB6, 0xB6, 0xB6, 0xB6, 0xB6, 0xB6, 0xB6, 0xB6, 0xB6, 0xB6, 0xB6, 0xB6, 0xB6, 0xB6, 0xB6, 0xB6, 0xB6, 0xB6, 0xB6, 0xB6, 0xB6, 0xB6, 0xB6, 0xB6, 0xB6
    .byte 0xB6, 0xB6, 0xB6, 0xB6, 0xB6, 0xB6, 0xB6, 0xB6, 0xB6, 0xB6, 0xB6, 0xB6, 0xB6, 0xB6, 0xB6, 0xB6, 0xB6, 0xB6, 0xB6, 0xB6, 0xB6, 0xB6, 0xB6, 0xB6, 0xB6, 0xB6, 0xB6, 0xB6, 0xB6, 0xB6, 0xB6, 0xB6
    .byte 0xB6, 0xB6, 0xB6, 0xB6, 0xB6, 0xB6, 0xB6, 0xB6, 0xB6, 0xB6, 0xB6, 0xB6, 0xB6, 0xB6, 0xB6, 0xB6, 0xB6, 0xB6, 0xB6, 0xB6, 0xB6, 0xB6, 0xB6, 0xB6, 0xB6, 0xB6, 0xB6, 0xB6, 0xB6, 0xB6, 0xB6, 0xB6
    .byte 0xB6, 0xB6, 0xB6, 0xB6, 0xB6, 0xB6, 0xB6, 0xB6, 0xB6, 0xB6, 0xB6, 0xB6, 0xB6, 0xB6, 0xB6, 0xB6, 0xB6, 0xB6, 0xB6, 0xB6, 0xB6, 0xB6, 0xB6, 0xB6, 0xB6, 0xB6, 0xB6, 0xB6, 0xB6, 0xB6, 0xB6, 0xB6
    .byte 0xA4, 0xA4, 0xA4, 0xA4, 0xA4, 0xA4, 0xA4, 0xA4, 0xA4, 0xA4, 0xA4, 0xA4, 0xA4, 0xA4, 0xA4, 0xA4, 0xA4, 0xA4, 0xA4, 0xA4, 0xB6, 0xB6, 0xB6, 0xB6, 0xB6, 0xB6, 0xB6, 0xB6, 0xB6, 0xB6, 0xB6, 0xB6
    .byte 0xB6, 0xB6, 0xB6, 0xB6, 0xB6, 0xB6, 0xB6, 0xB6, 0xB6, 0xB6, 0xB6, 0xB6, 0xB6, 0xB6, 0xB6, 0xB6, 0xB6, 0xB6, 0xB6, 0xB6, 0xB6, 0xB6, 0xB6, 0xB6, 0xB6, 0xB6, 0xB6, 0xB6, 0xB6, 0xB6, 0xB6, 0xB6
    .byte 0xB6, 0xB6, 0xB6, 0xB6, 0xB6, 0xB6, 0xB6, 0xB6, 0xB6, 0xB6, 0xB6, 0xB6, 0xB6, 0xB6, 0xB6, 0xB6, 0xB6, 0xB6, 0xB6, 0xB6, 0xB6, 0xB6, 0xB6, 0xB6, 0xB6, 0xB6, 0xB6, 0xB6, 0xB6, 0xB6, 0xB6, 0xB6
    .byte 0xB6, 0xB6, 0xB6, 0xB6, 0xB6, 0xB6, 0xB6, 0xB6, 0xB6, 0xB6, 0xB6, 0xB6, 0xB6, 0xB6, 0xB6, 0xB6, 0xB6, 0xB6, 0xB6, 0xA4, 0xA4, 0xA4, 0xA4, 0xA4, 0xA4, 0xA4, 0xA4, 0xA4, 0xA4, 0xA4, 0xA4, 0xA4
    .byte 0xA4, 0xA4, 0xA4, 0xB6, 0xB6, 0xB6, 0xB6, 0xB6, 0xB6, 0xB6, 0xB6, 0xB6, 0xB6, 0xB6, 0xB6, 0xB6, 0xB6, 0xB6, 0xB6, 0xB6, 0xB6, 0xB6, 0xB6, 0xB6, 0xB6, 0xB6, 0xB6, 0xB6, 0xB6, 0xB6, 0xB6, 0xB6
    .byte 0xB6, 0xB6, 0xB6, 0xB6, 0xB6, 0xB6, 0xB6, 0xB6, 0xB6, 0xB6, 0xB6, 0xB6, 0xA4, 0xA4, 0xA4, 0xA4, 0xA4, 0xA4, 0xA4, 0xA4, 0xB6, 0xB6, 0xB6, 0xB6, 0xB6, 0xB6, 0xB6, 0xB6, 0xB6, 0xB6, 0xB6, 0xB6
    .byte 0xB6, 0xB6, 0xB6, 0xB6, 0xB6, 0xB6, 0xB6, 0xB6, 0xB6, 0xB6, 0xB6, 0xB6, 0xB6, 0xB6, 0xB6, 0xB6, 0xB6, 0xB6, 0xB6, 0xB6, 0xB6, 0xB6, 0xB6, 0xB6, 0xB6, 0xB6, 0xB6, 0xB6, 0xB6, 0xB6, 0xB6, 0xB6
    .byte 0xB6, 0xB6, 0xB6, 0xB6, 0xB6, 0xB6, 0xB6, 0xB6, 0xB6, 0xB6, 0xB6, 0xB6, 0xB6, 0xB6, 0xB6, 0xB6, 0xB6, 0xB6, 0xB6, 0xB6, 0xB6, 0xB6, 0xB6, 0xB6, 0xB6, 0xB6, 0xB6, 0xB6, 0xB6, 0xB6, 0xB6, 0xB6
    .byte 0xB6, 0xB6, 0xB6, 0xB6, 0xB6, 0xB6, 0xB6, 0xB6, 0xB6, 0xB6, 0xB6, 0xB6, 0xB6, 0xB6, 0xB6, 0xB6, 0xB6, 0xB6, 0xB6, 0xB6, 0xB6, 0xB6, 0xB6, 0xB6, 0xB6, 0xB6, 0xB6, 0xB6, 0xB6, 0xB6, 0xB6, 0xB6
    .byte 0xB6, 0xB6, 0xB6, 0xB6, 0xB6, 0xB6, 0xB6, 0xB6, 0xB6, 0xB6, 0xB6, 0xB6, 0xB6, 0xB6, 0xB6, 0xB6, 0xB6, 0xB6, 0xB6, 0xB6, 0xB6, 0xB6, 0xB6, 0xB6, 0xB6, 0xB6, 0xB6, 0xB6, 0xB6, 0xB6, 0xB6, 0xB6
    .byte 0xA4, 0xA4, 0xA4, 0xA4, 0xA4, 0xA4, 0xA4, 0xA4, 0xA4, 0xA4, 0xA4, 0xA4, 0xA4, 0xA4, 0xA4, 0xA4, 0xA4, 0xA4, 0xA4, 0xA4, 0xB6, 0xB6, 0xB6, 0xB6, 0xB6, 0xB6, 0xB6, 0xB6, 0xB6, 0xB6, 0xB6, 0xB6
    .byte 0xB6, 0xB6, 0xB6, 0xB6, 0xB6, 0xB6, 0xB6, 0xB6, 0xB6, 0xB6, 0xB6, 0xB6, 0xB6, 0xB6, 0xB6, 0xB6, 0xB6, 0xB6, 0xB6, 0xB6, 0xB6, 0xB6, 0xB6, 0xB6, 0xB6, 0xB6, 0xB6, 0xB6, 0xB6, 0xB6, 0xB6, 0xB6
    .byte 0xB6, 0xB6, 0xB6, 0xB6, 0xB6, 0xB6, 0xB6, 0xB6, 0xB6, 0xB6, 0xB6, 0xB6, 0xB6, 0xB6, 0xB6, 0xB6, 0xB6, 0xB6, 0xB6, 0xB6, 0xB6, 0xB6, 0xB6, 0xB6, 0xB6, 0xB6, 0xB6, 0xB6, 0xB6, 0xB6, 0xB6, 0xB6
    .byte 0xB6, 0xB6, 0xB6, 0xB6, 0xB6, 0xB6, 0xB6, 0xB6, 0xB6, 0xB6, 0xB6, 0xB6, 0xB6, 0xB6, 0xB6, 0xB6, 0xB6, 0xB6, 0xB6, 0xA4, 0xA4, 0xA4, 0xA4, 0xA4, 0xA4, 0xA4, 0xA4, 0xA4, 0xA4, 0xA4, 0xA4, 0xA4
    .byte 0xA4, 0xA4, 0xA4, 0xB6, 0xB6, 0xB6, 0xB6, 0xB6, 0xB6, 0xB6, 0xB6, 0xB6, 0xB6, 0xB6, 0xB6, 0xB6, 0xB6, 0xB6, 0xB6, 0xB6, 0xB6, 0xB6, 0xB6, 0xB6, 0xB6, 0xB6, 0xB6, 0xB6, 0xB6, 0xB6, 0xB6, 0xB6
    .byte 0xB6, 0xB6, 0xB6, 0xB6, 0xB6, 0xB6, 0xB6, 0xB6, 0xB6, 0xB6, 0xB6, 0xB6, 0xA4, 0xA4, 0xA4, 0xA4, 0xA4, 0xA4, 0xA4, 0xA4, 0xB6, 0xB6, 0xB6, 0xB6, 0xB6, 0xB6, 0xB6, 0xB6, 0xB6, 0xB6, 0xB6, 0xB6
    .byte 0xB6, 0xB6, 0xB6, 0xB6, 0xB6, 0xB6, 0xB6, 0xB6, 0xB6, 0xB6, 0xB6, 0xB6, 0xB6, 0xB6, 0xB6, 0xB6, 0xB6, 0xB6, 0xB6, 0xB6, 0xB6, 0xB6, 0xB6, 0xB6, 0xB6, 0xB6, 0xB6, 0xB6, 0xB6, 0xB6, 0xB6, 0xB6
    .byte 0xB6, 0xB6, 0xB6, 0xB6, 0xB6, 0xB6, 0xB6, 0xB6, 0xB6, 0xB6, 0xB6, 0xB6, 0xB6, 0xB6, 0xB6, 0xB6, 0xB6, 0xB6, 0xB6, 0xB6, 0xB6, 0xB6, 0xB6, 0xB6, 0xB6, 0xB6, 0xB6, 0xB6, 0xB6, 0xB6, 0xB6, 0xB6
    .byte 0xB6, 0xB6, 0xB6, 0xB6, 0xB6, 0xB6, 0xB6, 0xB6, 0xB6, 0xB6, 0xB6, 0xB6, 0xB6, 0xB6, 0xB6, 0xB6, 0xB6, 0xB6, 0xB6, 0xB6, 0xB6, 0xB6, 0xB6, 0xB6, 0xB6, 0xB6, 0xB6, 0xB6, 0xB6, 0xB6, 0xB6, 0xB6
    .byte 0xB6, 0xB6, 0xB6, 0xB6, 0xB6, 0xB6, 0xB6, 0xB6, 0xB6, 0xB6, 0xB6, 0xB6, 0xB6, 0xB6, 0xB6, 0xB6, 0xB6, 0xB6, 0xB6, 0xB6, 0xB6, 0xB6, 0xB6, 0xB6, 0xB6, 0xB6, 0xB6, 0xB6, 0xB6, 0xB6, 0xB6, 0xB6
    .byte 0xA4, 0xA4, 0xA4, 0xA4, 0xA4, 0xA4, 0xA4, 0xA4, 0xA4, 0xA4, 0xA4, 0xA4, 0xA4, 0xA4, 0xA4, 0xA4, 0xA4, 0xA4, 0xA4, 0xA4, 0xB6, 0xB6, 0xB6, 0xB6, 0xB6, 0xB6, 0xB6, 0xB6, 0xB6, 0xB6, 0xB6, 0xB6
    .byte 0xB6, 0xB6, 0xB6, 0xB6, 0xB6, 0xB6, 0xB6, 0xB6, 0xB6, 0xB6, 0xB6, 0xB6, 0xB6, 0xB6, 0xB6, 0xB6, 0xB6, 0xB6, 0xB6, 0xB6, 0xB6, 0xB6, 0xB6, 0xB6, 0xB6, 0xB6, 0xB6, 0xB6, 0xB6, 0xB6, 0xB6, 0xB6
    .byte 0xB6, 0xB6, 0xB6, 0xB6, 0xB6, 0xB6, 0xB6, 0xB6, 0xB6, 0xB6, 0xB6, 0xB6, 0xB6, 0xB6, 0xB6, 0xB6, 0xB6, 0xB6, 0xB6, 0xB6, 0xB6, 0xB6, 0xB6, 0xB6, 0xB6, 0xB6, 0xB6, 0xB6, 0xB6, 0xB6, 0xB6, 0xB6
    .byte 0xB6, 0xB6, 0xB6, 0xB6, 0xB6, 0xB6, 0xB6, 0xB6, 0xB6, 0xB6, 0xB6, 0xB6, 0xB6, 0xB6, 0xB6, 0xB6, 0xB6, 0xB6, 0xB6, 0xA4, 0xA4, 0xA4, 0xA4, 0xA4, 0xA4, 0xA4, 0xA4, 0xA4, 0xA4, 0xA4, 0xA4, 0xA4
    .byte 0xA4, 0xA4, 0xA4, 0xB6, 0xB6, 0xB6, 0xB6, 0xB6, 0xB6, 0xB6, 0xB6, 0xB6, 0xB6, 0xB6, 0xB6, 0xB6, 0xB6, 0xB6, 0xB6, 0xB6, 0xB6, 0xB6, 0xB6, 0xB6, 0xB6, 0xB6, 0xB6, 0xB6, 0xB6, 0xB6, 0xB6, 0xB6
    .byte 0xB6, 0xB6, 0xB6, 0xB6, 0xB6, 0xB6, 0xB6, 0xB6, 0xB6, 0xB6, 0xB6, 0xB6, 0xA4, 0xA4, 0xA4, 0xA4, 0xA4, 0xA4, 0xA4, 0xA4, 0xB6, 0xB6, 0xB6, 0xB6, 0xB6, 0xB6, 0xB6, 0xB6, 0xB6, 0xB6, 0xB6, 0xB6
    .byte 0xB6, 0xB6, 0xB6, 0xB6, 0xB6, 0xB6, 0xB6, 0xB6, 0xB6, 0xB6, 0xB6, 0xB6, 0xB6, 0xB6, 0xB6, 0xB6, 0xB6, 0xB6, 0xB6, 0xB6, 0xB6, 0xB6, 0xB6, 0xB6, 0xB6, 0xB6, 0xB6, 0xB6, 0xB6, 0xB6, 0xB6, 0xB6
    .byte 0xB6, 0xB6, 0xB6, 0xB6, 0xB6, 0xB6, 0xB6, 0xB6, 0xB6, 0xB6, 0xB6, 0xB6, 0xB6, 0xB6, 0xB6, 0xB6, 0xB6, 0xB6, 0xB6, 0xB6, 0xB6, 0xB6, 0xB6, 0xB6, 0xB6, 0xB6, 0xB6, 0xB6, 0xB6, 0xB6, 0xB6, 0xB6
    .byte 0xB6, 0xB6, 0xB6, 0xB6, 0xB6, 0xB6, 0xB6, 0xB6, 0xB6, 0xB6, 0xB6, 0xB6, 0xB6, 0xB6, 0xB6, 0xB6, 0xB6, 0xB6, 0xB6, 0xB6, 0xB6, 0xB6, 0xB6, 0xB6, 0xB6, 0xB6, 0xB6, 0xB6, 0xB6, 0xB6, 0xB6, 0xB6
    .byte 0xB6, 0xB6, 0xB6, 0xB6, 0xB6, 0xB6, 0xB6, 0xB6, 0xB6, 0xB6, 0xB6, 0xB6, 0xB6, 0xB6, 0xB6, 0xB6, 0xB6, 0xB6, 0xB6, 0xB6, 0xB6, 0xB6, 0xB6, 0xB6, 0xB6, 0xB6, 0xB6, 0xB6, 0xB6, 0xB6, 0xB6, 0xB6
    .byte 0xA4, 0xA4, 0xA4, 0xA4, 0xA4, 0xA4, 0xA4, 0xA4, 0xA4, 0xA4, 0xA4, 0xA4, 0xA4, 0xA4, 0xA4, 0xA4, 0xA4, 0xA4, 0xA4, 0xA4, 0xB6, 0xB6, 0xB6, 0xB6, 0xB6, 0xB6, 0xB6, 0xB6, 0xB6, 0xB6, 0xB6, 0xB6
    .byte 0xB6, 0xB6, 0xB6, 0xB6, 0xB6, 0xB6, 0xB6, 0xB6, 0xB6, 0xB6, 0xB6, 0xB6, 0xB6, 0xB6, 0xB6, 0xB6, 0xB6, 0xB6, 0xB6, 0xB6, 0xB6, 0xB6, 0xB6, 0xB6, 0xB6, 0xB6, 0xB6, 0xB6, 0xB6, 0xB6, 0xB6, 0xB6
    .byte 0xB6, 0xB6, 0xB6, 0xB6, 0xB6, 0xB6, 0xB6, 0xB6, 0xB6, 0xB6, 0xB6, 0xB6, 0xB6, 0xB6, 0xB6, 0xB6, 0xB6, 0xB6, 0xB6, 0xB6, 0xB6, 0xB6, 0xB6, 0xB6, 0xB6, 0xB6, 0xB6, 0xB6, 0xB6, 0xB6, 0xB6, 0xB6
    .byte 0xB6, 0xB6, 0xB6, 0xB6, 0xB6, 0xB6, 0xB6, 0xB6, 0xB6, 0xB6, 0xB6, 0xB6, 0xB6, 0xB6, 0xB6, 0xB6, 0xB6, 0xB6, 0xB6, 0xA4, 0xA4, 0xA4, 0xA4, 0xA4, 0xA4, 0xA4, 0xA4, 0xA4, 0xA4, 0xA4, 0xA4, 0xA4
    .byte 0xA4, 0xA4, 0xA4, 0xB6, 0xB6, 0xB6, 0xB6, 0xB6, 0xB6, 0xB6, 0xB6, 0xB6, 0xB6, 0xB6, 0xB6, 0xB6, 0xB6, 0xB6, 0xB6, 0xB6, 0xB6, 0xB6, 0xB6, 0xB6, 0xB6, 0xB6, 0xB6, 0xB6, 0xB6, 0xB6, 0xB6, 0xB6
    .byte 0xB6, 0xB6, 0xB6, 0xB6, 0xB6, 0xB6, 0xB6, 0xB6, 0xB6, 0xB6, 0xB6, 0xB6, 0xA4, 0xA4, 0xA4, 0xA4, 0xA4, 0xA4, 0xA4, 0xA4, 0xB6, 0xB6, 0xB6, 0xB6, 0xB6, 0xB6, 0xB6, 0xB6, 0xB6, 0xB6, 0xB6, 0xB6
    .byte 0xB6, 0xB6, 0xB6, 0xB6, 0xB6, 0xB6, 0xB6, 0xB6, 0xB6, 0xB6, 0xB6, 0xB6, 0xB6, 0xB6, 0xB6, 0xB6, 0xB6, 0xB6, 0xB6, 0xB6, 0xB6, 0xB6, 0xB6, 0xB6, 0xB6, 0xB6, 0xB6, 0xB6, 0xB6, 0xB6, 0xB6, 0xB6
    .byte 0xB6, 0xB6, 0xB6, 0xB6, 0xB6, 0xB6, 0xB6, 0xB6, 0xB6, 0xB6, 0xB6, 0xB6, 0xB6, 0xB6, 0xB6, 0xB6, 0xB6, 0xB6, 0xB6, 0xB6, 0xB6, 0xB6, 0xB6, 0xB6, 0xB6, 0xB6, 0xB6, 0xB6, 0xB6, 0xB6, 0xB6, 0xB6
    .byte 0xB6, 0xB6, 0xB6, 0xB6, 0xB6, 0xB6, 0xB6, 0xB6, 0xB6, 0xB6, 0xB6, 0xB6, 0xB6, 0xB6, 0xB6, 0xB6, 0xB6, 0xB6, 0xB6, 0xB6, 0xB6, 0xB6, 0xB6, 0xB6, 0xB6, 0xB6, 0xB6, 0xB6, 0xB6, 0xB6, 0xB6, 0xB6
    .byte 0xB6, 0xB6, 0xB6, 0xB6, 0xB6, 0xB6, 0xB6, 0xB6, 0xB6, 0xB6, 0xB6, 0xB6, 0xB6, 0xB6, 0xB6, 0xB6, 0xB6, 0xB6, 0xB6, 0xB6, 0xB6, 0xB6, 0xB6, 0xB6, 0xB6, 0xB6, 0xB6, 0xB6, 0xB6, 0xB6, 0xB6, 0xB6
    .byte 0xA4, 0xA4, 0xA4, 0xA4, 0xA4, 0xA4, 0xA4, 0xA4, 0xA4, 0xA4, 0xA4, 0xA4, 0xA4, 0xA4, 0xA4, 0xA4, 0xA4, 0xA4, 0xA4, 0xA4, 0xB6, 0xB6, 0xB6, 0xB6, 0xB6, 0xB6, 0xB6, 0xB6, 0xB6, 0xB6, 0xB6, 0xB6
    .byte 0xB6, 0xB6, 0xB6, 0xB6, 0xB6, 0xB6, 0xB6, 0xB6, 0xB6, 0xB6, 0xB6, 0xB6, 0xB6, 0xB6, 0xB6, 0xB6, 0xB6, 0xB6, 0xB6, 0xB6, 0xB6, 0xB6, 0xB6, 0xB6, 0xB6, 0xB6, 0xB6, 0xB6, 0xB6, 0xB6, 0xB6, 0xB6
    .byte 0xB6, 0xB6, 0xB6, 0xB6, 0xB6, 0xB6, 0xB6, 0xB6, 0xB6, 0xB6, 0xB6, 0xB6, 0xB6, 0xB6, 0xB6, 0xB6, 0xB6, 0xB6, 0xB6, 0xB6, 0xB6, 0xB6, 0xB6, 0xB6, 0xB6, 0xB6, 0xB6, 0xB6, 0xB6, 0xB6, 0xB6, 0xB6
    .byte 0xB6, 0xB6, 0xB6, 0xB6, 0xB6, 0xB6, 0xB6, 0xB6, 0xB6, 0xB6, 0xB6, 0xB6, 0xB6, 0xB6, 0xB6, 0xB6, 0xB6, 0xB6, 0xB6, 0xA4, 0xA4, 0xA4, 0xA4, 0xA4, 0xA4, 0xA4, 0xA4, 0xA4, 0xA4, 0xA4, 0xA4, 0xA4
    .byte 0xA4, 0xA4, 0xA4, 0xB6, 0xB6, 0xB6, 0xB6, 0xB6, 0xB6, 0xB6, 0xB6, 0xB6, 0xB6, 0xB6, 0xB6, 0xB6, 0xB6, 0xB6, 0xB6, 0xB6, 0xB6, 0xB6, 0xB6, 0xB6, 0xB6, 0xB6, 0xB6, 0xB6, 0xB6, 0xB6, 0xB6, 0xB6
    .byte 0xB6, 0xB6, 0xB6, 0xB6, 0xB6, 0xB6, 0xB6, 0xB6, 0xB6, 0xB6, 0xB6, 0xB6, 0xA4, 0xA4, 0xA4, 0xA4, 0xA4, 0xA4, 0xA4, 0xA4, 0xB6, 0xB6, 0xB6, 0xB6, 0xB6, 0xB6, 0xB6, 0xB6, 0xB6, 0xB6, 0xB6, 0xB6
    .byte 0xB6, 0xB6, 0xB6, 0xB6, 0xB6, 0xB6, 0xB6, 0xB6, 0xB6, 0xB6, 0xB6, 0xB6, 0xB6, 0xB6, 0xB6, 0xB6, 0xB6, 0xB6, 0xB6, 0xB6, 0xB6, 0xB6, 0xB6, 0xB6, 0xB6, 0xB6, 0xB6, 0xB6, 0xB6, 0xB6, 0xB6, 0xB6
    .byte 0xB6, 0xB6, 0xB6, 0xB6, 0xB6, 0xB6, 0xB6, 0xB6, 0xB6, 0xB6, 0xB6, 0xB6, 0xB6, 0xB6, 0xB6, 0xB6, 0xB6, 0xB6, 0xB6, 0xB6, 0xB6, 0xB6, 0xB6, 0xB6, 0xB6, 0xB6, 0xB6, 0xB6, 0xB6, 0xB6, 0xB6, 0xB6
    .byte 0xB6, 0xB6, 0xB6, 0xB6, 0xB6, 0xB6, 0xB6, 0xB6, 0xB6, 0xB6, 0xB6, 0xB6, 0xB6, 0xB6, 0xB6, 0xB6, 0xB6, 0xB6, 0xB6, 0xB6, 0xB6, 0xB6, 0xB6, 0xB6, 0xB6, 0xB6, 0xB6, 0xB6, 0xB6, 0xB6, 0xB6, 0xB6
    .byte 0xB6, 0xB6, 0xB6, 0xB6, 0xB6, 0xB6, 0xB6, 0xB6, 0xB6, 0xB6, 0xB6, 0xB6, 0xB6, 0xB6, 0xB6, 0xB6, 0xB6, 0xB6, 0xB6, 0xB6, 0xB6, 0xB6, 0xB6, 0xB6, 0xB6, 0xB6, 0xB6, 0xB6, 0xB6, 0xB6, 0xB6, 0xB6
    .byte 0xA4, 0xA4, 0xA4, 0xA4, 0xA4, 0xA4, 0xA4, 0xA4, 0xA4, 0xA4, 0xA4, 0xA4, 0xA4, 0xA4, 0xA4, 0xA4, 0xA4, 0xA4, 0xA4, 0xA4, 0xB6, 0xB6, 0xB6, 0xB6, 0xB6, 0xB6, 0xB6, 0xB6, 0xB6, 0xB6, 0xB6, 0xB6
    .byte 0xB6, 0xB6, 0xB6, 0xB6, 0xB6, 0xB6, 0xB6, 0xB6, 0xB6, 0xB6, 0xB6, 0xB6, 0xB6, 0xB6, 0xB6, 0xB6, 0xB6, 0xB6, 0xB6, 0xB6, 0xB6, 0xB6, 0xB6, 0xB6, 0xB6, 0xB6, 0xB6, 0xB6, 0xB6, 0xB6, 0xB6, 0xB6
    .byte 0xB6, 0xB6, 0xB6, 0xB6, 0xB6, 0xB6, 0xB6, 0xB6, 0xB6, 0xB6, 0xB6, 0xB6, 0xB6, 0xB6, 0xB6, 0xB6, 0xB6, 0xB6, 0xB6, 0xB6, 0xB6, 0xB6, 0xB6, 0xB6, 0xB6, 0xB6, 0xB6, 0xB6, 0xB6, 0xB6, 0xB6, 0xB6
    .byte 0xB6, 0xB6, 0xB6, 0xB6, 0xB6, 0xB6, 0xB6, 0xB6, 0xB6, 0xB6, 0xB6, 0xB6, 0xB6, 0xB6, 0xB6, 0xB6, 0xB6, 0xB6, 0xB6, 0xA4, 0xA4, 0xA4, 0xA4, 0xA4, 0xA4, 0xA4, 0xA4, 0xA4, 0xA4, 0xA4, 0xA4, 0xA4
    .byte 0xA4, 0xA4, 0xA4, 0xB6, 0xB6, 0xB6, 0xB6, 0xB6, 0xB6, 0xB6, 0xB6, 0xB6, 0xB6, 0xB6, 0xB6, 0xB6, 0xB6, 0xB6, 0xB6, 0xB6, 0xB6, 0xB6, 0xB6, 0xB6, 0xB6, 0xB6, 0xB6, 0xB6, 0xB6, 0xB6, 0xB6, 0xB6
    .byte 0xB6, 0xB6, 0xB6, 0xB6, 0xB6, 0xB6, 0xB6, 0xB6, 0xB6, 0xB6, 0xB6, 0xB6, 0xA4, 0xA4, 0xA4, 0xA4, 0xA4, 0xA4, 0xA4, 0xA4, 0xB6, 0xB6, 0xB6, 0xB6, 0xB6, 0xB6, 0xB6, 0xB6, 0xB6, 0xB6, 0xB6, 0xB6
    .byte 0xB6, 0xB6, 0xB6, 0xB6, 0xB6, 0xB6, 0xB6, 0xB6, 0xB6, 0xB6, 0xB6, 0xB6, 0xB6, 0xB6, 0xB6, 0xB6, 0xB6, 0xB6, 0xB6, 0xB6, 0xB6, 0xB6, 0xB6, 0xB6, 0xB6, 0xB6, 0xB6, 0xB6, 0xB6, 0xB6, 0xB6, 0xB6
    .byte 0xB6, 0xB6, 0xB6, 0xB6, 0xB6, 0xB6, 0xB6, 0xB6, 0xB6, 0xB6, 0xB6, 0xB6, 0xB6, 0xB6, 0xB6, 0xB6, 0xB6, 0xB6, 0xB6, 0xB6, 0xB6, 0xB6, 0xB6, 0xB6, 0xB6, 0xB6, 0xB6, 0xB6, 0xB6, 0xB6, 0xB6, 0xB6
    .byte 0xB6, 0xB6, 0xB6, 0xB6, 0xB6, 0xB6, 0xB6, 0xB6, 0xB6, 0xB6, 0xB6, 0xB6, 0xB6, 0xB6, 0xB6, 0xB6, 0xB6, 0xB6, 0xB6, 0xB6, 0xB6, 0xB6, 0xB6, 0xB6, 0xB6, 0xB6, 0xB6, 0xB6, 0xB6, 0xB6, 0xB6, 0xB6
    .byte 0xB6, 0xB6, 0xB6, 0xB6, 0xB6, 0xB6, 0xB6, 0xB6, 0xB6, 0xB6, 0xB6, 0xB6, 0xB6, 0xB6, 0xB6, 0xB6, 0xB6, 0xB6, 0xB6, 0xB6, 0xB6, 0xB6, 0xB6, 0xB6, 0xB6, 0xB6, 0xB6, 0xB6, 0xB6, 0xB6, 0xB6, 0xB6
    .byte 0xA4, 0xA4, 0xA4, 0xA4, 0xA4, 0xA4, 0xA4, 0xA4, 0xA4, 0xA4, 0xA4, 0xA4, 0xA4, 0xA4, 0xA4, 0xA4, 0xA4, 0xA4, 0xA4, 0xA4, 0xB6, 0xB6, 0xB6, 0xB6, 0xB6, 0xB6, 0xB6, 0xB6, 0xB6, 0xB6, 0xB6, 0xB6
    .byte 0xB6, 0xB6, 0xB6, 0xB6, 0xB6, 0xB6, 0xB6, 0xB6, 0xB6, 0xB6, 0xB6, 0xB6, 0xB6, 0xB6, 0xB6, 0xB6, 0xB6, 0xB6, 0xB6, 0xB6, 0xB6, 0xB6, 0xB6, 0xB6, 0xB6, 0xB6, 0xB6, 0xB6, 0xB6, 0xB6, 0xB6, 0xB6
    .byte 0xB6, 0xB6, 0xB6, 0xB6, 0xB6, 0xB6, 0xB6, 0xB6, 0xB6, 0xB6, 0xB6, 0xB6, 0xB6, 0xB6, 0xB6, 0xB6, 0xB6, 0xB6, 0xB6, 0xB6, 0xB6, 0xB6, 0xB6, 0xB6, 0xB6, 0xB6, 0xB6, 0xB6, 0xB6, 0xB6, 0xB6, 0xB6
    .byte 0xB6, 0xB6, 0xB6, 0xB6, 0xB6, 0xB6, 0xB6, 0xB6, 0xB6, 0xB6, 0xB6, 0xB6, 0xB6, 0xB6, 0xB6, 0xB6, 0xB6, 0xB6, 0xB6, 0xA4, 0xA4, 0xA4, 0xA4, 0xA4, 0xA4, 0xA4, 0xA4, 0xA4, 0xA4, 0xA4, 0xA4, 0xA4
    .byte 0xA4, 0xA4, 0xA4, 0xB6, 0xB6, 0xB6, 0xB6, 0xB6, 0xB6, 0xB6, 0xB6, 0xB6, 0xB6, 0xB6, 0xB6, 0xB6, 0xB6, 0xB6, 0xB6, 0xB6, 0xB6, 0xB6, 0xB6, 0xB6, 0xB6, 0xB6, 0xB6, 0xB6, 0xB6, 0xB6, 0xB6, 0xB6
    .byte 0xB6, 0xB6, 0xB6, 0xB6, 0xB6, 0xB6, 0xB6, 0xB6, 0xB6, 0xB6, 0xB6, 0xB6, 0xA4, 0xA4, 0xA4, 0xA4, 0xA4, 0xA4, 0xA4, 0xA4, 0xB6, 0xB6, 0xB6, 0xB6, 0xB6, 0xB6, 0xB6, 0xB6, 0xB6, 0xB6, 0xB6, 0xB6
    .byte 0xB6, 0xB6, 0xB6, 0xB6, 0xB6, 0xB6, 0xB6, 0xB6, 0xB6, 0xB6, 0xB6, 0xB6, 0xB6, 0xB6, 0xB6, 0xB6, 0xB6, 0xB6, 0xB6, 0xB6, 0xB6, 0xB6, 0xB6, 0xB6, 0xB6, 0xB6, 0xB6, 0xB6, 0xB6, 0xB6, 0xB6, 0xB6
    .byte 0xB6, 0xB6, 0xB6, 0xB6, 0xB6, 0xB6, 0xB6, 0xB6, 0xB6, 0xB6, 0xB6, 0xB6, 0xB6, 0xB6, 0xB6, 0xB6, 0xB6, 0xB6, 0xB6, 0xB6, 0xB6, 0xB6, 0xB6, 0xB6, 0xB6, 0xB6, 0xB6, 0xB6, 0xB6, 0xB6, 0xB6, 0xB6
    .byte 0xB6, 0xB6, 0xB6, 0xB6, 0xB6, 0xB6, 0xB6, 0xB6, 0xB6, 0xB6, 0xB6, 0xB6, 0xB6, 0xB6, 0xB6, 0xB6, 0xB6, 0xB6, 0xB6, 0xB6, 0xB6, 0xB6, 0xB6, 0xB6, 0xB6, 0xB6, 0xB6, 0xB6, 0xB6, 0xB6, 0xB6, 0xB6
    .byte 0xB6, 0xB6, 0xB6, 0xB6, 0xB6, 0xB6, 0xB6, 0xB6, 0xB6, 0xB6, 0xB6, 0xB6, 0xB6, 0xB6, 0xB6, 0xB6, 0xB6, 0xB6, 0xB6, 0xB6, 0xB6, 0xB6, 0xB6, 0xB6, 0xB6, 0xB6, 0xB6, 0xB6, 0xB6, 0xB6, 0xB6, 0xB6

# overlay-pixels: 114
laboratory_bgr233_exit_overlay_pixels:
    .word 0x000DAB2F, 0x000DAC2F, 0x000DAD2F, 0x000DAE2F, 0x000DAF2F, 0x000DB02F, 0x000DB177, 0x000DB277
    .word 0x000DB377, 0x000DB477, 0x000DB577, 0x000EEB2F, 0x000EF577, 0x00102B2F, 0x00103577, 0x00116B77
    .word 0x00117577, 0x0012AB77, 0x0012B52F, 0x0013EB77, 0x0013F52F, 0x00152B77, 0x0015352F, 0x00166B77
    .word 0x0016752F, 0x0017AB77, 0x0017B52F, 0x0018EB77, 0x0018F52F, 0x001A2B77, 0x001A352F, 0x001B6B77
    .word 0x001B7577, 0x001CAB2F, 0x001CB577, 0x001DEB2F, 0x001DF577, 0x001F2B2F, 0x001F3577, 0x00206B2F
    .word 0x00207577, 0x0021AB2F, 0x0021B577, 0x0022EB2F, 0x0022F577, 0x00242B77, 0x00243577, 0x00256B77
    .word 0x00257577, 0x0026AB77, 0x0026B577, 0x0027EB77, 0x0027F577, 0x00292B2F, 0x0029352F, 0x002A6B2F
    .word 0x002A752F, 0x002BAB2F, 0x002BB577, 0x002CEB2F, 0x002CF52F, 0x002E2B2F, 0x002E352F, 0x002F6B2F
    .word 0x002F752F, 0x0030AB2F, 0x0030B52F, 0x0031EB2F, 0x0031F52F, 0x00332B2F, 0x0033352F, 0x00346B77
    .word 0x0034752F, 0x0035AB77, 0x0035B52F, 0x0036EB77, 0x0036F52F, 0x00382B77, 0x0038352F, 0x00396B77
    .word 0x00397577, 0x003AAB77, 0x003AB577, 0x003BEB77, 0x003BF577, 0x003D2B2F, 0x003D3577, 0x003E6B2F
    .word 0x003E7577, 0x003FAB77, 0x003FB577, 0x0040EB2F, 0x0040F577, 0x00422B2F, 0x00423577, 0x00436B2F
    .word 0x00437577, 0x0044AB2F, 0x0044B577, 0x0045EB2F, 0x0045F577, 0x00472B2F, 0x0047352F, 0x00486B77
    .word 0x00486C77, 0x00486D77, 0x00486E77, 0x00486F77, 0x00487077, 0x00487177, 0x00487277, 0x0048732F
    .word 0x0048742F, 0x0048752F
