# Generated by tools/build_sewer_bgr233.py; do not edit.
# BGR233 8bpp (BBGGGRRR), 320x240, perceptual floor dithering.

.data
.align 2

# payload-bytes: 76800
sewer_bgr233_base_pixels:
    .byte 0x08, 0x08, 0x08, 0x08, 0x08, 0x08, 0x08, 0x08, 0x08, 0x08, 0x08, 0x08, 0x08, 0x08, 0x08, 0x08, 0x08, 0x08, 0x08, 0x08, 0x08, 0xB6, 0x11, 0x11, 0x5A, 0x5A, 0x5A, 0x5A, 0x5A, 0x5A, 0x5A, 0x5A
    .byte 0x63, 0x63, 0x63, 0x63, 0x63, 0x52, 0x52, 0xB6, 0xB6, 0xB6, 0xB6, 0xB6, 0xB6, 0xB6, 0xB6, 0xB6, 0xB6, 0xB6, 0xB6, 0xB6, 0xB6, 0x08, 0x08, 0x08, 0x08, 0x08, 0x08, 0x08, 0x08, 0x08, 0x08, 0x08
    .byte 0x08, 0x08, 0x08, 0x08, 0x08, 0x08, 0x08, 0x08, 0x08, 0x08, 0x08, 0x08, 0x08, 0x08, 0x08, 0x08, 0x08, 0x08, 0x08, 0x08, 0x08, 0x08, 0x51, 0x51, 0x51, 0x51, 0x09, 0x09, 0x09, 0x09, 0x09, 0x09
    .byte 0x09, 0x09, 0x09, 0x09, 0x51, 0x51, 0x51, 0x51, 0x51, 0x51, 0x08, 0x08, 0x08, 0x08, 0x08, 0x08, 0x08, 0x08, 0x08, 0x08, 0x08, 0x08, 0x08, 0x08, 0x08, 0x08, 0x08, 0x08, 0x09, 0x09, 0x09, 0x09
    .byte 0x09, 0x09, 0x09, 0x09, 0x09, 0x09, 0x09, 0x09, 0x09, 0x09, 0x09, 0x09, 0x09, 0x09, 0x09, 0x09, 0x09, 0x09, 0x09, 0x09, 0x09, 0x09, 0x09, 0x09, 0x09, 0x09, 0x09, 0x09, 0x09, 0x09, 0x09, 0x09
    .byte 0x09, 0x09, 0x09, 0x08, 0x08, 0x08, 0x08, 0x08, 0x08, 0x08, 0x08, 0x08, 0x08, 0x08, 0x08, 0x08, 0x08, 0x08, 0x08, 0x08, 0x08, 0x08, 0x08, 0x08, 0x08, 0x08, 0x08, 0x08, 0x08, 0x51, 0x51, 0x51
    .byte 0x51, 0x51, 0x51, 0x51, 0x51, 0x51, 0x51, 0x51, 0x51, 0x08, 0x08, 0x08, 0x08, 0x08, 0x08, 0x08, 0x08, 0x08, 0x08, 0x08, 0x08, 0x51, 0x51, 0x51, 0x51, 0x51, 0x51, 0x51, 0x51, 0x51, 0x51, 0x09
    .byte 0x09, 0x09, 0x09, 0x09, 0x09, 0x09, 0x09, 0x09, 0x09, 0x09, 0x09, 0x09, 0x09, 0x09, 0x09, 0x09, 0x09, 0x09, 0x09, 0x09, 0x09, 0x09, 0x09, 0x09, 0x09, 0x09, 0x09, 0x09, 0x09, 0x09, 0x09, 0x51
    .byte 0x51, 0x51, 0x51, 0x51, 0x51, 0x51, 0x51, 0x51, 0x09, 0x09, 0x09, 0x09, 0x09, 0x09, 0x09, 0x09, 0x09, 0x09, 0x51, 0x51, 0x51, 0x51, 0x51, 0x51, 0x51, 0x51, 0x51, 0x51, 0x51, 0x51, 0x51, 0x51
    .byte 0x51, 0x51, 0x08, 0x08, 0x08, 0x08, 0x08, 0x08, 0x08, 0x08, 0x08, 0x08, 0x08, 0x08, 0x08, 0x08, 0x08, 0x08, 0x08, 0x08, 0x08, 0x08, 0x08, 0x08, 0x08, 0x08, 0x08, 0x08, 0x08, 0x08, 0x08, 0x08
    .byte 0x08, 0x08, 0x08, 0x08, 0x08, 0x08, 0x08, 0x08, 0x08, 0x08, 0x08, 0x08, 0x08, 0x08, 0x08, 0x08, 0x08, 0x08, 0x08, 0x08, 0x08, 0xB6, 0x11, 0x11, 0x5A, 0x5A, 0x5A, 0x5A, 0x5A, 0x5A, 0x5A, 0x5A
    .byte 0x63, 0x63, 0x63, 0x63, 0x52, 0x52, 0x52, 0xB6, 0xB6, 0xB6, 0xB6, 0xB6, 0xB6, 0xB6, 0xB6, 0xB6, 0xB6, 0xB6, 0xB6, 0xB6, 0xB6, 0x08, 0x08, 0x08, 0x08, 0x08, 0x08, 0x08, 0x08, 0x08, 0x08, 0x08
    .byte 0x08, 0x08, 0x08, 0x08, 0x08, 0x08, 0x08, 0x08, 0x08, 0x08, 0x08, 0x08, 0x08, 0x08, 0x08, 0x08, 0x08, 0x08, 0x08, 0x08, 0x08, 0x08, 0x51, 0x51, 0x51, 0x51, 0x09, 0x09, 0x09, 0x09, 0x09, 0x09
    .byte 0x09, 0x09, 0x09, 0x09, 0x51, 0x51, 0x51, 0x51, 0x51, 0x51, 0x08, 0x08, 0x08, 0x08, 0x08, 0x08, 0x08, 0x08, 0x08, 0x08, 0x08, 0x08, 0x08, 0x08, 0x08, 0x08, 0x08, 0x08, 0x09, 0x09, 0x09, 0x09
    .byte 0x09, 0x09, 0x09, 0x09, 0x09, 0x09, 0x09, 0x09, 0x09, 0x09, 0x09, 0x09, 0x09, 0x09, 0x09, 0x09, 0x09, 0x09, 0x09, 0x09, 0x09, 0x09, 0x09, 0x09, 0x09, 0x09, 0x09, 0x09, 0x09, 0x09, 0x09, 0x09
    .byte 0x09, 0x09, 0x09, 0x08, 0x08, 0x08, 0x08, 0x08, 0x08, 0x08, 0x08, 0x08, 0x08, 0x08, 0x08, 0x08, 0x08, 0x08, 0x08, 0x08, 0x08, 0x08, 0x08, 0x08, 0x08, 0x08, 0x08, 0x08, 0x08, 0x51, 0x51, 0x51
    .byte 0x51, 0x51, 0x51, 0x51, 0x51, 0x51, 0x51, 0x51, 0x51, 0x08, 0x08, 0x08, 0x08, 0x08, 0x08, 0x08, 0x08, 0x08, 0x08, 0x08, 0x08, 0x51, 0x51, 0x51, 0x51, 0x51, 0x51, 0x51, 0x51, 0x51, 0x51, 0x09
    .byte 0x09, 0x09, 0x09, 0x09, 0x09, 0x09, 0x09, 0x09, 0x09, 0x09, 0x09, 0x09, 0x09, 0x09, 0x09, 0x09, 0x09, 0x09, 0x09, 0x09, 0x09, 0x09, 0x09, 0x09, 0x09, 0x09, 0x09, 0x09, 0x09, 0x09, 0x09, 0x51
    .byte 0x51, 0x51, 0x51, 0x51, 0x51, 0x51, 0x51, 0x51, 0x09, 0x09, 0x09, 0x09, 0x09, 0x09, 0x09, 0x09, 0x09, 0x09, 0x51, 0x51, 0x51, 0x51, 0x51, 0x51, 0x51, 0x51, 0x51, 0x51, 0x51, 0x51, 0x51, 0x51
    .byte 0x51, 0x51, 0x08, 0x08, 0x08, 0x08, 0x08, 0x08, 0x08, 0x08, 0x08, 0x08, 0x08, 0x08, 0x08, 0x08, 0x08, 0x08, 0x08, 0x08, 0x08, 0x08, 0x08, 0x08, 0x08, 0x08, 0x08, 0x08, 0x08, 0x08, 0x08, 0x08
    .byte 0x08, 0x08, 0x08, 0x08, 0x08, 0x08, 0x08, 0x08, 0x08, 0x08, 0x08, 0x08, 0x08, 0x08, 0x08, 0x08, 0x08, 0x08, 0x08, 0x08, 0x08, 0xB6, 0x11, 0x11, 0x11, 0x5A, 0x5A, 0x5A, 0x5A, 0x5A, 0x5A, 0x5A
    .byte 0x63, 0x63, 0x63, 0x63, 0x52, 0x52, 0xB6, 0xB6, 0xB6, 0xB6, 0xB6, 0xB6, 0xB6, 0xB6, 0xB6, 0xB6, 0xB6, 0xB6, 0xB6, 0xB6, 0xB6, 0x08, 0x08, 0x08, 0x08, 0x08, 0x08, 0x08, 0x08, 0x08, 0x08, 0x08
    .byte 0x08, 0x08, 0x08, 0x08, 0x08, 0x08, 0x08, 0x08, 0x08, 0x08, 0x08, 0x08, 0x08, 0x08, 0x08, 0x08, 0x08, 0x08, 0x08, 0x08, 0x08, 0x08, 0x51, 0x51, 0x51, 0x51, 0x09, 0x09, 0x09, 0x09, 0x09, 0x09
    .byte 0x09, 0x09, 0x09, 0x09, 0x51, 0x51, 0x51, 0x51, 0x51, 0x51, 0x08, 0x08, 0x08, 0x08, 0x08, 0x08, 0x08, 0x08, 0x08, 0x08, 0x08, 0x08, 0x08, 0x08, 0x08, 0x08, 0x08, 0x08, 0x09, 0x09, 0x09, 0x09
    .byte 0x09, 0x09, 0x09, 0x09, 0x09, 0x09, 0x09, 0x09, 0x09, 0x09, 0x09, 0x09, 0x09, 0x09, 0x09, 0x09, 0x09, 0x09, 0x09, 0x09, 0x09, 0x09, 0x09, 0x09, 0x09, 0x09, 0x09, 0x09, 0x09, 0x09, 0x09, 0x09
    .byte 0x09, 0x09, 0x09, 0x08, 0x08, 0x08, 0x08, 0x08, 0x08, 0x08, 0x08, 0x08, 0x08, 0x08, 0x08, 0x08, 0x08, 0x08, 0x08, 0x08, 0x08, 0x08, 0x08, 0x08, 0x08, 0x08, 0x08, 0x08, 0x08, 0x51, 0x51, 0x51
    .byte 0x51, 0x51, 0x51, 0x51, 0x51, 0x51, 0x51, 0x51, 0x51, 0x08, 0x08, 0x08, 0x08, 0x08, 0x08, 0x08, 0x08, 0x08, 0x08, 0x08, 0x08, 0x51, 0x51, 0x51, 0x51, 0x51, 0x51, 0x51, 0x51, 0x51, 0x51, 0x09
    .byte 0x51, 0x09, 0x51, 0x09, 0x51, 0x09, 0x51, 0x09, 0x51, 0x09, 0x51, 0x09, 0x51, 0x09, 0x51, 0x09, 0x51, 0x09, 0x51, 0x09, 0x51, 0x09, 0x51, 0x09, 0x51, 0x09, 0x51, 0x09, 0x51, 0x09, 0x51, 0x51
    .byte 0x51, 0x51, 0x51, 0x51, 0x51, 0x51, 0x51, 0x51, 0x09, 0x09, 0x09, 0x09, 0x09, 0x09, 0x09, 0x09, 0x09, 0x09, 0x51, 0x51, 0x51, 0x51, 0x51, 0x51, 0x51, 0x51, 0x51, 0x51, 0x51, 0x51, 0x51, 0x51
    .byte 0x51, 0x51, 0x08, 0x08, 0x08, 0x08, 0x08, 0x08, 0x08, 0x08, 0x08, 0x08, 0x08, 0x08, 0x08, 0x08, 0x08, 0x08, 0x08, 0x08, 0x08, 0x08, 0x08, 0x08, 0x08, 0x08, 0x08, 0x08, 0x08, 0x08, 0x08, 0x08
    .byte 0x08, 0x08, 0x08, 0x08, 0x08, 0x08, 0x08, 0x08, 0x08, 0x08, 0x08, 0x08, 0x08, 0x08, 0x08, 0x08, 0x08, 0x08, 0x08, 0x08, 0x08, 0xB6, 0x11, 0x11, 0x11, 0x5A, 0x5A, 0x5A, 0x5A, 0x5A, 0x5A, 0x5A
    .byte 0x63, 0x63, 0x63, 0x52, 0x52, 0x52, 0xB6, 0xB6, 0xB6, 0xB6, 0xB6, 0xB6, 0xB6, 0xB6, 0xB6, 0xB6, 0xB6, 0xB6, 0xB6, 0xB6, 0xB6, 0x08, 0x08, 0x08, 0x08, 0x08, 0x08, 0x08, 0x08, 0x08, 0x08, 0x08
    .byte 0x08, 0x08, 0x08, 0x08, 0x08, 0x08, 0x08, 0x08, 0x08, 0x08, 0x08, 0x08, 0x08, 0x08, 0x08, 0x08, 0x08, 0x08, 0x08, 0x08, 0x08, 0x08, 0x51, 0x51, 0x51, 0x51, 0x09, 0x09, 0x09, 0x09, 0x09, 0x09
    .byte 0x09, 0x09, 0x09, 0x09, 0x51, 0x51, 0x51, 0x51, 0x51, 0x51, 0x08, 0x08, 0x08, 0x08, 0x08, 0x08, 0x08, 0x08, 0x08, 0x08, 0x08, 0x08, 0x08, 0x08, 0x08, 0x08, 0x08, 0x08, 0x09, 0x09, 0x09, 0x09
    .byte 0x09, 0x09, 0x09, 0x09, 0x09, 0x09, 0x09, 0x09, 0x09, 0x09, 0x09, 0x09, 0x09, 0x09, 0x09, 0x09, 0x09, 0x09, 0x09, 0x09, 0x09, 0x09, 0x09, 0x09, 0x09, 0x09, 0x09, 0x09, 0x09, 0x09, 0x09, 0x09
    .byte 0x09, 0x09, 0x09, 0x08, 0x08, 0x08, 0x08, 0x08, 0x08, 0x08, 0x08, 0x08, 0x08, 0x08, 0x08, 0x08, 0x08, 0x08, 0x08, 0x08, 0x08, 0x08, 0x08, 0x08, 0x08, 0x08, 0x08, 0x08, 0x08, 0x51, 0x51, 0x51
    .byte 0x51, 0x51, 0x51, 0x51, 0x51, 0x51, 0x51, 0x51, 0x51, 0x08, 0x08, 0x08, 0x08, 0x08, 0x08, 0x08, 0x08, 0x08, 0x08, 0x08, 0x08, 0x51, 0x51, 0x51, 0x51, 0x51, 0x51, 0x51, 0x51, 0x51, 0x51, 0x09
    .byte 0x09, 0x09, 0x09, 0x09, 0x09, 0x09, 0x09, 0x09, 0x09, 0x09, 0x09, 0x09, 0x09, 0x09, 0x09, 0x09, 0x09, 0x09, 0x09, 0x09, 0x09, 0x09, 0x09, 0x09, 0x09, 0x09, 0x09, 0x09, 0x09, 0x09, 0x09, 0x51
    .byte 0x51, 0x51, 0x51, 0x51, 0x51, 0x51, 0x51, 0x51, 0x09, 0x09, 0x09, 0x09, 0x09, 0x09, 0x09, 0x09, 0x09, 0x09, 0x51, 0x51, 0x51, 0x51, 0x51, 0x51, 0x51, 0x51, 0x51, 0x51, 0x51, 0x51, 0x51, 0x51
    .byte 0x51, 0x51, 0x08, 0x08, 0x08, 0x08, 0x08, 0x08, 0x08, 0x08, 0x08, 0x08, 0x08, 0x08, 0x08, 0x08, 0x08, 0x08, 0x08, 0x08, 0x08, 0x08, 0x08, 0x08, 0x08, 0x08, 0x08, 0x08, 0x08, 0x08, 0x08, 0x08
    .byte 0x08, 0x08, 0x08, 0x08, 0x08, 0x08, 0x08, 0x08, 0x08, 0x08, 0x08, 0x08, 0x08, 0x08, 0x08, 0x08, 0x08, 0x08, 0x08, 0x08, 0x08, 0xB6, 0x11, 0x11, 0x11, 0x5A, 0x5A, 0x5A, 0x5A, 0x5A, 0x5A, 0x5A
    .byte 0x63, 0x63, 0x63, 0x52, 0x52, 0xB6, 0xB6, 0xB6, 0xB6, 0xB6, 0xB6, 0xB6, 0xB6, 0xB6, 0xB6, 0xB6, 0xB6, 0xB6, 0xB6, 0xB6, 0xB6, 0x08, 0x08, 0x08, 0x08, 0x08, 0x08, 0x08, 0x08, 0x08, 0x08, 0x08
    .byte 0x08, 0x08, 0x08, 0x08, 0x08, 0x08, 0x08, 0x08, 0x08, 0x08, 0x08, 0x08, 0x08, 0x08, 0x08, 0x08, 0x08, 0x08, 0x08, 0x08, 0x08, 0x08, 0x51, 0x51, 0x51, 0x51, 0x09, 0x09, 0x09, 0x09, 0x09, 0x09
    .byte 0x09, 0x09, 0x09, 0x09, 0x51, 0x51, 0x51, 0x51, 0x51, 0x51, 0x08, 0x08, 0x08, 0x08, 0x08, 0x08, 0x08, 0x08, 0x08, 0x08, 0x08, 0x08, 0x08, 0x08, 0x08, 0x08, 0x08, 0x08, 0x09, 0x09, 0x09, 0x09
    .byte 0x09, 0x09, 0x09, 0x09, 0x09, 0x09, 0x09, 0x09, 0x09, 0x09, 0x09, 0x09, 0x09, 0x09, 0x09, 0x09, 0x09, 0x09, 0x09, 0x09, 0x09, 0x09, 0x09, 0x09, 0x09, 0x09, 0x09, 0x09, 0x09, 0x09, 0x09, 0x09
    .byte 0x09, 0x09, 0x09, 0x08, 0x08, 0x08, 0x08, 0x08, 0x08, 0x08, 0x08, 0x08, 0x08, 0x08, 0x08, 0x08, 0x08, 0x08, 0x08, 0x08, 0x08, 0x08, 0x08, 0x08, 0x08, 0x08, 0x08, 0x08, 0x08, 0x51, 0x51, 0x51
    .byte 0x51, 0x51, 0x51, 0x51, 0x51, 0x51, 0x51, 0x51, 0x51, 0x08, 0x08, 0x08, 0x08, 0x08, 0x08, 0x08, 0x08, 0x08, 0x08, 0x08, 0x08, 0x51, 0x51, 0x51, 0x51, 0x51, 0x51, 0x51, 0x51, 0x51, 0x51, 0x09
    .byte 0x51, 0x09, 0x51, 0x09, 0x51, 0x09, 0x51, 0x09, 0x51, 0x09, 0x51, 0x09, 0x51, 0x09, 0x51, 0x09, 0x51, 0x09, 0x51, 0x09, 0x51, 0x09, 0x51, 0x09, 0x51, 0x09, 0x51, 0x09, 0x51, 0x09, 0x51, 0x51
    .byte 0x51, 0x51, 0x51, 0x51, 0x51, 0x51, 0x51, 0x51, 0x09, 0x09, 0x09, 0x09, 0x09, 0x09, 0x09, 0x09, 0x09, 0x09, 0x51, 0x51, 0x51, 0x51, 0x51, 0x51, 0x51, 0x51, 0x51, 0x51, 0x51, 0x51, 0x51, 0x51
    .byte 0x51, 0x51, 0x08, 0x08, 0x08, 0x08, 0x08, 0x08, 0x08, 0x08, 0x08, 0x08, 0x08, 0x08, 0x08, 0x08, 0x08, 0x08, 0x08, 0x08, 0x08, 0x08, 0x08, 0x08, 0x08, 0x08, 0x08, 0x08, 0x08, 0x08, 0x08, 0x08
    .byte 0x08, 0x08, 0x08, 0x08, 0x08, 0x08, 0x08, 0x08, 0x08, 0x08, 0x08, 0x08, 0x08, 0x08, 0x08, 0x08, 0x08, 0x08, 0x08, 0x08, 0x08, 0xB6, 0x11, 0x11, 0x11, 0x5A, 0x5A, 0x5A, 0x5A, 0x5A, 0x5A, 0x63
    .byte 0x63, 0x63, 0x52, 0x52, 0xB6, 0xB6, 0xB6, 0xB6, 0xB6, 0xB6, 0xB6, 0xB6, 0xB6, 0xB6, 0xB6, 0xB6, 0xB6, 0xB6, 0xB6, 0xB6, 0xB6, 0x08, 0x08, 0x08, 0x08, 0x08, 0x08, 0x08, 0x08, 0x08, 0x08, 0x08
    .byte 0x08, 0x08, 0x08, 0x08, 0x08, 0x08, 0x08, 0x08, 0x08, 0x08, 0x08, 0x08, 0x08, 0x08, 0x08, 0x08, 0x08, 0x08, 0x08, 0x08, 0x08, 0x08, 0x51, 0x51, 0x51, 0x51, 0x09, 0x09, 0x09, 0x09, 0x09, 0x09
    .byte 0x09, 0x09, 0x09, 0x09, 0x51, 0x51, 0x51, 0x51, 0x51, 0x51, 0x08, 0x08, 0x08, 0x08, 0x08, 0x08, 0x08, 0x08, 0x08, 0x08, 0x08, 0x08, 0x08, 0x08, 0x08, 0x08, 0x08, 0x08, 0x09, 0x09, 0x09, 0x09
    .byte 0x09, 0x09, 0x09, 0x09, 0x09, 0x09, 0x09, 0x09, 0x09, 0x09, 0x09, 0x09, 0x09, 0x09, 0x09, 0x09, 0x09, 0x09, 0x09, 0x09, 0x09, 0x09, 0x09, 0x09, 0x09, 0x09, 0x09, 0x09, 0x09, 0x09, 0x09, 0x09
    .byte 0x09, 0x09, 0x09, 0x08, 0x08, 0x08, 0x08, 0x08, 0x08, 0x08, 0x08, 0x08, 0x08, 0x08, 0x08, 0x08, 0x08, 0x08, 0x08, 0x08, 0x08, 0x08, 0x08, 0x08, 0x08, 0x08, 0x08, 0x08, 0x08, 0x51, 0x51, 0x51
    .byte 0x51, 0x51, 0x51, 0x51, 0x51, 0x51, 0x51, 0x51, 0x51, 0x08, 0x08, 0x08, 0x08, 0x08, 0x08, 0x08, 0x08, 0x08, 0x08, 0x08, 0x08, 0x51, 0x51, 0x51, 0x51, 0x51, 0x51, 0x51, 0x51, 0x51, 0x51, 0x09
    .byte 0x09, 0x09, 0x09, 0x09, 0x09, 0x09, 0x09, 0x09, 0x09, 0x09, 0x09, 0x09, 0x09, 0x09, 0x09, 0x09, 0x09, 0x09, 0x09, 0x09, 0x09, 0x09, 0x09, 0x09, 0x09, 0x09, 0x09, 0x09, 0x09, 0x09, 0x09, 0x51
    .byte 0x51, 0x51, 0x51, 0x51, 0x51, 0x51, 0x51, 0x51, 0x09, 0x09, 0x09, 0x09, 0x09, 0x09, 0x09, 0x09, 0x09, 0x09, 0x51, 0x51, 0x51, 0x51, 0x51, 0x51, 0x51, 0x51, 0x51, 0x51, 0x51, 0x51, 0x51, 0x51
    .byte 0x51, 0x51, 0x08, 0x08, 0x08, 0x08, 0x08, 0x08, 0x08, 0x08, 0x08, 0x08, 0x08, 0x08, 0x08, 0x08, 0x08, 0x08, 0x08, 0x08, 0x08, 0x08, 0x08, 0x08, 0x08, 0x08, 0x08, 0x08, 0x08, 0x08, 0x08, 0x08
    .byte 0x08, 0x08, 0x08, 0x08, 0x08, 0x08, 0x08, 0x08, 0x08, 0x08, 0x08, 0x08, 0x08, 0x08, 0x08, 0x08, 0x08, 0x08, 0x08, 0x08, 0x08, 0xB6, 0xB6, 0x11, 0x11, 0x5A, 0x5A, 0x5A, 0x5A, 0x5A, 0x5A, 0x63
    .byte 0x63, 0x52, 0x52, 0x52, 0xB6, 0xB6, 0xB6, 0xB6, 0xB6, 0xB6, 0xB6, 0xB6, 0xB6, 0xB6, 0xB6, 0xB6, 0xB6, 0xB6, 0xB6, 0xB6, 0xB6, 0x08, 0x08, 0x08, 0x08, 0x08, 0x08, 0x08, 0x08, 0x08, 0x08, 0x08
    .byte 0x08, 0x08, 0x08, 0x08, 0x08, 0x08, 0x08, 0x08, 0x08, 0x08, 0x08, 0x08, 0x08, 0x08, 0x08, 0x08, 0x08, 0x08, 0x08, 0x08, 0x08, 0x08, 0x51, 0x51, 0x51, 0x51, 0x09, 0x09, 0x09, 0x09, 0x09, 0x09
    .byte 0x09, 0x09, 0x09, 0x09, 0x51, 0x51, 0x51, 0x51, 0x51, 0x51, 0x08, 0x08, 0x08, 0x08, 0x08, 0x08, 0x08, 0x08, 0x08, 0x08, 0x08, 0x08, 0x08, 0x08, 0x08, 0x08, 0x08, 0x08, 0x09, 0x09, 0x09, 0x09
    .byte 0x09, 0x09, 0x09, 0x09, 0x09, 0x09, 0x09, 0x09, 0x09, 0x09, 0x09, 0x09, 0x09, 0x09, 0x09, 0x09, 0x09, 0x09, 0x09, 0x09, 0x09, 0x09, 0x09, 0x09, 0x09, 0x09, 0x09, 0x09, 0x09, 0x09, 0x09, 0x09
    .byte 0x09, 0x09, 0x09, 0x08, 0x08, 0x08, 0x08, 0x08, 0x08, 0x08, 0x08, 0x08, 0x08, 0x08, 0x08, 0x08, 0x08, 0x08, 0x08, 0x08, 0x08, 0x08, 0x08, 0x08, 0x08, 0x08, 0x08, 0x08, 0x08, 0x51, 0x51, 0x51
    .byte 0x51, 0x51, 0x51, 0x51, 0x51, 0x51, 0x51, 0x51, 0x51, 0x08, 0x08, 0x08, 0x08, 0x08, 0x08, 0x08, 0x08, 0x08, 0x08, 0x08, 0x08, 0x51, 0x51, 0x51, 0x51, 0x51, 0x51, 0x51, 0x51, 0x51, 0x51, 0x09
    .byte 0x51, 0x09, 0x51, 0x09, 0x51, 0x09, 0x51, 0x09, 0x51, 0x09, 0x51, 0x09, 0x51, 0x09, 0x51, 0x09, 0x51, 0x09, 0x51, 0x09, 0x51, 0x09, 0x51, 0x09, 0x51, 0x09, 0x51, 0x09, 0x51, 0x09, 0x51, 0x51
    .byte 0x51, 0x51, 0x51, 0x51, 0x51, 0x51, 0x51, 0x51, 0x09, 0x09, 0x09, 0x09, 0x09, 0x09, 0x09, 0x09, 0x09, 0x09, 0x51, 0x51, 0x51, 0x51, 0x51, 0x51, 0x51, 0x51, 0x51, 0x51, 0x51, 0x51, 0x51, 0x51
    .byte 0x51, 0x51, 0x08, 0x08, 0x08, 0x08, 0x08, 0x08, 0x08, 0x08, 0x08, 0x08, 0x08, 0x08, 0x08, 0x08, 0x08, 0x08, 0x08, 0x08, 0x08, 0x08, 0x08, 0x08, 0x08, 0x08, 0x08, 0x08, 0x08, 0x08, 0x08, 0x08
    .byte 0x08, 0x08, 0x08, 0x08, 0x08, 0x08, 0x08, 0x08, 0x08, 0x08, 0x08, 0x08, 0x08, 0x08, 0x08, 0x08, 0x08, 0x08, 0x08, 0x08, 0x08, 0xB6, 0xB6, 0x11, 0x5A, 0x5A, 0x5A, 0x5A, 0x5A, 0x5A, 0x63, 0x63
    .byte 0x63, 0x52, 0x52, 0xB6, 0xB6, 0xB6, 0xB6, 0xB6, 0xB6, 0xB6, 0xB6, 0xB6, 0xB6, 0xB6, 0xB6, 0xB6, 0xB6, 0xB6, 0xB6, 0xB6, 0xB6, 0x08, 0x08, 0x08, 0x08, 0x08, 0x08, 0x08, 0x08, 0x08, 0x08, 0x08
    .byte 0x08, 0x08, 0x08, 0x08, 0x08, 0x08, 0x08, 0x08, 0x08, 0x08, 0x08, 0x08, 0x08, 0x08, 0x08, 0x08, 0x08, 0x08, 0x08, 0x08, 0x08, 0x08, 0x51, 0x51, 0x51, 0x51, 0x09, 0x09, 0x09, 0x09, 0x09, 0x09
    .byte 0x09, 0x09, 0x09, 0x09, 0x51, 0x51, 0x51, 0x51, 0x51, 0x51, 0x08, 0x08, 0x08, 0x08, 0x08, 0x08, 0x08, 0x08, 0x08, 0x08, 0x08, 0x08, 0x08, 0x08, 0x08, 0x08, 0x08, 0x08, 0x09, 0x09, 0x09, 0x09
    .byte 0x09, 0x09, 0x09, 0x09, 0x09, 0x09, 0x09, 0x09, 0x09, 0x09, 0x09, 0x09, 0x09, 0x09, 0x09, 0x09, 0x09, 0x09, 0x09, 0x09, 0x09, 0x09, 0x09, 0x09, 0x09, 0x09, 0x09, 0x09, 0x09, 0x09, 0x09, 0x09
    .byte 0x09, 0x09, 0x09, 0x08, 0x08, 0x08, 0x08, 0x08, 0x08, 0x08, 0x08, 0x08, 0x08, 0x08, 0x08, 0x08, 0x08, 0x08, 0x08, 0x08, 0x08, 0x08, 0x08, 0x08, 0x08, 0x08, 0x08, 0x08, 0x08, 0x51, 0x51, 0x51
    .byte 0x51, 0x51, 0x51, 0x51, 0x51, 0x51, 0x51, 0x51, 0x51, 0x08, 0x08, 0x08, 0x08, 0x08, 0x08, 0x08, 0x08, 0x08, 0x08, 0x08, 0x08, 0x51, 0x51, 0x51, 0x51, 0x51, 0x51, 0x51, 0x51, 0x51, 0x51, 0x09
    .byte 0x09, 0x09, 0x09, 0x09, 0x09, 0x09, 0x09, 0x09, 0x09, 0x09, 0x09, 0x09, 0x09, 0x09, 0x09, 0x09, 0x09, 0x09, 0x09, 0x09, 0x09, 0x09, 0x09, 0x09, 0x09, 0x09, 0x09, 0x09, 0x09, 0x09, 0x09, 0x51
    .byte 0x51, 0x51, 0x51, 0x51, 0x51, 0x51, 0x51, 0x51, 0x09, 0x09, 0x09, 0x09, 0x09, 0x09, 0x09, 0x09, 0x09, 0x09, 0x51, 0x51, 0x51, 0x51, 0x51, 0x51, 0x51, 0x51, 0x51, 0x51, 0x51, 0x51, 0x51, 0x51
    .byte 0x51, 0x51, 0x08, 0x08, 0x08, 0x08, 0x08, 0x08, 0x08, 0x08, 0x08, 0x08, 0x08, 0x08, 0x08, 0x08, 0x08, 0x08, 0x08, 0x08, 0x08, 0x08, 0x08, 0x08, 0x08, 0x08, 0x08, 0x08, 0x08, 0x08, 0x08, 0x08
    .byte 0x08, 0x08, 0x08, 0x08, 0x08, 0x08, 0x08, 0x08, 0x08, 0x08, 0x08, 0x08, 0x08, 0x08, 0x08, 0x08, 0x08, 0x08, 0x08, 0x08, 0x08, 0xAD, 0xAD, 0x11, 0x5A, 0x5A, 0x5A, 0x5A, 0x5A, 0x5A, 0x63, 0x63
    .byte 0x52, 0x52, 0x52, 0xAD, 0xAD, 0xAD, 0xAD, 0xAD, 0xAD, 0xAD, 0xAD, 0xAD, 0xAD, 0xAD, 0xAD, 0xAD, 0xAD, 0xAD, 0xAD, 0xAD, 0xAD, 0x08, 0x08, 0x08, 0x08, 0x08, 0x08, 0x08, 0x08, 0x08, 0x08, 0x08
    .byte 0x08, 0x08, 0x08, 0x08, 0x08, 0x08, 0x08, 0x08, 0x08, 0x08, 0x08, 0x08, 0x08, 0x08, 0x08, 0x08, 0x08, 0x08, 0x08, 0x08, 0x08, 0x08, 0x51, 0x51, 0x51, 0x51, 0x09, 0x09, 0x09, 0x09, 0x09, 0x09
    .byte 0x09, 0x09, 0x09, 0x09, 0x51, 0x51, 0x51, 0x51, 0x51, 0x51, 0x08, 0x08, 0x08, 0x08, 0x08, 0x08, 0x08, 0x08, 0x08, 0x08, 0x08, 0x08, 0x08, 0x08, 0x08, 0x08, 0x08, 0x08, 0x09, 0x09, 0x09, 0x09
    .byte 0x09, 0x09, 0x09, 0x09, 0x09, 0x09, 0x09, 0x09, 0x09, 0x09, 0x09, 0x09, 0x09, 0x09, 0x09, 0x09, 0x09, 0x09, 0x09, 0x09, 0x09, 0x09, 0x09, 0x09, 0x09, 0x09, 0x09, 0x09, 0x09, 0x09, 0x09, 0x09
    .byte 0x09, 0x09, 0x09, 0x08, 0x08, 0x08, 0x08, 0x08, 0x08, 0x08, 0x08, 0x08, 0x08, 0x08, 0x08, 0x08, 0x08, 0x08, 0x08, 0x08, 0x08, 0x08, 0x08, 0x08, 0x08, 0x08, 0x08, 0x08, 0x08, 0x51, 0x51, 0x51
    .byte 0x51, 0x51, 0x51, 0x51, 0x51, 0x51, 0x51, 0x51, 0x51, 0x08, 0x08, 0x08, 0x08, 0x08, 0x08, 0x08, 0x08, 0x08, 0x08, 0x08, 0x08, 0x51, 0x51, 0x51, 0x51, 0x51, 0x51, 0x51, 0x51, 0x51, 0x51, 0x09
    .byte 0x51, 0x09, 0x51, 0x09, 0x51, 0x09, 0x51, 0x09, 0x51, 0x09, 0x51, 0x09, 0x51, 0x09, 0x51, 0x09, 0x51, 0x09, 0x51, 0x09, 0x51, 0x09, 0x51, 0x09, 0x51, 0x09, 0x51, 0x09, 0x51, 0x09, 0x51, 0x51
    .byte 0x51, 0x51, 0x51, 0x51, 0x51, 0x51, 0x51, 0x51, 0x09, 0x09, 0x09, 0x09, 0x09, 0x09, 0x09, 0x09, 0x09, 0x09, 0x51, 0x51, 0x51, 0x51, 0x51, 0x51, 0x51, 0x51, 0x51, 0x51, 0x51, 0x51, 0x51, 0x51
    .byte 0x51, 0x51, 0x08, 0x08, 0x08, 0x08, 0x08, 0x08, 0x08, 0x08, 0x08, 0x08, 0x08, 0x08, 0x08, 0x08, 0x08, 0x08, 0x08, 0x08, 0x08, 0x08, 0x08, 0x08, 0x08, 0x08, 0x08, 0x08, 0x08, 0x08, 0x08, 0x08
    .byte 0x08, 0x08, 0x08, 0x08, 0x08, 0x08, 0x08, 0x08, 0x08, 0x08, 0x08, 0x08, 0x08, 0x08, 0x08, 0x08, 0x08, 0x08, 0x08, 0x08, 0x08, 0xAD, 0x11, 0x11, 0x5A, 0x5A, 0x5A, 0x5A, 0x5A, 0x5A, 0x63, 0x63
    .byte 0x52, 0x52, 0xAD, 0xAD, 0xAD, 0xAD, 0xAD, 0xAD, 0xAD, 0xAD, 0xAD, 0xAD, 0xAD, 0xAD, 0xAD, 0xAD, 0xAD, 0xAD, 0xAD, 0xAD, 0xAD, 0x08, 0x08, 0x08, 0x08, 0x08, 0x08, 0x08, 0x08, 0x08, 0x08, 0x08
    .byte 0x08, 0x08, 0x08, 0x08, 0x08, 0x08, 0x08, 0x08, 0x08, 0x08, 0x08, 0x08, 0x08, 0x08, 0x08, 0x08, 0x08, 0x08, 0x08, 0x08, 0x08, 0x08, 0x51, 0x51, 0x51, 0x51, 0x09, 0x09, 0x09, 0x09, 0x09, 0x09
    .byte 0x09, 0x09, 0x09, 0x09, 0x51, 0x51, 0x51, 0x51, 0x51, 0x51, 0x08, 0x08, 0x08, 0x08, 0x08, 0x08, 0x08, 0x08, 0x08, 0x08, 0x08, 0x08, 0x08, 0x08, 0x08, 0x08, 0x08, 0x08, 0x09, 0x09, 0x09, 0x09
    .byte 0x09, 0x09, 0x09, 0x09, 0x09, 0x09, 0x09, 0x09, 0x09, 0x09, 0x09, 0x09, 0x09, 0x09, 0x09, 0x09, 0x09, 0x09, 0x09, 0x09, 0x09, 0x09, 0x09, 0x09, 0x09, 0x09, 0x09, 0x09, 0x09, 0x09, 0x09, 0x09
    .byte 0x09, 0x09, 0x09, 0x08, 0x08, 0x08, 0x08, 0x08, 0x08, 0x08, 0x08, 0x08, 0x08, 0x08, 0x08, 0x08, 0x08, 0x08, 0x08, 0x08, 0x08, 0x08, 0x08, 0x08, 0x08, 0x08, 0x08, 0x08, 0x08, 0x51, 0x51, 0x51
    .byte 0x51, 0x51, 0x51, 0x51, 0x51, 0x51, 0x51, 0x51, 0x51, 0x08, 0x08, 0x08, 0x08, 0x08, 0x08, 0x08, 0x08, 0x08, 0x08, 0x08, 0x08, 0x51, 0x51, 0x51, 0x51, 0x51, 0x51, 0x51, 0x51, 0x51, 0x51, 0x09
    .byte 0x09, 0x09, 0x09, 0x09, 0x09, 0x09, 0x09, 0x09, 0x09, 0x09, 0x09, 0x09, 0x09, 0x09, 0x09, 0x09, 0x09, 0x09, 0x09, 0x09, 0x09, 0x09, 0x09, 0x09, 0x09, 0x09, 0x09, 0x09, 0x09, 0x09, 0x09, 0x51
    .byte 0x51, 0x51, 0x51, 0x51, 0x51, 0x51, 0x51, 0x51, 0x09, 0x09, 0x09, 0x09, 0x09, 0x09, 0x09, 0x09, 0x09, 0x09, 0x51, 0x51, 0x51, 0x51, 0x51, 0x51, 0x51, 0x51, 0x51, 0x51, 0x51, 0x51, 0x51, 0x51
    .byte 0x51, 0x51, 0x08, 0x08, 0x08, 0x08, 0x08, 0x08, 0x08, 0x08, 0x08, 0x08, 0x08, 0x08, 0x08, 0x08, 0x08, 0x08, 0x08, 0x08, 0x08, 0x08, 0x08, 0x08, 0x08, 0x08, 0x08, 0x08, 0x08, 0x08, 0x08, 0x08
    .byte 0x09, 0x09, 0x09, 0x09, 0x09, 0x09, 0x09, 0x09, 0x09, 0x09, 0x51, 0x09, 0x51, 0x09, 0x51, 0x09, 0x51, 0x09, 0x51, 0x09, 0x08, 0x09, 0x11, 0x11, 0x5A, 0x5A, 0x5A, 0x5A, 0x5A, 0x5A, 0x63, 0x63
    .byte 0x52, 0x52, 0x51, 0x09, 0x51, 0x09, 0x51, 0x09, 0x51, 0x09, 0x51, 0x09, 0x51, 0x09, 0x51, 0x09, 0x51, 0x09, 0x51, 0x09, 0x51, 0x09, 0x51, 0x09, 0x51, 0x09, 0x51, 0x09, 0x51, 0x09, 0x51, 0x09
    .byte 0x51, 0x09, 0x51, 0x09, 0x51, 0x09, 0x51, 0x09, 0x51, 0x09, 0x51, 0x09, 0x51, 0x09, 0x51, 0x09, 0x51, 0x09, 0x51, 0x09, 0x51, 0x09, 0x51, 0x09, 0x51, 0x09, 0x51, 0x09, 0x51, 0x09, 0x51, 0x09
    .byte 0x51, 0x09, 0x51, 0x09, 0x51, 0x09, 0x51, 0x09, 0x51, 0x09, 0x51, 0x09, 0x51, 0x09, 0x51, 0x09, 0x51, 0x09, 0x51, 0x09, 0x51, 0x09, 0x51, 0x09, 0x51, 0x09, 0x51, 0x09, 0x51, 0x09, 0x51, 0x09
    .byte 0x51, 0x09, 0x51, 0x09, 0x51, 0x09, 0x51, 0x09, 0x51, 0x09, 0x51, 0x09, 0x51, 0x09, 0x51, 0x09, 0x51, 0x09, 0x51, 0x09, 0x51, 0x09, 0x51, 0x09, 0x51, 0x09, 0x51, 0x09, 0x51, 0x09, 0x51, 0x09
    .byte 0x51, 0x09, 0x51, 0x09, 0x51, 0x09, 0x51, 0x09, 0x51, 0x09, 0x51, 0x09, 0x51, 0x09, 0x51, 0x09, 0x51, 0x09, 0x51, 0x09, 0x51, 0x09, 0x51, 0x09, 0x51, 0x09, 0x51, 0x09, 0x51, 0x09, 0x51, 0x09
    .byte 0x51, 0x09, 0x51, 0x09, 0x51, 0x09, 0x51, 0x09, 0x51, 0x09, 0x51, 0x09, 0x51, 0x09, 0x51, 0x09, 0x51, 0x09, 0x51, 0x09, 0x51, 0x09, 0x51, 0x09, 0x51, 0x09, 0x51, 0x09, 0x51, 0x09, 0x51, 0x09
    .byte 0x51, 0x09, 0x51, 0x09, 0x51, 0x09, 0x51, 0x09, 0x51, 0x09, 0x51, 0x09, 0x51, 0x09, 0x51, 0x09, 0x51, 0x09, 0x51, 0x09, 0x51, 0x09, 0x51, 0x09, 0x51, 0x09, 0x51, 0x09, 0x51, 0x09, 0x51, 0x09
    .byte 0x51, 0x09, 0x51, 0x09, 0x51, 0x09, 0x51, 0x09, 0x51, 0x09, 0x51, 0x09, 0x51, 0x09, 0x51, 0x09, 0x51, 0x09, 0x51, 0x09, 0x51, 0x09, 0x51, 0x09, 0x51, 0x09, 0x51, 0x09, 0x51, 0x09, 0x51, 0x09
    .byte 0x51, 0x09, 0x51, 0x09, 0x51, 0x09, 0x51, 0x09, 0x51, 0x09, 0x51, 0x09, 0x51, 0x09, 0x51, 0x09, 0x51, 0x09, 0x51, 0x09, 0x51, 0x09, 0x09, 0x09, 0x09, 0x09, 0x09, 0x09, 0x09, 0x09, 0x09, 0x09
    .byte 0x09, 0x09, 0x09, 0x09, 0x09, 0x09, 0x09, 0x09, 0x09, 0x09, 0x09, 0x09, 0x09, 0x09, 0x09, 0x09, 0x09, 0x09, 0x09, 0x09, 0x09, 0x09, 0x11, 0x5A, 0x5A, 0x5A, 0x5A, 0x5A, 0x5A, 0x5A, 0x63, 0x63
    .byte 0x52, 0x52, 0x09, 0x09, 0x09, 0x09, 0x09, 0x09, 0x09, 0x09, 0x09, 0x09, 0x09, 0x09, 0x09, 0x09, 0x09, 0x09, 0x09, 0x09, 0x09, 0x09, 0x09, 0x09, 0x09, 0x09, 0x09, 0x09, 0x09, 0x09, 0x09, 0x09
    .byte 0x09, 0x09, 0x09, 0x09, 0x09, 0x09, 0x09, 0x09, 0x09, 0x09, 0x09, 0x09, 0x09, 0x09, 0x09, 0x09, 0x09, 0x09, 0x09, 0x09, 0x09, 0x09, 0x09, 0x09, 0x09, 0x09, 0x09, 0x09, 0x09, 0x09, 0x09, 0x09
    .byte 0x09, 0x09, 0x09, 0x09, 0x09, 0x09, 0x09, 0x09, 0x09, 0x09, 0x09, 0x09, 0x09, 0x09, 0x09, 0x09, 0x09, 0x09, 0x09, 0x09, 0x09, 0x09, 0x09, 0x09, 0x09, 0x09, 0x09, 0x09, 0x09, 0x09, 0x09, 0x09
    .byte 0x09, 0x09, 0x09, 0x09, 0x09, 0x09, 0x09, 0x09, 0x09, 0x09, 0x09, 0x09, 0x09, 0x09, 0x09, 0x09, 0x09, 0x09, 0x09, 0x09, 0x09, 0x09, 0x09, 0x09, 0x09, 0x09, 0x09, 0x09, 0x09, 0x09, 0x09, 0x09
    .byte 0x09, 0x09, 0x09, 0x09, 0x09, 0x09, 0x09, 0x09, 0x09, 0x09, 0x09, 0x09, 0x09, 0x09, 0x09, 0x09, 0x09, 0x09, 0x09, 0x09, 0x09, 0x09, 0x09, 0x09, 0x09, 0x09, 0x09, 0x09, 0x09, 0x09, 0x09, 0x09
    .byte 0x09, 0x09, 0x09, 0x09, 0x09, 0x09, 0x09, 0x09, 0x09, 0x09, 0x09, 0x09, 0x09, 0x09, 0x09, 0x09, 0x09, 0x09, 0x09, 0x09, 0x09, 0x09, 0x09, 0x09, 0x09, 0x09, 0x09, 0x09, 0x09, 0x09, 0x09, 0x09
    .byte 0x09, 0x09, 0x09, 0x09, 0x09, 0x09, 0x09, 0x09, 0x09, 0x09, 0x09, 0x09, 0x09, 0x09, 0x09, 0x09, 0x09, 0x09, 0x09, 0x09, 0x09, 0x09, 0x09, 0x09, 0x09, 0x09, 0x09, 0x09, 0x09, 0x09, 0x09, 0x09
    .byte 0x09, 0x09, 0x09, 0x09, 0x09, 0x09, 0x09, 0x09, 0x09, 0x09, 0x09, 0x09, 0x09, 0x09, 0x09, 0x09, 0x09, 0x09, 0x09, 0x09, 0x09, 0x09, 0x09, 0x09, 0x09, 0x09, 0x09, 0x09, 0x09, 0x09, 0x09, 0x09
    .byte 0x09, 0x09, 0x09, 0x09, 0x09, 0x09, 0x09, 0x09, 0x09, 0x09, 0x09, 0x09, 0x09, 0x09, 0x09, 0x09, 0x09, 0x09, 0x09, 0x09, 0x09, 0x09, 0x09, 0x09, 0x09, 0x09, 0x09, 0x09, 0x09, 0x09, 0x09, 0x09
    .byte 0x09, 0x09, 0x09, 0x09, 0x09, 0x09, 0x09, 0x09, 0x09, 0x09, 0x51, 0x09, 0x51, 0x09, 0x51, 0x09, 0x51, 0x09, 0x51, 0x09, 0x51, 0x09, 0x11, 0x5A, 0x5A, 0x5A, 0x5A, 0x5A, 0x5A, 0x5A, 0x63, 0x63
    .byte 0x52, 0x52, 0x51, 0x09, 0x51, 0x09, 0x51, 0x09, 0x51, 0x09, 0x51, 0x09, 0x51, 0x09, 0x51, 0x09, 0x51, 0x09, 0x51, 0x09, 0x51, 0x09, 0x51, 0x09, 0x51, 0x09, 0x51, 0x09, 0x51, 0x09, 0x51, 0x09
    .byte 0x51, 0x09, 0x51, 0x09, 0x51, 0x09, 0x51, 0x09, 0x51, 0x09, 0x51, 0x09, 0x51, 0x09, 0x51, 0x09, 0x51, 0x09, 0x51, 0x09, 0x51, 0x09, 0x51, 0x09, 0x51, 0x09, 0x51, 0x09, 0x51, 0x09, 0x51, 0x09
    .byte 0x51, 0x09, 0x51, 0x09, 0x51, 0x09, 0x51, 0x09, 0x51, 0x09, 0x51, 0x09, 0x51, 0x09, 0x51, 0x09, 0x51, 0x09, 0x51, 0x09, 0x51, 0x09, 0x51, 0x09, 0x51, 0x09, 0x51, 0x09, 0x51, 0x09, 0x51, 0x09
    .byte 0x51, 0x09, 0x51, 0x09, 0x51, 0x09, 0x51, 0x09, 0x51, 0x09, 0x51, 0x09, 0x51, 0x09, 0x51, 0x09, 0x51, 0x09, 0x51, 0x09, 0x51, 0x09, 0x51, 0x09, 0x51, 0x09, 0x51, 0x09, 0x51, 0x09, 0x51, 0x09
    .byte 0x51, 0x09, 0x51, 0x09, 0x51, 0x09, 0x51, 0x09, 0x51, 0x09, 0x51, 0x09, 0x51, 0x09, 0x51, 0x09, 0x51, 0x09, 0x51, 0x09, 0x51, 0x09, 0x51, 0x09, 0x51, 0x09, 0x51, 0x09, 0x51, 0x09, 0x51, 0x09
    .byte 0x51, 0x09, 0x51, 0x09, 0x51, 0x09, 0x51, 0x09, 0x51, 0x09, 0x51, 0x09, 0x51, 0x09, 0x51, 0x09, 0x51, 0x09, 0x51, 0x09, 0x51, 0x09, 0x51, 0x09, 0x51, 0x09, 0x51, 0x09, 0x51, 0x09, 0x51, 0x09
    .byte 0x51, 0x09, 0x51, 0x09, 0x51, 0x09, 0x51, 0x09, 0x51, 0x09, 0x51, 0x09, 0x51, 0x09, 0x51, 0x09, 0x51, 0x09, 0x51, 0x09, 0x51, 0x09, 0x51, 0x09, 0x51, 0x09, 0x51, 0x09, 0x51, 0x09, 0x51, 0x09
    .byte 0x51, 0x09, 0x51, 0x09, 0x51, 0x09, 0x51, 0x09, 0x51, 0x09, 0x51, 0x09, 0x51, 0x09, 0x51, 0x09, 0x51, 0x09, 0x51, 0x09, 0x51, 0x09, 0x51, 0x09, 0x51, 0x09, 0x51, 0x09, 0x51, 0x09, 0x51, 0x09
    .byte 0x51, 0x09, 0x51, 0x09, 0x51, 0x09, 0x51, 0x09, 0x51, 0x09, 0x51, 0x09, 0x51, 0x09, 0x51, 0x09, 0x51, 0x09, 0x51, 0x09, 0x51, 0x09, 0x09, 0x09, 0x09, 0x09, 0x09, 0x09, 0x09, 0x09, 0x09, 0x09
    .byte 0x09, 0x09, 0x09, 0x09, 0x09, 0x09, 0x09, 0x09, 0x09, 0x09, 0x09, 0x09, 0x09, 0x09, 0x09, 0x09, 0x09, 0x09, 0x09, 0x09, 0x09, 0x11, 0x11, 0x5A, 0x5A, 0x5A, 0x5A, 0x5A, 0x5A, 0x5A, 0x63, 0x63
    .byte 0x52, 0x52, 0x09, 0x09, 0x09, 0x09, 0x09, 0x09, 0x09, 0x09, 0x09, 0x09, 0x09, 0x09, 0x09, 0x09, 0x09, 0x09, 0x09, 0x09, 0x09, 0x09, 0x09, 0x09, 0x09, 0x09, 0x09, 0x09, 0x09, 0x09, 0x09, 0x09
    .byte 0x09, 0x09, 0x09, 0x09, 0x09, 0x09, 0x09, 0x09, 0x09, 0x09, 0x09, 0x09, 0x09, 0x09, 0x09, 0x09, 0x09, 0x09, 0x09, 0x09, 0x09, 0x09, 0x09, 0x09, 0x09, 0x09, 0x09, 0x09, 0x09, 0x09, 0x09, 0x09
    .byte 0x09, 0x09, 0x09, 0x09, 0x09, 0x09, 0x09, 0x09, 0x09, 0x09, 0x09, 0x09, 0x09, 0x09, 0x09, 0x09, 0x09, 0x09, 0x09, 0x09, 0x09, 0x09, 0x09, 0x09, 0x09, 0x09, 0x09, 0x09, 0x09, 0x09, 0x09, 0x09
    .byte 0x09, 0x09, 0x09, 0x09, 0x09, 0x09, 0x09, 0x09, 0x09, 0x09, 0x09, 0x09, 0x09, 0x09, 0x09, 0x09, 0x09, 0x09, 0x09, 0x09, 0x09, 0x09, 0x09, 0x09, 0x09, 0x09, 0x09, 0x09, 0x09, 0x09, 0x09, 0x09
    .byte 0x09, 0x09, 0x09, 0x09, 0x09, 0x09, 0x09, 0x09, 0x09, 0x09, 0x09, 0x09, 0x09, 0x09, 0x09, 0x09, 0x09, 0x09, 0x09, 0x09, 0x09, 0x09, 0x09, 0x09, 0x09, 0x09, 0x09, 0x09, 0x09, 0x09, 0x09, 0x09
    .byte 0x09, 0x09, 0x09, 0x09, 0x09, 0x09, 0x09, 0x09, 0x09, 0x09, 0x09, 0x09, 0x09, 0x09, 0x09, 0x09, 0x09, 0x09, 0x09, 0x09, 0x09, 0x09, 0x09, 0x09, 0x09, 0x09, 0x09, 0x09, 0x09, 0x09, 0x09, 0x09
    .byte 0x09, 0x09, 0x09, 0x09, 0x09, 0x09, 0x09, 0x09, 0x09, 0x09, 0x09, 0x09, 0x09, 0x09, 0x09, 0x09, 0x09, 0x09, 0x09, 0x09, 0x09, 0x09, 0x09, 0x09, 0x09, 0x09, 0x09, 0x09, 0x09, 0x09, 0x09, 0x09
    .byte 0x09, 0x09, 0x09, 0x09, 0x09, 0x09, 0x09, 0x09, 0x09, 0x09, 0x09, 0x09, 0x09, 0x09, 0x09, 0x09, 0x09, 0x09, 0x09, 0x09, 0x09, 0x09, 0x09, 0x09, 0x09, 0x09, 0x09, 0x09, 0x09, 0x09, 0x09, 0x09
    .byte 0x09, 0x09, 0x09, 0x09, 0x09, 0x09, 0x09, 0x09, 0x09, 0x09, 0x09, 0x09, 0x09, 0x09, 0x09, 0x09, 0x09, 0x09, 0x09, 0x09, 0x09, 0x09, 0x09, 0x09, 0x09, 0x09, 0x09, 0x09, 0x09, 0x09, 0x09, 0x09
    .byte 0x09, 0x09, 0x09, 0x09, 0x09, 0x09, 0x09, 0x09, 0x09, 0x09, 0x51, 0x09, 0x51, 0x09, 0x51, 0x09, 0x51, 0x09, 0x51, 0x09, 0x51, 0x11, 0x11, 0x5A, 0x5A, 0x5A, 0x5A, 0x5A, 0x5A, 0x5A, 0x63, 0x63
    .byte 0x52, 0x52, 0x51, 0x09, 0x51, 0x09, 0x51, 0x09, 0x51, 0x09, 0x51, 0x09, 0x51, 0x09, 0x51, 0x09, 0x51, 0x09, 0x51, 0x09, 0x51, 0x09, 0x51, 0x09, 0x51, 0x09, 0x51, 0x09, 0x51, 0x09, 0x51, 0x09
    .byte 0x51, 0x09, 0x51, 0x09, 0x51, 0x09, 0x51, 0x09, 0x51, 0x09, 0x51, 0x09, 0x51, 0x09, 0x51, 0x09, 0x51, 0x09, 0x51, 0x09, 0x51, 0x09, 0x51, 0x09, 0x51, 0x09, 0x51, 0x09, 0x51, 0x09, 0x51, 0x09
    .byte 0x51, 0x09, 0x51, 0x09, 0x51, 0x09, 0x51, 0x09, 0x51, 0x09, 0x51, 0x09, 0x51, 0x09, 0x51, 0x09, 0x51, 0x09, 0x51, 0x09, 0x51, 0x09, 0x51, 0x09, 0x51, 0x09, 0x51, 0x09, 0x51, 0x09, 0x51, 0x09
    .byte 0x51, 0x09, 0x51, 0x09, 0x51, 0x09, 0x51, 0x09, 0x51, 0x09, 0x51, 0x09, 0x51, 0x09, 0x51, 0x09, 0x51, 0x09, 0x51, 0x09, 0x51, 0x09, 0x51, 0x09, 0x51, 0x09, 0x51, 0x09, 0x51, 0x09, 0x51, 0x09
    .byte 0x51, 0x09, 0x51, 0x09, 0x51, 0x09, 0x51, 0x09, 0x51, 0x09, 0x51, 0x09, 0x51, 0x09, 0x51, 0x09, 0x51, 0x09, 0x51, 0x09, 0x51, 0x09, 0x51, 0x09, 0x51, 0x09, 0x51, 0x09, 0x51, 0x09, 0x51, 0x09
    .byte 0x51, 0x09, 0x51, 0x09, 0x51, 0x09, 0x51, 0x09, 0x51, 0x09, 0x51, 0x09, 0x51, 0x09, 0x51, 0x09, 0x51, 0x09, 0x51, 0x09, 0x51, 0x09, 0x51, 0x09, 0x51, 0x09, 0x51, 0x09, 0x51, 0x09, 0x51, 0x09
    .byte 0x51, 0x09, 0x51, 0x09, 0x51, 0x09, 0x51, 0x09, 0x51, 0x09, 0x51, 0x09, 0x51, 0x09, 0x51, 0x09, 0x51, 0x09, 0x51, 0x09, 0x51, 0x09, 0x51, 0x09, 0x51, 0x09, 0x51, 0x09, 0x51, 0x09, 0x51, 0x09
    .byte 0x51, 0x09, 0x51, 0x09, 0x51, 0x09, 0x51, 0x09, 0x51, 0x09, 0x51, 0x09, 0x51, 0x09, 0x51, 0x09, 0x51, 0x09, 0x51, 0x09, 0x51, 0x09, 0x51, 0x09, 0x51, 0x09, 0x51, 0x09, 0x51, 0x09, 0x51, 0x09
    .byte 0x51, 0x09, 0x51, 0x09, 0x51, 0x09, 0x51, 0x09, 0x51, 0x09, 0x51, 0x09, 0x51, 0x09, 0x51, 0x09, 0x51, 0x09, 0x51, 0x09, 0x51, 0x09, 0x09, 0x09, 0x09, 0x09, 0x09, 0x09, 0x09, 0x09, 0x09, 0x09
    .byte 0x09, 0x09, 0x09, 0x09, 0x09, 0x09, 0x09, 0x09, 0x09, 0x09, 0x09, 0x09, 0x09, 0x09, 0x09, 0x09, 0x09, 0x09, 0x09, 0x09, 0x09, 0x11, 0x5A, 0x5A, 0x5A, 0x5A, 0x5A, 0x5A, 0x5A, 0x5A, 0x63, 0x63
    .byte 0x52, 0x52, 0x09, 0x09, 0x09, 0x09, 0x09, 0x09, 0x09, 0x09, 0x09, 0x09, 0x09, 0x09, 0x09, 0x09, 0x09, 0x09, 0x09, 0x09, 0x09, 0x09, 0x09, 0x09, 0x09, 0x09, 0x09, 0x09, 0x09, 0x09, 0x09, 0x09
    .byte 0x09, 0x09, 0x09, 0x09, 0x09, 0x09, 0x09, 0x09, 0x09, 0x09, 0x09, 0x09, 0x09, 0x09, 0x09, 0x09, 0x09, 0x09, 0x09, 0x09, 0x09, 0x09, 0x09, 0x09, 0x09, 0x09, 0x09, 0x09, 0x09, 0x09, 0x09, 0x09
    .byte 0x09, 0x09, 0x09, 0x09, 0x09, 0x09, 0x09, 0x09, 0x09, 0x09, 0x09, 0x09, 0x09, 0x09, 0x09, 0x09, 0x09, 0x09, 0x09, 0x09, 0x09, 0x09, 0x09, 0x09, 0x09, 0x09, 0x09, 0x09, 0x09, 0x09, 0x09, 0x09
    .byte 0x09, 0x09, 0x09, 0x09, 0x09, 0x09, 0x09, 0x09, 0x09, 0x09, 0x09, 0x09, 0x09, 0x09, 0x09, 0x09, 0x09, 0x09, 0x09, 0x09, 0x09, 0x09, 0x09, 0x09, 0x09, 0x09, 0x09, 0x09, 0x09, 0x09, 0x09, 0x09
    .byte 0x09, 0x09, 0x09, 0x09, 0x09, 0x09, 0x09, 0x09, 0x09, 0x09, 0x09, 0x09, 0x09, 0x09, 0x09, 0x09, 0x09, 0x09, 0x09, 0x09, 0x09, 0x09, 0x09, 0x09, 0x09, 0x09, 0x09, 0x09, 0x09, 0x09, 0x09, 0x09
    .byte 0x09, 0x09, 0x09, 0x09, 0x09, 0x09, 0x09, 0x09, 0x09, 0x09, 0x09, 0x09, 0x09, 0x09, 0x09, 0x09, 0x09, 0x09, 0x09, 0x09, 0x09, 0x09, 0x09, 0x09, 0x09, 0x09, 0x09, 0x09, 0x09, 0x09, 0x09, 0x09
    .byte 0x09, 0x09, 0x09, 0x09, 0x09, 0x09, 0x09, 0x09, 0x09, 0x09, 0x09, 0x09, 0x09, 0x09, 0x09, 0x09, 0x09, 0x09, 0x09, 0x09, 0x09, 0x09, 0x09, 0x09, 0x09, 0x09, 0x09, 0x09, 0x09, 0x09, 0x09, 0x09
    .byte 0x09, 0x09, 0x09, 0x09, 0x09, 0x09, 0x09, 0x09, 0x09, 0x09, 0x09, 0x09, 0x09, 0x09, 0x09, 0x09, 0x09, 0x09, 0x09, 0x09, 0x09, 0x09, 0x09, 0x09, 0x09, 0x09, 0x09, 0x09, 0x09, 0x09, 0x09, 0x09
    .byte 0x09, 0x09, 0x09, 0x09, 0x09, 0x09, 0x09, 0x09, 0x09, 0x09, 0x09, 0x09, 0x09, 0x09, 0x09, 0x09, 0x09, 0x09, 0x09, 0x09, 0x09, 0x09, 0x09, 0x09, 0x09, 0x09, 0x09, 0x09, 0x09, 0x09, 0x09, 0x09
    .byte 0x09, 0x09, 0x09, 0x09, 0x09, 0x09, 0x09, 0x09, 0x09, 0x09, 0x51, 0x09, 0x51, 0x09, 0x51, 0x09, 0x51, 0x09, 0x51, 0x09, 0x11, 0x11, 0x5A, 0x5A, 0x5A, 0x5A, 0x5A, 0x5A, 0x5A, 0x5A, 0x63, 0x63
    .byte 0x52, 0x52, 0x51, 0x09, 0x51, 0x09, 0x51, 0x09, 0x51, 0x09, 0x51, 0x09, 0x51, 0x09, 0x51, 0x09, 0x51, 0x09, 0x51, 0x09, 0x51, 0x09, 0x51, 0x09, 0x51, 0x09, 0x51, 0x09, 0x51, 0x09, 0x51, 0x09
    .byte 0x51, 0x09, 0x51, 0x09, 0x51, 0x09, 0x51, 0x09, 0x51, 0x09, 0x51, 0x09, 0x51, 0x09, 0x51, 0x09, 0x51, 0x09, 0x51, 0x09, 0x51, 0x09, 0x51, 0x09, 0x51, 0x09, 0x51, 0x09, 0x51, 0x09, 0x51, 0x09
    .byte 0x51, 0x09, 0x51, 0x09, 0x51, 0x09, 0x51, 0x09, 0x51, 0x09, 0x51, 0x09, 0x51, 0x09, 0x51, 0x09, 0x51, 0x09, 0x51, 0x09, 0x51, 0x09, 0x51, 0x09, 0x51, 0x09, 0x51, 0x09, 0x51, 0x09, 0x51, 0x09
    .byte 0x51, 0x09, 0x51, 0x09, 0x51, 0x09, 0x51, 0x09, 0x51, 0x09, 0x51, 0x09, 0x51, 0x09, 0x51, 0x09, 0x51, 0x09, 0x51, 0x09, 0x51, 0x09, 0x51, 0x09, 0x51, 0x09, 0x51, 0x09, 0x51, 0x09, 0x51, 0x09
    .byte 0x51, 0x09, 0x51, 0x09, 0x51, 0x09, 0x51, 0x09, 0x51, 0x09, 0x51, 0x09, 0x51, 0x09, 0x51, 0x09, 0x51, 0x09, 0x51, 0x09, 0x51, 0x09, 0x51, 0x09, 0x51, 0x09, 0x51, 0x09, 0x51, 0x09, 0x51, 0x09
    .byte 0x51, 0x09, 0x51, 0x09, 0x51, 0x09, 0x51, 0x09, 0x51, 0x09, 0x51, 0x09, 0x51, 0x09, 0x51, 0x09, 0x51, 0x09, 0x51, 0x09, 0x51, 0x09, 0x51, 0x09, 0x51, 0x09, 0x51, 0x09, 0x51, 0x09, 0x51, 0x09
    .byte 0x51, 0x09, 0x51, 0x09, 0x51, 0x09, 0x51, 0x09, 0x51, 0x09, 0x51, 0x09, 0x51, 0x09, 0x51, 0x09, 0x51, 0x09, 0x51, 0x09, 0x51, 0x09, 0x51, 0x09, 0x51, 0x09, 0x51, 0x09, 0x51, 0x09, 0x51, 0x09
    .byte 0x51, 0x09, 0x51, 0x09, 0x51, 0x09, 0x51, 0x09, 0x51, 0x09, 0x51, 0x09, 0x51, 0x09, 0x51, 0x09, 0x51, 0x09, 0x51, 0x09, 0x51, 0x09, 0x51, 0x09, 0x51, 0x09, 0x51, 0x09, 0x51, 0x09, 0x51, 0x09
    .byte 0x51, 0x09, 0x51, 0x09, 0x51, 0x09, 0x51, 0x09, 0x51, 0x09, 0x51, 0x09, 0x51, 0x09, 0x51, 0x09, 0x51, 0x09, 0x51, 0x09, 0x51, 0x09, 0x09, 0x09, 0x09, 0x09, 0x09, 0x09, 0x09, 0x09, 0x09, 0x09
    .byte 0x09, 0x09, 0x09, 0x09, 0x09, 0x09, 0x09, 0x09, 0x09, 0x09, 0x09, 0x09, 0x09, 0x09, 0x09, 0x09, 0x09, 0x09, 0x09, 0x09, 0x11, 0x11, 0x5A, 0x5A, 0x5A, 0x5A, 0x5A, 0x5A, 0x5A, 0x5A, 0x63, 0x63
    .byte 0x52, 0x52, 0x09, 0x09, 0x09, 0x09, 0x09, 0x09, 0x09, 0x09, 0x09, 0x09, 0x09, 0x09, 0x09, 0x09, 0x09, 0x09, 0x09, 0x09, 0x09, 0x09, 0x09, 0x09, 0x09, 0x09, 0x09, 0x09, 0x09, 0x09, 0x09, 0x09
    .byte 0x09, 0x09, 0x09, 0x09, 0x09, 0x09, 0x09, 0x09, 0x09, 0x09, 0x09, 0x09, 0x09, 0x09, 0x09, 0x09, 0x09, 0x09, 0x09, 0x09, 0x09, 0x09, 0x09, 0x09, 0x09, 0x09, 0x09, 0x09, 0x09, 0x09, 0x09, 0x09
    .byte 0x09, 0x09, 0x09, 0x09, 0x09, 0x09, 0x09, 0x09, 0x09, 0x09, 0x09, 0x09, 0x09, 0x09, 0x09, 0x09, 0x09, 0x09, 0x09, 0x09, 0x09, 0x09, 0x09, 0x09, 0x09, 0x09, 0x09, 0x09, 0x09, 0x09, 0x09, 0x09
    .byte 0x09, 0x09, 0x09, 0x09, 0x09, 0x09, 0x09, 0x09, 0x09, 0x09, 0x09, 0x09, 0x09, 0x09, 0x09, 0x09, 0x09, 0x09, 0x09, 0x09, 0x09, 0x09, 0x09, 0x09, 0x09, 0x09, 0x09, 0x09, 0x09, 0x09, 0x09, 0x09
    .byte 0x09, 0x09, 0x09, 0x09, 0x09, 0x09, 0x09, 0x09, 0x09, 0x09, 0x09, 0x09, 0x09, 0x09, 0x09, 0x09, 0x09, 0x09, 0x09, 0x09, 0x09, 0x09, 0x09, 0x09, 0x09, 0x09, 0x09, 0x09, 0x09, 0x09, 0x09, 0x09
    .byte 0x09, 0x09, 0x09, 0x09, 0x09, 0x09, 0x09, 0x09, 0x09, 0x09, 0x09, 0x09, 0x09, 0x09, 0x09, 0x09, 0x09, 0x09, 0x09, 0x09, 0x09, 0x09, 0x09, 0x09, 0x09, 0x09, 0x09, 0x09, 0x09, 0x09, 0x09, 0x09
    .byte 0x09, 0x09, 0x09, 0x09, 0x09, 0x09, 0x09, 0x09, 0x09, 0x09, 0x09, 0x09, 0x09, 0x09, 0x09, 0x09, 0x09, 0x09, 0x09, 0x09, 0x09, 0x09, 0x09, 0x09, 0x09, 0x09, 0x09, 0x09, 0x09, 0x09, 0x09, 0x09
    .byte 0x09, 0x09, 0x09, 0x09, 0x09, 0x09, 0x09, 0x09, 0x09, 0x09, 0x09, 0x09, 0x09, 0x09, 0x09, 0x09, 0x09, 0x09, 0x09, 0x09, 0x09, 0x09, 0x09, 0x09, 0x09, 0x09, 0x09, 0x09, 0x09, 0x09, 0x09, 0x09
    .byte 0x09, 0x09, 0x09, 0x09, 0x09, 0x09, 0x09, 0x09, 0x09, 0x09, 0x09, 0x09, 0x09, 0x09, 0x09, 0x09, 0x09, 0x09, 0x09, 0x09, 0x09, 0x09, 0x09, 0x09, 0x09, 0x09, 0x09, 0x09, 0x09, 0x09, 0x09, 0x09
    .byte 0x09, 0x09, 0x09, 0x09, 0x09, 0x09, 0x09, 0x09, 0x09, 0x09, 0x51, 0x09, 0x51, 0x09, 0x51, 0x09, 0x51, 0x09, 0x11, 0x11, 0x5A, 0x5A, 0x5A, 0x5A, 0x5A, 0x5A, 0x5A, 0x5A, 0x5A, 0x5A, 0x63, 0x63
    .byte 0x52, 0x52, 0x51, 0x09, 0x51, 0x09, 0x51, 0x09, 0x51, 0x09, 0x51, 0x09, 0x51, 0x09, 0x51, 0x09, 0x51, 0x09, 0x51, 0x09, 0x51, 0x09, 0x51, 0x09, 0x51, 0x09, 0x51, 0x09, 0x51, 0x09, 0x51, 0x09
    .byte 0x51, 0x09, 0x51, 0x09, 0x51, 0x09, 0x51, 0x09, 0x51, 0x09, 0x51, 0x09, 0x51, 0x09, 0x51, 0x09, 0x51, 0x09, 0x51, 0x09, 0x51, 0x09, 0x51, 0x09, 0x51, 0x09, 0x51, 0x09, 0x51, 0x09, 0x51, 0x09
    .byte 0x51, 0x09, 0x51, 0x09, 0x51, 0x09, 0x51, 0x09, 0x51, 0x09, 0x51, 0x09, 0x51, 0x09, 0x51, 0x09, 0x51, 0x09, 0x51, 0x09, 0x51, 0x09, 0x51, 0x09, 0x51, 0x09, 0x51, 0x09, 0x51, 0x09, 0x51, 0x09
    .byte 0x51, 0x09, 0x51, 0x09, 0x51, 0x09, 0x51, 0x09, 0x51, 0x09, 0x51, 0x09, 0x51, 0x09, 0x51, 0x09, 0x51, 0x09, 0x51, 0x09, 0x51, 0x09, 0x51, 0x09, 0x51, 0x09, 0x51, 0x09, 0x51, 0x09, 0x51, 0x09
    .byte 0x51, 0x09, 0x51, 0x09, 0x51, 0x09, 0x51, 0x09, 0x51, 0x09, 0x51, 0x09, 0x51, 0x09, 0x51, 0x09, 0x51, 0x09, 0x51, 0x09, 0x51, 0x09, 0x51, 0x09, 0x51, 0x09, 0x51, 0x09, 0x51, 0x09, 0x51, 0x09
    .byte 0x51, 0x09, 0x51, 0x09, 0x51, 0x09, 0x51, 0x09, 0x51, 0x09, 0x51, 0x09, 0x51, 0x09, 0x51, 0x09, 0x51, 0x09, 0x51, 0x09, 0x51, 0x09, 0x51, 0x09, 0x51, 0x09, 0x51, 0x09, 0x51, 0x09, 0x51, 0x09
    .byte 0x51, 0x09, 0x51, 0x09, 0x51, 0x09, 0x51, 0x09, 0x51, 0x09, 0x51, 0x09, 0x51, 0x09, 0x51, 0x09, 0x51, 0x09, 0x51, 0x09, 0x51, 0x09, 0x51, 0x09, 0x51, 0x09, 0x51, 0x09, 0x51, 0x09, 0x51, 0x09
    .byte 0x51, 0x09, 0x51, 0x09, 0x51, 0x09, 0x51, 0x09, 0x51, 0x09, 0x51, 0x09, 0x51, 0x09, 0x51, 0x09, 0x51, 0x09, 0x51, 0x09, 0x51, 0x09, 0x51, 0x09, 0x51, 0x09, 0x51, 0x09, 0x51, 0x09, 0x51, 0x09
    .byte 0x51, 0x09, 0x51, 0x09, 0x51, 0x09, 0x51, 0x09, 0x51, 0x09, 0x51, 0x09, 0x51, 0x09, 0x51, 0x09, 0x51, 0x09, 0x51, 0x09, 0x51, 0x09, 0x09, 0x09, 0x09, 0x09, 0x09, 0x09, 0x09, 0x09, 0x09, 0x09
    .byte 0x09, 0x09, 0x09, 0x09, 0x09, 0x09, 0x09, 0x09, 0x09, 0x09, 0x09, 0x09, 0x09, 0x09, 0x09, 0x09, 0x09, 0x09, 0x11, 0x11, 0x5A, 0x5A, 0x5A, 0x5A, 0x5A, 0x5A, 0x5A, 0x5A, 0x5A, 0x5A, 0x63, 0x63
    .byte 0x52, 0x52, 0x09, 0x09, 0x09, 0x09, 0x09, 0x09, 0x09, 0x09, 0x09, 0x09, 0x09, 0x09, 0x09, 0x09, 0x09, 0x09, 0x09, 0x09, 0x09, 0x09, 0x09, 0x09, 0x09, 0x09, 0x09, 0x09, 0x09, 0x09, 0x09, 0x09
    .byte 0x09, 0x09, 0x09, 0x09, 0x09, 0x09, 0x09, 0x09, 0x09, 0x09, 0x09, 0x09, 0x09, 0x09, 0x09, 0x09, 0x09, 0x09, 0x09, 0x09, 0x09, 0x09, 0x09, 0x09, 0x09, 0x09, 0x09, 0x09, 0x09, 0x09, 0x09, 0x09
    .byte 0x09, 0x09, 0x09, 0x09, 0x09, 0x09, 0x09, 0x09, 0x09, 0x09, 0x09, 0x09, 0x09, 0x09, 0x09, 0x09, 0x09, 0x09, 0x09, 0x09, 0x09, 0x09, 0x09, 0x09, 0x09, 0x09, 0x09, 0x09, 0x09, 0x09, 0x09, 0x09
    .byte 0x09, 0x09, 0x09, 0x09, 0x09, 0x09, 0x09, 0x09, 0x09, 0x09, 0x09, 0x09, 0x09, 0x09, 0x09, 0x09, 0x09, 0x09, 0x09, 0x09, 0x09, 0x09, 0x09, 0x09, 0x09, 0x09, 0x09, 0x09, 0x09, 0x09, 0x09, 0x09
    .byte 0x09, 0x09, 0x09, 0x09, 0x09, 0x09, 0x09, 0x09, 0x09, 0x09, 0x09, 0x09, 0x09, 0x09, 0x09, 0x09, 0x09, 0x09, 0x09, 0x09, 0x09, 0x09, 0x09, 0x09, 0x09, 0x09, 0x09, 0x09, 0x09, 0x09, 0x09, 0x09
    .byte 0x09, 0x09, 0x09, 0x09, 0x09, 0x09, 0x09, 0x09, 0x09, 0x09, 0x09, 0x09, 0x09, 0x09, 0x09, 0x09, 0x09, 0x09, 0x09, 0x09, 0x09, 0x09, 0x09, 0x09, 0x09, 0x09, 0x09, 0x09, 0x09, 0x09, 0x09, 0x09
    .byte 0x09, 0x09, 0x09, 0x09, 0x09, 0x09, 0x09, 0x09, 0x09, 0x09, 0x09, 0x09, 0x09, 0x09, 0x09, 0x09, 0x09, 0x09, 0x09, 0x09, 0x09, 0x09, 0x09, 0x09, 0x09, 0x09, 0x09, 0x09, 0x09, 0x09, 0x09, 0x09
    .byte 0x09, 0x09, 0x09, 0x09, 0x09, 0x09, 0x09, 0x09, 0x09, 0x09, 0x09, 0x09, 0x09, 0x09, 0x09, 0x09, 0x09, 0x09, 0x09, 0x09, 0x09, 0x09, 0x09, 0x09, 0x09, 0x09, 0x09, 0x09, 0x09, 0x09, 0x09, 0x09
    .byte 0x09, 0x09, 0x09, 0x09, 0x09, 0x09, 0x09, 0x09, 0x09, 0x09, 0x09, 0x09, 0x09, 0x09, 0x09, 0x09, 0x09, 0x09, 0x09, 0x09, 0x09, 0x09, 0x09, 0x09, 0x09, 0x09, 0x09, 0x09, 0x09, 0x09, 0x09, 0x09
    .byte 0x09, 0x09, 0x09, 0x09, 0x09, 0x09, 0x09, 0x09, 0x09, 0x09, 0x51, 0x09, 0x51, 0x09, 0x51, 0x09, 0x51, 0x09, 0x11, 0x11, 0x5A, 0x5A, 0x5A, 0x5A, 0x5A, 0x5A, 0x5A, 0x5A, 0x5A, 0x5A, 0x63, 0x63
    .byte 0x52, 0x52, 0x51, 0x09, 0x51, 0x09, 0x51, 0x09, 0x51, 0x09, 0x51, 0x09, 0x51, 0x09, 0x51, 0x09, 0x51, 0x09, 0x51, 0x09, 0x51, 0x09, 0x51, 0x09, 0x51, 0x09, 0x51, 0x09, 0x51, 0x09, 0x51, 0x09
    .byte 0x51, 0x09, 0x51, 0x09, 0x51, 0x09, 0x51, 0x09, 0x51, 0x09, 0x51, 0x09, 0x51, 0x09, 0x51, 0x09, 0x51, 0x09, 0x51, 0x09, 0x51, 0x09, 0x51, 0x09, 0x51, 0x09, 0x51, 0x09, 0x51, 0x09, 0x51, 0x09
    .byte 0x51, 0x09, 0x51, 0x09, 0x51, 0x09, 0x51, 0x09, 0x51, 0x09, 0x51, 0x09, 0x51, 0x09, 0x51, 0x09, 0x51, 0x09, 0x51, 0x09, 0x51, 0x09, 0x51, 0x09, 0x51, 0x09, 0x51, 0x09, 0x51, 0x09, 0x51, 0x09
    .byte 0x51, 0x09, 0x51, 0x09, 0x51, 0x09, 0x51, 0x09, 0x51, 0x09, 0x51, 0x09, 0x51, 0x09, 0x51, 0x09, 0x51, 0x09, 0x51, 0x09, 0x51, 0x09, 0x51, 0x09, 0x51, 0x09, 0x51, 0x09, 0x51, 0x09, 0x51, 0x09
    .byte 0x51, 0x09, 0x51, 0x09, 0x51, 0x09, 0x51, 0x09, 0x51, 0x09, 0x51, 0x09, 0x51, 0x09, 0x51, 0x09, 0x51, 0x09, 0x51, 0x09, 0x51, 0x09, 0x51, 0x09, 0x51, 0x09, 0x51, 0x09, 0x51, 0x09, 0x51, 0x09
    .byte 0x51, 0x09, 0x51, 0x09, 0x51, 0x09, 0x51, 0x09, 0x51, 0x09, 0x51, 0x09, 0x51, 0x09, 0x51, 0x09, 0x51, 0x09, 0x51, 0x09, 0x51, 0x09, 0x51, 0x09, 0x51, 0x09, 0x51, 0x09, 0x51, 0x09, 0x51, 0x09
    .byte 0x51, 0x09, 0x51, 0x09, 0x51, 0x09, 0x51, 0x09, 0x51, 0x09, 0x51, 0x09, 0x51, 0x09, 0x51, 0x09, 0x51, 0x09, 0x51, 0x09, 0x51, 0x09, 0x51, 0x09, 0x51, 0x09, 0x51, 0x09, 0x51, 0x09, 0x51, 0x09
    .byte 0x51, 0x09, 0x51, 0x09, 0x51, 0x09, 0x51, 0x09, 0x51, 0x09, 0x51, 0x09, 0x51, 0x09, 0x51, 0x09, 0x51, 0x09, 0x51, 0x09, 0x51, 0x09, 0x51, 0x09, 0x51, 0x09, 0x51, 0x09, 0x51, 0x09, 0x51, 0x09
    .byte 0x51, 0x09, 0x51, 0x09, 0x51, 0x09, 0x51, 0x09, 0x51, 0x09, 0x51, 0x09, 0x51, 0x09, 0x51, 0x09, 0x51, 0x09, 0x51, 0x09, 0x51, 0x09, 0x08, 0x08, 0x08, 0x08, 0x08, 0x08, 0x08, 0x08, 0x08, 0x08
    .byte 0x09, 0x09, 0x09, 0x09, 0x09, 0x09, 0x09, 0x09, 0x09, 0x09, 0x09, 0x09, 0x09, 0x09, 0x09, 0x11, 0x11, 0x11, 0x5A, 0x5A, 0x5A, 0x5A, 0x5A, 0x63, 0x63, 0x63, 0x63, 0x63, 0x63, 0x63, 0x63, 0x63
    .byte 0x52, 0x52, 0x09, 0x09, 0x09, 0x09, 0x09, 0x09, 0x09, 0x09, 0x09, 0x09, 0x09, 0x09, 0x09, 0x09, 0x09, 0x09, 0x09, 0x09, 0x09, 0x09, 0x09, 0x09, 0x09, 0x09, 0x09, 0x09, 0x09, 0x09, 0x09, 0x09
    .byte 0x09, 0x09, 0x09, 0x09, 0x09, 0x09, 0x09, 0x09, 0x09, 0x09, 0x09, 0x09, 0x09, 0x09, 0x09, 0x09, 0x09, 0x09, 0x09, 0x09, 0x09, 0x09, 0x09, 0x09, 0x09, 0x09, 0x09, 0x09, 0x09, 0x09, 0x09, 0x09
    .byte 0x09, 0x09, 0x09, 0x09, 0x09, 0x09, 0x09, 0x09, 0x09, 0x09, 0x09, 0x09, 0x09, 0x09, 0x09, 0x09, 0x09, 0x09, 0x09, 0x09, 0x09, 0x09, 0x09, 0x09, 0x09, 0x09, 0x09, 0x09, 0x09, 0x09, 0x09, 0x09
    .byte 0x09, 0x09, 0x09, 0x09, 0x09, 0x09, 0x09, 0x09, 0x09, 0x09, 0x09, 0x09, 0x09, 0x09, 0x09, 0x09, 0x09, 0x09, 0x09, 0x09, 0x09, 0x09, 0x09, 0x09, 0x09, 0x09, 0x09, 0x09, 0x09, 0x09, 0x09, 0x09
    .byte 0x09, 0x09, 0x09, 0x09, 0x09, 0x09, 0x09, 0x09, 0x09, 0x09, 0x09, 0x09, 0x09, 0x09, 0x09, 0x09, 0x09, 0x09, 0x09, 0x09, 0x09, 0x09, 0x09, 0x09, 0x09, 0x09, 0x09, 0x09, 0x09, 0x09, 0x09, 0x09
    .byte 0x09, 0x09, 0x09, 0x09, 0x09, 0x09, 0x09, 0x09, 0x09, 0x09, 0x09, 0x09, 0x09, 0x09, 0x09, 0x09, 0x09, 0x09, 0x09, 0x09, 0x09, 0x09, 0x09, 0x09, 0x09, 0x09, 0x09, 0x09, 0x09, 0x09, 0x09, 0x09
    .byte 0x09, 0x09, 0x09, 0x09, 0x09, 0x09, 0x09, 0x09, 0x09, 0x09, 0x09, 0x09, 0x09, 0x09, 0x09, 0x09, 0x09, 0x09, 0x09, 0x09, 0x09, 0x09, 0x09, 0x09, 0x09, 0x09, 0x09, 0x09, 0x09, 0x09, 0x09, 0x09
    .byte 0x09, 0x09, 0x09, 0x09, 0x09, 0x09, 0x09, 0x09, 0x09, 0x09, 0x09, 0x09, 0x09, 0x09, 0x09, 0x09, 0x09, 0x09, 0x09, 0x09, 0x09, 0x09, 0x09, 0x09, 0x09, 0x09, 0x09, 0x09, 0x09, 0x09, 0x09, 0x09
    .byte 0x09, 0x09, 0x09, 0x09, 0x09, 0x09, 0x09, 0x09, 0x09, 0x09, 0x09, 0x09, 0x09, 0x09, 0x09, 0x09, 0x09, 0x09, 0x09, 0x09, 0x09, 0x09, 0x08, 0x08, 0x08, 0x08, 0x08, 0x08, 0x08, 0x08, 0x08, 0x08
    .byte 0x09, 0x09, 0x09, 0x09, 0x09, 0x09, 0x09, 0x09, 0x09, 0x09, 0x51, 0x09, 0x51, 0x09, 0x51, 0x11, 0x11, 0x11, 0x5A, 0x5A, 0x5A, 0x5A, 0x5A, 0x63, 0x63, 0x63, 0x63, 0x63, 0x63, 0x63, 0x63, 0x63
    .byte 0x52, 0x52, 0x51, 0x09, 0x51, 0x09, 0x51, 0x09, 0x51, 0x09, 0x51, 0x09, 0x51, 0x09, 0x51, 0x09, 0x51, 0x09, 0x51, 0x09, 0x51, 0x09, 0x51, 0x09, 0x51, 0x09, 0x51, 0x09, 0x51, 0x09, 0x51, 0x09
    .byte 0x51, 0x09, 0x51, 0x09, 0x51, 0x09, 0x51, 0x09, 0x51, 0x09, 0x51, 0x09, 0x51, 0x09, 0x51, 0x09, 0x51, 0x09, 0x51, 0x09, 0x51, 0x09, 0x51, 0x09, 0x51, 0x09, 0x51, 0x09, 0x51, 0x09, 0x51, 0x09
    .byte 0x51, 0x09, 0x51, 0x09, 0x51, 0x09, 0x51, 0x09, 0x51, 0x09, 0x51, 0x09, 0x51, 0x09, 0x51, 0x09, 0x51, 0x09, 0x51, 0x09, 0x51, 0x09, 0x51, 0x09, 0x51, 0x09, 0x51, 0x09, 0x51, 0x09, 0x51, 0x09
    .byte 0x51, 0x09, 0x51, 0x09, 0x51, 0x09, 0x51, 0x09, 0x51, 0x09, 0x51, 0x09, 0x51, 0x09, 0x51, 0x09, 0x51, 0x09, 0x51, 0x09, 0x51, 0x09, 0x51, 0x09, 0x51, 0x09, 0x51, 0x09, 0x51, 0x09, 0x51, 0x09
    .byte 0x51, 0x09, 0x51, 0x09, 0x51, 0x09, 0x51, 0x09, 0x51, 0x09, 0x51, 0x09, 0x51, 0x09, 0x51, 0x09, 0x51, 0x09, 0x51, 0x09, 0x51, 0x09, 0x51, 0x09, 0x51, 0x09, 0x51, 0x09, 0x51, 0x09, 0x51, 0x09
    .byte 0x51, 0x09, 0x51, 0x09, 0x51, 0x09, 0x51, 0x09, 0x51, 0x09, 0x51, 0x09, 0x51, 0x09, 0x51, 0x09, 0x51, 0x09, 0x51, 0x09, 0x51, 0x09, 0x51, 0x09, 0x51, 0x09, 0x51, 0x09, 0x51, 0x09, 0x51, 0x09
    .byte 0x51, 0x09, 0x51, 0x09, 0x51, 0x09, 0x51, 0x09, 0x51, 0x09, 0x51, 0x09, 0x51, 0x09, 0x51, 0x09, 0x51, 0x09, 0x51, 0x09, 0x51, 0x09, 0x51, 0x09, 0x51, 0x09, 0x51, 0x09, 0x51, 0x09, 0x51, 0x09
    .byte 0x51, 0x09, 0x51, 0x09, 0x51, 0x09, 0x51, 0x09, 0x51, 0x09, 0x51, 0x09, 0x51, 0x09, 0x51, 0x09, 0x51, 0x09, 0x51, 0x09, 0x51, 0x09, 0x51, 0x09, 0x51, 0x09, 0x51, 0x09, 0x51, 0x09, 0x51, 0x09
    .byte 0x51, 0x09, 0x51, 0x09, 0x51, 0x09, 0x51, 0x09, 0x51, 0x09, 0x51, 0x09, 0x51, 0x09, 0x51, 0x09, 0x51, 0x09, 0x51, 0x09, 0x51, 0x09, 0x08, 0x08, 0x08, 0x08, 0x08, 0x08, 0x08, 0x08, 0x08, 0x08
    .byte 0x09, 0x09, 0x09, 0x09, 0x09, 0x09, 0x09, 0x09, 0x09, 0x09, 0x09, 0x09, 0x09, 0x11, 0x11, 0x5A, 0x5A, 0x5A, 0x5A, 0x5A, 0x63, 0x63, 0x63, 0x63, 0x63, 0x63, 0x63, 0x63, 0x63, 0x63, 0x63, 0x63
    .byte 0x52, 0x52, 0x09, 0x09, 0x09, 0x09, 0x09, 0x09, 0x09, 0x09, 0x09, 0x09, 0x09, 0x09, 0x09, 0x09, 0x09, 0x09, 0x09, 0x09, 0x09, 0x09, 0x09, 0x09, 0x09, 0x09, 0x09, 0x09, 0x09, 0x09, 0x09, 0x09
    .byte 0x09, 0x09, 0x09, 0x09, 0x09, 0x09, 0x09, 0x09, 0x09, 0x09, 0x09, 0x09, 0x09, 0x09, 0x09, 0x09, 0x09, 0x09, 0x09, 0x09, 0x09, 0x09, 0x09, 0x09, 0x09, 0x09, 0x09, 0x09, 0x09, 0x09, 0x09, 0x09
    .byte 0x09, 0x09, 0x09, 0x09, 0x09, 0x09, 0x09, 0x09, 0x09, 0x09, 0x09, 0x09, 0x09, 0x09, 0x09, 0x09, 0x09, 0x09, 0x09, 0x09, 0x09, 0x09, 0x09, 0x09, 0x09, 0x09, 0x09, 0x09, 0x09, 0x09, 0x09, 0x09
    .byte 0x09, 0x09, 0x09, 0x09, 0x09, 0x09, 0x09, 0x09, 0x09, 0x09, 0x09, 0x09, 0x09, 0x09, 0x09, 0x09, 0x09, 0x09, 0x09, 0x09, 0x09, 0x09, 0x09, 0x09, 0x09, 0x09, 0x09, 0x09, 0x09, 0x09, 0x09, 0x09
    .byte 0x09, 0x09, 0x09, 0x09, 0x09, 0x09, 0x09, 0x09, 0x09, 0x09, 0x09, 0x09, 0x09, 0x09, 0x09, 0x09, 0x09, 0x09, 0x09, 0x09, 0x09, 0x09, 0x09, 0x09, 0x09, 0x09, 0x09, 0x09, 0x09, 0x09, 0x09, 0x09
    .byte 0x09, 0x09, 0x09, 0x09, 0x09, 0x09, 0x09, 0x09, 0x09, 0x09, 0x09, 0x09, 0x09, 0x09, 0x09, 0x09, 0x09, 0x09, 0x09, 0x09, 0x09, 0x09, 0x09, 0x09, 0x09, 0x09, 0x09, 0x09, 0x09, 0x09, 0x09, 0x09
    .byte 0x09, 0x09, 0x09, 0x09, 0x09, 0x09, 0x09, 0x09, 0x09, 0x09, 0x09, 0x09, 0x09, 0x09, 0x09, 0x09, 0x09, 0x09, 0x09, 0x09, 0x09, 0x09, 0x09, 0x09, 0x09, 0x09, 0x09, 0x09, 0x09, 0x09, 0x09, 0x09
    .byte 0x09, 0x09, 0x09, 0x09, 0x09, 0x09, 0x09, 0x09, 0x09, 0x09, 0x09, 0x09, 0x09, 0x09, 0x09, 0x09, 0x09, 0x09, 0x09, 0x09, 0x09, 0x09, 0x09, 0x09, 0x09, 0x09, 0x09, 0x09, 0x09, 0x09, 0x09, 0x09
    .byte 0x09, 0x09, 0x09, 0x09, 0x09, 0x09, 0x09, 0x09, 0x09, 0x09, 0x09, 0x09, 0x09, 0x09, 0x09, 0x09, 0x09, 0x09, 0x09, 0x09, 0x09, 0x09, 0x08, 0x08, 0x08, 0x08, 0x08, 0x08, 0x08, 0x08, 0x08, 0x08
    .byte 0x09, 0x09, 0x09, 0x09, 0x09, 0x09, 0x09, 0x09, 0x09, 0x09, 0x51, 0x09, 0x51, 0x11, 0x11, 0x5A, 0x5A, 0x5A, 0x5A, 0x5A, 0x63, 0x63, 0x63, 0x63, 0x63, 0x63, 0x63, 0x63, 0x63, 0x63, 0x63, 0x63
    .byte 0x52, 0x52, 0x51, 0x09, 0x51, 0x09, 0x51, 0x09, 0x51, 0x09, 0x51, 0x09, 0x51, 0x09, 0x51, 0x09, 0x51, 0x09, 0x51, 0x09, 0x51, 0x09, 0x51, 0x09, 0x51, 0x09, 0x51, 0x09, 0x51, 0x09, 0x51, 0x09
    .byte 0x51, 0x09, 0x51, 0x09, 0x51, 0x09, 0x51, 0x09, 0x51, 0x09, 0x51, 0x09, 0x51, 0x09, 0x51, 0x09, 0x51, 0x09, 0x51, 0x09, 0x51, 0x09, 0x51, 0x09, 0x51, 0x09, 0x51, 0x09, 0x51, 0x09, 0x51, 0x09
    .byte 0x51, 0x09, 0x51, 0x09, 0x51, 0x09, 0x51, 0x09, 0x51, 0x09, 0x51, 0x09, 0x51, 0x09, 0x51, 0x09, 0x51, 0x09, 0x51, 0x09, 0x51, 0x09, 0x51, 0x09, 0x51, 0x09, 0x51, 0x09, 0x51, 0x09, 0x51, 0x09
    .byte 0x51, 0x09, 0x51, 0x09, 0x51, 0x09, 0x51, 0x09, 0x51, 0x09, 0x51, 0x09, 0x51, 0x09, 0x51, 0x09, 0x51, 0x09, 0x51, 0x09, 0x51, 0x09, 0x51, 0x09, 0x51, 0x09, 0x51, 0x09, 0x51, 0x09, 0x51, 0x09
    .byte 0x51, 0x09, 0x51, 0x09, 0x51, 0x09, 0x51, 0x09, 0x51, 0x09, 0x51, 0x09, 0x51, 0x09, 0x51, 0x09, 0x51, 0x09, 0x51, 0x09, 0x51, 0x09, 0x51, 0x09, 0x51, 0x09, 0x51, 0x09, 0x51, 0x09, 0x51, 0x09
    .byte 0x51, 0x09, 0x51, 0x09, 0x51, 0x09, 0x51, 0x09, 0x51, 0x09, 0x51, 0x09, 0x51, 0x09, 0x51, 0x09, 0x51, 0x09, 0x51, 0x09, 0x51, 0x09, 0x51, 0x09, 0x51, 0x09, 0x51, 0x09, 0x51, 0x09, 0x51, 0x09
    .byte 0x51, 0x09, 0x51, 0x09, 0x51, 0x09, 0x51, 0x09, 0x51, 0x09, 0x51, 0x09, 0x51, 0x09, 0x51, 0x09, 0x51, 0x09, 0x51, 0x09, 0x51, 0x09, 0x51, 0x09, 0x51, 0x09, 0x51, 0x09, 0x51, 0x09, 0x51, 0x09
    .byte 0x51, 0x09, 0x51, 0x09, 0x51, 0x09, 0x51, 0x09, 0x51, 0x09, 0x51, 0x09, 0x51, 0x09, 0x51, 0x09, 0x51, 0x09, 0x51, 0x09, 0x51, 0x09, 0x51, 0x09, 0x51, 0x09, 0x51, 0x09, 0x51, 0x09, 0x51, 0x09
    .byte 0x51, 0x09, 0x51, 0x09, 0x51, 0x09, 0x51, 0x09, 0x51, 0x09, 0x51, 0x09, 0x51, 0x09, 0x51, 0x09, 0x51, 0x09, 0x51, 0x09, 0x51, 0x09, 0x08, 0x08, 0x08, 0x08, 0x08, 0x08, 0x08, 0x08, 0x08, 0x08
    .byte 0x09, 0x09, 0x09, 0x09, 0x09, 0x09, 0x09, 0x09, 0x09, 0x09, 0x09, 0x09, 0x09, 0x11, 0x11, 0x5A, 0x5A, 0x5A, 0x5A, 0x5A, 0x63, 0x63, 0x63, 0x63, 0x63, 0x63, 0x63, 0x63, 0x63, 0x63, 0x63, 0x63
    .byte 0x52, 0x52, 0x09, 0x09, 0x09, 0x09, 0x09, 0x09, 0x09, 0x09, 0x09, 0x09, 0x09, 0x09, 0x09, 0x09, 0x09, 0x09, 0x09, 0x09, 0x09, 0x09, 0x09, 0x09, 0x09, 0x09, 0x09, 0x09, 0x09, 0x09, 0x09, 0x09
    .byte 0x09, 0x09, 0x09, 0x09, 0x09, 0x09, 0x09, 0x09, 0x09, 0x09, 0x09, 0x09, 0x09, 0x09, 0x09, 0x09, 0x09, 0x09, 0x09, 0x09, 0x09, 0x09, 0x09, 0x09, 0x09, 0x09, 0x09, 0x09, 0x09, 0x09, 0x09, 0x09
    .byte 0x09, 0x09, 0x09, 0x09, 0x09, 0x09, 0x09, 0x09, 0x09, 0x09, 0x09, 0x09, 0x09, 0x09, 0x09, 0x09, 0x09, 0x09, 0x09, 0x09, 0x09, 0x09, 0x09, 0x09, 0x09, 0x09, 0x09, 0x09, 0x09, 0x09, 0x09, 0x09
    .byte 0x09, 0x09, 0x09, 0x09, 0x09, 0x09, 0x09, 0x09, 0x09, 0x09, 0x09, 0x09, 0x09, 0x09, 0x09, 0x09, 0x09, 0x09, 0x09, 0x09, 0x09, 0x09, 0x09, 0x09, 0x09, 0x09, 0x09, 0x09, 0x09, 0x09, 0x09, 0x09
    .byte 0x09, 0x09, 0x09, 0x09, 0x09, 0x09, 0x09, 0x09, 0x09, 0x09, 0x09, 0x09, 0x09, 0x09, 0x09, 0x09, 0x09, 0x09, 0x09, 0x09, 0x09, 0x09, 0x09, 0x09, 0x09, 0x09, 0x09, 0x09, 0x09, 0x09, 0x09, 0x09
    .byte 0x09, 0x09, 0x09, 0x09, 0x09, 0x09, 0x09, 0x09, 0x09, 0x09, 0x09, 0x09, 0x09, 0x09, 0x09, 0x09, 0x09, 0x09, 0x09, 0x09, 0x09, 0x09, 0x09, 0x09, 0x09, 0x09, 0x09, 0x09, 0x09, 0x09, 0x09, 0x09
    .byte 0x09, 0x09, 0x09, 0x09, 0x09, 0x09, 0x09, 0x09, 0x09, 0x09, 0x09, 0x09, 0x09, 0x09, 0x09, 0x09, 0x09, 0x09, 0x09, 0x09, 0x09, 0x09, 0x09, 0x09, 0x09, 0x09, 0x09, 0x09, 0x09, 0x09, 0x09, 0x09
    .byte 0x09, 0x09, 0x09, 0x09, 0x09, 0x09, 0x09, 0x09, 0x09, 0x09, 0x09, 0x09, 0x09, 0x09, 0x09, 0x09, 0x09, 0x09, 0x09, 0x09, 0x09, 0x09, 0x09, 0x09, 0x09, 0x09, 0x09, 0x09, 0x09, 0x09, 0x09, 0x09
    .byte 0x09, 0x09, 0x09, 0x09, 0x09, 0x09, 0x09, 0x09, 0x09, 0x09, 0x09, 0x09, 0x09, 0x09, 0x09, 0x09, 0x09, 0x09, 0x09, 0x09, 0x09, 0x09, 0x08, 0x08, 0x08, 0x08, 0x08, 0x08, 0x08, 0x08, 0x08, 0x08
    .byte 0x09, 0x09, 0x09, 0x09, 0x09, 0x09, 0x09, 0x09, 0x09, 0x09, 0x51, 0x09, 0x51, 0x11, 0x11, 0x5A, 0x5A, 0x5A, 0x63, 0x63, 0x63, 0x63, 0x63, 0x5A, 0x5A, 0x5A, 0x52, 0x52, 0x52, 0x52, 0x52, 0x52
    .byte 0x52, 0x52, 0x51, 0x09, 0x51, 0x09, 0x51, 0x09, 0x51, 0x09, 0x51, 0x09, 0x51, 0x09, 0x51, 0x09, 0x51, 0x09, 0x51, 0x09, 0x51, 0x09, 0x51, 0x09, 0x51, 0x09, 0x51, 0x09, 0x51, 0x09, 0x51, 0x09
    .byte 0x51, 0x09, 0x51, 0x09, 0x51, 0x09, 0x51, 0x09, 0x51, 0x09, 0x51, 0x09, 0x51, 0x09, 0x51, 0x09, 0x51, 0x09, 0x51, 0x09, 0x51, 0x09, 0x51, 0x09, 0x51, 0x09, 0x51, 0x09, 0x51, 0x09, 0x51, 0x09
    .byte 0x51, 0x09, 0x51, 0x09, 0x51, 0x09, 0x51, 0x09, 0x51, 0x09, 0x51, 0x09, 0x51, 0x09, 0x51, 0x09, 0x51, 0x09, 0x51, 0x09, 0x51, 0x09, 0x51, 0x09, 0x51, 0x09, 0x51, 0x09, 0x51, 0x09, 0x51, 0x09
    .byte 0x51, 0x09, 0x51, 0x09, 0x51, 0x09, 0x51, 0x09, 0x51, 0x09, 0x51, 0x09, 0x51, 0x09, 0x51, 0x09, 0x51, 0x09, 0x51, 0x09, 0x51, 0x09, 0x51, 0x09, 0x51, 0x09, 0x51, 0x09, 0x51, 0x09, 0x51, 0x09
    .byte 0x51, 0x09, 0x51, 0x09, 0x51, 0x09, 0x51, 0x09, 0x51, 0x09, 0x51, 0x09, 0x51, 0x09, 0x51, 0x09, 0x51, 0x09, 0x51, 0x09, 0x51, 0x09, 0x51, 0x09, 0x51, 0x09, 0x51, 0x09, 0x51, 0x09, 0x51, 0x09
    .byte 0x51, 0x09, 0x51, 0x09, 0x51, 0x09, 0x51, 0x09, 0x51, 0x09, 0x51, 0x09, 0x51, 0x09, 0x51, 0x09, 0x51, 0x09, 0x51, 0x09, 0x51, 0x09, 0x51, 0x09, 0x51, 0x09, 0x51, 0x09, 0x51, 0x09, 0x51, 0x09
    .byte 0x51, 0x09, 0x51, 0x09, 0x51, 0x09, 0x51, 0x09, 0x51, 0x09, 0x51, 0x09, 0x51, 0x09, 0x51, 0x09, 0x51, 0x09, 0x51, 0x09, 0x51, 0x09, 0x51, 0x09, 0x51, 0x09, 0x51, 0x09, 0x51, 0x09, 0x51, 0x09
    .byte 0x51, 0x09, 0x51, 0x09, 0x51, 0x09, 0x51, 0x09, 0x51, 0x09, 0x51, 0x09, 0x51, 0x09, 0x51, 0x09, 0x51, 0x09, 0x51, 0x09, 0x51, 0x09, 0x51, 0x09, 0x51, 0x09, 0x51, 0x09, 0x51, 0x09, 0x51, 0x09
    .byte 0x51, 0x09, 0x51, 0x09, 0x51, 0x09, 0x51, 0x09, 0x51, 0x09, 0x51, 0x09, 0x51, 0x09, 0x51, 0x09, 0x51, 0x09, 0x51, 0x09, 0x51, 0x09, 0x08, 0x08, 0x08, 0x08, 0x08, 0x08, 0x08, 0x08, 0x08, 0x08
    .byte 0x09, 0x09, 0x09, 0x09, 0x09, 0x09, 0x09, 0x09, 0x09, 0x09, 0x09, 0x09, 0x09, 0x11, 0x11, 0x5A, 0x5A, 0x5A, 0x63, 0x63, 0x63, 0x63, 0x63, 0x5A, 0x5A, 0x5A, 0x52, 0x52, 0x52, 0x52, 0x52, 0x52
    .byte 0x52, 0x52, 0x09, 0x09, 0x09, 0x09, 0x09, 0x09, 0x09, 0x09, 0x09, 0x09, 0x09, 0x09, 0x09, 0x09, 0x09, 0x09, 0x09, 0x09, 0x09, 0x09, 0x09, 0x09, 0x09, 0x09, 0x09, 0x09, 0x09, 0x09, 0x09, 0x09
    .byte 0x09, 0x09, 0x09, 0x09, 0x09, 0x09, 0x09, 0x09, 0x09, 0x09, 0x09, 0x09, 0x09, 0x09, 0x09, 0x09, 0x09, 0x09, 0x09, 0x09, 0x09, 0x09, 0x09, 0x09, 0x09, 0x09, 0x09, 0x09, 0x09, 0x09, 0x09, 0x09
    .byte 0x09, 0x09, 0x09, 0x09, 0x09, 0x09, 0x09, 0x09, 0x09, 0x09, 0x09, 0x09, 0x09, 0x09, 0x09, 0x09, 0x09, 0x09, 0x09, 0x09, 0x09, 0x09, 0x09, 0x09, 0x09, 0x09, 0x09, 0x09, 0x09, 0x09, 0x09, 0x09
    .byte 0x09, 0x09, 0x09, 0x09, 0x09, 0x09, 0x09, 0x09, 0x09, 0x09, 0x09, 0x09, 0x09, 0x09, 0x09, 0x09, 0x09, 0x09, 0x09, 0x09, 0x09, 0x09, 0x09, 0x09, 0x09, 0x09, 0x09, 0x09, 0x09, 0x09, 0x09, 0x09
    .byte 0x09, 0x09, 0x09, 0x09, 0x09, 0x09, 0x09, 0x09, 0x09, 0x09, 0x09, 0x09, 0x09, 0x09, 0x09, 0x09, 0x09, 0x09, 0x09, 0x09, 0x09, 0x09, 0x09, 0x09, 0x09, 0x09, 0x09, 0x09, 0x09, 0x09, 0x09, 0x09
    .byte 0x09, 0x09, 0x09, 0x09, 0x09, 0x09, 0x09, 0x09, 0x09, 0x09, 0x09, 0x09, 0x09, 0x09, 0x09, 0x09, 0x09, 0x09, 0x09, 0x09, 0x09, 0x09, 0x09, 0x09, 0x09, 0x09, 0x09, 0x09, 0x09, 0x09, 0x09, 0x09
    .byte 0x09, 0x09, 0x09, 0x09, 0x09, 0x09, 0x09, 0x09, 0x09, 0x09, 0x09, 0x09, 0x09, 0x09, 0x09, 0x09, 0x09, 0x09, 0x09, 0x09, 0x09, 0x09, 0x09, 0x09, 0x09, 0x09, 0x09, 0x09, 0x09, 0x09, 0x09, 0x09
    .byte 0x09, 0x09, 0x09, 0x09, 0x09, 0x09, 0x09, 0x09, 0x09, 0x09, 0x09, 0x09, 0x09, 0x09, 0x09, 0x09, 0x09, 0x09, 0x09, 0x09, 0x09, 0x09, 0x09, 0x09, 0x09, 0x09, 0x09, 0x09, 0x09, 0x09, 0x09, 0x09
    .byte 0x09, 0x09, 0x09, 0x09, 0x09, 0x09, 0x09, 0x09, 0x09, 0x09, 0x09, 0x09, 0x09, 0x09, 0x09, 0x09, 0x09, 0x09, 0x09, 0x09, 0x09, 0x09, 0x08, 0x08, 0x08, 0x08, 0x08, 0x08, 0x08, 0x08, 0x08, 0x08
    .byte 0x09, 0x09, 0x09, 0x09, 0x09, 0x09, 0x09, 0x09, 0x09, 0x09, 0x51, 0x09, 0x51, 0x11, 0x11, 0x5A, 0x5A, 0x5A, 0x63, 0x63, 0x63, 0x63, 0x63, 0x5A, 0x5A, 0x5A, 0x52, 0x52, 0x52, 0x52, 0x52, 0x52
    .byte 0x51, 0x09, 0x51, 0x09, 0x51, 0x09, 0x51, 0x09, 0x51, 0x09, 0x51, 0x09, 0x51, 0x09, 0x51, 0x09, 0x51, 0x09, 0x51, 0x09, 0x51, 0x09, 0x51, 0x09, 0x51, 0x09, 0x51, 0x09, 0x51, 0x09, 0x51, 0x09
    .byte 0x51, 0x09, 0x51, 0x09, 0x51, 0x09, 0x51, 0x09, 0x51, 0x09, 0x51, 0x09, 0x51, 0x09, 0x51, 0x09, 0x51, 0x09, 0x51, 0x09, 0x51, 0x09, 0x51, 0x09, 0x51, 0x09, 0x51, 0x09, 0x51, 0x09, 0x51, 0x09
    .byte 0x51, 0x09, 0x51, 0x09, 0x51, 0x09, 0x51, 0x09, 0x51, 0x09, 0x51, 0x09, 0x51, 0x09, 0x51, 0x09, 0x51, 0x09, 0x51, 0x09, 0x51, 0x09, 0x51, 0x09, 0x51, 0x09, 0x51, 0x09, 0x51, 0x09, 0x51, 0x09
    .byte 0x51, 0x09, 0x51, 0x09, 0x51, 0x09, 0x51, 0x09, 0x51, 0x09, 0x51, 0x09, 0x51, 0x09, 0x51, 0x09, 0x51, 0x09, 0x51, 0x09, 0x51, 0x09, 0x51, 0x09, 0x51, 0x09, 0x51, 0x09, 0x51, 0x09, 0x51, 0x09
    .byte 0x51, 0x09, 0x51, 0x09, 0x51, 0x09, 0x51, 0x09, 0x51, 0x09, 0x51, 0x09, 0x51, 0x09, 0x51, 0x09, 0x51, 0x09, 0x51, 0x09, 0x51, 0x09, 0x51, 0x09, 0x51, 0x09, 0x51, 0x09, 0x51, 0x09, 0x51, 0x09
    .byte 0x51, 0x09, 0x51, 0x09, 0x51, 0x09, 0x51, 0x09, 0x51, 0x09, 0x51, 0x09, 0x51, 0x09, 0x51, 0x09, 0x51, 0x09, 0x51, 0x09, 0x51, 0x09, 0x51, 0x09, 0x51, 0x09, 0x51, 0x09, 0x51, 0x09, 0x51, 0x09
    .byte 0x51, 0x09, 0x51, 0x09, 0x51, 0x09, 0x51, 0x09, 0x51, 0x09, 0x51, 0x09, 0x51, 0x09, 0x51, 0x09, 0x51, 0x09, 0x51, 0x09, 0x51, 0x09, 0x51, 0x09, 0x51, 0x09, 0x51, 0x09, 0x51, 0x09, 0x51, 0x09
    .byte 0x51, 0x09, 0x51, 0x09, 0x51, 0x09, 0x51, 0x09, 0x51, 0x09, 0x51, 0x09, 0x51, 0x09, 0x51, 0x09, 0x51, 0x09, 0x51, 0x09, 0x51, 0x09, 0x51, 0x09, 0x51, 0x09, 0x51, 0x09, 0x51, 0x09, 0x51, 0x09
    .byte 0x51, 0x09, 0x51, 0x09, 0x51, 0x09, 0x51, 0x09, 0x51, 0x09, 0x51, 0x09, 0x51, 0x09, 0x51, 0x09, 0x51, 0x09, 0x51, 0x09, 0x51, 0x09, 0x08, 0x08, 0x08, 0x08, 0x08, 0x08, 0x08, 0x08, 0x08, 0x08
    .byte 0x09, 0x09, 0x09, 0x09, 0x09, 0x09, 0x09, 0x09, 0x09, 0x09, 0x09, 0x09, 0x09, 0x5A, 0x5A, 0x6B, 0x6B, 0x6B, 0x63, 0x63, 0x63, 0x63, 0x63, 0x5A, 0x5A, 0x5A, 0x52, 0x52, 0x52, 0x52, 0x52, 0x52
    .byte 0x09, 0x09, 0x09, 0x09, 0x09, 0x09, 0x09, 0x09, 0x09, 0x09, 0x09, 0x09, 0x09, 0x09, 0x09, 0x09, 0x09, 0x09, 0x09, 0x09, 0x09, 0x09, 0x09, 0x09, 0x09, 0x09, 0x09, 0x09, 0x09, 0x09, 0x09, 0x09
    .byte 0x09, 0x09, 0x09, 0x09, 0x09, 0x09, 0x09, 0x09, 0x09, 0x09, 0x09, 0x09, 0x09, 0x09, 0x09, 0x09, 0x09, 0x09, 0x09, 0x09, 0x09, 0x09, 0x09, 0x09, 0x09, 0x09, 0x09, 0x09, 0x09, 0x09, 0x09, 0x09
    .byte 0x09, 0x09, 0x09, 0x09, 0x09, 0x09, 0x09, 0x09, 0x09, 0x09, 0x09, 0x09, 0x09, 0x09, 0x09, 0x09, 0x09, 0x09, 0x09, 0x09, 0x09, 0x09, 0x09, 0x09, 0x09, 0x09, 0x09, 0x09, 0x09, 0x09, 0x09, 0x09
    .byte 0x09, 0x09, 0x09, 0x09, 0x09, 0x09, 0x09, 0x09, 0x09, 0x09, 0x09, 0x09, 0x09, 0x09, 0x09, 0x09, 0x09, 0x09, 0x09, 0x09, 0x09, 0x09, 0x09, 0x09, 0x09, 0x09, 0x09, 0x09, 0x09, 0x09, 0x09, 0x09
    .byte 0x09, 0x09, 0x09, 0x09, 0x09, 0x09, 0x09, 0x09, 0x09, 0x09, 0x09, 0x09, 0x09, 0x09, 0x09, 0x09, 0x09, 0x09, 0x09, 0x09, 0x09, 0x09, 0x09, 0x09, 0x09, 0x09, 0x09, 0x09, 0x09, 0x09, 0x09, 0x09
    .byte 0x09, 0x09, 0x09, 0x09, 0x09, 0x09, 0x09, 0x09, 0x09, 0x09, 0x09, 0x09, 0x09, 0x09, 0x09, 0x09, 0x09, 0x09, 0x09, 0x09, 0x09, 0x09, 0x09, 0x09, 0x09, 0x09, 0x09, 0x09, 0x09, 0x09, 0x09, 0x09
    .byte 0x09, 0x09, 0x09, 0x09, 0x09, 0x09, 0x09, 0x09, 0x09, 0x09, 0x09, 0x09, 0x09, 0x09, 0x09, 0x09, 0x09, 0x09, 0x09, 0x09, 0x09, 0x09, 0x09, 0x09, 0x09, 0x09, 0x09, 0x09, 0x09, 0x09, 0x09, 0x09
    .byte 0x09, 0x09, 0x09, 0x09, 0x09, 0x09, 0x09, 0x09, 0x09, 0x09, 0x09, 0x09, 0x09, 0x09, 0x09, 0x09, 0x09, 0x09, 0x09, 0x09, 0x09, 0x09, 0x09, 0x09, 0x09, 0x09, 0x09, 0x09, 0x09, 0x09, 0x09, 0x09
    .byte 0x09, 0x09, 0x09, 0x09, 0x09, 0x09, 0x09, 0x09, 0x09, 0x09, 0x09, 0x09, 0x09, 0x09, 0x09, 0x09, 0x09, 0x09, 0x09, 0x09, 0x09, 0x09, 0x08, 0x08, 0x08, 0x08, 0x08, 0x08, 0x08, 0x08, 0x08, 0x08
    .byte 0x09, 0x09, 0x09, 0x09, 0x09, 0x09, 0x09, 0x09, 0x09, 0x09, 0x51, 0x09, 0x51, 0x5A, 0x5A, 0x6B, 0x6B, 0x6B, 0x63, 0x63, 0x63, 0x63, 0x63, 0x5A, 0x5A, 0x5A, 0x52, 0x52, 0x51, 0x09, 0x51, 0x09
    .byte 0x51, 0x09, 0x51, 0x09, 0x51, 0x09, 0x51, 0x09, 0x51, 0x09, 0x51, 0x09, 0x51, 0x09, 0x51, 0x09, 0x51, 0x09, 0x51, 0x09, 0x51, 0x09, 0x51, 0x09, 0x51, 0x09, 0x51, 0x09, 0x51, 0x09, 0x51, 0x09
    .byte 0x51, 0x09, 0x51, 0x09, 0x51, 0x09, 0x51, 0x09, 0x51, 0x09, 0x51, 0x09, 0x51, 0x09, 0x51, 0x09, 0x51, 0x09, 0x51, 0x09, 0x51, 0x09, 0x51, 0x09, 0x51, 0x09, 0x51, 0x09, 0x51, 0x09, 0x51, 0x09
    .byte 0x51, 0x09, 0x51, 0x09, 0x51, 0x09, 0x51, 0x09, 0x51, 0x09, 0x51, 0x09, 0x51, 0x09, 0x51, 0x09, 0x51, 0x09, 0x51, 0x09, 0x51, 0x09, 0x51, 0x09, 0x51, 0x09, 0x51, 0x09, 0x51, 0x09, 0x51, 0x09
    .byte 0x51, 0x09, 0x51, 0x09, 0x51, 0x09, 0x51, 0x09, 0x51, 0x09, 0x51, 0x09, 0x51, 0x09, 0x51, 0x09, 0x51, 0x09, 0x51, 0x09, 0x51, 0x09, 0x51, 0x09, 0x51, 0x09, 0x51, 0x09, 0x51, 0x09, 0x51, 0x09
    .byte 0x51, 0x09, 0x51, 0x09, 0x51, 0x09, 0x51, 0x09, 0x51, 0x09, 0x51, 0x09, 0x51, 0x09, 0x51, 0x09, 0x51, 0x09, 0x51, 0x09, 0x51, 0x09, 0x51, 0x09, 0x51, 0x09, 0x51, 0x09, 0x51, 0x09, 0x51, 0x09
    .byte 0x51, 0x09, 0x51, 0x09, 0x51, 0x09, 0x51, 0x09, 0x51, 0x09, 0x51, 0x09, 0x51, 0x09, 0x51, 0x09, 0x51, 0x09, 0x51, 0x09, 0x51, 0x09, 0x51, 0x09, 0x51, 0x09, 0x51, 0x09, 0x51, 0x09, 0x51, 0x09
    .byte 0x51, 0x09, 0x51, 0x09, 0x51, 0x09, 0x51, 0x09, 0x51, 0x09, 0x51, 0x09, 0x51, 0x09, 0x51, 0x09, 0x51, 0x09, 0x51, 0x09, 0x51, 0x09, 0x51, 0x09, 0x51, 0x09, 0x51, 0x09, 0x51, 0x09, 0x51, 0x09
    .byte 0x51, 0x09, 0x51, 0x09, 0x51, 0x09, 0x51, 0x09, 0x51, 0x09, 0x51, 0x09, 0x51, 0x09, 0x51, 0x09, 0x51, 0x09, 0x51, 0x09, 0x51, 0x09, 0x51, 0x09, 0x51, 0x09, 0x51, 0x09, 0x51, 0x09, 0x51, 0x09
    .byte 0x51, 0x09, 0x51, 0x09, 0x51, 0x09, 0x51, 0x09, 0x51, 0x09, 0x51, 0x09, 0x51, 0x09, 0x51, 0x09, 0x51, 0x09, 0x51, 0x09, 0x51, 0x09, 0x08, 0x08, 0x08, 0x08, 0x08, 0x08, 0x08, 0x08, 0x08, 0x08
    .byte 0x09, 0x09, 0x09, 0x09, 0x09, 0x09, 0x09, 0x09, 0x09, 0x09, 0x11, 0x11, 0x11, 0x5A, 0x5A, 0x63, 0x63, 0x63, 0x63, 0x63, 0x5A, 0x5A, 0x5A, 0x11, 0x11, 0x11, 0x09, 0x09, 0x09, 0x09, 0x09, 0x09
    .byte 0x09, 0x09, 0x09, 0x09, 0x09, 0x09, 0x09, 0x09, 0x09, 0x09, 0x09, 0x09, 0x09, 0x09, 0x09, 0x09, 0x09, 0x09, 0x09, 0x09, 0x09, 0x09, 0x09, 0x09, 0x09, 0x09, 0x09, 0x09, 0x09, 0x09, 0x09, 0x09
    .byte 0x09, 0x09, 0x09, 0x09, 0x09, 0x09, 0x09, 0x09, 0x09, 0x09, 0x09, 0x09, 0x09, 0x09, 0x09, 0x09, 0x09, 0x09, 0x09, 0x09, 0x09, 0x09, 0x09, 0x09, 0x09, 0x09, 0x09, 0x09, 0x09, 0x09, 0x09, 0x09
    .byte 0x09, 0x09, 0x09, 0x09, 0x09, 0x09, 0x09, 0x09, 0x09, 0x09, 0x09, 0x09, 0x09, 0x09, 0x09, 0x09, 0x09, 0x09, 0x09, 0x09, 0x09, 0x09, 0x09, 0x09, 0x09, 0x09, 0x09, 0x09, 0x09, 0x09, 0x09, 0x09
    .byte 0x09, 0x09, 0x09, 0x09, 0x09, 0x09, 0x09, 0x09, 0x09, 0x09, 0x09, 0x09, 0x09, 0x09, 0x09, 0x09, 0x09, 0x09, 0x09, 0x09, 0x09, 0x09, 0x09, 0x09, 0x09, 0x09, 0x09, 0x09, 0x09, 0x09, 0x09, 0x09
    .byte 0x09, 0x09, 0x09, 0x09, 0x09, 0x09, 0x09, 0x09, 0x09, 0x09, 0x09, 0x09, 0x09, 0x09, 0x09, 0x09, 0x09, 0x09, 0x09, 0x09, 0x09, 0x09, 0x09, 0x09, 0x09, 0x09, 0x09, 0x09, 0x09, 0x09, 0x09, 0x09
    .byte 0x09, 0x09, 0x09, 0x09, 0x09, 0x09, 0x09, 0x09, 0x09, 0x09, 0x09, 0x09, 0x09, 0x09, 0x09, 0x09, 0x09, 0x09, 0x09, 0x09, 0x09, 0x09, 0x09, 0x09, 0x09, 0x09, 0x09, 0x09, 0x09, 0x09, 0x09, 0x09
    .byte 0x09, 0x09, 0x09, 0x09, 0x09, 0x09, 0x09, 0x09, 0x09, 0x09, 0x09, 0x09, 0x09, 0x09, 0x09, 0x09, 0x09, 0x09, 0x09, 0x09, 0x09, 0x09, 0x09, 0x09, 0x09, 0x09, 0x09, 0x09, 0x09, 0x09, 0x09, 0x09
    .byte 0x09, 0x09, 0x09, 0x09, 0x09, 0x09, 0x09, 0x09, 0x09, 0x09, 0x09, 0x09, 0x09, 0x09, 0x09, 0x09, 0x09, 0x09, 0x09, 0x09, 0x09, 0x09, 0x09, 0x09, 0x09, 0x09, 0x09, 0x09, 0x09, 0x09, 0x09, 0x09
    .byte 0x09, 0x09, 0x09, 0x09, 0x09, 0x09, 0x09, 0x09, 0x09, 0x09, 0x09, 0x09, 0x09, 0x09, 0x09, 0x09, 0x09, 0x09, 0x09, 0x09, 0x09, 0x09, 0x08, 0x08, 0x08, 0x08, 0x08, 0x08, 0x08, 0x08, 0x08, 0x08
    .byte 0x09, 0x09, 0x09, 0x09, 0x09, 0x09, 0x09, 0x09, 0x09, 0x09, 0x11, 0x11, 0x11, 0x5A, 0x5A, 0x63, 0x63, 0x63, 0x63, 0x63, 0x5A, 0x5A, 0x5A, 0x11, 0x11, 0x11, 0x51, 0x09, 0x51, 0x09, 0x51, 0x09
    .byte 0x51, 0x09, 0x51, 0x09, 0x51, 0x09, 0x51, 0x09, 0x51, 0x09, 0x51, 0x09, 0x51, 0x09, 0x51, 0x09, 0x51, 0x09, 0x51, 0x09, 0x51, 0x09, 0x51, 0x09, 0x51, 0x09, 0x51, 0x09, 0x51, 0x09, 0x51, 0x09
    .byte 0x51, 0x09, 0x51, 0x09, 0x51, 0x09, 0x51, 0x09, 0x51, 0x09, 0x51, 0x09, 0x51, 0x09, 0x51, 0x09, 0x51, 0x09, 0x51, 0x09, 0x51, 0x09, 0x51, 0x09, 0x51, 0x09, 0x51, 0x09, 0x51, 0x09, 0x51, 0x09
    .byte 0x51, 0x09, 0x51, 0x09, 0x51, 0x09, 0x51, 0x09, 0x51, 0x09, 0x51, 0x09, 0x51, 0x09, 0x51, 0x09, 0x51, 0x09, 0x51, 0x09, 0x51, 0x09, 0x51, 0x09, 0x51, 0x09, 0x51, 0x09, 0x51, 0x09, 0x51, 0x09
    .byte 0x51, 0x09, 0x51, 0x09, 0x51, 0x09, 0x51, 0x09, 0x51, 0x09, 0x51, 0x09, 0x51, 0x09, 0x51, 0x09, 0x51, 0x09, 0x51, 0x09, 0x51, 0x09, 0x51, 0x09, 0x51, 0x09, 0x51, 0x09, 0x51, 0x09, 0x51, 0x09
    .byte 0x51, 0x09, 0x51, 0x09, 0x51, 0x09, 0x51, 0x09, 0x51, 0x09, 0x51, 0x09, 0x51, 0x09, 0x51, 0x09, 0x51, 0x09, 0x51, 0x09, 0x51, 0x09, 0x51, 0x09, 0x51, 0x09, 0x51, 0x09, 0x51, 0x09, 0x51, 0x09
    .byte 0x51, 0x09, 0x51, 0x09, 0x51, 0x09, 0x51, 0x09, 0x51, 0x09, 0x51, 0x09, 0x51, 0x09, 0x51, 0x09, 0x51, 0x09, 0x51, 0x09, 0x51, 0x09, 0x51, 0x09, 0x51, 0x09, 0x51, 0x09, 0x51, 0x09, 0x51, 0x09
    .byte 0x51, 0x09, 0x51, 0x09, 0x51, 0x09, 0x51, 0x09, 0x51, 0x09, 0x51, 0x09, 0x51, 0x09, 0x51, 0x09, 0x51, 0x09, 0x51, 0x09, 0x51, 0x09, 0x51, 0x09, 0x51, 0x09, 0x51, 0x09, 0x51, 0x09, 0x51, 0x09
    .byte 0x51, 0x09, 0x51, 0x09, 0x51, 0x09, 0x51, 0x09, 0x51, 0x09, 0x51, 0x09, 0x51, 0x09, 0x51, 0x09, 0x51, 0x09, 0x51, 0x09, 0x51, 0x09, 0x51, 0x09, 0x51, 0x09, 0x51, 0x09, 0x51, 0x09, 0x51, 0x09
    .byte 0x51, 0x09, 0x51, 0x09, 0x51, 0x09, 0x51, 0x09, 0x51, 0x09, 0x51, 0x09, 0x51, 0x09, 0x51, 0x09, 0x51, 0x09, 0x51, 0x09, 0x51, 0x09, 0x08, 0x08, 0x08, 0x08, 0x08, 0x08, 0x08, 0x08, 0x08, 0x08
    .byte 0x09, 0x09, 0x09, 0x09, 0x09, 0x09, 0x09, 0x09, 0x09, 0x09, 0x11, 0x11, 0x11, 0x5A, 0x5A, 0x63, 0x63, 0x63, 0x63, 0x63, 0x5A, 0x5A, 0x5A, 0x11, 0x11, 0x11, 0x09, 0x09, 0x09, 0x09, 0x09, 0x09
    .byte 0x09, 0x09, 0x09, 0x09, 0x09, 0x09, 0x09, 0x09, 0x09, 0x09, 0x09, 0x09, 0x09, 0x09, 0x09, 0x09, 0x09, 0x09, 0x09, 0x09, 0x09, 0x09, 0x09, 0x09, 0x09, 0x09, 0x09, 0x09, 0x09, 0x09, 0x09, 0x09
    .byte 0x09, 0x09, 0x09, 0x09, 0x09, 0x09, 0x09, 0x09, 0x09, 0x09, 0x09, 0x09, 0x09, 0x09, 0x09, 0x09, 0x09, 0x09, 0x09, 0x09, 0x09, 0x09, 0x09, 0x09, 0x09, 0x09, 0x09, 0x09, 0x09, 0x09, 0x09, 0x09
    .byte 0x09, 0x09, 0x09, 0x09, 0x09, 0x09, 0x09, 0x09, 0x09, 0x09, 0x09, 0x09, 0x09, 0x09, 0x09, 0x09, 0x09, 0x09, 0x09, 0x09, 0x09, 0x09, 0x09, 0x09, 0x09, 0x09, 0x09, 0x09, 0x09, 0x09, 0x09, 0x09
    .byte 0x09, 0x09, 0x09, 0x09, 0x09, 0x09, 0x09, 0x09, 0x09, 0x09, 0x09, 0x09, 0x09, 0x09, 0x09, 0x09, 0x09, 0x09, 0x09, 0x09, 0x09, 0x09, 0x09, 0x09, 0x09, 0x09, 0x09, 0x09, 0x09, 0x09, 0x09, 0x09
    .byte 0x09, 0x09, 0x09, 0x09, 0x09, 0x09, 0x09, 0x09, 0x09, 0x09, 0x09, 0x09, 0x09, 0x09, 0x09, 0x09, 0x09, 0x09, 0x09, 0x09, 0x09, 0x09, 0x09, 0x09, 0x09, 0x09, 0x09, 0x09, 0x09, 0x09, 0x09, 0x09
    .byte 0x09, 0x09, 0x09, 0x09, 0x09, 0x09, 0x09, 0x09, 0x09, 0x09, 0x09, 0x09, 0x09, 0x09, 0x09, 0x09, 0x09, 0x09, 0x09, 0x09, 0x09, 0x09, 0x09, 0x09, 0x09, 0x09, 0x09, 0x09, 0x09, 0x09, 0x09, 0x09
    .byte 0x09, 0x09, 0x09, 0x09, 0x09, 0x09, 0x09, 0x09, 0x09, 0x09, 0x09, 0x09, 0x09, 0x09, 0x09, 0x09, 0x09, 0x09, 0x09, 0x09, 0x09, 0x09, 0x09, 0x09, 0x09, 0x09, 0x09, 0x09, 0x09, 0x09, 0x09, 0x09
    .byte 0x09, 0x09, 0x09, 0x09, 0x09, 0x09, 0x09, 0x09, 0x09, 0x09, 0x09, 0x09, 0x09, 0x09, 0x09, 0x09, 0x09, 0x09, 0x09, 0x09, 0x09, 0x09, 0x09, 0x09, 0x09, 0x09, 0x09, 0x09, 0x09, 0x09, 0x09, 0x09
    .byte 0x09, 0x09, 0x09, 0x09, 0x09, 0x09, 0x09, 0x09, 0x09, 0x09, 0x09, 0x09, 0x09, 0x09, 0x09, 0x09, 0x09, 0x09, 0x09, 0x09, 0x09, 0x09, 0x08, 0x08, 0x08, 0x08, 0x08, 0x08, 0x08, 0x08, 0x08, 0x08
    .byte 0x09, 0x09, 0x09, 0x09, 0x09, 0x09, 0x09, 0x09, 0x09, 0x09, 0x5A, 0x5A, 0x5A, 0x63, 0x63, 0x63, 0x63, 0x63, 0x63, 0x63, 0x5A, 0x5A, 0x5A, 0x09, 0x51, 0x09, 0x51, 0x09, 0x51, 0x09, 0x51, 0x09
    .byte 0x51, 0x09, 0x51, 0x09, 0x51, 0x09, 0x51, 0x09, 0x51, 0x09, 0x51, 0x09, 0x51, 0x09, 0x51, 0x09, 0x51, 0x09, 0x51, 0x09, 0x51, 0x09, 0x51, 0x09, 0x51, 0x09, 0x51, 0x09, 0x51, 0x09, 0x51, 0x09
    .byte 0x51, 0x09, 0x51, 0x09, 0x51, 0x09, 0x51, 0x09, 0x51, 0x09, 0x51, 0x09, 0x51, 0x09, 0x51, 0x09, 0x51, 0x09, 0x51, 0x09, 0x51, 0x09, 0x51, 0x09, 0x51, 0x09, 0x51, 0x09, 0x51, 0x09, 0x51, 0x09
    .byte 0x51, 0x09, 0x51, 0x09, 0x51, 0x09, 0x51, 0x09, 0x51, 0x09, 0x51, 0x09, 0x51, 0x09, 0x51, 0x09, 0x51, 0x09, 0x51, 0x09, 0x51, 0x09, 0x51, 0x09, 0x51, 0x09, 0x51, 0x09, 0x51, 0x09, 0x51, 0x09
    .byte 0x51, 0x09, 0x51, 0x09, 0x51, 0x09, 0x51, 0x09, 0x51, 0x09, 0x51, 0x09, 0x51, 0x09, 0x51, 0x09, 0x51, 0x09, 0x51, 0x09, 0x51, 0x09, 0x51, 0x09, 0x51, 0x09, 0x51, 0x09, 0x51, 0x09, 0x51, 0x09
    .byte 0x51, 0x09, 0x51, 0x09, 0x51, 0x09, 0x51, 0x09, 0x51, 0x09, 0x51, 0x09, 0x51, 0x09, 0x51, 0x09, 0x51, 0x09, 0x51, 0x09, 0x51, 0x09, 0x51, 0x09, 0x51, 0x09, 0x51, 0x09, 0x51, 0x09, 0x51, 0x09
    .byte 0x51, 0x09, 0x51, 0x09, 0x51, 0x09, 0x51, 0x09, 0x51, 0x09, 0x51, 0x09, 0x51, 0x09, 0x51, 0x09, 0x51, 0x09, 0x51, 0x09, 0x51, 0x09, 0x51, 0x09, 0x51, 0x09, 0x51, 0x09, 0x51, 0x09, 0x51, 0x09
    .byte 0x51, 0x09, 0x51, 0x09, 0x51, 0x09, 0x51, 0x09, 0x51, 0x09, 0x51, 0x09, 0x51, 0x09, 0x51, 0x09, 0x51, 0x09, 0x51, 0x09, 0x51, 0x09, 0x51, 0x09, 0x51, 0x09, 0x51, 0x09, 0x51, 0x09, 0x51, 0x09
    .byte 0x51, 0x09, 0x51, 0x09, 0x51, 0x09, 0x51, 0x09, 0x51, 0x09, 0x51, 0x09, 0x51, 0x09, 0x51, 0x09, 0x51, 0x09, 0x51, 0x09, 0x51, 0x09, 0x51, 0x09, 0x51, 0x09, 0x51, 0x09, 0x51, 0x09, 0x51, 0x09
    .byte 0x51, 0x09, 0x51, 0x09, 0x51, 0x09, 0x51, 0x09, 0x51, 0x09, 0x51, 0x09, 0x51, 0x09, 0x51, 0x09, 0x51, 0x09, 0x51, 0x09, 0x51, 0x09, 0x08, 0x08, 0x08, 0x08, 0x08, 0x08, 0x08, 0x08, 0x08, 0x08
    .byte 0x09, 0x09, 0x09, 0x09, 0x09, 0x09, 0x09, 0x09, 0x09, 0x09, 0x5A, 0x5A, 0x5A, 0x63, 0x63, 0x63, 0x63, 0x63, 0x63, 0x63, 0x5A, 0x5A, 0x5A, 0x09, 0x09, 0x09, 0x09, 0x09, 0x09, 0x09, 0x09, 0x09
    .byte 0x09, 0x09, 0x09, 0x09, 0x09, 0x09, 0x09, 0x09, 0x09, 0x09, 0x09, 0x09, 0x09, 0x09, 0x09, 0x09, 0x09, 0x09, 0x09, 0x09, 0x09, 0x09, 0x09, 0x09, 0x09, 0x09, 0x09, 0x09, 0x09, 0x09, 0x09, 0x09
    .byte 0x09, 0x09, 0x09, 0x09, 0x09, 0x09, 0x09, 0x09, 0x09, 0x09, 0x09, 0x09, 0x09, 0x09, 0x09, 0x09, 0x09, 0x09, 0x09, 0x09, 0x09, 0x09, 0x09, 0x09, 0x09, 0x09, 0x09, 0x09, 0x09, 0x09, 0x09, 0x09
    .byte 0x09, 0x09, 0x09, 0x09, 0x09, 0x09, 0x09, 0x09, 0x09, 0x09, 0x09, 0x09, 0x09, 0x09, 0x09, 0x09, 0x09, 0x09, 0x09, 0x09, 0x09, 0x09, 0x09, 0x09, 0x09, 0x09, 0x09, 0x09, 0x09, 0x09, 0x09, 0x09
    .byte 0x09, 0x09, 0x09, 0x09, 0x09, 0x09, 0x09, 0x09, 0x09, 0x09, 0x09, 0x09, 0x09, 0x09, 0x09, 0x09, 0x09, 0x09, 0x09, 0x09, 0x09, 0x09, 0x09, 0x09, 0x09, 0x09, 0x09, 0x09, 0x09, 0x09, 0x09, 0x09
    .byte 0x09, 0x09, 0x09, 0x09, 0x09, 0x09, 0x09, 0x09, 0x09, 0x09, 0x09, 0x09, 0x09, 0x09, 0x09, 0x09, 0x09, 0x09, 0x09, 0x09, 0x09, 0x09, 0x09, 0x09, 0x09, 0x09, 0x09, 0x09, 0x09, 0x09, 0x09, 0x09
    .byte 0x09, 0x09, 0x09, 0x09, 0x09, 0x09, 0x09, 0x09, 0x09, 0x09, 0x09, 0x09, 0x09, 0x09, 0x09, 0x09, 0x09, 0x09, 0x09, 0x09, 0x09, 0x09, 0x09, 0x09, 0x09, 0x09, 0x09, 0x09, 0x09, 0x09, 0x09, 0x09
    .byte 0x09, 0x09, 0x09, 0x09, 0x09, 0x09, 0x09, 0x09, 0x09, 0x09, 0x09, 0x09, 0x09, 0x09, 0x09, 0x09, 0x09, 0x09, 0x09, 0x09, 0x09, 0x09, 0x09, 0x09, 0x09, 0x09, 0x09, 0x09, 0x09, 0x09, 0x09, 0x09
    .byte 0x09, 0x09, 0x09, 0x09, 0x09, 0x09, 0x09, 0x09, 0x09, 0x09, 0x09, 0x09, 0x09, 0x09, 0x09, 0x09, 0x09, 0x09, 0x09, 0x09, 0x09, 0x09, 0x09, 0x09, 0x09, 0x09, 0x09, 0x09, 0x09, 0x09, 0x09, 0x09
    .byte 0x09, 0x09, 0x09, 0x09, 0x09, 0x09, 0x09, 0x09, 0x09, 0x09, 0x09, 0x09, 0x09, 0x09, 0x09, 0x09, 0x09, 0x09, 0x09, 0x09, 0x09, 0x09, 0x08, 0x08, 0x08, 0x08, 0x08, 0x08, 0x08, 0x08, 0x08, 0x08
    .byte 0x08, 0x08, 0x08, 0x08, 0x08, 0x08, 0x08, 0x08, 0x08, 0x08, 0x62, 0x62, 0x62, 0x63, 0x63, 0x63, 0x63, 0x63, 0x5A, 0x5A, 0x11, 0x11, 0x11, 0x09, 0x51, 0x09, 0x51, 0x09, 0x51, 0x09, 0x51, 0x09
    .byte 0x51, 0x09, 0x51, 0x09, 0x51, 0x09, 0x51, 0x09, 0x51, 0x09, 0x51, 0x09, 0x51, 0x09, 0x51, 0x09, 0x51, 0x09, 0x51, 0x09, 0x51, 0x09, 0x51, 0x09, 0x51, 0x09, 0x51, 0x09, 0x51, 0x09, 0x51, 0x09
    .byte 0x51, 0x09, 0x51, 0x09, 0x51, 0x09, 0x51, 0x09, 0x51, 0x09, 0x51, 0x09, 0x51, 0x09, 0x51, 0x00, 0x00, 0x00, 0x00, 0x00, 0x00, 0x00, 0x00, 0x00, 0x00, 0x00, 0x00, 0x09, 0x51, 0x09, 0x51, 0x09
    .byte 0x51, 0x09, 0x51, 0x09, 0x51, 0x09, 0x51, 0x09, 0x51, 0x09, 0x51, 0x09, 0x51, 0x09, 0x51, 0x09, 0x51, 0x09, 0x51, 0x09, 0x51, 0x09, 0x51, 0x09, 0x51, 0x09, 0x51, 0x09, 0x51, 0x09, 0x51, 0x09
    .byte 0x51, 0x09, 0x51, 0x09, 0x51, 0x09, 0x51, 0x09, 0x51, 0x09, 0x51, 0x09, 0x51, 0x09, 0x51, 0x09, 0x51, 0x09, 0x51, 0x09, 0x51, 0x09, 0x51, 0x09, 0x51, 0x09, 0x51, 0x09, 0x51, 0x09, 0x51, 0x09
    .byte 0x51, 0x09, 0x51, 0x09, 0x51, 0x09, 0x51, 0x09, 0x51, 0x09, 0x51, 0x09, 0x51, 0x09, 0x51, 0x09, 0x51, 0x09, 0x51, 0x09, 0x51, 0x09, 0x51, 0x09, 0x51, 0x09, 0x51, 0x09, 0x51, 0x09, 0x51, 0x09
    .byte 0x51, 0x09, 0x51, 0x09, 0x51, 0x09, 0x51, 0x09, 0x51, 0x09, 0x51, 0x09, 0x51, 0x09, 0x51, 0x09, 0x51, 0x09, 0x51, 0x09, 0x51, 0x09, 0x51, 0x09, 0x51, 0x09, 0x51, 0x09, 0x51, 0x09, 0x51, 0x09
    .byte 0x51, 0x09, 0x51, 0x09, 0x51, 0x09, 0x51, 0x09, 0x51, 0x09, 0x51, 0x09, 0x51, 0x09, 0x51, 0x09, 0x51, 0x09, 0x51, 0x09, 0x51, 0x09, 0x51, 0x09, 0x51, 0x09, 0x51, 0x09, 0x51, 0x09, 0x51, 0x09
    .byte 0x51, 0x09, 0x51, 0x09, 0x51, 0x09, 0x51, 0x09, 0x51, 0x09, 0x51, 0x09, 0x51, 0x09, 0x51, 0x09, 0x51, 0x09, 0x51, 0x09, 0x51, 0x09, 0x51, 0x09, 0x51, 0x09, 0x51, 0x09, 0x51, 0x09, 0x51, 0x09
    .byte 0x51, 0x09, 0x51, 0x09, 0x51, 0x09, 0x51, 0x09, 0x51, 0x09, 0x51, 0x09, 0x51, 0x09, 0x51, 0x09, 0x51, 0x09, 0x51, 0x09, 0x51, 0x09, 0x08, 0x08, 0x08, 0x08, 0x08, 0x08, 0x08, 0x08, 0x08, 0x08
    .byte 0x08, 0x08, 0x08, 0x08, 0x08, 0x08, 0x08, 0x08, 0x08, 0x08, 0x62, 0x62, 0x62, 0x63, 0x63, 0x63, 0x63, 0x63, 0x5A, 0x5A, 0x11, 0x11, 0x11, 0x09, 0x09, 0x09, 0x09, 0x09, 0x09, 0x09, 0x09, 0x09
    .byte 0x09, 0x09, 0x09, 0x09, 0x09, 0x09, 0x09, 0x09, 0x09, 0x09, 0x09, 0x09, 0x09, 0x09, 0x09, 0x09, 0x09, 0x09, 0x09, 0x09, 0x09, 0x09, 0x09, 0x09, 0x09, 0x09, 0x09, 0x09, 0x09, 0x09, 0x09, 0x09
    .byte 0x09, 0x09, 0x09, 0x09, 0x09, 0x09, 0x09, 0x09, 0x09, 0x09, 0x09, 0x09, 0x09, 0x09, 0x09, 0x00, 0x00, 0x00, 0x00, 0x00, 0x00, 0x00, 0x00, 0x00, 0x00, 0x00, 0x00, 0x09, 0x09, 0x09, 0x09, 0x09
    .byte 0x09, 0x09, 0x09, 0x09, 0x09, 0x09, 0x09, 0x09, 0x09, 0x09, 0x09, 0x09, 0x09, 0x09, 0x09, 0x09, 0x09, 0x09, 0x09, 0x09, 0x09, 0x09, 0x09, 0x09, 0x09, 0x09, 0x09, 0x09, 0x09, 0x09, 0x09, 0x09
    .byte 0x09, 0x09, 0x09, 0x09, 0x09, 0x09, 0x09, 0x09, 0x09, 0x09, 0x09, 0x09, 0x09, 0x09, 0x09, 0x09, 0x09, 0x09, 0x09, 0x09, 0x09, 0x09, 0x09, 0x09, 0x09, 0x09, 0x09, 0x09, 0x09, 0x09, 0x09, 0x09
    .byte 0x09, 0x09, 0x09, 0x09, 0x09, 0x09, 0x09, 0x09, 0x09, 0x09, 0x09, 0x09, 0x09, 0x09, 0x09, 0x09, 0x09, 0x09, 0x09, 0x09, 0x09, 0x09, 0x09, 0x09, 0x09, 0x09, 0x09, 0x09, 0x09, 0x09, 0x09, 0x09
    .byte 0x09, 0x09, 0x09, 0x09, 0x09, 0x09, 0x09, 0x09, 0x09, 0x09, 0x09, 0x09, 0x09, 0x09, 0x09, 0x09, 0x09, 0x09, 0x09, 0x09, 0x09, 0x09, 0x09, 0x09, 0x09, 0x09, 0x09, 0x09, 0x09, 0x09, 0x09, 0x09
    .byte 0x09, 0x09, 0x09, 0x09, 0x09, 0x09, 0x09, 0x09, 0x09, 0x09, 0x09, 0x09, 0x09, 0x09, 0x09, 0x09, 0x09, 0x09, 0x09, 0x09, 0x09, 0x09, 0x09, 0x09, 0x09, 0x09, 0x09, 0x09, 0x09, 0x09, 0x09, 0x09
    .byte 0x09, 0x09, 0x09, 0x09, 0x09, 0x09, 0x09, 0x09, 0x09, 0x09, 0x09, 0x09, 0x09, 0x09, 0x09, 0x09, 0x09, 0x09, 0x09, 0x09, 0x09, 0x09, 0x09, 0x09, 0x09, 0x09, 0x09, 0x09, 0x09, 0x09, 0x09, 0x09
    .byte 0x09, 0x09, 0x09, 0x09, 0x09, 0x09, 0x09, 0x09, 0x09, 0x09, 0x09, 0x09, 0x09, 0x09, 0x09, 0x09, 0x09, 0x09, 0x09, 0x09, 0x09, 0x09, 0x51, 0x51, 0x51, 0x51, 0x51, 0x51, 0x51, 0x51, 0x51, 0x51
    .byte 0x08, 0x08, 0x08, 0x08, 0x08, 0x08, 0x08, 0x08, 0x08, 0x08, 0x62, 0x62, 0x62, 0x63, 0x63, 0x63, 0x63, 0x63, 0x5A, 0x5A, 0x11, 0x11, 0x11, 0x09, 0x51, 0x09, 0x51, 0x09, 0x51, 0x09, 0x51, 0x09
    .byte 0x51, 0x09, 0x51, 0x09, 0x51, 0x09, 0x51, 0x09, 0x51, 0x09, 0x51, 0x09, 0x51, 0x09, 0x51, 0x09, 0x51, 0x09, 0x51, 0x09, 0x51, 0x09, 0x51, 0x09, 0x51, 0x09, 0x51, 0x09, 0x51, 0x09, 0x51, 0x09
    .byte 0x51, 0x09, 0x51, 0x09, 0x51, 0x09, 0x51, 0x09, 0x51, 0x09, 0x51, 0x09, 0x51, 0x09, 0x51, 0x00, 0x00, 0x00, 0x00, 0x00, 0x00, 0x00, 0x00, 0x00, 0x00, 0x00, 0x00, 0x09, 0x51, 0x09, 0x51, 0x09
    .byte 0x51, 0x09, 0x51, 0x09, 0x51, 0x09, 0x51, 0x09, 0x51, 0x09, 0x51, 0x09, 0x51, 0x09, 0x51, 0x09, 0x51, 0x09, 0x51, 0x09, 0x51, 0x09, 0x51, 0x09, 0x51, 0x09, 0x51, 0x09, 0x51, 0x09, 0x51, 0x09
    .byte 0x51, 0x09, 0x51, 0x09, 0x51, 0x09, 0x51, 0x09, 0x51, 0x09, 0x51, 0x09, 0x51, 0x09, 0x51, 0x09, 0x51, 0x09, 0x51, 0x09, 0x51, 0x09, 0x51, 0x09, 0x51, 0x09, 0x51, 0x09, 0x51, 0x09, 0x51, 0x09
    .byte 0x51, 0x09, 0x51, 0x09, 0x51, 0x09, 0x51, 0x09, 0x51, 0x09, 0x51, 0x09, 0x51, 0x09, 0x51, 0x09, 0x51, 0x09, 0x51, 0x09, 0x51, 0x09, 0x51, 0x09, 0x51, 0x09, 0x51, 0x09, 0x51, 0x09, 0x51, 0x09
    .byte 0x51, 0x09, 0x51, 0x09, 0x51, 0x09, 0x51, 0x09, 0x51, 0x09, 0x51, 0x09, 0x51, 0x09, 0x51, 0x09, 0x51, 0x09, 0x51, 0x09, 0x51, 0x09, 0x51, 0x09, 0x51, 0x09, 0x51, 0x09, 0x51, 0x09, 0x51, 0x09
    .byte 0x51, 0x09, 0x51, 0x09, 0x51, 0x09, 0x51, 0x09, 0x51, 0x09, 0x51, 0x09, 0x51, 0x09, 0x51, 0x09, 0x51, 0x09, 0x51, 0x09, 0x51, 0x09, 0x51, 0x09, 0x51, 0x09, 0x51, 0x09, 0x51, 0x09, 0x51, 0x09
    .byte 0x51, 0x09, 0x51, 0x09, 0x51, 0x09, 0x51, 0x09, 0x51, 0x09, 0x51, 0x09, 0x51, 0x09, 0x51, 0x09, 0x51, 0x09, 0x51, 0x09, 0x51, 0x09, 0x51, 0x09, 0x51, 0x09, 0x51, 0x09, 0x51, 0x09, 0x51, 0x09
    .byte 0x51, 0x09, 0x51, 0x09, 0x51, 0x09, 0x51, 0x09, 0x51, 0x09, 0x51, 0x09, 0x51, 0x09, 0x51, 0x09, 0x51, 0x09, 0x51, 0x09, 0x51, 0x09, 0x51, 0x51, 0x51, 0x51, 0x51, 0x51, 0x51, 0x51, 0x51, 0x51
    .byte 0x08, 0x08, 0x08, 0x08, 0x08, 0x08, 0x08, 0x08, 0x08, 0x08, 0x63, 0x63, 0x63, 0x63, 0x63, 0x5A, 0x5A, 0x5A, 0x5A, 0x5A, 0x09, 0x09, 0x09, 0x52, 0x52, 0x52, 0x09, 0x09, 0x09, 0x09, 0x09, 0x09
    .byte 0x09, 0x09, 0x09, 0x09, 0x09, 0x09, 0x09, 0x09, 0x09, 0x09, 0x09, 0x09, 0x09, 0x09, 0x09, 0x09, 0x09, 0x09, 0x09, 0x09, 0x09, 0x09, 0x09, 0x09, 0x09, 0x09, 0x09, 0x09, 0x09, 0x09, 0x09, 0x09
    .byte 0x09, 0x09, 0x09, 0x09, 0x09, 0x09, 0x09, 0x09, 0x09, 0x09, 0x09, 0x09, 0x09, 0x09, 0x09, 0x00, 0x00, 0x00, 0x00, 0x00, 0x00, 0x00, 0x00, 0x00, 0x00, 0x00, 0x00, 0x09, 0x09, 0x09, 0x09, 0x09
    .byte 0x09, 0x09, 0x09, 0x09, 0x09, 0x09, 0x09, 0x09, 0x09, 0x09, 0x09, 0x09, 0x09, 0x09, 0x09, 0x09, 0x09, 0x09, 0x09, 0x09, 0x09, 0x09, 0x09, 0x09, 0x09, 0x09, 0x09, 0x09, 0x09, 0x09, 0x09, 0x09
    .byte 0x09, 0x09, 0x09, 0x09, 0x09, 0x09, 0x09, 0x09, 0x09, 0x09, 0x09, 0x09, 0x09, 0x09, 0x09, 0x09, 0x09, 0x09, 0x09, 0x09, 0x09, 0x09, 0x09, 0x09, 0x09, 0x09, 0x09, 0x09, 0x09, 0x09, 0x00, 0x00
    .byte 0x00, 0x00, 0x00, 0x00, 0x37, 0x37, 0x37, 0x37, 0x00, 0x00, 0x00, 0x00, 0x00, 0x00, 0x37, 0x37, 0x37, 0x37, 0x00, 0x00, 0x00, 0x00, 0x00, 0x00, 0x37, 0x37, 0x37, 0x37, 0x00, 0x00, 0x00, 0x00
    .byte 0x00, 0x00, 0x37, 0x37, 0x37, 0x37, 0x00, 0x00, 0x00, 0x00, 0x00, 0x00, 0x37, 0x37, 0x37, 0x37, 0x00, 0x00, 0x00, 0x00, 0x00, 0x00, 0x37, 0x37, 0x37, 0x37, 0x00, 0x00, 0x00, 0x00, 0x00, 0x00
    .byte 0x37, 0x37, 0x37, 0x37, 0x00, 0x00, 0x00, 0x00, 0x00, 0x00, 0x37, 0x37, 0x37, 0x37, 0x00, 0x00, 0x00, 0x00, 0x00, 0x00, 0x37, 0x37, 0x37, 0x37, 0x00, 0x00, 0x00, 0x00, 0x00, 0x00, 0x37, 0x37
    .byte 0x37, 0x37, 0x00, 0x00, 0x00, 0x00, 0x00, 0x00, 0x37, 0x37, 0x37, 0x37, 0x00, 0x00, 0x00, 0x00, 0x00, 0x00, 0x37, 0x37, 0x37, 0x37, 0x00, 0x00, 0x00, 0x00, 0x00, 0x00, 0x37, 0x37, 0x37, 0x37
    .byte 0x00, 0x00, 0x00, 0x00, 0x00, 0x00, 0x09, 0x09, 0x09, 0x09, 0x09, 0x09, 0x09, 0x09, 0x09, 0x09, 0x09, 0x09, 0x09, 0x09, 0x09, 0x09, 0x51, 0x51, 0x51, 0x51, 0x51, 0x51, 0x51, 0x51, 0x51, 0x51
    .byte 0x08, 0x08, 0x08, 0x08, 0x08, 0x08, 0x08, 0x08, 0x08, 0x08, 0x63, 0x63, 0x63, 0x63, 0x63, 0x5A, 0x5A, 0x5A, 0x5A, 0x5A, 0x51, 0x09, 0x51, 0x52, 0x52, 0x52, 0x51, 0x09, 0x51, 0x09, 0x51, 0x09
    .byte 0x51, 0x09, 0x51, 0x09, 0x51, 0x09, 0x51, 0x09, 0x51, 0x09, 0x51, 0x09, 0x51, 0x09, 0x51, 0x09, 0x51, 0x09, 0x51, 0x09, 0x51, 0x09, 0x51, 0x09, 0x51, 0x09, 0x51, 0x09, 0x51, 0x09, 0x51, 0x09
    .byte 0x51, 0x09, 0x51, 0x09, 0x51, 0x09, 0x51, 0x09, 0x51, 0x09, 0x51, 0x09, 0x51, 0x09, 0x51, 0x00, 0x00, 0x00, 0x00, 0x00, 0x00, 0x00, 0x00, 0x00, 0x00, 0x00, 0x00, 0x09, 0x51, 0x09, 0x51, 0x09
    .byte 0x51, 0x09, 0x51, 0x09, 0x51, 0x09, 0x51, 0x09, 0x51, 0x09, 0x51, 0x09, 0x51, 0x09, 0x51, 0x09, 0x51, 0x09, 0x51, 0x09, 0x51, 0x09, 0x51, 0x09, 0x51, 0x09, 0x51, 0x09, 0x51, 0x09, 0x51, 0x09
    .byte 0x51, 0x09, 0x51, 0x09, 0x51, 0x09, 0x51, 0x09, 0x51, 0x09, 0x51, 0x09, 0x51, 0x09, 0x51, 0x09, 0x51, 0x09, 0x51, 0x09, 0x51, 0x09, 0x51, 0x09, 0x51, 0x09, 0x51, 0x09, 0x51, 0x09, 0x00, 0x00
    .byte 0x00, 0x00, 0x00, 0x00, 0x37, 0x37, 0x37, 0x37, 0x00, 0x00, 0x00, 0x00, 0x00, 0x00, 0x37, 0x37, 0x37, 0x37, 0x00, 0x00, 0x00, 0x00, 0x00, 0x00, 0x37, 0x37, 0x37, 0x37, 0x00, 0x00, 0x00, 0x00
    .byte 0x00, 0x00, 0x37, 0x37, 0x37, 0x37, 0x00, 0x00, 0x00, 0x00, 0x00, 0x00, 0x37, 0x37, 0x37, 0x37, 0x00, 0x00, 0x00, 0x00, 0x00, 0x00, 0x37, 0x37, 0x37, 0x37, 0x00, 0x00, 0x00, 0x00, 0x00, 0x00
    .byte 0x37, 0x37, 0x37, 0x37, 0x00, 0x00, 0x00, 0x00, 0x00, 0x00, 0x37, 0x37, 0x37, 0x37, 0x00, 0x00, 0x00, 0x00, 0x00, 0x00, 0x37, 0x37, 0x37, 0x37, 0x00, 0x00, 0x00, 0x00, 0x00, 0x00, 0x37, 0x37
    .byte 0x37, 0x37, 0x00, 0x00, 0x00, 0x00, 0x00, 0x00, 0x37, 0x37, 0x37, 0x37, 0x00, 0x00, 0x00, 0x00, 0x00, 0x00, 0x37, 0x37, 0x37, 0x37, 0x00, 0x00, 0x00, 0x00, 0x00, 0x00, 0x37, 0x37, 0x37, 0x37
    .byte 0x00, 0x00, 0x00, 0x00, 0x00, 0x00, 0x51, 0x09, 0x51, 0x09, 0x51, 0x09, 0x51, 0x09, 0x51, 0x09, 0x51, 0x09, 0x51, 0x09, 0x51, 0x09, 0x51, 0x51, 0x51, 0x51, 0x51, 0x51, 0x51, 0x51, 0x51, 0x51
    .byte 0x08, 0x08, 0x08, 0x08, 0x08, 0x08, 0x08, 0x08, 0x08, 0x08, 0x63, 0x63, 0x63, 0x63, 0x63, 0x5A, 0x5A, 0x5A, 0x5A, 0x5A, 0x09, 0x09, 0x09, 0x52, 0x52, 0x52, 0x09, 0x09, 0x09, 0x09, 0x09, 0x09
    .byte 0x09, 0x09, 0x09, 0x09, 0x09, 0x09, 0x09, 0x09, 0x09, 0x09, 0x09, 0x09, 0x09, 0x09, 0x09, 0x09, 0x09, 0x09, 0x09, 0x09, 0x09, 0x09, 0x09, 0x09, 0x09, 0x09, 0x09, 0x09, 0x09, 0x09, 0x09, 0x09
    .byte 0x09, 0x09, 0x09, 0x09, 0x09, 0x09, 0x09, 0x09, 0x09, 0x09, 0x09, 0x09, 0x09, 0x09, 0x09, 0x00, 0x00, 0x00, 0x00, 0x00, 0x00, 0x00, 0x00, 0x00, 0x00, 0x00, 0x00, 0x09, 0x09, 0x09, 0x09, 0x09
    .byte 0x09, 0x09, 0x09, 0x09, 0x09, 0x09, 0x09, 0x09, 0x09, 0x09, 0x09, 0x09, 0x09, 0x09, 0x09, 0x09, 0x09, 0x09, 0x09, 0x09, 0x09, 0x09, 0x09, 0x09, 0x09, 0x09, 0x09, 0x09, 0x09, 0x09, 0x09, 0x09
    .byte 0x09, 0x09, 0x09, 0x09, 0x09, 0x09, 0x09, 0x09, 0x09, 0x09, 0x09, 0x09, 0x09, 0x09, 0x09, 0x09, 0x09, 0x09, 0x09, 0x09, 0x09, 0x09, 0x09, 0x09, 0x09, 0x09, 0x09, 0x09, 0x09, 0x09, 0x00, 0x00
    .byte 0x00, 0x00, 0x00, 0x00, 0x37, 0x37, 0x37, 0x37, 0x00, 0x00, 0x00, 0x00, 0x00, 0x00, 0x37, 0x37, 0x37, 0x37, 0x00, 0x00, 0x00, 0x00, 0x00, 0x00, 0x37, 0x37, 0x37, 0x37, 0x00, 0x00, 0x00, 0x00
    .byte 0x00, 0x00, 0x37, 0x37, 0x37, 0x37, 0x00, 0x00, 0x00, 0x00, 0x00, 0x00, 0x37, 0x37, 0x37, 0x37, 0x00, 0x00, 0x00, 0x00, 0x00, 0x00, 0x37, 0x37, 0x37, 0x37, 0x00, 0x00, 0x00, 0x00, 0x00, 0x00
    .byte 0x37, 0x37, 0x37, 0x37, 0x00, 0x00, 0x00, 0x00, 0x00, 0x00, 0x37, 0x37, 0x37, 0x37, 0x00, 0x00, 0x00, 0x00, 0x00, 0x00, 0x37, 0x37, 0x37, 0x37, 0x00, 0x00, 0x00, 0x00, 0x00, 0x00, 0x37, 0x37
    .byte 0x37, 0x37, 0x00, 0x00, 0x00, 0x00, 0x00, 0x00, 0x37, 0x37, 0x37, 0x37, 0x00, 0x00, 0x00, 0x00, 0x00, 0x00, 0x37, 0x37, 0x37, 0x37, 0x00, 0x00, 0x00, 0x00, 0x00, 0x00, 0x37, 0x37, 0x37, 0x37
    .byte 0x00, 0x00, 0x00, 0x00, 0x00, 0x00, 0x09, 0x09, 0x09, 0x09, 0x09, 0x09, 0x09, 0x09, 0x09, 0x09, 0x09, 0x09, 0x09, 0x09, 0x09, 0x09, 0x51, 0x51, 0x51, 0x51, 0x51, 0x51, 0x51, 0x51, 0x51, 0x51
    .byte 0x08, 0x08, 0x08, 0x08, 0x08, 0x08, 0x08, 0x08, 0x08, 0x08, 0x6B, 0x6B, 0x6B, 0x63, 0x63, 0x5A, 0x5A, 0x5A, 0x11, 0x11, 0x51, 0x09, 0x51, 0x09, 0x51, 0x09, 0x51, 0x09, 0x51, 0x09, 0x51, 0x09
    .byte 0x51, 0x09, 0x51, 0x09, 0x51, 0x09, 0x51, 0x09, 0x51, 0x09, 0x51, 0x09, 0x51, 0x09, 0x51, 0x09, 0x51, 0x09, 0x51, 0x09, 0x51, 0x09, 0x51, 0x09, 0x51, 0x09, 0x51, 0x09, 0x51, 0x09, 0x51, 0x09
    .byte 0x51, 0x09, 0x51, 0x09, 0x51, 0x09, 0x51, 0x09, 0x51, 0x09, 0x51, 0x09, 0x51, 0x09, 0x51, 0x37, 0x37, 0x37, 0x37, 0x37, 0x37, 0x37, 0x37, 0x37, 0x37, 0x37, 0x37, 0x09, 0x51, 0x09, 0x51, 0x09
    .byte 0x51, 0x09, 0x51, 0x09, 0x51, 0x09, 0x51, 0x09, 0x51, 0x09, 0x51, 0x09, 0x51, 0x09, 0x51, 0x09, 0x51, 0x09, 0x51, 0x09, 0x51, 0x09, 0x51, 0x09, 0x51, 0x09, 0x51, 0x09, 0x51, 0x09, 0x51, 0x09
    .byte 0x51, 0x09, 0x51, 0x09, 0x51, 0x09, 0x51, 0x09, 0x51, 0x09, 0x51, 0x09, 0x51, 0x09, 0x51, 0x09, 0x51, 0x09, 0x51, 0x09, 0x51, 0x09, 0x51, 0x09, 0x51, 0x09, 0x51, 0x09, 0x51, 0x09, 0x00, 0x00
    .byte 0x00, 0x00, 0x00, 0x00, 0x37, 0x37, 0x37, 0x37, 0x00, 0x00, 0x00, 0x00, 0x00, 0x00, 0x37, 0x37, 0x37, 0x37, 0x00, 0x00, 0x00, 0x00, 0x00, 0x00, 0x37, 0x37, 0x37, 0x37, 0x00, 0x00, 0x00, 0x00
    .byte 0x00, 0x00, 0x37, 0x37, 0x37, 0x37, 0x00, 0x00, 0x00, 0x00, 0x00, 0x00, 0x37, 0x37, 0x37, 0x37, 0x00, 0x00, 0x00, 0x00, 0x00, 0x00, 0x37, 0x37, 0x37, 0x37, 0x00, 0x00, 0x00, 0x00, 0x00, 0x00
    .byte 0x37, 0x37, 0x37, 0x37, 0x00, 0x00, 0x00, 0x00, 0x00, 0x00, 0x37, 0x37, 0x37, 0x37, 0x00, 0x00, 0x00, 0x00, 0x00, 0x00, 0x37, 0x37, 0x37, 0x37, 0x00, 0x00, 0x00, 0x00, 0x00, 0x00, 0x37, 0x37
    .byte 0x37, 0x37, 0x00, 0x00, 0x00, 0x00, 0x00, 0x00, 0x37, 0x37, 0x37, 0x37, 0x00, 0x00, 0x00, 0x00, 0x00, 0x00, 0x37, 0x37, 0x37, 0x37, 0x00, 0x00, 0x00, 0x00, 0x00, 0x00, 0x37, 0x37, 0x37, 0x37
    .byte 0x00, 0x00, 0x00, 0x00, 0x00, 0x00, 0x51, 0x09, 0x51, 0x09, 0x51, 0x09, 0x51, 0x09, 0x51, 0x09, 0x51, 0x09, 0x51, 0x09, 0x51, 0x09, 0x51, 0x51, 0x51, 0x51, 0x51, 0x51, 0x51, 0x51, 0x51, 0x51
    .byte 0x08, 0x08, 0x08, 0x08, 0x08, 0x08, 0x08, 0x08, 0x08, 0x08, 0x6B, 0x6B, 0x6B, 0x63, 0x63, 0x5A, 0x5A, 0x5A, 0x11, 0x11, 0x09, 0x09, 0x09, 0x09, 0x09, 0x09, 0x09, 0x09, 0x09, 0x09, 0x09, 0x09
    .byte 0x09, 0x09, 0x09, 0x09, 0x09, 0x09, 0x09, 0x09, 0x09, 0x09, 0x09, 0x09, 0x09, 0x09, 0x09, 0x09, 0x09, 0x09, 0x09, 0x09, 0x09, 0x09, 0x09, 0x09, 0x09, 0x09, 0x09, 0x09, 0x09, 0x09, 0x09, 0x09
    .byte 0x09, 0x09, 0x09, 0x09, 0x09, 0x09, 0x09, 0x09, 0x09, 0x09, 0x09, 0x09, 0x09, 0x09, 0x09, 0x37, 0x37, 0x37, 0x37, 0x37, 0x37, 0x37, 0x37, 0x37, 0x37, 0x37, 0x37, 0x09, 0x09, 0x09, 0x09, 0x09
    .byte 0x09, 0x09, 0x09, 0x09, 0x09, 0x09, 0x09, 0x09, 0x09, 0x09, 0x09, 0x09, 0x09, 0x09, 0x09, 0x09, 0x09, 0x09, 0x09, 0x09, 0x09, 0x09, 0x09, 0x09, 0x09, 0x09, 0x09, 0x09, 0x09, 0x09, 0x09, 0x09
    .byte 0x09, 0x09, 0x09, 0x09, 0x09, 0x09, 0x09, 0x09, 0x09, 0x09, 0x09, 0x09, 0x09, 0x09, 0x09, 0x09, 0x09, 0x09, 0x09, 0x09, 0x09, 0x09, 0x09, 0x09, 0x09, 0x09, 0x09, 0x09, 0x09, 0x09, 0x00, 0x00
    .byte 0x00, 0x00, 0x00, 0x00, 0x37, 0x37, 0x37, 0x37, 0x00, 0x00, 0x00, 0x00, 0x00, 0x00, 0x37, 0x37, 0x37, 0x37, 0x00, 0x00, 0x00, 0x00, 0x00, 0x00, 0x37, 0x37, 0x37, 0x37, 0x00, 0x00, 0x00, 0x00
    .byte 0x00, 0x00, 0x37, 0x37, 0x37, 0x37, 0x00, 0x00, 0x00, 0x00, 0x00, 0x00, 0x37, 0x37, 0x37, 0x37, 0x00, 0x00, 0x00, 0x00, 0x00, 0x00, 0x37, 0x37, 0x37, 0x37, 0x00, 0x00, 0x00, 0x00, 0x00, 0x00
    .byte 0x37, 0x37, 0x37, 0x37, 0x00, 0x00, 0x00, 0x00, 0x00, 0x00, 0x37, 0x37, 0x37, 0x37, 0x00, 0x00, 0x00, 0x00, 0x00, 0x00, 0x37, 0x37, 0x37, 0x37, 0x00, 0x00, 0x00, 0x00, 0x00, 0x00, 0x37, 0x37
    .byte 0x37, 0x37, 0x00, 0x00, 0x00, 0x00, 0x00, 0x00, 0x37, 0x37, 0x37, 0x37, 0x00, 0x00, 0x00, 0x00, 0x00, 0x00, 0x37, 0x37, 0x37, 0x37, 0x00, 0x00, 0x00, 0x00, 0x00, 0x00, 0x37, 0x37, 0x37, 0x37
    .byte 0x00, 0x00, 0x00, 0x00, 0x00, 0x00, 0x09, 0x09, 0x09, 0x09, 0x09, 0x09, 0x09, 0x09, 0x09, 0x09, 0x09, 0x09, 0x09, 0x09, 0x09, 0x09, 0x51, 0x51, 0x51, 0x51, 0x51, 0x51, 0x51, 0x51, 0x51, 0x51
    .byte 0x08, 0x08, 0x08, 0x08, 0x08, 0x08, 0x08, 0x08, 0x08, 0x08, 0x6B, 0x6B, 0x6B, 0x5A, 0x5A, 0x11, 0x11, 0x11, 0x51, 0x09, 0x51, 0x09, 0x51, 0x09, 0x51, 0x09, 0x51, 0x09, 0x51, 0x09, 0x51, 0x09
    .byte 0x51, 0x09, 0x51, 0x09, 0x51, 0x09, 0x51, 0x09, 0x51, 0x09, 0x51, 0x09, 0x51, 0x09, 0x51, 0x09, 0x51, 0x09, 0x51, 0x09, 0x51, 0x09, 0x51, 0x09, 0x51, 0x09, 0x51, 0x09, 0x51, 0x09, 0x51, 0x09
    .byte 0x51, 0x09, 0x51, 0x09, 0x51, 0x09, 0x51, 0x09, 0x51, 0x09, 0x51, 0x09, 0x51, 0x09, 0x51, 0x37, 0x37, 0x37, 0x37, 0x37, 0x37, 0x37, 0x37, 0x37, 0x37, 0x37, 0x37, 0x09, 0x51, 0x09, 0x51, 0x09
    .byte 0x51, 0x09, 0x51, 0x09, 0x51, 0x09, 0x51, 0x09, 0x51, 0x09, 0x51, 0x09, 0x51, 0x09, 0x51, 0x09, 0x51, 0x09, 0x51, 0x09, 0x51, 0x09, 0x51, 0x09, 0x51, 0x09, 0x51, 0x09, 0x51, 0x09, 0x51, 0x09
    .byte 0x51, 0x09, 0x51, 0x09, 0x51, 0x09, 0x51, 0x09, 0x51, 0x09, 0x51, 0x09, 0x51, 0x09, 0x51, 0x09, 0x51, 0x09, 0x51, 0x09, 0x51, 0x09, 0x51, 0x09, 0x51, 0x09, 0x51, 0x09, 0x51, 0x09, 0x00, 0x00
    .byte 0x00, 0x00, 0x00, 0x00, 0x37, 0x37, 0x37, 0x37, 0x00, 0x00, 0x00, 0x00, 0x00, 0x00, 0x37, 0x37, 0x37, 0x37, 0x00, 0x00, 0x00, 0x00, 0x00, 0x00, 0x37, 0x37, 0x37, 0x37, 0x00, 0x00, 0x00, 0x00
    .byte 0x00, 0x00, 0x37, 0x37, 0x37, 0x37, 0x00, 0x00, 0x00, 0x00, 0x00, 0x00, 0x37, 0x37, 0x37, 0x37, 0x00, 0x00, 0x00, 0x00, 0x00, 0x00, 0x37, 0x37, 0x37, 0x37, 0x00, 0x00, 0x00, 0x00, 0x00, 0x00
    .byte 0x37, 0x37, 0x37, 0x37, 0x00, 0x00, 0x00, 0x00, 0x00, 0x00, 0x37, 0x37, 0x37, 0x37, 0x00, 0x00, 0x00, 0x00, 0x00, 0x00, 0x37, 0x37, 0x37, 0x37, 0x00, 0x00, 0x00, 0x00, 0x00, 0x00, 0x37, 0x37
    .byte 0x37, 0x37, 0x00, 0x00, 0x00, 0x00, 0x00, 0x00, 0x37, 0x37, 0x37, 0x37, 0x00, 0x00, 0x00, 0x00, 0x00, 0x00, 0x37, 0x37, 0x37, 0x37, 0x00, 0x00, 0x00, 0x00, 0x00, 0x00, 0x37, 0x37, 0x37, 0x37
    .byte 0x00, 0x00, 0x00, 0x00, 0x00, 0x00, 0x51, 0x09, 0x51, 0x09, 0x51, 0x09, 0x51, 0x09, 0x51, 0x09, 0x51, 0x09, 0x51, 0x09, 0x51, 0x09, 0x51, 0x51, 0x51, 0x51, 0x51, 0x51, 0x51, 0x51, 0x51, 0x51
    .byte 0x08, 0x08, 0x08, 0x08, 0x08, 0x08, 0x08, 0x08, 0x08, 0x08, 0x6B, 0x6B, 0x6B, 0x5A, 0x5A, 0x11, 0x11, 0x11, 0x09, 0x09, 0x09, 0x09, 0x09, 0x09, 0x09, 0x09, 0x09, 0x09, 0x09, 0x09, 0x09, 0x09
    .byte 0x09, 0x09, 0x09, 0x09, 0x09, 0x09, 0x09, 0x09, 0x09, 0x09, 0x09, 0x09, 0x09, 0x09, 0x09, 0x09, 0x09, 0x09, 0x09, 0x09, 0x09, 0x09, 0x09, 0x09, 0x09, 0x09, 0x09, 0x09, 0x09, 0x09, 0x09, 0x09
    .byte 0x09, 0x09, 0x09, 0x09, 0x09, 0x09, 0x09, 0x09, 0x09, 0x09, 0x09, 0x09, 0x09, 0x09, 0x09, 0x00, 0x00, 0x00, 0x00, 0x00, 0x00, 0x00, 0x00, 0x00, 0x00, 0x00, 0x00, 0x09, 0x09, 0x09, 0x09, 0x09
    .byte 0x09, 0x09, 0x09, 0x09, 0x09, 0x09, 0x09, 0x09, 0x09, 0x09, 0x09, 0x09, 0x09, 0x09, 0x09, 0x09, 0x09, 0x09, 0x09, 0x09, 0x09, 0x09, 0x09, 0x09, 0x09, 0x09, 0x09, 0x09, 0x09, 0x09, 0x09, 0x09
    .byte 0x09, 0x09, 0x09, 0x09, 0x09, 0x09, 0x09, 0x09, 0x09, 0x09, 0x09, 0x09, 0x09, 0x09, 0x09, 0x09, 0x09, 0x09, 0x09, 0x09, 0x09, 0x09, 0x09, 0x09, 0x09, 0x09, 0x09, 0x09, 0x09, 0x09, 0x00, 0x00
    .byte 0x00, 0x00, 0x00, 0x00, 0x37, 0x37, 0x37, 0x37, 0x00, 0x00, 0x00, 0x00, 0x00, 0x00, 0x37, 0x37, 0x37, 0x37, 0x00, 0x00, 0x00, 0x00, 0x00, 0x00, 0x37, 0x37, 0x37, 0x37, 0x00, 0x00, 0x00, 0x00
    .byte 0x00, 0x00, 0x37, 0x37, 0x37, 0x37, 0x00, 0x00, 0x00, 0x00, 0x00, 0x00, 0x37, 0x37, 0x37, 0x37, 0x00, 0x00, 0x00, 0x00, 0x00, 0x00, 0x37, 0x37, 0x37, 0x37, 0x00, 0x00, 0x00, 0x00, 0x00, 0x00
    .byte 0x37, 0x37, 0x37, 0x37, 0x00, 0x00, 0x00, 0x00, 0x00, 0x00, 0x37, 0x37, 0x37, 0x37, 0x00, 0x00, 0x00, 0x00, 0x00, 0x00, 0x37, 0x37, 0x37, 0x37, 0x00, 0x00, 0x00, 0x00, 0x00, 0x00, 0x37, 0x37
    .byte 0x37, 0x37, 0x00, 0x00, 0x00, 0x00, 0x00, 0x00, 0x37, 0x37, 0x37, 0x37, 0x00, 0x00, 0x00, 0x00, 0x00, 0x00, 0x37, 0x37, 0x37, 0x37, 0x00, 0x00, 0x00, 0x00, 0x00, 0x00, 0x37, 0x37, 0x37, 0x37
    .byte 0x00, 0x00, 0x00, 0x00, 0x00, 0x00, 0x09, 0x09, 0x09, 0x09, 0x09, 0x09, 0x09, 0x09, 0x09, 0x09, 0x09, 0x09, 0x09, 0x09, 0x09, 0x09, 0x51, 0x51, 0x51, 0x51, 0x51, 0x51, 0x51, 0x51, 0x51, 0x51
    .byte 0x08, 0x08, 0x08, 0x08, 0x08, 0x08, 0x08, 0x08, 0x08, 0x08, 0x6B, 0x6B, 0x6B, 0x5A, 0x5A, 0x11, 0x11, 0x11, 0x51, 0x09, 0x51, 0x09, 0x51, 0x09, 0x51, 0x09, 0x51, 0x09, 0x51, 0x09, 0x51, 0x09
    .byte 0x51, 0x09, 0x51, 0x09, 0x51, 0x09, 0x51, 0x09, 0x51, 0x09, 0x51, 0x09, 0x51, 0x09, 0x51, 0x09, 0x51, 0x09, 0x51, 0x09, 0x51, 0x09, 0x51, 0x09, 0x51, 0x09, 0x51, 0x09, 0x51, 0x09, 0x51, 0x09
    .byte 0x51, 0x09, 0x51, 0x09, 0x51, 0x09, 0x51, 0x09, 0x51, 0x09, 0x51, 0x09, 0x51, 0x09, 0x51, 0x00, 0x00, 0x00, 0x00, 0x00, 0x00, 0x00, 0x00, 0x00, 0x00, 0x00, 0x00, 0x09, 0x51, 0x09, 0x51, 0x09
    .byte 0x51, 0x09, 0x51, 0x09, 0x51, 0x09, 0x51, 0x09, 0x51, 0x09, 0x51, 0x09, 0x51, 0x09, 0x51, 0x09, 0x51, 0x09, 0x51, 0x09, 0x51, 0x09, 0x51, 0x09, 0x51, 0x09, 0x51, 0x09, 0x51, 0x09, 0x51, 0x09
    .byte 0x51, 0x09, 0x51, 0x09, 0x51, 0x09, 0x51, 0x09, 0x51, 0x09, 0x51, 0x09, 0x51, 0x09, 0x51, 0x09, 0x51, 0x09, 0x51, 0x09, 0x51, 0x09, 0x51, 0x09, 0x51, 0x09, 0x51, 0x09, 0x51, 0x09, 0x00, 0x00
    .byte 0x00, 0x00, 0x00, 0x00, 0x37, 0x37, 0x37, 0x37, 0x00, 0x00, 0x00, 0x00, 0x00, 0x00, 0x37, 0x37, 0x37, 0x37, 0x00, 0x00, 0x00, 0x00, 0x00, 0x00, 0x37, 0x37, 0x37, 0x37, 0x00, 0x00, 0x00, 0x00
    .byte 0x00, 0x00, 0x37, 0x37, 0x37, 0x37, 0x00, 0x00, 0x00, 0x00, 0x00, 0x00, 0x37, 0x37, 0x37, 0x37, 0x00, 0x00, 0x00, 0x00, 0x00, 0x00, 0x37, 0x37, 0x37, 0x37, 0x00, 0x00, 0x00, 0x00, 0x00, 0x00
    .byte 0x37, 0x37, 0x37, 0x37, 0x00, 0x00, 0x00, 0x00, 0x00, 0x00, 0x37, 0x37, 0x37, 0x37, 0x00, 0x00, 0x00, 0x00, 0x00, 0x00, 0x37, 0x37, 0x37, 0x37, 0x00, 0x00, 0x00, 0x00, 0x00, 0x00, 0x37, 0x37
    .byte 0x37, 0x37, 0x00, 0x00, 0x00, 0x00, 0x00, 0x00, 0x37, 0x37, 0x37, 0x37, 0x00, 0x00, 0x00, 0x00, 0x00, 0x00, 0x37, 0x37, 0x37, 0x37, 0x00, 0x00, 0x00, 0x00, 0x00, 0x00, 0x37, 0x37, 0x37, 0x37
    .byte 0x00, 0x00, 0x00, 0x00, 0x00, 0x00, 0x51, 0x09, 0x51, 0x09, 0x51, 0x09, 0x51, 0x09, 0x51, 0x09, 0x51, 0x09, 0x51, 0x09, 0x51, 0x09, 0x09, 0x09, 0x09, 0x09, 0x09, 0x09, 0x09, 0x09, 0x09, 0x09
    .byte 0x08, 0x08, 0x08, 0x08, 0x08, 0x08, 0x08, 0x08, 0x08, 0x08, 0x5A, 0x5A, 0x5A, 0x5A, 0x5A, 0x09, 0x09, 0x09, 0x52, 0x52, 0x09, 0x09, 0x09, 0x09, 0x09, 0x09, 0x09, 0x09, 0x09, 0x09, 0x09, 0x09
    .byte 0x09, 0x09, 0x09, 0x09, 0x09, 0x09, 0x09, 0x09, 0x09, 0x09, 0x09, 0x09, 0x09, 0x09, 0x09, 0x09, 0x09, 0x09, 0x09, 0x09, 0x09, 0x09, 0x09, 0x09, 0x09, 0x09, 0x09, 0x09, 0x09, 0x09, 0x09, 0x09
    .byte 0x09, 0x09, 0x09, 0x09, 0x09, 0x09, 0x09, 0x09, 0x09, 0x09, 0x09, 0x09, 0x09, 0x09, 0x09, 0x00, 0x00, 0x00, 0x00, 0x00, 0x00, 0x00, 0x00, 0x00, 0x00, 0x00, 0x00, 0x09, 0x09, 0x09, 0x09, 0x09
    .byte 0x09, 0x09, 0x09, 0x09, 0x09, 0x09, 0x09, 0x09, 0x09, 0x09, 0x09, 0x09, 0x09, 0x09, 0x09, 0x09, 0x09, 0x09, 0x09, 0x09, 0x09, 0x09, 0x09, 0x09, 0x09, 0x09, 0x09, 0x09, 0x09, 0x09, 0x09, 0x09
    .byte 0x09, 0x09, 0x09, 0x09, 0x09, 0x09, 0x09, 0x09, 0x09, 0x09, 0x09, 0x09, 0x09, 0x09, 0x09, 0x09, 0x09, 0x09, 0x09, 0x09, 0x09, 0x09, 0x09, 0x09, 0x09, 0x09, 0x09, 0x09, 0x09, 0x09, 0x00, 0x00
    .byte 0x00, 0x00, 0x00, 0x00, 0x37, 0x37, 0x37, 0x37, 0x00, 0x00, 0x00, 0x00, 0x00, 0x00, 0x37, 0x37, 0x37, 0x37, 0x00, 0x00, 0x00, 0x00, 0x00, 0x00, 0x37, 0x37, 0x37, 0x37, 0x00, 0x00, 0x00, 0x00
    .byte 0x00, 0x00, 0x37, 0x37, 0x37, 0x37, 0x00, 0x00, 0x00, 0x00, 0x00, 0x00, 0x37, 0x37, 0x37, 0x37, 0x00, 0x00, 0x00, 0x00, 0x00, 0x00, 0x37, 0x37, 0x37, 0x37, 0x00, 0x00, 0x00, 0x00, 0x00, 0x00
    .byte 0x37, 0x37, 0x37, 0x37, 0x00, 0x00, 0x00, 0x00, 0x00, 0x00, 0x37, 0x37, 0x37, 0x37, 0x00, 0x00, 0x00, 0x00, 0x00, 0x00, 0x37, 0x37, 0x37, 0x37, 0x00, 0x00, 0x00, 0x00, 0x00, 0x00, 0x37, 0x37
    .byte 0x37, 0x37, 0x00, 0x00, 0x00, 0x00, 0x00, 0x00, 0x37, 0x37, 0x37, 0x37, 0x00, 0x00, 0x00, 0x00, 0x00, 0x00, 0x37, 0x37, 0x37, 0x37, 0x00, 0x00, 0x00, 0x00, 0x00, 0x00, 0x37, 0x37, 0x37, 0x37
    .byte 0x00, 0x00, 0x00, 0x00, 0x00, 0x00, 0x09, 0x09, 0x09, 0x09, 0x09, 0x09, 0x09, 0x09, 0x09, 0x09, 0x09, 0x09, 0x09, 0x09, 0x09, 0x09, 0x09, 0x09, 0x09, 0x09, 0x09, 0x09, 0x09, 0x09, 0x09, 0x09
    .byte 0x08, 0x08, 0x08, 0x08, 0x08, 0x08, 0x08, 0x08, 0x08, 0x08, 0x5A, 0x5A, 0x5A, 0x5A, 0x5A, 0x09, 0x51, 0x09, 0x52, 0x52, 0x51, 0x09, 0x51, 0x09, 0x51, 0x09, 0x51, 0x09, 0x51, 0x09, 0x51, 0x09
    .byte 0x51, 0x09, 0x51, 0x09, 0x51, 0x09, 0x51, 0x09, 0x51, 0x09, 0x51, 0x09, 0x51, 0x09, 0x51, 0x09, 0x51, 0x09, 0x51, 0x09, 0x51, 0x09, 0x51, 0x09, 0x51, 0x09, 0x51, 0x09, 0x51, 0x09, 0x51, 0x09
    .byte 0x51, 0x09, 0x51, 0x09, 0x51, 0x09, 0x51, 0x09, 0x51, 0x09, 0x51, 0x09, 0x51, 0x09, 0x51, 0x00, 0x00, 0x00, 0x00, 0x00, 0x00, 0x00, 0x00, 0x00, 0x00, 0x00, 0x00, 0x09, 0x51, 0x09, 0x51, 0x09
    .byte 0x51, 0x09, 0x51, 0x09, 0x51, 0x09, 0x51, 0x09, 0x51, 0x09, 0x51, 0x09, 0x51, 0x09, 0x51, 0x09, 0x51, 0x09, 0x51, 0x09, 0x51, 0x09, 0x51, 0x09, 0x51, 0x09, 0x51, 0x09, 0x51, 0x09, 0x51, 0x09
    .byte 0x51, 0x09, 0x51, 0x09, 0x51, 0x09, 0x51, 0x09, 0x51, 0x09, 0x51, 0x09, 0x51, 0x09, 0x51, 0x09, 0x51, 0x09, 0x51, 0x09, 0x51, 0x09, 0x51, 0x09, 0x51, 0x09, 0x51, 0x09, 0x51, 0x09, 0x00, 0x00
    .byte 0x00, 0x00, 0x00, 0x00, 0x37, 0x37, 0x37, 0x37, 0x00, 0x00, 0x00, 0x00, 0x00, 0x00, 0x37, 0x37, 0x37, 0x37, 0x00, 0x00, 0x00, 0x00, 0x00, 0x00, 0x37, 0x37, 0x37, 0x37, 0x00, 0x00, 0x00, 0x00
    .byte 0x00, 0x00, 0x37, 0x37, 0x37, 0x37, 0x00, 0x00, 0x00, 0x00, 0x00, 0x00, 0x37, 0x37, 0x37, 0x37, 0x00, 0x00, 0x00, 0x00, 0x00, 0x00, 0x37, 0x37, 0x37, 0x37, 0x00, 0x00, 0x00, 0x00, 0x00, 0x00
    .byte 0x37, 0x37, 0x37, 0x37, 0x00, 0x00, 0x00, 0x00, 0x00, 0x00, 0x37, 0x37, 0x37, 0x37, 0x00, 0x00, 0x00, 0x00, 0x00, 0x00, 0x37, 0x37, 0x37, 0x37, 0x00, 0x00, 0x00, 0x00, 0x00, 0x00, 0x37, 0x37
    .byte 0x37, 0x37, 0x00, 0x00, 0x00, 0x00, 0x00, 0x00, 0x37, 0x37, 0x37, 0x37, 0x00, 0x00, 0x00, 0x00, 0x00, 0x00, 0x37, 0x37, 0x37, 0x37, 0x00, 0x00, 0x00, 0x00, 0x00, 0x00, 0x37, 0x37, 0x37, 0x37
    .byte 0x00, 0x00, 0x00, 0x00, 0x00, 0x00, 0x51, 0x09, 0x51, 0x09, 0x51, 0x09, 0x51, 0x09, 0x51, 0x09, 0x51, 0x09, 0x51, 0x09, 0x51, 0x09, 0x09, 0x09, 0x09, 0x09, 0x09, 0x09, 0x09, 0x09, 0x09, 0x09
    .byte 0x08, 0x08, 0x08, 0x08, 0x08, 0x08, 0x08, 0x08, 0x08, 0x08, 0x5A, 0x5A, 0x5A, 0x11, 0x11, 0x09, 0x09, 0x09, 0x52, 0x52, 0x09, 0x09, 0x09, 0x09, 0x09, 0x09, 0x09, 0x09, 0x09, 0x09, 0x09, 0x09
    .byte 0x09, 0x09, 0x09, 0x09, 0x09, 0x09, 0x09, 0x09, 0x09, 0x09, 0x09, 0x09, 0x09, 0x09, 0x09, 0x09, 0x09, 0x09, 0x09, 0x09, 0x09, 0x09, 0x09, 0x09, 0x09, 0x09, 0x09, 0x09, 0x09, 0x09, 0x09, 0x09
    .byte 0x09, 0x09, 0x09, 0x09, 0x09, 0x09, 0x09, 0x09, 0x09, 0x09, 0x09, 0x09, 0x09, 0x09, 0x09, 0x00, 0x00, 0x00, 0x00, 0x00, 0x00, 0x00, 0x00, 0x00, 0x00, 0x00, 0x00, 0x09, 0x09, 0x09, 0x09, 0x09
    .byte 0x09, 0x09, 0x09, 0x09, 0x09, 0x09, 0x09, 0x09, 0x09, 0x09, 0x09, 0x09, 0x09, 0x09, 0x09, 0x09, 0x09, 0x09, 0x09, 0x09, 0x09, 0x09, 0x09, 0x09, 0x09, 0x09, 0x09, 0x09, 0x09, 0x09, 0x09, 0x09
    .byte 0x09, 0x09, 0x09, 0x09, 0x09, 0x09, 0x09, 0x09, 0x09, 0x09, 0x09, 0x09, 0x09, 0x09, 0x09, 0x09, 0x09, 0x09, 0x09, 0x09, 0x09, 0x09, 0x09, 0x09, 0x09, 0x09, 0x09, 0x09, 0x09, 0x09, 0x00, 0x00
    .byte 0x00, 0x00, 0x00, 0x00, 0x37, 0x37, 0x37, 0x37, 0x00, 0x00, 0x00, 0x00, 0x00, 0x00, 0x37, 0x37, 0x37, 0x37, 0x00, 0x00, 0x00, 0x00, 0x00, 0x00, 0x37, 0x37, 0x37, 0x37, 0x00, 0x00, 0x00, 0x00
    .byte 0x00, 0x00, 0x37, 0x37, 0x37, 0x37, 0x00, 0x00, 0x00, 0x00, 0x00, 0x00, 0x37, 0x37, 0x37, 0x37, 0x00, 0x00, 0x00, 0x00, 0x00, 0x00, 0x37, 0x37, 0x37, 0x37, 0x00, 0x00, 0x00, 0x00, 0x00, 0x00
    .byte 0x37, 0x37, 0x37, 0x37, 0x00, 0x00, 0x00, 0x00, 0x00, 0x00, 0x37, 0x37, 0x37, 0x37, 0x00, 0x00, 0x00, 0x00, 0x00, 0x00, 0x37, 0x37, 0x37, 0x37, 0x00, 0x00, 0x00, 0x00, 0x00, 0x00, 0x37, 0x37
    .byte 0x37, 0x37, 0x00, 0x00, 0x00, 0x00, 0x00, 0x00, 0x37, 0x37, 0x37, 0x37, 0x00, 0x00, 0x00, 0x00, 0x00, 0x00, 0x37, 0x37, 0x37, 0x37, 0x00, 0x00, 0x00, 0x00, 0x00, 0x00, 0x37, 0x37, 0x37, 0x37
    .byte 0x00, 0x00, 0x00, 0x00, 0x00, 0x00, 0x09, 0x09, 0x09, 0x09, 0x09, 0x09, 0x09, 0x09, 0x09, 0x09, 0x09, 0x09, 0x09, 0x09, 0x09, 0x09, 0x09, 0x09, 0x09, 0x09, 0x09, 0x09, 0x09, 0x09, 0x09, 0x09
    .byte 0x51, 0x51, 0x51, 0x51, 0x51, 0x51, 0x51, 0x51, 0x51, 0x51, 0x5A, 0x5A, 0x5A, 0x11, 0x11, 0x09, 0x51, 0x09, 0x52, 0x52, 0x51, 0x09, 0x51, 0x09, 0x51, 0x09, 0x51, 0x09, 0x51, 0x09, 0x51, 0x09
    .byte 0x51, 0x09, 0x51, 0x09, 0x51, 0x09, 0x51, 0x09, 0x51, 0x09, 0x51, 0x09, 0x51, 0x09, 0x51, 0x09, 0x51, 0x09, 0x51, 0x09, 0x51, 0x09, 0x51, 0x09, 0x51, 0x09, 0x51, 0x09, 0x51, 0x09, 0x51, 0x09
    .byte 0x51, 0x09, 0x51, 0x09, 0x51, 0x09, 0x51, 0x09, 0x51, 0x09, 0x51, 0x09, 0x51, 0x09, 0x51, 0x00, 0x00, 0x00, 0x00, 0x00, 0x00, 0x00, 0x00, 0x00, 0x00, 0x00, 0x00, 0x09, 0x51, 0x09, 0x51, 0x09
    .byte 0x51, 0x09, 0x51, 0x09, 0x51, 0x09, 0x51, 0x09, 0x51, 0x09, 0x51, 0x09, 0x51, 0x09, 0x51, 0x09, 0x51, 0x09, 0x51, 0x09, 0x51, 0x09, 0x51, 0x09, 0x51, 0x09, 0x51, 0x09, 0x51, 0x09, 0x51, 0x09
    .byte 0x51, 0x09, 0x51, 0x09, 0x51, 0x09, 0x51, 0x09, 0x51, 0x09, 0x51, 0x09, 0x51, 0x09, 0x51, 0x09, 0x51, 0x09, 0x51, 0x09, 0x51, 0x09, 0x51, 0x09, 0x51, 0x09, 0x51, 0x09, 0x51, 0x09, 0x00, 0x00
    .byte 0x00, 0x00, 0x00, 0x00, 0x37, 0x37, 0x37, 0x37, 0x00, 0x00, 0x00, 0x00, 0x00, 0x00, 0x37, 0x37, 0x37, 0x37, 0x00, 0x00, 0x00, 0x00, 0x00, 0x00, 0x37, 0x37, 0x37, 0x37, 0x00, 0x00, 0x00, 0x00
    .byte 0x00, 0x00, 0x37, 0x37, 0x37, 0x37, 0x00, 0x00, 0x00, 0x00, 0x00, 0x00, 0x37, 0x37, 0x37, 0x37, 0x00, 0x00, 0x00, 0x00, 0x00, 0x00, 0x37, 0x37, 0x37, 0x37, 0x00, 0x00, 0x00, 0x00, 0x00, 0x00
    .byte 0x37, 0x37, 0x37, 0x37, 0x00, 0x00, 0x00, 0x00, 0x00, 0x00, 0x37, 0x37, 0x37, 0x37, 0x00, 0x00, 0x00, 0x00, 0x00, 0x00, 0x37, 0x37, 0x37, 0x37, 0x00, 0x00, 0x00, 0x00, 0x00, 0x00, 0x37, 0x37
    .byte 0x37, 0x37, 0x00, 0x00, 0x00, 0x00, 0x00, 0x00, 0x37, 0x37, 0x37, 0x37, 0x00, 0x00, 0x00, 0x00, 0x00, 0x00, 0x37, 0x37, 0x37, 0x37, 0x00, 0x00, 0x00, 0x00, 0x00, 0x00, 0x37, 0x37, 0x37, 0x37
    .byte 0x00, 0x00, 0x00, 0x00, 0x00, 0x00, 0x51, 0x09, 0x51, 0x09, 0x51, 0x09, 0x51, 0x09, 0x51, 0x09, 0x51, 0x09, 0x51, 0x09, 0x51, 0x09, 0x09, 0x09, 0x09, 0x09, 0x09, 0x09, 0x09, 0x09, 0x09, 0x09
    .byte 0x51, 0x51, 0x51, 0x51, 0x51, 0x51, 0x51, 0x51, 0x51, 0x51, 0x5A, 0x5A, 0x5A, 0x11, 0x11, 0x09, 0x09, 0x09, 0x52, 0x52, 0x09, 0x09, 0x09, 0x09, 0x09, 0x09, 0x09, 0x09, 0x09, 0x09, 0x09, 0x09
    .byte 0x09, 0x09, 0x09, 0x09, 0x09, 0x09, 0x09, 0x09, 0x09, 0x09, 0x09, 0x09, 0x09, 0x09, 0x09, 0x09, 0x09, 0x09, 0x09, 0x09, 0x09, 0x09, 0x09, 0x09, 0x09, 0x09, 0x09, 0x09, 0x09, 0x09, 0x09, 0x09
    .byte 0x09, 0x09, 0x09, 0x09, 0x09, 0x09, 0x09, 0x09, 0x09, 0x09, 0x09, 0x09, 0x09, 0x09, 0x09, 0x37, 0x37, 0x37, 0x37, 0x37, 0x37, 0x37, 0x37, 0x37, 0x37, 0x37, 0x37, 0x09, 0x09, 0x09, 0x09, 0x09
    .byte 0x09, 0x09, 0x09, 0x09, 0x09, 0x09, 0x09, 0x09, 0x09, 0x09, 0x09, 0x09, 0x09, 0x09, 0x09, 0x09, 0x09, 0x09, 0x09, 0x09, 0x09, 0x09, 0x09, 0x09, 0x09, 0x09, 0x09, 0x09, 0x09, 0x09, 0x09, 0x09
    .byte 0x09, 0x09, 0x09, 0x09, 0x09, 0x09, 0x09, 0x09, 0x09, 0x09, 0x09, 0x09, 0x09, 0x09, 0x09, 0x09, 0x09, 0x09, 0x09, 0x09, 0x09, 0x09, 0x09, 0x09, 0x09, 0x09, 0x09, 0x09, 0x09, 0x09, 0x09, 0x09
    .byte 0x09, 0x09, 0x09, 0x09, 0x09, 0x09, 0x09, 0x09, 0x09, 0x09, 0x09, 0x09, 0x09, 0x09, 0x09, 0x09, 0x09, 0x09, 0x09, 0x09, 0x09, 0x09, 0x09, 0x09, 0x09, 0x09, 0x09, 0x09, 0x09, 0x09, 0x09, 0x09
    .byte 0x09, 0x09, 0x09, 0x09, 0x09, 0x09, 0x09, 0x09, 0x09, 0x09, 0x09, 0x09, 0x09, 0x09, 0x09, 0x09, 0x09, 0x09, 0x09, 0x09, 0x09, 0x09, 0x09, 0x09, 0x09, 0x09, 0x09, 0x09, 0x09, 0x09, 0x09, 0x09
    .byte 0x09, 0x09, 0x09, 0x09, 0x09, 0x09, 0x09, 0x09, 0x09, 0x09, 0x09, 0x09, 0x09, 0x09, 0x09, 0x09, 0x09, 0x09, 0x09, 0x09, 0x09, 0x09, 0x09, 0x09, 0x09, 0x09, 0x09, 0x09, 0x09, 0x09, 0x09, 0x09
    .byte 0x09, 0x09, 0x09, 0x09, 0x09, 0x09, 0x09, 0x09, 0x09, 0x09, 0x09, 0x09, 0x09, 0x09, 0x09, 0x09, 0x09, 0x09, 0x09, 0x09, 0x09, 0x09, 0x09, 0x09, 0x09, 0x09, 0x09, 0x09, 0x09, 0x09, 0x09, 0x09
    .byte 0x09, 0x09, 0x09, 0x09, 0x09, 0x09, 0x09, 0x09, 0x09, 0x09, 0x09, 0x09, 0x09, 0x09, 0x09, 0x09, 0x09, 0x09, 0x09, 0x09, 0x09, 0x09, 0x09, 0x09, 0x09, 0x09, 0x09, 0x09, 0x09, 0x09, 0x09, 0x09
    .byte 0x51, 0x51, 0x51, 0x51, 0x51, 0x51, 0x51, 0x51, 0x51, 0x51, 0x5A, 0x5A, 0x5A, 0x11, 0x11, 0x09, 0x51, 0x09, 0x51, 0x09, 0x51, 0x09, 0x51, 0x09, 0x51, 0x09, 0x51, 0x09, 0x51, 0x09, 0x51, 0x09
    .byte 0x51, 0x09, 0x51, 0x09, 0x51, 0x09, 0x51, 0x09, 0x51, 0x09, 0x51, 0x09, 0x51, 0x09, 0x51, 0x09, 0x51, 0x09, 0x51, 0x09, 0x51, 0x09, 0x51, 0x09, 0x51, 0x09, 0x51, 0x09, 0x51, 0x09, 0x51, 0x09
    .byte 0x51, 0x09, 0x51, 0x09, 0x51, 0x09, 0x51, 0x09, 0x51, 0x09, 0x51, 0x09, 0x51, 0x09, 0x51, 0x37, 0x37, 0x37, 0x37, 0x37, 0x37, 0x37, 0x37, 0x37, 0x37, 0x37, 0x37, 0x09, 0x51, 0x09, 0x51, 0x09
    .byte 0x51, 0x09, 0x51, 0x09, 0x51, 0x09, 0x51, 0x09, 0x51, 0x09, 0x51, 0x09, 0x51, 0x09, 0x51, 0x09, 0x51, 0x09, 0x51, 0x09, 0x51, 0x09, 0x51, 0x09, 0x51, 0x09, 0x51, 0x09, 0x51, 0x09, 0x51, 0x09
    .byte 0x51, 0x09, 0x51, 0x09, 0x51, 0x09, 0x51, 0x09, 0x51, 0x09, 0x51, 0x09, 0x51, 0x09, 0x51, 0x09, 0x51, 0x09, 0x51, 0x09, 0x51, 0x09, 0x51, 0x09, 0x51, 0x09, 0x51, 0x09, 0x51, 0x09, 0x51, 0x09
    .byte 0x51, 0x09, 0x51, 0x09, 0x51, 0x09, 0x51, 0x09, 0x51, 0x09, 0x51, 0x09, 0x51, 0x09, 0x51, 0x09, 0x51, 0x09, 0x51, 0x09, 0x51, 0x09, 0x51, 0x09, 0x51, 0x09, 0x51, 0x09, 0x51, 0x09, 0x51, 0x09
    .byte 0x51, 0x09, 0x51, 0x09, 0x51, 0x09, 0x51, 0x09, 0x51, 0x09, 0x51, 0x09, 0x51, 0x09, 0x51, 0x09, 0x51, 0x09, 0x51, 0x09, 0x51, 0x09, 0x51, 0x09, 0x51, 0x09, 0x51, 0x09, 0x51, 0x09, 0x51, 0x09
    .byte 0x51, 0x09, 0x51, 0x09, 0x51, 0x09, 0x51, 0x09, 0x51, 0x09, 0x51, 0x09, 0x51, 0x09, 0x51, 0x09, 0x51, 0x09, 0x51, 0x09, 0x51, 0x09, 0x51, 0x09, 0x51, 0x09, 0x51, 0x09, 0x51, 0x09, 0x51, 0x09
    .byte 0x51, 0x09, 0x51, 0x09, 0x51, 0x09, 0x51, 0x09, 0x51, 0x09, 0x51, 0x09, 0x51, 0x09, 0x51, 0x09, 0x51, 0x09, 0x51, 0x09, 0x51, 0x09, 0x51, 0x09, 0x51, 0x09, 0x51, 0x09, 0x51, 0x09, 0x51, 0x09
    .byte 0x51, 0x09, 0x51, 0x09, 0x51, 0x09, 0x51, 0x09, 0x51, 0x09, 0x51, 0x09, 0x51, 0x09, 0x51, 0x09, 0x51, 0x09, 0x51, 0x09, 0x51, 0x09, 0x09, 0x09, 0x09, 0x09, 0x09, 0x09, 0x09, 0x09, 0x09, 0x09
    .byte 0x51, 0x51, 0x51, 0x51, 0x51, 0x51, 0x51, 0x51, 0x51, 0x51, 0x09, 0x09, 0x09, 0x09, 0x09, 0x09, 0x09, 0x09, 0x09, 0x09, 0x09, 0x09, 0x09, 0x09, 0x09, 0x09, 0x09, 0x09, 0x09, 0x09, 0x09, 0x09
    .byte 0x09, 0x09, 0x09, 0x09, 0x09, 0x09, 0x09, 0x09, 0x09, 0x09, 0x09, 0x09, 0x09, 0x09, 0x09, 0x09, 0x09, 0x09, 0x09, 0x09, 0x09, 0x09, 0x09, 0x09, 0x09, 0x09, 0x09, 0x09, 0x09, 0x09, 0x09, 0x09
    .byte 0x09, 0x09, 0x09, 0x09, 0x09, 0x09, 0x09, 0x09, 0x09, 0x09, 0x09, 0x09, 0x09, 0x09, 0x09, 0x37, 0x37, 0x37, 0x37, 0x37, 0x37, 0x37, 0x37, 0x37, 0x37, 0x37, 0x37, 0x09, 0x09, 0x09, 0x09, 0x09
    .byte 0x09, 0x09, 0x09, 0x09, 0x09, 0x09, 0x09, 0x09, 0x09, 0x09, 0x09, 0x09, 0x09, 0x09, 0x09, 0x09, 0x09, 0x09, 0x09, 0x09, 0x09, 0x09, 0x09, 0x09, 0x09, 0x09, 0x09, 0x09, 0x09, 0x09, 0x09, 0x09
    .byte 0x09, 0x09, 0x09, 0x09, 0x09, 0x09, 0x09, 0x09, 0x09, 0x09, 0x09, 0x09, 0x09, 0x09, 0x09, 0x09, 0x09, 0x09, 0x09, 0x09, 0x09, 0x09, 0x09, 0x09, 0x09, 0x09, 0x09, 0x09, 0x09, 0x09, 0x09, 0x09
    .byte 0x09, 0x09, 0x09, 0x09, 0x09, 0x09, 0x09, 0x09, 0x09, 0x09, 0x09, 0x09, 0x09, 0x09, 0x09, 0x09, 0x09, 0x09, 0x09, 0x09, 0x09, 0x09, 0x09, 0x09, 0x09, 0x09, 0x09, 0x09, 0x09, 0x09, 0x09, 0x09
    .byte 0x09, 0x09, 0x09, 0x09, 0x09, 0x09, 0x09, 0x09, 0x09, 0x09, 0x09, 0x09, 0x09, 0x09, 0x09, 0x09, 0x09, 0x09, 0x09, 0x09, 0x09, 0x09, 0x09, 0x09, 0x09, 0x09, 0x09, 0x09, 0x09, 0x09, 0x09, 0x09
    .byte 0x09, 0x09, 0x09, 0x09, 0x09, 0x09, 0x09, 0x09, 0x09, 0x09, 0x09, 0x09, 0x09, 0x09, 0x09, 0x09, 0x09, 0x09, 0x09, 0x09, 0x09, 0x09, 0x09, 0x09, 0x09, 0x09, 0x09, 0x09, 0x09, 0x09, 0x09, 0x09
    .byte 0x09, 0x09, 0x09, 0x09, 0x09, 0x09, 0x09, 0x09, 0x09, 0x09, 0x09, 0x09, 0x09, 0x09, 0x09, 0x09, 0x09, 0x09, 0x09, 0x09, 0x09, 0x09, 0x09, 0x09, 0x09, 0x09, 0x09, 0x09, 0x09, 0x09, 0x09, 0x09
    .byte 0x09, 0x09, 0x09, 0x09, 0x09, 0x09, 0x09, 0x09, 0x09, 0x09, 0x09, 0x09, 0x09, 0x09, 0x09, 0x09, 0x09, 0x09, 0x09, 0x09, 0x09, 0x09, 0x09, 0x09, 0x09, 0x09, 0x09, 0x09, 0x09, 0x09, 0x09, 0x09
    .byte 0x51, 0x51, 0x51, 0x51, 0x51, 0x51, 0x51, 0x51, 0x51, 0x51, 0x51, 0x09, 0x51, 0x09, 0x51, 0x09, 0x51, 0x09, 0x51, 0x09, 0x51, 0x09, 0x51, 0x09, 0x51, 0x09, 0x51, 0x09, 0x51, 0x09, 0x51, 0x09
    .byte 0x51, 0x09, 0x51, 0x09, 0x51, 0x09, 0x51, 0x09, 0x51, 0x09, 0x51, 0x09, 0x51, 0x09, 0x51, 0x09, 0x51, 0x09, 0x51, 0x09, 0x51, 0x09, 0x51, 0x09, 0x51, 0x09, 0x51, 0x09, 0x51, 0x09, 0x51, 0x09
    .byte 0x51, 0x09, 0x51, 0x09, 0x51, 0x09, 0x51, 0x09, 0x51, 0x09, 0x51, 0x09, 0x51, 0x09, 0x51, 0x37, 0x37, 0x37, 0x37, 0x37, 0x37, 0x37, 0x37, 0x37, 0x37, 0x37, 0x37, 0x09, 0x51, 0x09, 0x51, 0x09
    .byte 0x51, 0x09, 0x51, 0x09, 0x51, 0x09, 0x51, 0x09, 0x51, 0x09, 0x51, 0x09, 0x51, 0x09, 0x51, 0x09, 0x51, 0x09, 0x51, 0x09, 0x51, 0x09, 0x51, 0x09, 0x51, 0x09, 0x51, 0x09, 0x51, 0x09, 0x51, 0x09
    .byte 0x51, 0x09, 0x51, 0x09, 0x51, 0x09, 0x51, 0x09, 0x51, 0x09, 0x51, 0x09, 0x51, 0x09, 0x51, 0x09, 0x51, 0x09, 0x51, 0x09, 0x51, 0x09, 0x51, 0x09, 0x51, 0x09, 0x51, 0x09, 0x51, 0x09, 0x51, 0x09
    .byte 0x51, 0x09, 0x51, 0x09, 0x51, 0x09, 0x51, 0x09, 0x51, 0x09, 0x51, 0x09, 0x51, 0x09, 0x51, 0x09, 0x51, 0x09, 0x51, 0x09, 0x51, 0x09, 0x51, 0x09, 0x51, 0x09, 0x51, 0x09, 0x51, 0x09, 0x51, 0x09
    .byte 0x51, 0x09, 0x51, 0x09, 0x51, 0x09, 0x51, 0x09, 0x51, 0x09, 0x51, 0x09, 0x51, 0x09, 0x51, 0x09, 0x51, 0x09, 0x51, 0x09, 0x51, 0x09, 0x51, 0x09, 0x51, 0x09, 0x51, 0x09, 0x51, 0x09, 0x51, 0x09
    .byte 0x51, 0x09, 0x51, 0x09, 0x51, 0x09, 0x51, 0x09, 0x51, 0x09, 0x51, 0x09, 0x51, 0x09, 0x51, 0x09, 0x51, 0x09, 0x51, 0x09, 0x51, 0x09, 0x51, 0x09, 0x51, 0x09, 0x51, 0x09, 0x51, 0x09, 0x51, 0x09
    .byte 0x51, 0x09, 0x51, 0x09, 0x51, 0x09, 0x51, 0x09, 0x51, 0x09, 0x51, 0x09, 0x51, 0x09, 0x51, 0x09, 0x51, 0x09, 0x51, 0x09, 0x51, 0x09, 0x51, 0x09, 0x51, 0x09, 0x51, 0x09, 0x51, 0x09, 0x51, 0x09
    .byte 0x51, 0x09, 0x51, 0x09, 0x51, 0x09, 0x51, 0x09, 0x51, 0x09, 0x51, 0x09, 0x51, 0x09, 0x51, 0x09, 0x51, 0x09, 0x51, 0x09, 0x51, 0x09, 0x09, 0x09, 0x09, 0x09, 0x09, 0x09, 0x09, 0x09, 0x09, 0x09
    .byte 0x51, 0x51, 0x51, 0x51, 0x51, 0x51, 0x51, 0x51, 0x51, 0x51, 0x09, 0x09, 0x09, 0x09, 0x09, 0x09, 0x09, 0x09, 0x09, 0x09, 0x09, 0x09, 0x09, 0x09, 0x09, 0x09, 0x09, 0x09, 0x09, 0x09, 0x09, 0x09
    .byte 0x09, 0x09, 0x09, 0x09, 0x09, 0x09, 0x09, 0x09, 0x09, 0x09, 0x09, 0x09, 0x09, 0x09, 0x09, 0x09, 0x09, 0x09, 0x09, 0x09, 0x09, 0x09, 0x09, 0x09, 0x09, 0x09, 0x09, 0x09, 0x09, 0x09, 0x09, 0x09
    .byte 0x09, 0x09, 0x09, 0x09, 0x09, 0x09, 0x09, 0x09, 0x09, 0x09, 0x09, 0x09, 0x09, 0x09, 0x09, 0x00, 0x00, 0x00, 0x00, 0x00, 0x00, 0x00, 0x00, 0x00, 0x00, 0x00, 0x00, 0x09, 0x09, 0x09, 0x09, 0x09
    .byte 0x09, 0x09, 0x09, 0x09, 0x09, 0x09, 0x09, 0x09, 0x09, 0x09, 0x09, 0x09, 0x09, 0x09, 0x09, 0x09, 0x09, 0x09, 0x09, 0x09, 0x09, 0x09, 0x09, 0x09, 0x09, 0x09, 0x09, 0x09, 0x09, 0x09, 0x09, 0x09
    .byte 0x09, 0x09, 0x09, 0x09, 0x09, 0x09, 0x09, 0x09, 0x09, 0x09, 0x09, 0x09, 0x09, 0x09, 0x09, 0x09, 0x09, 0x09, 0x09, 0x09, 0x09, 0x09, 0x09, 0x09, 0x09, 0x09, 0x09, 0x09, 0x09, 0x09, 0x09, 0x09
    .byte 0x09, 0x09, 0x09, 0x09, 0x09, 0x09, 0x09, 0x09, 0x09, 0x09, 0x09, 0x09, 0x09, 0x09, 0x09, 0x09, 0x09, 0x09, 0x09, 0x09, 0x09, 0x09, 0x09, 0x09, 0x09, 0x09, 0x09, 0x09, 0x09, 0x09, 0x09, 0x09
    .byte 0x09, 0x09, 0x09, 0x09, 0x09, 0x09, 0x09, 0x09, 0x09, 0x09, 0x09, 0x09, 0x09, 0x09, 0x09, 0x09, 0x09, 0x09, 0x09, 0x09, 0x09, 0x09, 0x09, 0x09, 0x09, 0x09, 0x09, 0x09, 0x09, 0x09, 0x09, 0x09
    .byte 0x09, 0x09, 0x09, 0x09, 0x09, 0x09, 0x09, 0x09, 0x09, 0x09, 0x09, 0x09, 0x09, 0x09, 0x09, 0x09, 0x09, 0x09, 0x09, 0x09, 0x09, 0x09, 0x09, 0x09, 0x09, 0x09, 0x09, 0x09, 0x09, 0x09, 0x09, 0x09
    .byte 0x09, 0x09, 0x09, 0x09, 0x09, 0x09, 0x09, 0x09, 0x09, 0x09, 0x09, 0x09, 0x09, 0x09, 0x09, 0x09, 0x09, 0x09, 0x09, 0x09, 0x09, 0x09, 0x09, 0x09, 0x09, 0x09, 0x09, 0x09, 0x09, 0x09, 0x09, 0x09
    .byte 0x09, 0x09, 0x09, 0x09, 0x09, 0x09, 0x09, 0x09, 0x09, 0x09, 0x09, 0x09, 0x09, 0x09, 0x09, 0x09, 0x09, 0x09, 0x09, 0x09, 0x09, 0x09, 0x09, 0x09, 0x09, 0x09, 0x09, 0x09, 0x09, 0x09, 0x09, 0x09
    .byte 0x51, 0x51, 0x51, 0x51, 0x51, 0x51, 0x51, 0x51, 0x51, 0x51, 0x51, 0x09, 0x51, 0x09, 0x51, 0x09, 0x51, 0x09, 0x51, 0x09, 0x51, 0x09, 0x51, 0x09, 0x51, 0x09, 0x51, 0x09, 0x51, 0x09, 0x51, 0x09
    .byte 0x51, 0x09, 0x51, 0x09, 0x51, 0x09, 0x51, 0x09, 0x51, 0x09, 0x51, 0x09, 0x51, 0x09, 0x51, 0x09, 0x51, 0x09, 0x51, 0x09, 0x51, 0x09, 0x51, 0x09, 0x51, 0x09, 0x51, 0x09, 0x51, 0x09, 0x51, 0x09
    .byte 0x51, 0x09, 0x51, 0x09, 0x51, 0x09, 0x51, 0x09, 0x51, 0x09, 0x51, 0x09, 0x51, 0x09, 0x51, 0x00, 0x00, 0x00, 0x00, 0x00, 0x00, 0x00, 0x00, 0x00, 0x00, 0x00, 0x00, 0x09, 0x51, 0x09, 0x51, 0x09
    .byte 0x51, 0x09, 0x51, 0x09, 0x51, 0x09, 0x51, 0x09, 0x51, 0x09, 0x51, 0x09, 0x51, 0x09, 0x51, 0x09, 0x51, 0x09, 0x51, 0x09, 0x51, 0x09, 0x51, 0x09, 0x51, 0x09, 0x51, 0x09, 0x51, 0x09, 0x51, 0x09
    .byte 0x51, 0x09, 0x51, 0x09, 0x51, 0x09, 0x51, 0x09, 0x51, 0x09, 0x51, 0x09, 0x51, 0x09, 0x51, 0x09, 0x51, 0x09, 0x51, 0x09, 0x51, 0x09, 0x51, 0x09, 0x51, 0x09, 0x51, 0x09, 0x51, 0x09, 0x51, 0x09
    .byte 0x51, 0x09, 0x51, 0x09, 0x51, 0x09, 0x51, 0x09, 0x51, 0x09, 0x51, 0x09, 0x51, 0x09, 0x51, 0x09, 0x51, 0x09, 0x51, 0x09, 0x51, 0x09, 0x51, 0x09, 0x51, 0x09, 0x51, 0x09, 0x51, 0x09, 0x51, 0x09
    .byte 0x51, 0x09, 0x51, 0x09, 0x51, 0x09, 0x51, 0x09, 0x51, 0x09, 0x51, 0x09, 0x51, 0x09, 0x51, 0x09, 0x51, 0x09, 0x51, 0x09, 0x51, 0x09, 0x51, 0x09, 0x51, 0x09, 0x51, 0x09, 0x51, 0x09, 0x51, 0x09
    .byte 0x51, 0x09, 0x51, 0x09, 0x51, 0x09, 0x51, 0x09, 0x51, 0x09, 0x51, 0x09, 0x51, 0x09, 0x51, 0x09, 0x51, 0x09, 0x51, 0x09, 0x51, 0x09, 0x51, 0x09, 0x51, 0x09, 0x51, 0x09, 0x51, 0x09, 0x51, 0x09
    .byte 0x51, 0x09, 0x51, 0x09, 0x51, 0x09, 0x51, 0x09, 0x51, 0x09, 0x51, 0x09, 0x51, 0x09, 0x51, 0x09, 0x51, 0x09, 0x51, 0x09, 0x51, 0x09, 0x51, 0x09, 0x51, 0x09, 0x51, 0x09, 0x51, 0x09, 0x51, 0x09
    .byte 0x51, 0x09, 0x51, 0x09, 0x51, 0x09, 0x51, 0x09, 0x51, 0x09, 0x51, 0x09, 0x51, 0x09, 0x51, 0x09, 0x51, 0x09, 0x51, 0x09, 0x51, 0x09, 0x09, 0x09, 0x09, 0x09, 0x09, 0x09, 0x09, 0x09, 0x09, 0x09
    .byte 0x51, 0x51, 0x51, 0x51, 0x51, 0x51, 0x51, 0x51, 0x51, 0x51, 0x09, 0x09, 0x09, 0x09, 0x09, 0x09, 0x09, 0x09, 0x09, 0x09, 0x09, 0x09, 0x09, 0x09, 0x09, 0x09, 0x09, 0x09, 0x09, 0x09, 0x09, 0x09
    .byte 0x09, 0x09, 0x09, 0x09, 0x09, 0x09, 0x09, 0x09, 0x09, 0x09, 0x09, 0x09, 0x09, 0x09, 0x09, 0x09, 0x09, 0x09, 0x09, 0x09, 0x09, 0x09, 0x09, 0x09, 0x09, 0x09, 0x09, 0x09, 0x09, 0x09, 0x09, 0x09
    .byte 0x09, 0x09, 0x09, 0x09, 0x09, 0x09, 0x09, 0x09, 0x09, 0x09, 0x09, 0x09, 0x09, 0x09, 0x09, 0x00, 0x00, 0x00, 0x00, 0x00, 0x00, 0x00, 0x00, 0x00, 0x00, 0x00, 0x00, 0x09, 0x09, 0x09, 0x09, 0x09
    .byte 0x09, 0x09, 0x09, 0x09, 0x09, 0x09, 0x09, 0x09, 0x09, 0x09, 0x09, 0x09, 0x09, 0x09, 0x09, 0x09, 0x09, 0x09, 0x09, 0x09, 0x09, 0x09, 0x09, 0x09, 0x09, 0x09, 0x09, 0x09, 0x09, 0x09, 0x09, 0x09
    .byte 0x09, 0x09, 0x09, 0x09, 0x09, 0x09, 0x09, 0x09, 0x09, 0x09, 0x09, 0x09, 0x09, 0x09, 0x09, 0x09, 0x09, 0x09, 0x09, 0x09, 0x09, 0x09, 0x09, 0x09, 0x09, 0x09, 0x09, 0x09, 0x09, 0x09, 0x09, 0x09
    .byte 0x09, 0x09, 0x09, 0x09, 0x09, 0x09, 0x09, 0x09, 0x09, 0x09, 0x09, 0x09, 0x09, 0x09, 0x09, 0x09, 0x09, 0x09, 0x09, 0x09, 0x09, 0x09, 0x09, 0x09, 0x09, 0x09, 0x09, 0x09, 0x09, 0x09, 0x09, 0x09
    .byte 0x09, 0x09, 0x09, 0x09, 0x09, 0x09, 0x09, 0x09, 0x09, 0x09, 0x09, 0x09, 0x09, 0x09, 0x09, 0x09, 0x09, 0x09, 0x09, 0x09, 0x09, 0x09, 0x09, 0x09, 0x09, 0x09, 0x09, 0x09, 0x09, 0x09, 0x09, 0x09
    .byte 0x09, 0x09, 0x09, 0x09, 0x09, 0x09, 0x09, 0x09, 0x09, 0x09, 0x09, 0x09, 0x09, 0x09, 0x09, 0x09, 0x09, 0x09, 0x09, 0x09, 0x09, 0x09, 0x09, 0x09, 0x09, 0x09, 0x09, 0x09, 0x09, 0x09, 0x09, 0x09
    .byte 0x09, 0x09, 0x09, 0x09, 0x09, 0x09, 0x09, 0x09, 0x09, 0x09, 0x09, 0x09, 0x09, 0x09, 0x09, 0x09, 0x09, 0x09, 0x09, 0x09, 0x09, 0x09, 0x09, 0x09, 0x09, 0x09, 0x09, 0x09, 0x09, 0x09, 0x09, 0x09
    .byte 0x09, 0x09, 0x09, 0x09, 0x09, 0x09, 0x09, 0x09, 0x09, 0x09, 0x09, 0x09, 0x09, 0x09, 0x09, 0x09, 0x09, 0x09, 0x09, 0x09, 0x09, 0x09, 0x09, 0x09, 0x09, 0x09, 0x09, 0x09, 0x09, 0x09, 0x09, 0x09
    .byte 0x51, 0x51, 0x51, 0x51, 0x51, 0x51, 0x51, 0x51, 0x51, 0x51, 0x51, 0x09, 0x51, 0x09, 0x51, 0x09, 0x51, 0x09, 0x51, 0x09, 0x51, 0x09, 0x51, 0x09, 0x51, 0x09, 0x51, 0x09, 0x51, 0x09, 0x51, 0x09
    .byte 0x51, 0x09, 0x51, 0x09, 0x51, 0x09, 0x51, 0x09, 0x51, 0x09, 0x51, 0x09, 0x51, 0x09, 0x51, 0x09, 0x51, 0x09, 0x51, 0x09, 0x51, 0x09, 0x51, 0x09, 0x51, 0x09, 0x51, 0x09, 0x51, 0x09, 0x51, 0x09
    .byte 0x51, 0x09, 0x51, 0x09, 0x51, 0x09, 0x51, 0x09, 0x51, 0x09, 0x51, 0x09, 0x51, 0x09, 0x51, 0x00, 0x00, 0x00, 0x00, 0x00, 0x00, 0x00, 0x00, 0x00, 0x00, 0x00, 0x00, 0x09, 0x51, 0x09, 0x51, 0x09
    .byte 0x51, 0x09, 0x51, 0x09, 0x51, 0x09, 0x51, 0x09, 0x51, 0x09, 0x51, 0x09, 0x51, 0x09, 0x51, 0x09, 0x51, 0x09, 0x51, 0x09, 0x51, 0x09, 0x51, 0x09, 0x51, 0x09, 0x51, 0x09, 0x51, 0x09, 0x51, 0x09
    .byte 0x51, 0x09, 0x51, 0x09, 0x51, 0x09, 0x51, 0x09, 0x51, 0x09, 0x51, 0x09, 0x51, 0x09, 0x51, 0x09, 0x51, 0x09, 0x51, 0x09, 0x51, 0x09, 0x51, 0x09, 0x51, 0x09, 0x51, 0x09, 0x51, 0x09, 0x51, 0x09
    .byte 0x51, 0x09, 0x51, 0x09, 0x51, 0x09, 0x51, 0x09, 0x51, 0x09, 0x51, 0x09, 0x51, 0x09, 0x51, 0x09, 0x51, 0x09, 0x51, 0x09, 0x51, 0x09, 0x51, 0x09, 0x51, 0x09, 0x51, 0x09, 0x51, 0x09, 0x51, 0x09
    .byte 0x51, 0x09, 0x51, 0x09, 0x51, 0x09, 0x51, 0x09, 0x51, 0x09, 0x51, 0x09, 0x51, 0x09, 0x51, 0x09, 0x51, 0x09, 0x51, 0x09, 0x51, 0x09, 0x51, 0x09, 0x51, 0x09, 0x51, 0x09, 0x51, 0x09, 0x51, 0x09
    .byte 0x51, 0x09, 0x51, 0x09, 0x51, 0x09, 0x51, 0x09, 0x51, 0x09, 0x51, 0x09, 0x51, 0x09, 0x51, 0x09, 0x51, 0x09, 0x51, 0x09, 0x51, 0x09, 0x51, 0x09, 0x51, 0x09, 0x51, 0x09, 0x51, 0x09, 0x51, 0x09
    .byte 0x51, 0x09, 0x51, 0x09, 0x51, 0x09, 0x51, 0x09, 0x51, 0x09, 0x51, 0x09, 0x51, 0x09, 0x51, 0x09, 0x51, 0x09, 0x51, 0x09, 0x51, 0x09, 0x51, 0x09, 0x51, 0x09, 0x51, 0x09, 0x51, 0x09, 0x51, 0x09
    .byte 0x51, 0x09, 0x51, 0x09, 0x51, 0x09, 0x51, 0x09, 0x51, 0x09, 0x51, 0x09, 0x51, 0x09, 0x51, 0x09, 0x51, 0x09, 0x51, 0x09, 0x51, 0x09, 0x09, 0x09, 0x09, 0x09, 0x09, 0x09, 0x09, 0x09, 0x09, 0x09
    .byte 0x51, 0x51, 0x51, 0x51, 0x51, 0x51, 0x51, 0x51, 0x51, 0x51, 0x09, 0x09, 0x09, 0x09, 0x09, 0x09, 0x09, 0x09, 0x09, 0x09, 0x09, 0x09, 0x09, 0x09, 0x09, 0x09, 0x09, 0x09, 0x09, 0x09, 0x09, 0x09
    .byte 0x09, 0x09, 0x09, 0x09, 0x09, 0x09, 0x09, 0x09, 0x09, 0x09, 0x09, 0x09, 0x09, 0x09, 0x09, 0x09, 0x09, 0x09, 0x09, 0x09, 0x09, 0x09, 0x09, 0x09, 0x09, 0x09, 0x09, 0x09, 0x09, 0x09, 0x09, 0x09
    .byte 0x09, 0x09, 0x09, 0x09, 0x09, 0x09, 0x09, 0x09, 0x09, 0x09, 0x09, 0x09, 0x09, 0x09, 0x09, 0x00, 0x00, 0x00, 0x00, 0x00, 0x00, 0x00, 0x00, 0x00, 0x00, 0x00, 0x00, 0x09, 0x09, 0x09, 0x09, 0x09
    .byte 0x09, 0x09, 0x09, 0x09, 0x09, 0x09, 0x09, 0x09, 0x09, 0x09, 0x09, 0x09, 0x09, 0x09, 0x09, 0x09, 0x09, 0x09, 0x09, 0x09, 0x09, 0x09, 0x09, 0x09, 0x09, 0x09, 0x09, 0x09, 0x09, 0x09, 0x09, 0x09
    .byte 0x09, 0x09, 0x09, 0x09, 0x09, 0x09, 0x09, 0x09, 0x09, 0x09, 0x09, 0x09, 0x09, 0x09, 0x09, 0x09, 0x09, 0x09, 0x09, 0x09, 0x09, 0x09, 0x09, 0x09, 0x09, 0x09, 0x09, 0x09, 0x09, 0x09, 0x09, 0x09
    .byte 0x09, 0x09, 0x09, 0x09, 0x09, 0x09, 0x09, 0x09, 0x09, 0x09, 0x09, 0x09, 0x09, 0x09, 0x09, 0x09, 0x09, 0x09, 0x09, 0x09, 0x09, 0x09, 0x09, 0x09, 0x09, 0x09, 0x09, 0x09, 0x09, 0x09, 0x09, 0x09
    .byte 0x09, 0x09, 0x09, 0x09, 0x09, 0x09, 0x09, 0x09, 0x09, 0x09, 0x09, 0x09, 0x09, 0x09, 0x09, 0x09, 0x09, 0x09, 0x09, 0x09, 0x09, 0x09, 0x09, 0x09, 0x09, 0x09, 0x09, 0x09, 0x09, 0x09, 0x09, 0x09
    .byte 0x09, 0x09, 0x09, 0x09, 0x09, 0x09, 0x09, 0x09, 0x09, 0x09, 0x09, 0x09, 0x09, 0x09, 0x09, 0x09, 0x09, 0x09, 0x09, 0x09, 0x09, 0x09, 0x09, 0x09, 0x09, 0x09, 0x09, 0x09, 0x09, 0x09, 0x09, 0x09
    .byte 0x09, 0x09, 0x09, 0x09, 0x09, 0x09, 0x09, 0x09, 0x09, 0x09, 0x09, 0x09, 0x09, 0x09, 0x09, 0x09, 0x09, 0x09, 0x09, 0x09, 0x09, 0x09, 0x09, 0x09, 0x09, 0x09, 0x09, 0x09, 0x09, 0x09, 0x09, 0x09
    .byte 0x09, 0x09, 0x09, 0x09, 0x09, 0x09, 0x09, 0x09, 0x09, 0x09, 0x09, 0x09, 0x09, 0x09, 0x09, 0x09, 0x09, 0x09, 0x09, 0x09, 0x09, 0x09, 0x09, 0x09, 0x09, 0x09, 0x09, 0x09, 0x09, 0x09, 0x09, 0x09
    .byte 0x09, 0x09, 0x09, 0x09, 0x09, 0x09, 0x09, 0x09, 0x09, 0x09, 0x51, 0x09, 0x51, 0x09, 0x51, 0x09, 0x51, 0x09, 0x51, 0x09, 0x51, 0x09, 0x51, 0x09, 0x51, 0x09, 0x51, 0x09, 0x51, 0x09, 0x51, 0x09
    .byte 0x51, 0x09, 0x51, 0x09, 0x51, 0x09, 0x51, 0x09, 0x51, 0x09, 0x51, 0x09, 0x51, 0x09, 0x51, 0x09, 0x51, 0x09, 0x51, 0x09, 0x51, 0x09, 0x51, 0x09, 0x51, 0x09, 0x51, 0x09, 0x51, 0x09, 0x51, 0x09
    .byte 0x51, 0x09, 0x51, 0x09, 0x51, 0x09, 0x51, 0x09, 0x51, 0x09, 0x51, 0x09, 0x51, 0x09, 0x51, 0x00, 0x00, 0x00, 0x00, 0x00, 0x00, 0x00, 0x00, 0x00, 0x00, 0x00, 0x00, 0x09, 0x51, 0x09, 0x51, 0x09
    .byte 0x51, 0x09, 0x51, 0x09, 0x51, 0x09, 0x51, 0x09, 0x51, 0x09, 0x51, 0x09, 0x51, 0x09, 0x51, 0x09, 0x51, 0x09, 0x51, 0x09, 0x51, 0x09, 0x51, 0x09, 0x51, 0x09, 0x51, 0x09, 0x51, 0x09, 0x51, 0x09
    .byte 0x51, 0x09, 0x51, 0x09, 0x51, 0x09, 0x51, 0x09, 0x51, 0x09, 0x51, 0x09, 0x51, 0x09, 0x51, 0x09, 0x51, 0x09, 0x51, 0x09, 0x51, 0x09, 0x51, 0x09, 0x51, 0x09, 0x51, 0x09, 0x51, 0x09, 0x51, 0x09
    .byte 0x51, 0x09, 0x51, 0x09, 0x51, 0x09, 0x51, 0x09, 0x51, 0x09, 0x51, 0x09, 0x51, 0x09, 0x51, 0x09, 0x51, 0x09, 0x51, 0x09, 0x51, 0x09, 0x51, 0x09, 0x51, 0x09, 0x51, 0x09, 0x51, 0x09, 0x51, 0x09
    .byte 0x51, 0x09, 0x51, 0x09, 0x51, 0x09, 0x51, 0x09, 0x51, 0x09, 0x51, 0x09, 0x51, 0x09, 0x51, 0x09, 0x51, 0x09, 0x51, 0x09, 0x51, 0x09, 0x51, 0x09, 0x51, 0x09, 0x51, 0x09, 0x51, 0x09, 0x51, 0x09
    .byte 0x51, 0x09, 0x51, 0x09, 0x51, 0x09, 0x51, 0x09, 0x51, 0x09, 0x51, 0x09, 0x51, 0x09, 0x51, 0x09, 0x51, 0x09, 0x51, 0x09, 0x51, 0x09, 0x51, 0x09, 0x51, 0x09, 0x51, 0x09, 0x51, 0x09, 0x51, 0x09
    .byte 0x51, 0x09, 0x51, 0x09, 0x51, 0x09, 0x51, 0x09, 0x51, 0x09, 0x51, 0x09, 0x51, 0x09, 0x51, 0x09, 0x51, 0x09, 0x51, 0x09, 0x51, 0x09, 0x51, 0x09, 0x51, 0x09, 0x51, 0x09, 0x51, 0x09, 0x51, 0x09
    .byte 0x51, 0x09, 0x51, 0x09, 0x51, 0x09, 0x51, 0x09, 0x51, 0x09, 0x51, 0x09, 0x51, 0x09, 0x51, 0x09, 0x51, 0x09, 0x51, 0x09, 0x51, 0x09, 0x09, 0x09, 0x09, 0x09, 0x09, 0x09, 0x09, 0x09, 0x09, 0x09
    .byte 0x09, 0x09, 0x09, 0x09, 0x09, 0x09, 0x09, 0x09, 0x09, 0x09, 0x09, 0x09, 0x09, 0x09, 0x09, 0x09, 0x09, 0x09, 0x09, 0x09, 0x09, 0x09, 0x09, 0x09, 0x09, 0x09, 0x09, 0x09, 0x09, 0x09, 0x09, 0x09
    .byte 0x09, 0x09, 0x09, 0x09, 0x09, 0x09, 0x09, 0x09, 0x09, 0x09, 0x09, 0x09, 0x09, 0x09, 0x09, 0x09, 0x09, 0x09, 0x09, 0x09, 0x09, 0x09, 0x09, 0x09, 0x09, 0x09, 0x09, 0x09, 0x09, 0x09, 0x09, 0x09
    .byte 0x09, 0x09, 0x09, 0x09, 0x09, 0x09, 0x09, 0x09, 0x09, 0x09, 0x09, 0x09, 0x09, 0x09, 0x09, 0x37, 0x37, 0x37, 0x37, 0x37, 0x37, 0x37, 0x37, 0x37, 0x37, 0x37, 0x37, 0x09, 0x09, 0x09, 0x09, 0x09
    .byte 0x09, 0x09, 0x09, 0x09, 0x09, 0x09, 0x09, 0x09, 0x09, 0x09, 0x09, 0x09, 0x09, 0x09, 0x09, 0x09, 0x09, 0x09, 0x09, 0x09, 0x09, 0x09, 0x09, 0x09, 0x09, 0x09, 0x09, 0x09, 0x09, 0x09, 0x09, 0x09
    .byte 0x09, 0x09, 0x09, 0x09, 0x09, 0x09, 0x09, 0x09, 0x09, 0x09, 0x09, 0x09, 0x09, 0x09, 0x09, 0x09, 0x09, 0x09, 0x09, 0x09, 0x09, 0x09, 0x09, 0x09, 0x09, 0x09, 0x09, 0x09, 0x09, 0x09, 0x09, 0x09
    .byte 0x09, 0x09, 0x09, 0x09, 0x09, 0x09, 0x09, 0x09, 0x09, 0x09, 0x09, 0x09, 0x09, 0x09, 0x09, 0x09, 0x09, 0x09, 0x09, 0x09, 0x09, 0x09, 0x09, 0x09, 0x09, 0x09, 0x09, 0x09, 0x09, 0x09, 0x09, 0x09
    .byte 0x09, 0x09, 0x09, 0x09, 0x09, 0x09, 0x09, 0x09, 0x09, 0x09, 0x09, 0x09, 0x09, 0x09, 0x09, 0x09, 0x09, 0x09, 0x09, 0x09, 0x09, 0x09, 0x09, 0x09, 0x09, 0x09, 0x09, 0x09, 0x09, 0x09, 0x09, 0x09
    .byte 0x09, 0x09, 0x09, 0x09, 0x09, 0x09, 0x09, 0x09, 0x09, 0x09, 0x09, 0x09, 0x09, 0x09, 0x09, 0x09, 0x09, 0x09, 0x09, 0x09, 0x09, 0x09, 0x09, 0x09, 0x09, 0x09, 0x09, 0x09, 0x09, 0x09, 0x09, 0x09
    .byte 0x09, 0x09, 0x09, 0x09, 0x09, 0x09, 0x09, 0x09, 0x09, 0x09, 0x09, 0x09, 0x09, 0x09, 0x09, 0x09, 0x09, 0x09, 0x09, 0x09, 0x09, 0x09, 0x09, 0x09, 0x09, 0x09, 0x09, 0x09, 0x09, 0x09, 0x09, 0x09
    .byte 0x09, 0x09, 0x09, 0x09, 0x09, 0x09, 0x09, 0x09, 0x09, 0x09, 0x09, 0x09, 0x09, 0x09, 0x09, 0x09, 0x09, 0x09, 0x09, 0x09, 0x09, 0x09, 0x09, 0x09, 0x09, 0x09, 0x09, 0x09, 0x09, 0x09, 0x09, 0x09
    .byte 0x09, 0x09, 0x09, 0x09, 0x09, 0x09, 0x09, 0x09, 0x09, 0x09, 0x51, 0x09, 0x51, 0x09, 0x51, 0x09, 0x51, 0x09, 0x51, 0x09, 0x51, 0x09, 0x51, 0x09, 0x51, 0x09, 0x51, 0x09, 0x51, 0x09, 0x51, 0x09
    .byte 0x51, 0x09, 0x51, 0x09, 0x51, 0x09, 0x51, 0x09, 0x51, 0x09, 0x51, 0x09, 0x51, 0x09, 0x51, 0x09, 0x51, 0x09, 0x51, 0x09, 0x51, 0x09, 0x51, 0x09, 0x51, 0x09, 0x51, 0x09, 0x51, 0x09, 0x51, 0x09
    .byte 0x51, 0x09, 0x51, 0x09, 0x51, 0x09, 0x51, 0x09, 0x51, 0x09, 0x51, 0x09, 0x51, 0x09, 0x51, 0x37, 0x37, 0x37, 0x37, 0x37, 0x37, 0x37, 0x37, 0x37, 0x37, 0x37, 0x37, 0x09, 0x51, 0x09, 0x51, 0x09
    .byte 0x51, 0x09, 0x51, 0x09, 0x51, 0x09, 0x51, 0x09, 0x51, 0x09, 0x51, 0x09, 0x51, 0x09, 0x51, 0x09, 0x51, 0x09, 0x51, 0x09, 0x51, 0x09, 0x51, 0x09, 0x51, 0x09, 0x51, 0x09, 0x51, 0x09, 0x51, 0x09
    .byte 0x51, 0x09, 0x51, 0x09, 0x51, 0x09, 0x51, 0x09, 0x51, 0x09, 0x51, 0x09, 0x51, 0x09, 0x51, 0x09, 0x51, 0x09, 0x51, 0x09, 0x51, 0x09, 0x51, 0x09, 0x51, 0x09, 0x51, 0x09, 0x51, 0x09, 0x51, 0x09
    .byte 0x51, 0x09, 0x51, 0x09, 0x51, 0x09, 0x51, 0x09, 0x51, 0x09, 0x51, 0x09, 0x51, 0x09, 0x51, 0x09, 0x51, 0x09, 0x51, 0x09, 0x51, 0x09, 0x51, 0x09, 0x51, 0x09, 0x51, 0x09, 0x51, 0x09, 0x51, 0x09
    .byte 0x51, 0x09, 0x51, 0x09, 0x51, 0x09, 0x51, 0x09, 0x51, 0x09, 0x51, 0x09, 0x51, 0x09, 0x51, 0x09, 0x51, 0x09, 0x51, 0x09, 0x51, 0x09, 0x51, 0x09, 0x51, 0x09, 0x51, 0x09, 0x51, 0x09, 0x51, 0x09
    .byte 0x51, 0x09, 0x51, 0x09, 0x51, 0x09, 0x51, 0x09, 0x51, 0x09, 0x51, 0x09, 0x51, 0x09, 0x51, 0x09, 0x51, 0x09, 0x51, 0x09, 0x51, 0x09, 0x51, 0x09, 0x51, 0x09, 0x51, 0x09, 0x51, 0x09, 0x51, 0x09
    .byte 0x51, 0x09, 0x51, 0x09, 0x51, 0x09, 0x51, 0x09, 0x51, 0x09, 0x51, 0x09, 0x51, 0x09, 0x51, 0x09, 0x51, 0x09, 0x51, 0x09, 0x51, 0x09, 0x51, 0x09, 0x51, 0x09, 0x51, 0x09, 0x51, 0x09, 0x51, 0x09
    .byte 0x51, 0x09, 0x51, 0x09, 0x51, 0x09, 0x51, 0x09, 0x51, 0x09, 0x51, 0x09, 0x51, 0x09, 0x51, 0x09, 0x51, 0x09, 0x51, 0x09, 0x51, 0x09, 0x09, 0x09, 0x09, 0x09, 0x09, 0x09, 0x09, 0x09, 0x09, 0x09
    .byte 0x09, 0x09, 0x09, 0x09, 0x09, 0x09, 0x09, 0x09, 0x09, 0x09, 0x09, 0x09, 0x09, 0x09, 0x09, 0x09, 0x09, 0x09, 0x09, 0x09, 0x09, 0x09, 0x09, 0x09, 0x09, 0x09, 0x09, 0x09, 0x09, 0x09, 0x09, 0x09
    .byte 0x09, 0x09, 0x09, 0x09, 0x09, 0x09, 0x09, 0x09, 0x09, 0x09, 0x09, 0x09, 0x09, 0x09, 0x09, 0x09, 0x09, 0x09, 0x09, 0x09, 0x09, 0x09, 0x09, 0x09, 0x09, 0x09, 0x09, 0x09, 0x09, 0x09, 0x09, 0x09
    .byte 0x09, 0x09, 0x09, 0x09, 0x09, 0x09, 0x09, 0x09, 0x09, 0x09, 0x09, 0x09, 0x09, 0x09, 0x09, 0x37, 0x37, 0x37, 0x37, 0x37, 0x37, 0x37, 0x37, 0x37, 0x37, 0x37, 0x37, 0x09, 0x09, 0x09, 0x09, 0x09
    .byte 0x09, 0x09, 0x09, 0x09, 0x09, 0x09, 0x09, 0x09, 0x09, 0x09, 0x09, 0x09, 0x09, 0x09, 0x09, 0x09, 0x09, 0x09, 0x09, 0x09, 0x09, 0x09, 0x09, 0x09, 0x09, 0x09, 0x09, 0x09, 0x09, 0x09, 0x09, 0x09
    .byte 0x09, 0x09, 0x09, 0x09, 0x09, 0x09, 0x09, 0x09, 0x09, 0x09, 0x09, 0x09, 0x09, 0x09, 0x09, 0x09, 0x09, 0x09, 0x09, 0x09, 0x09, 0x09, 0x09, 0x09, 0x09, 0x09, 0x09, 0x09, 0x09, 0x09, 0x09, 0x09
    .byte 0x09, 0x09, 0x09, 0x09, 0x09, 0x09, 0x09, 0x09, 0x09, 0x09, 0x09, 0x09, 0x09, 0x09, 0x09, 0x09, 0x09, 0x09, 0x09, 0x09, 0x09, 0x09, 0x09, 0x09, 0x09, 0x09, 0x09, 0x09, 0x09, 0x09, 0x09, 0x09
    .byte 0x09, 0x09, 0x09, 0x09, 0x09, 0x09, 0x09, 0x09, 0x09, 0x09, 0x09, 0x09, 0x09, 0x09, 0x09, 0x09, 0x09, 0x09, 0x09, 0x09, 0x09, 0x09, 0x09, 0x09, 0x09, 0x09, 0x09, 0x09, 0x09, 0x09, 0x09, 0x09
    .byte 0x09, 0x09, 0x09, 0x09, 0x09, 0x09, 0x09, 0x09, 0x09, 0x09, 0x09, 0x09, 0x09, 0x09, 0x09, 0x09, 0x09, 0x09, 0x09, 0x09, 0x09, 0x09, 0x09, 0x09, 0x09, 0x09, 0x09, 0x09, 0x09, 0x09, 0x09, 0x09
    .byte 0x09, 0x09, 0x09, 0x09, 0x09, 0x09, 0x09, 0x09, 0x09, 0x09, 0x09, 0x09, 0x09, 0x09, 0x09, 0x09, 0x09, 0x09, 0x09, 0x09, 0x09, 0x09, 0x09, 0x09, 0x09, 0x09, 0x09, 0x09, 0x09, 0x09, 0x09, 0x09
    .byte 0x09, 0x09, 0x09, 0x09, 0x09, 0x09, 0x09, 0x09, 0x09, 0x09, 0x09, 0x09, 0x09, 0x09, 0x09, 0x09, 0x09, 0x09, 0x09, 0x09, 0x09, 0x09, 0x09, 0x09, 0x09, 0x09, 0x09, 0x09, 0x09, 0x09, 0x09, 0x09
    .byte 0x09, 0x09, 0x09, 0x09, 0x09, 0x09, 0x09, 0x09, 0x09, 0x09, 0x51, 0x09, 0x51, 0x09, 0x51, 0x09, 0x51, 0x09, 0x51, 0x09, 0x51, 0x09, 0x51, 0x09, 0x51, 0x09, 0x51, 0x09, 0x51, 0x09, 0x51, 0x09
    .byte 0x51, 0x09, 0x51, 0x09, 0x51, 0x09, 0x51, 0x09, 0x51, 0x09, 0x51, 0x09, 0x51, 0x09, 0x51, 0x09, 0x51, 0x09, 0x51, 0x09, 0x51, 0x09, 0x51, 0x09, 0x51, 0x09, 0x51, 0x09, 0x51, 0x09, 0x51, 0x09
    .byte 0x51, 0x09, 0x51, 0x09, 0x51, 0x09, 0x51, 0x09, 0x51, 0x09, 0x51, 0x09, 0x51, 0x09, 0x51, 0x37, 0x37, 0x37, 0x37, 0x37, 0x37, 0x37, 0x37, 0x37, 0x37, 0x37, 0x37, 0x09, 0x51, 0x09, 0x51, 0x09
    .byte 0x51, 0x09, 0x51, 0x09, 0x51, 0x09, 0x51, 0x09, 0x51, 0x09, 0x51, 0x09, 0x51, 0x09, 0x51, 0x09, 0x51, 0x09, 0x51, 0x09, 0x51, 0x09, 0x51, 0x09, 0x51, 0x09, 0x51, 0x09, 0x51, 0x09, 0x51, 0x09
    .byte 0x51, 0x09, 0x51, 0x09, 0x51, 0x09, 0x51, 0x09, 0x51, 0x09, 0x51, 0x09, 0x51, 0x09, 0x51, 0x09, 0x51, 0x09, 0x51, 0x09, 0x51, 0x09, 0x51, 0x09, 0x51, 0x09, 0x51, 0x09, 0x51, 0x09, 0x51, 0x09
    .byte 0x51, 0x09, 0x51, 0x09, 0x51, 0x09, 0x51, 0x09, 0x51, 0x09, 0x51, 0x09, 0x51, 0x09, 0x51, 0x09, 0x51, 0x09, 0x51, 0x09, 0x51, 0x09, 0x51, 0x09, 0x51, 0x09, 0x51, 0x09, 0x51, 0x09, 0x51, 0x09
    .byte 0x51, 0x09, 0x51, 0x09, 0x51, 0x09, 0x51, 0x09, 0x51, 0x09, 0x51, 0x09, 0x51, 0x09, 0x51, 0x09, 0x51, 0x09, 0x51, 0x09, 0x51, 0x09, 0x51, 0x09, 0x51, 0x09, 0x51, 0x09, 0x51, 0x09, 0x51, 0x09
    .byte 0x51, 0x09, 0x51, 0x09, 0x51, 0x09, 0x51, 0x09, 0x51, 0x09, 0x51, 0x09, 0x51, 0x09, 0x51, 0x09, 0x51, 0x09, 0x51, 0x09, 0x51, 0x09, 0x51, 0x09, 0x51, 0x09, 0x51, 0x09, 0x51, 0x09, 0x51, 0x09
    .byte 0x51, 0x09, 0x51, 0x09, 0x51, 0x09, 0x51, 0x09, 0x51, 0x09, 0x51, 0x09, 0x51, 0x09, 0x51, 0x09, 0x51, 0x09, 0x51, 0x09, 0x51, 0x09, 0x51, 0x09, 0x51, 0x09, 0x51, 0x09, 0x51, 0x09, 0x51, 0x09
    .byte 0x51, 0x09, 0x51, 0x09, 0x51, 0x09, 0x51, 0x09, 0x51, 0x09, 0x51, 0x09, 0x51, 0x09, 0x51, 0x09, 0x51, 0x09, 0x51, 0x09, 0x51, 0x09, 0x09, 0x09, 0x09, 0x09, 0x09, 0x09, 0x09, 0x09, 0x09, 0x09
    .byte 0x09, 0x09, 0x09, 0x09, 0x09, 0x09, 0x09, 0x09, 0x09, 0x09, 0x09, 0x09, 0x09, 0x09, 0x09, 0x09, 0x09, 0x09, 0x09, 0x09, 0x09, 0x09, 0x09, 0x09, 0x09, 0x09, 0x09, 0x09, 0x09, 0x09, 0x09, 0x09
    .byte 0x09, 0x09, 0x09, 0x09, 0x09, 0x09, 0x09, 0x09, 0x09, 0x09, 0x09, 0x09, 0x09, 0x09, 0x09, 0x09, 0x09, 0x09, 0x09, 0x09, 0x09, 0x09, 0x09, 0x09, 0x09, 0x09, 0x09, 0x09, 0x09, 0x09, 0x09, 0x09
    .byte 0x09, 0x09, 0x09, 0x09, 0x09, 0x09, 0x09, 0x09, 0x09, 0x09, 0x09, 0x09, 0x09, 0x09, 0x09, 0x00, 0x00, 0x00, 0x00, 0x00, 0x00, 0x00, 0x00, 0x00, 0x00, 0x00, 0x00, 0x09, 0x09, 0x09, 0x09, 0x09
    .byte 0x09, 0x09, 0x09, 0x09, 0x09, 0x09, 0x09, 0x09, 0x09, 0x09, 0x09, 0x09, 0x09, 0x09, 0x09, 0x09, 0x09, 0x09, 0x09, 0x09, 0x09, 0x09, 0x09, 0x09, 0x09, 0x09, 0x09, 0x09, 0x09, 0x09, 0x09, 0x09
    .byte 0x09, 0x09, 0x09, 0x09, 0x09, 0x09, 0x09, 0x09, 0x09, 0x09, 0x09, 0x09, 0x09, 0x09, 0x09, 0x09, 0x09, 0x09, 0x09, 0x09, 0x09, 0x09, 0x09, 0x09, 0x09, 0x09, 0x09, 0x09, 0x09, 0x09, 0x09, 0x09
    .byte 0x09, 0x09, 0x09, 0x09, 0x09, 0x09, 0x09, 0x09, 0x09, 0x09, 0x09, 0x09, 0x09, 0x09, 0x09, 0x09, 0x09, 0x09, 0x09, 0x09, 0x09, 0x09, 0x09, 0x09, 0x09, 0x09, 0x09, 0x09, 0x09, 0x09, 0x09, 0x09
    .byte 0x09, 0x09, 0x09, 0x09, 0x09, 0x09, 0x09, 0x09, 0x09, 0x09, 0x09, 0x09, 0x09, 0x09, 0x09, 0x09, 0x09, 0x09, 0x09, 0x09, 0x09, 0x09, 0x09, 0x09, 0x09, 0x09, 0x09, 0x09, 0x09, 0x09, 0x09, 0x09
    .byte 0x09, 0x09, 0x09, 0x09, 0x09, 0x09, 0x09, 0x09, 0x09, 0x09, 0x09, 0x09, 0x09, 0x09, 0x09, 0x09, 0x09, 0x09, 0x09, 0x09, 0x09, 0x09, 0x09, 0x09, 0x09, 0x09, 0x09, 0x09, 0x09, 0x09, 0x09, 0x09
    .byte 0x09, 0x09, 0x09, 0x09, 0x09, 0x09, 0x09, 0x09, 0x09, 0x09, 0x09, 0x09, 0x09, 0x09, 0x09, 0x09, 0x09, 0x09, 0x09, 0x09, 0x09, 0x09, 0x09, 0x09, 0x09, 0x09, 0x09, 0x09, 0x09, 0x09, 0x09, 0x09
    .byte 0x09, 0x09, 0x09, 0x09, 0x09, 0x09, 0x09, 0x09, 0x09, 0x09, 0x09, 0x09, 0x09, 0x09, 0x09, 0x09, 0x09, 0x09, 0x09, 0x09, 0x09, 0x09, 0x51, 0x51, 0x51, 0x51, 0x51, 0x51, 0x51, 0x51, 0x51, 0x51
    .byte 0x09, 0x09, 0x09, 0x09, 0x09, 0x09, 0x09, 0x09, 0x09, 0x09, 0x51, 0x09, 0x51, 0x09, 0x51, 0x09, 0x51, 0x09, 0x51, 0x09, 0x51, 0x09, 0x51, 0x09, 0x51, 0x09, 0x51, 0x09, 0x51, 0x09, 0x51, 0x09
    .byte 0x51, 0x09, 0x51, 0x09, 0x51, 0x09, 0x51, 0x09, 0x51, 0x09, 0x51, 0x09, 0x51, 0x09, 0x51, 0x09, 0x51, 0x09, 0x51, 0x09, 0x51, 0x09, 0x51, 0x09, 0x51, 0x09, 0x51, 0x09, 0x51, 0x09, 0x51, 0x09
    .byte 0x51, 0x09, 0x51, 0x09, 0x51, 0x09, 0x51, 0x09, 0x51, 0x09, 0x51, 0x09, 0x51, 0x09, 0x51, 0x00, 0x00, 0x00, 0x00, 0x00, 0x00, 0x00, 0x00, 0x00, 0x00, 0x00, 0x00, 0x09, 0x51, 0x09, 0x51, 0x09
    .byte 0x51, 0x09, 0x51, 0x09, 0x51, 0x09, 0x51, 0x09, 0x51, 0x09, 0x51, 0x09, 0x51, 0x09, 0x51, 0x09, 0x51, 0x09, 0x51, 0x09, 0x51, 0x09, 0x51, 0x09, 0x51, 0x09, 0x51, 0x09, 0x51, 0x09, 0x51, 0x09
    .byte 0x51, 0x09, 0x51, 0x09, 0x51, 0x09, 0x51, 0x09, 0x51, 0x09, 0x51, 0x09, 0x51, 0x09, 0x51, 0x09, 0x51, 0x09, 0x51, 0x09, 0x51, 0x09, 0x51, 0x09, 0x51, 0x09, 0x51, 0x09, 0x51, 0x09, 0x51, 0x09
    .byte 0x51, 0x09, 0x51, 0x09, 0x51, 0x09, 0x51, 0x09, 0x51, 0x09, 0x51, 0x09, 0x51, 0x09, 0x51, 0x09, 0x51, 0x09, 0x51, 0x09, 0x51, 0x09, 0x51, 0x09, 0x51, 0x09, 0x51, 0x09, 0x51, 0x09, 0x51, 0x09
    .byte 0x51, 0x09, 0x51, 0x09, 0x51, 0x09, 0x51, 0x09, 0x51, 0x09, 0x51, 0x09, 0x51, 0x09, 0x51, 0x09, 0x51, 0x09, 0x51, 0x09, 0x51, 0x09, 0x51, 0x09, 0x51, 0x09, 0x51, 0x09, 0x51, 0x09, 0x51, 0x09
    .byte 0x51, 0x09, 0x51, 0x09, 0x51, 0x09, 0x51, 0x09, 0x51, 0x09, 0x51, 0x09, 0x51, 0x09, 0x51, 0x09, 0x51, 0x09, 0x51, 0x09, 0x51, 0x09, 0x51, 0x09, 0x51, 0x09, 0x51, 0x09, 0x51, 0x09, 0x51, 0x09
    .byte 0x51, 0x09, 0x51, 0x09, 0x51, 0x09, 0x51, 0x09, 0x51, 0x09, 0x51, 0x09, 0x51, 0x09, 0x51, 0x09, 0x51, 0x09, 0x51, 0x09, 0x51, 0x09, 0x51, 0x09, 0x51, 0x09, 0x51, 0x09, 0x51, 0x09, 0x51, 0x09
    .byte 0x51, 0x09, 0x51, 0x09, 0x51, 0x09, 0x51, 0x09, 0x51, 0x09, 0x51, 0x09, 0x51, 0x09, 0x51, 0x09, 0x51, 0x09, 0x51, 0x09, 0x51, 0x09, 0x51, 0x51, 0x51, 0x51, 0x51, 0x51, 0x51, 0x51, 0x51, 0x51
    .byte 0x09, 0x09, 0x09, 0x09, 0x09, 0x09, 0x09, 0x09, 0x09, 0x09, 0x09, 0x09, 0x09, 0x09, 0x09, 0x09, 0x09, 0x09, 0x09, 0x09, 0x09, 0x09, 0x09, 0x09, 0x09, 0x09, 0x09, 0x09, 0x09, 0x09, 0x09, 0x09
    .byte 0x09, 0x09, 0x09, 0x09, 0x09, 0x09, 0x09, 0x09, 0x09, 0x09, 0x09, 0x09, 0x09, 0x09, 0x09, 0x09, 0x09, 0x09, 0x09, 0x09, 0x09, 0x09, 0x09, 0x09, 0x09, 0x09, 0x09, 0x09, 0x09, 0x09, 0x09, 0x09
    .byte 0x09, 0x09, 0x09, 0x09, 0x09, 0x09, 0x09, 0x09, 0x09, 0x09, 0x09, 0x09, 0x09, 0x09, 0x09, 0x00, 0x00, 0x00, 0x00, 0x00, 0x00, 0x00, 0x00, 0x00, 0x00, 0x00, 0x00, 0x09, 0x09, 0x09, 0x09, 0x09
    .byte 0x09, 0x09, 0x09, 0x09, 0x09, 0x09, 0x09, 0x09, 0x09, 0x09, 0x09, 0x09, 0x09, 0x09, 0x09, 0x09, 0x09, 0x09, 0x09, 0x09, 0x09, 0x09, 0x09, 0x09, 0x09, 0x09, 0x09, 0x09, 0x09, 0x09, 0x09, 0x09
    .byte 0x09, 0x09, 0x09, 0x09, 0x09, 0x09, 0x09, 0x09, 0x09, 0x09, 0x09, 0x09, 0x09, 0x09, 0x09, 0x09, 0x09, 0x09, 0x09, 0x09, 0x09, 0x09, 0x09, 0x09, 0x09, 0x09, 0x09, 0x09, 0x09, 0x09, 0x09, 0x09
    .byte 0x09, 0x09, 0x09, 0x09, 0x09, 0x09, 0x09, 0x09, 0x09, 0x09, 0x09, 0x09, 0x09, 0x09, 0x09, 0x09, 0x09, 0x09, 0x09, 0x09, 0x09, 0x09, 0x09, 0x09, 0x09, 0x09, 0x09, 0x09, 0x09, 0x09, 0x09, 0x09
    .byte 0x09, 0x09, 0x09, 0x09, 0x09, 0x09, 0x09, 0x09, 0x09, 0x09, 0x09, 0x09, 0x09, 0x09, 0x09, 0x09, 0x09, 0x09, 0x09, 0x09, 0x09, 0x09, 0x09, 0x09, 0x09, 0x09, 0x09, 0x09, 0x09, 0x09, 0x09, 0x09
    .byte 0x09, 0x09, 0x09, 0x09, 0x09, 0x09, 0x09, 0x09, 0x09, 0x09, 0x09, 0x09, 0x09, 0x09, 0x09, 0x09, 0x09, 0x09, 0x09, 0x09, 0x09, 0x09, 0x09, 0x09, 0x09, 0x09, 0x09, 0x09, 0x09, 0x09, 0x09, 0x09
    .byte 0x09, 0x09, 0x09, 0x09, 0x09, 0x09, 0x09, 0x09, 0x09, 0x09, 0x09, 0x09, 0x09, 0x09, 0x09, 0x09, 0x09, 0x09, 0x09, 0x09, 0x09, 0x09, 0x09, 0x09, 0x09, 0x09, 0x09, 0x09, 0x09, 0x09, 0x09, 0x09
    .byte 0x09, 0x09, 0x09, 0x09, 0x09, 0x09, 0x09, 0x09, 0x09, 0x09, 0x09, 0x09, 0x09, 0x09, 0x09, 0x09, 0x09, 0x09, 0x09, 0x09, 0x09, 0x09, 0x51, 0x51, 0x51, 0x51, 0x51, 0x51, 0x51, 0x51, 0x51, 0x51
    .byte 0x09, 0x09, 0x09, 0x09, 0x09, 0x09, 0x09, 0x09, 0x09, 0x09, 0x51, 0x09, 0x51, 0x09, 0x51, 0x09, 0x51, 0x09, 0x51, 0x09, 0x51, 0x09, 0x51, 0x09, 0x51, 0x09, 0x51, 0x09, 0x51, 0x09, 0x51, 0x09
    .byte 0x51, 0x09, 0x51, 0x09, 0x51, 0x09, 0x51, 0x09, 0x51, 0x09, 0x51, 0x09, 0x51, 0x09, 0x51, 0x09, 0x51, 0x09, 0x51, 0x09, 0x51, 0x09, 0x51, 0x09, 0x51, 0x09, 0x51, 0x09, 0x51, 0x09, 0x51, 0x09
    .byte 0x51, 0x09, 0x51, 0x09, 0x51, 0x09, 0x51, 0x09, 0x51, 0x09, 0x51, 0x09, 0x51, 0x09, 0x51, 0x00, 0x00, 0x00, 0x00, 0x00, 0x00, 0x00, 0x00, 0x00, 0x00, 0x00, 0x00, 0x09, 0x51, 0x09, 0x51, 0x09
    .byte 0x51, 0x09, 0x51, 0x09, 0x51, 0x09, 0x51, 0x09, 0x51, 0x09, 0x51, 0x09, 0x51, 0x09, 0x51, 0x09, 0x51, 0x09, 0x51, 0x09, 0x51, 0x09, 0x51, 0x09, 0x51, 0x09, 0x51, 0x09, 0x51, 0x09, 0x51, 0x09
    .byte 0x51, 0x09, 0x51, 0x09, 0x51, 0x09, 0x51, 0x09, 0x51, 0x09, 0x51, 0x09, 0x51, 0x09, 0x51, 0x09, 0x51, 0x09, 0x51, 0x09, 0x51, 0x09, 0x51, 0x09, 0x51, 0x09, 0x51, 0x09, 0x51, 0x09, 0x51, 0x09
    .byte 0x51, 0x09, 0x51, 0x09, 0x51, 0x09, 0x51, 0x09, 0x51, 0x09, 0x51, 0x09, 0x51, 0x09, 0x51, 0x09, 0x51, 0x09, 0x51, 0x09, 0x51, 0x09, 0x51, 0x09, 0x51, 0x09, 0x51, 0x09, 0x51, 0x09, 0x51, 0x09
    .byte 0x51, 0x09, 0x51, 0x09, 0x51, 0x09, 0x51, 0x09, 0x51, 0x09, 0x51, 0x09, 0x51, 0x09, 0x51, 0x09, 0x51, 0x09, 0x51, 0x09, 0x51, 0x09, 0x51, 0x09, 0x51, 0x09, 0x51, 0x09, 0x51, 0x09, 0x51, 0x09
    .byte 0x51, 0x09, 0x51, 0x09, 0x51, 0x09, 0x51, 0x09, 0x51, 0x09, 0x51, 0x09, 0x51, 0x09, 0x51, 0x09, 0x51, 0x09, 0x51, 0x09, 0x51, 0x09, 0x51, 0x09, 0x51, 0x09, 0x51, 0x09, 0x51, 0x09, 0x51, 0x09
    .byte 0x51, 0x09, 0x51, 0x09, 0x51, 0x09, 0x51, 0x09, 0x51, 0x09, 0x51, 0x09, 0x51, 0x09, 0x51, 0x09, 0x51, 0x09, 0x51, 0x09, 0x51, 0x09, 0x51, 0x09, 0x51, 0x09, 0x51, 0x09, 0x51, 0x09, 0x51, 0x09
    .byte 0x51, 0x09, 0x51, 0x09, 0x51, 0x09, 0x51, 0x09, 0x51, 0x09, 0x51, 0x09, 0x51, 0x09, 0x51, 0x09, 0x51, 0x09, 0x51, 0x09, 0x51, 0x09, 0x51, 0x51, 0x51, 0x51, 0x51, 0x51, 0x51, 0x51, 0x51, 0x51
    .byte 0x09, 0x09, 0x09, 0x09, 0x09, 0x09, 0x09, 0x09, 0x09, 0x09, 0x09, 0x09, 0x09, 0x09, 0x09, 0x09, 0x09, 0x09, 0x09, 0x09, 0x09, 0x09, 0x09, 0x09, 0x09, 0x09, 0x09, 0x09, 0x09, 0x09, 0x09, 0x09
    .byte 0x09, 0x09, 0x09, 0x09, 0x09, 0x09, 0x09, 0x09, 0x09, 0x09, 0x09, 0x09, 0x09, 0x09, 0x09, 0x09, 0x09, 0x09, 0x09, 0x09, 0x09, 0x09, 0x09, 0x09, 0x09, 0x09, 0x09, 0x09, 0x09, 0x09, 0x09, 0x09
    .byte 0x09, 0x09, 0x09, 0x09, 0x09, 0x09, 0x09, 0x09, 0x09, 0x09, 0x09, 0x09, 0x09, 0x09, 0x09, 0x00, 0x00, 0x00, 0x00, 0x00, 0x00, 0x00, 0x00, 0x00, 0x00, 0x00, 0x00, 0x09, 0x09, 0x09, 0x09, 0x09
    .byte 0x09, 0x09, 0x09, 0x09, 0x09, 0x09, 0x09, 0x09, 0x09, 0x09, 0x09, 0x09, 0x09, 0x09, 0x09, 0x09, 0x09, 0x09, 0x09, 0x09, 0x09, 0x09, 0x09, 0x09, 0x09, 0x09, 0x09, 0x09, 0x09, 0x09, 0x09, 0x09
    .byte 0x09, 0x09, 0x09, 0x09, 0x09, 0x09, 0x09, 0x09, 0x09, 0x09, 0x09, 0x09, 0x09, 0x09, 0x09, 0x09, 0x09, 0x09, 0x09, 0x09, 0x09, 0x09, 0x09, 0x09, 0x09, 0x09, 0x09, 0x09, 0x09, 0x09, 0x09, 0x09
    .byte 0x09, 0x09, 0x09, 0x09, 0x09, 0x09, 0x09, 0x09, 0x09, 0x09, 0x09, 0x09, 0x09, 0x09, 0x09, 0x09, 0x09, 0x09, 0x09, 0x09, 0x09, 0x09, 0x09, 0x09, 0x09, 0x09, 0x09, 0x09, 0x09, 0x09, 0x09, 0x09
    .byte 0x09, 0x09, 0x09, 0x09, 0x09, 0x09, 0x09, 0x09, 0x09, 0x09, 0x09, 0x09, 0x09, 0x09, 0x09, 0x09, 0x09, 0x09, 0x09, 0x09, 0x09, 0x09, 0x09, 0x09, 0x09, 0x09, 0x09, 0x09, 0x09, 0x09, 0x09, 0x09
    .byte 0x09, 0x09, 0x09, 0x09, 0x09, 0x09, 0x09, 0x09, 0x09, 0x09, 0x09, 0x09, 0x09, 0x09, 0x09, 0x09, 0x09, 0x09, 0x09, 0x09, 0x09, 0x09, 0x09, 0x09, 0x09, 0x09, 0x09, 0x09, 0x09, 0x09, 0x09, 0x09
    .byte 0x09, 0x09, 0x09, 0x09, 0x09, 0x09, 0x09, 0x09, 0x09, 0x09, 0x09, 0x09, 0x09, 0x09, 0x09, 0x09, 0x09, 0x09, 0x09, 0x09, 0x09, 0x09, 0x09, 0x09, 0x09, 0x09, 0x09, 0x09, 0x09, 0x09, 0x09, 0x09
    .byte 0x09, 0x09, 0x09, 0x09, 0x09, 0x09, 0x09, 0x09, 0x09, 0x09, 0x09, 0x09, 0x09, 0x09, 0x09, 0x09, 0x09, 0x09, 0x09, 0x09, 0x09, 0x09, 0x51, 0x51, 0x51, 0x51, 0x51, 0x51, 0x51, 0x51, 0x51, 0x51
    .byte 0x09, 0x09, 0x09, 0x09, 0x09, 0x09, 0x09, 0x09, 0x09, 0x09, 0x51, 0x09, 0x51, 0x09, 0x51, 0x09, 0x51, 0x09, 0x51, 0x09, 0x51, 0x09, 0x51, 0x09, 0x51, 0x09, 0x51, 0x09, 0x51, 0x09, 0x51, 0x09
    .byte 0x51, 0x09, 0x51, 0x09, 0x51, 0x09, 0x51, 0x09, 0x51, 0x09, 0x51, 0x09, 0x51, 0x09, 0x51, 0x09, 0x51, 0x09, 0x51, 0x09, 0x51, 0x09, 0x51, 0x09, 0x51, 0x09, 0x51, 0x09, 0x51, 0x09, 0x51, 0x09
    .byte 0x51, 0x09, 0x51, 0x09, 0x51, 0x09, 0x51, 0x09, 0x51, 0x09, 0x51, 0x09, 0x51, 0x09, 0x51, 0x00, 0x00, 0x00, 0x00, 0x00, 0x00, 0x00, 0x00, 0x00, 0x00, 0x00, 0x00, 0x09, 0x51, 0x09, 0x51, 0x09
    .byte 0x51, 0x09, 0x51, 0x09, 0x51, 0x09, 0x51, 0x09, 0x51, 0x09, 0x51, 0x09, 0x51, 0x09, 0x51, 0x09, 0x51, 0x09, 0x51, 0x09, 0x51, 0x09, 0x51, 0x09, 0x51, 0x09, 0x51, 0x09, 0x51, 0x09, 0x51, 0x09
    .byte 0x51, 0x09, 0x51, 0x09, 0x51, 0x09, 0x51, 0x09, 0x51, 0x09, 0x51, 0x09, 0x51, 0x09, 0x51, 0x09, 0x51, 0x09, 0x51, 0x09, 0x51, 0x09, 0x51, 0x09, 0x51, 0x09, 0x51, 0x09, 0x51, 0x09, 0x51, 0x09
    .byte 0x51, 0x09, 0x51, 0x09, 0x51, 0x09, 0x51, 0x09, 0x51, 0x09, 0x51, 0x09, 0x51, 0x09, 0x51, 0x09, 0x51, 0x09, 0x51, 0x09, 0x51, 0x09, 0x51, 0x09, 0x51, 0x09, 0x51, 0x09, 0x51, 0x09, 0x51, 0x09
    .byte 0x51, 0x09, 0x51, 0x09, 0x51, 0x09, 0x51, 0x09, 0x51, 0x09, 0x51, 0x09, 0x51, 0x09, 0x51, 0x09, 0x51, 0x09, 0x51, 0x09, 0x51, 0x09, 0x51, 0x09, 0x51, 0x09, 0x51, 0x09, 0x51, 0x09, 0x51, 0x09
    .byte 0x51, 0x09, 0x51, 0x09, 0x51, 0x09, 0x51, 0x09, 0x51, 0x09, 0x51, 0x09, 0x51, 0x09, 0x51, 0x09, 0x51, 0x09, 0x51, 0x09, 0x51, 0x09, 0x51, 0x09, 0x51, 0x09, 0x51, 0x09, 0x51, 0x09, 0x51, 0x09
    .byte 0x51, 0x09, 0x51, 0x09, 0x51, 0x09, 0x51, 0x09, 0x51, 0x09, 0x51, 0x09, 0x51, 0x09, 0x51, 0x09, 0x51, 0x09, 0x51, 0x09, 0x51, 0x09, 0x51, 0x09, 0x51, 0x09, 0x51, 0x09, 0x51, 0x09, 0x51, 0x09
    .byte 0x51, 0x09, 0x51, 0x09, 0x51, 0x09, 0x51, 0x09, 0x51, 0x09, 0x51, 0x09, 0x51, 0x09, 0x51, 0x09, 0x51, 0x09, 0x51, 0x09, 0x51, 0x09, 0x51, 0x51, 0x51, 0x51, 0x51, 0x51, 0x51, 0x51, 0x51, 0x51
    .byte 0x09, 0x09, 0x09, 0x09, 0x09, 0x09, 0x09, 0x09, 0x09, 0x09, 0x09, 0x09, 0x09, 0x09, 0x09, 0x09, 0x09, 0x09, 0x09, 0x09, 0x09, 0x09, 0x09, 0x09, 0x09, 0x09, 0x09, 0x09, 0x09, 0x09, 0x09, 0x09
    .byte 0x09, 0x09, 0x09, 0x09, 0x09, 0x09, 0x09, 0x09, 0x09, 0x09, 0x09, 0x09, 0x09, 0x09, 0x09, 0x09, 0x09, 0x09, 0x09, 0x09, 0x09, 0x09, 0x09, 0x09, 0x09, 0x09, 0x09, 0x09, 0x09, 0x09, 0x09, 0x09
    .byte 0x09, 0x09, 0x09, 0x09, 0x09, 0x09, 0x09, 0x09, 0x09, 0x09, 0x09, 0x09, 0x09, 0x09, 0x09, 0x09, 0x09, 0x09, 0x09, 0x09, 0x09, 0x09, 0x09, 0x09, 0x09, 0x09, 0x09, 0x09, 0x09, 0x09, 0x09, 0x09
    .byte 0x09, 0x09, 0x09, 0x09, 0x09, 0x09, 0x09, 0x09, 0x09, 0x09, 0x09, 0x09, 0x09, 0x09, 0x09, 0x09, 0x09, 0x09, 0x09, 0x09, 0x09, 0x09, 0x09, 0x09, 0x09, 0x09, 0x09, 0x09, 0x09, 0x09, 0x09, 0x09
    .byte 0x09, 0x09, 0x09, 0x09, 0x09, 0x09, 0x09, 0x09, 0x09, 0x09, 0x09, 0x09, 0x09, 0x09, 0x09, 0x09, 0x09, 0x09, 0x09, 0x09, 0x09, 0x09, 0x09, 0x09, 0x09, 0x09, 0x09, 0x09, 0x09, 0x09, 0x09, 0x09
    .byte 0x09, 0x09, 0x09, 0x09, 0x09, 0x09, 0x09, 0x09, 0x09, 0x09, 0x09, 0x09, 0x09, 0x09, 0x09, 0x09, 0x09, 0x09, 0x09, 0x09, 0x09, 0x09, 0x09, 0x09, 0x09, 0x09, 0x09, 0x09, 0x09, 0x09, 0x09, 0x09
    .byte 0x09, 0x09, 0x09, 0x09, 0x09, 0x09, 0x09, 0x09, 0x09, 0x09, 0x09, 0x09, 0x09, 0x09, 0x09, 0x09, 0x09, 0x09, 0x09, 0x09, 0x09, 0x09, 0x09, 0x09, 0x09, 0x09, 0x09, 0x09, 0x09, 0x09, 0x09, 0x09
    .byte 0x09, 0x09, 0x09, 0x09, 0x09, 0x09, 0x09, 0x09, 0x09, 0x09, 0x09, 0x09, 0x09, 0x09, 0x09, 0x09, 0x09, 0x09, 0x09, 0x09, 0x09, 0x09, 0x09, 0x09, 0x09, 0x09, 0x09, 0x09, 0x09, 0x09, 0x09, 0x09
    .byte 0x09, 0x09, 0x09, 0x09, 0x09, 0x09, 0x09, 0x09, 0x09, 0x09, 0x09, 0x09, 0x09, 0x09, 0x09, 0x09, 0x09, 0x09, 0x09, 0x09, 0x09, 0x09, 0x09, 0x09, 0x09, 0x09, 0x09, 0x09, 0x09, 0x09, 0x09, 0x09
    .byte 0x09, 0x09, 0x09, 0x09, 0x09, 0x09, 0x09, 0x09, 0x09, 0x09, 0x09, 0x09, 0x09, 0x09, 0x09, 0x09, 0x09, 0x09, 0x09, 0x09, 0x09, 0x09, 0x51, 0x51, 0x51, 0x51, 0x51, 0x51, 0x51, 0x51, 0x51, 0x51
    .byte 0x09, 0x09, 0x09, 0x09, 0x09, 0x09, 0x09, 0x09, 0x09, 0x09, 0x51, 0x09, 0x51, 0x09, 0x51, 0x09, 0x51, 0x09, 0x51, 0x09, 0x51, 0x09, 0x51, 0x09, 0x51, 0x09, 0x51, 0x09, 0x51, 0x09, 0x51, 0x09
    .byte 0x51, 0x09, 0x51, 0x09, 0x51, 0x09, 0x51, 0x09, 0x51, 0x09, 0x51, 0x09, 0x51, 0x09, 0x51, 0x09, 0x51, 0x09, 0x51, 0x09, 0x51, 0x09, 0x51, 0x09, 0x51, 0x09, 0x51, 0x09, 0x51, 0x09, 0x51, 0x09
    .byte 0x51, 0x09, 0x51, 0x09, 0x51, 0x09, 0x51, 0x09, 0x51, 0x09, 0x51, 0x09, 0x51, 0x09, 0x51, 0x09, 0x51, 0x09, 0x51, 0x09, 0x51, 0x09, 0x51, 0x09, 0x51, 0x09, 0x51, 0x09, 0x51, 0x09, 0x51, 0x09
    .byte 0x51, 0x09, 0x51, 0x09, 0x51, 0x09, 0x51, 0x09, 0x51, 0x09, 0x51, 0x09, 0x51, 0x09, 0x51, 0x09, 0x51, 0x09, 0x51, 0x09, 0x51, 0x09, 0x51, 0x09, 0x51, 0x09, 0x51, 0x09, 0x51, 0x09, 0x51, 0x09
    .byte 0x51, 0x09, 0x51, 0x09, 0x51, 0x09, 0x51, 0x09, 0x51, 0x09, 0x51, 0x09, 0x51, 0x09, 0x51, 0x09, 0x51, 0x09, 0x51, 0x09, 0x51, 0x09, 0x51, 0x09, 0x51, 0x09, 0x51, 0x09, 0x51, 0x09, 0x51, 0x09
    .byte 0x51, 0x09, 0x51, 0x09, 0x51, 0x09, 0x51, 0x09, 0x51, 0x09, 0x51, 0x09, 0x51, 0x09, 0x51, 0x09, 0x51, 0x09, 0x51, 0x09, 0x51, 0x09, 0x51, 0x09, 0x51, 0x09, 0x51, 0x09, 0x51, 0x09, 0x51, 0x09
    .byte 0x51, 0x09, 0x51, 0x09, 0x51, 0x09, 0x51, 0x09, 0x51, 0x09, 0x51, 0x09, 0x51, 0x09, 0x51, 0x09, 0x51, 0x09, 0x51, 0x09, 0x51, 0x09, 0x51, 0x09, 0x51, 0x09, 0x51, 0x09, 0x51, 0x09, 0x51, 0x09
    .byte 0x51, 0x09, 0x51, 0x09, 0x51, 0x09, 0x51, 0x09, 0x51, 0x09, 0x51, 0x09, 0x51, 0x09, 0x51, 0x09, 0x51, 0x09, 0x51, 0x09, 0x51, 0x09, 0x51, 0x09, 0x51, 0x09, 0x51, 0x09, 0x51, 0x09, 0x51, 0x09
    .byte 0x51, 0x09, 0x51, 0x09, 0x51, 0x09, 0x51, 0x09, 0x51, 0x09, 0x51, 0x09, 0x51, 0x09, 0x51, 0x09, 0x51, 0x09, 0x51, 0x09, 0x51, 0x09, 0x51, 0x09, 0x51, 0x09, 0x51, 0x09, 0x51, 0x09, 0x51, 0x09
    .byte 0x51, 0x09, 0x51, 0x09, 0x51, 0x09, 0x51, 0x09, 0x51, 0x09, 0x51, 0x09, 0x51, 0x09, 0x51, 0x09, 0x51, 0x09, 0x51, 0x09, 0x51, 0x09, 0x51, 0x51, 0x51, 0x51, 0x51, 0x51, 0x51, 0x51, 0x51, 0x51
    .byte 0x09, 0x09, 0x09, 0x09, 0x09, 0x09, 0x09, 0x09, 0x09, 0x09, 0x09, 0x09, 0x09, 0x09, 0x09, 0x09, 0x09, 0x09, 0x09, 0x09, 0x09, 0x09, 0x09, 0x09, 0x09, 0x09, 0x09, 0x09, 0x09, 0x09, 0x09, 0x09
    .byte 0x09, 0x09, 0x09, 0x09, 0x09, 0x09, 0x09, 0x09, 0x09, 0x09, 0x09, 0x09, 0x09, 0x09, 0x09, 0x09, 0x09, 0x09, 0x09, 0x09, 0x09, 0x09, 0x09, 0x09, 0x09, 0x09, 0x09, 0x09, 0x09, 0x09, 0x09, 0x09
    .byte 0x09, 0x09, 0x09, 0x09, 0x09, 0x09, 0x09, 0x09, 0x09, 0x09, 0x09, 0x09, 0x09, 0x09, 0x09, 0x09, 0x09, 0x09, 0x09, 0x09, 0x09, 0x09, 0x09, 0x09, 0x09, 0x09, 0x09, 0x09, 0x09, 0x09, 0x09, 0x09
    .byte 0x09, 0x09, 0x09, 0x09, 0x09, 0x09, 0x09, 0x09, 0x09, 0x09, 0x09, 0x09, 0x09, 0x09, 0x09, 0x09, 0x09, 0x09, 0x09, 0x09, 0x09, 0x09, 0x09, 0x09, 0x09, 0x09, 0x09, 0x09, 0x09, 0x09, 0x09, 0x09
    .byte 0x09, 0x09, 0x09, 0x09, 0x09, 0x09, 0x09, 0x09, 0x09, 0x09, 0x09, 0x09, 0x09, 0x09, 0x09, 0x09, 0x09, 0x09, 0x09, 0x09, 0x09, 0x09, 0x09, 0x09, 0x09, 0x09, 0x09, 0x09, 0x09, 0x09, 0x09, 0x09
    .byte 0x09, 0x09, 0x09, 0x09, 0x09, 0x09, 0x09, 0x09, 0x09, 0x09, 0x09, 0x09, 0x09, 0x09, 0x09, 0x09, 0x09, 0x09, 0x09, 0x09, 0x09, 0x09, 0x09, 0x09, 0x09, 0x09, 0x09, 0x09, 0x09, 0x09, 0x09, 0x09
    .byte 0x09, 0x09, 0x09, 0x09, 0x09, 0x09, 0x09, 0x09, 0x09, 0x09, 0x09, 0x09, 0x09, 0x09, 0x09, 0x09, 0x09, 0x09, 0x09, 0x09, 0x09, 0x09, 0x09, 0x09, 0x09, 0x09, 0x09, 0x09, 0x09, 0x09, 0x09, 0x09
    .byte 0x09, 0x09, 0x09, 0x09, 0x09, 0x09, 0x09, 0x09, 0x09, 0x09, 0x09, 0x09, 0x09, 0x09, 0x09, 0x09, 0x09, 0x09, 0x09, 0x09, 0x09, 0x09, 0x09, 0x09, 0x09, 0x09, 0x09, 0x09, 0x09, 0x09, 0x09, 0x09
    .byte 0x09, 0x09, 0x09, 0x09, 0x09, 0x09, 0x09, 0x09, 0x09, 0x09, 0x09, 0x09, 0x09, 0x09, 0x09, 0x09, 0x09, 0x09, 0x09, 0x09, 0x09, 0x09, 0x09, 0x09, 0x09, 0x09, 0x09, 0x09, 0x09, 0x09, 0x09, 0x09
    .byte 0x09, 0x09, 0x09, 0x09, 0x09, 0x09, 0x09, 0x09, 0x09, 0x09, 0x09, 0x09, 0x09, 0x09, 0x09, 0x09, 0x09, 0x09, 0x09, 0x09, 0x09, 0x09, 0x51, 0x51, 0x51, 0x51, 0x51, 0x51, 0x51, 0x51, 0x51, 0x51
    .byte 0x09, 0x09, 0x09, 0x09, 0x09, 0x09, 0x09, 0x09, 0x09, 0x09, 0x51, 0x09, 0x51, 0x09, 0x51, 0x09, 0x51, 0x09, 0x51, 0x09, 0x51, 0x09, 0x51, 0x09, 0x51, 0x09, 0x51, 0x09, 0x51, 0x09, 0x51, 0x09
    .byte 0x51, 0x09, 0x51, 0x09, 0x51, 0x09, 0x51, 0x09, 0x51, 0x09, 0x51, 0x09, 0x51, 0x09, 0x51, 0x09, 0x51, 0x09, 0x51, 0x09, 0x51, 0x09, 0x51, 0x09, 0x51, 0x09, 0x51, 0x09, 0x51, 0x09, 0x51, 0x09
    .byte 0x51, 0x09, 0x51, 0x09, 0x51, 0x09, 0x51, 0x09, 0x51, 0x09, 0x51, 0x09, 0x51, 0x09, 0x51, 0x09, 0x51, 0x09, 0x51, 0x09, 0x51, 0x09, 0x51, 0x09, 0x51, 0x09, 0x51, 0x09, 0x51, 0x09, 0x51, 0x09
    .byte 0x51, 0x09, 0x51, 0x09, 0x51, 0x09, 0x51, 0x09, 0x51, 0x09, 0x51, 0x09, 0x51, 0x09, 0x51, 0x09, 0x51, 0x09, 0x51, 0x09, 0x51, 0x09, 0x51, 0x09, 0x51, 0x09, 0x51, 0x09, 0x51, 0x09, 0x51, 0x09
    .byte 0x51, 0x09, 0x51, 0x09, 0x51, 0x09, 0x51, 0x09, 0x51, 0x09, 0x51, 0x09, 0x51, 0x09, 0x51, 0x09, 0x51, 0x09, 0x51, 0x09, 0x51, 0x09, 0x51, 0x09, 0x51, 0x09, 0x51, 0x09, 0x51, 0x09, 0x51, 0x09
    .byte 0x51, 0x09, 0x51, 0x09, 0x51, 0x09, 0x51, 0x09, 0x51, 0x09, 0x51, 0x09, 0x51, 0x09, 0x51, 0x09, 0x51, 0x09, 0x51, 0x09, 0x51, 0x09, 0x51, 0x09, 0x51, 0x09, 0x51, 0x09, 0x51, 0x09, 0x51, 0x09
    .byte 0x51, 0x09, 0x51, 0x09, 0x51, 0x09, 0x51, 0x09, 0x51, 0x09, 0x51, 0x09, 0x51, 0x09, 0x51, 0x09, 0x51, 0x09, 0x51, 0x09, 0x51, 0x09, 0x51, 0x09, 0x51, 0x09, 0x51, 0x09, 0x51, 0x09, 0x51, 0x09
    .byte 0x51, 0x09, 0x51, 0x09, 0x51, 0x09, 0x51, 0x09, 0x51, 0x09, 0x51, 0x09, 0x51, 0x09, 0x51, 0x09, 0x51, 0x09, 0x51, 0x09, 0x51, 0x09, 0x51, 0x09, 0x51, 0x09, 0x51, 0x09, 0x51, 0x09, 0x51, 0x09
    .byte 0x51, 0x09, 0x51, 0x09, 0x51, 0x09, 0x51, 0x09, 0x51, 0x09, 0x51, 0x09, 0x51, 0x09, 0x51, 0x09, 0x51, 0x09, 0x51, 0x09, 0x51, 0x09, 0x51, 0x09, 0x51, 0x09, 0x51, 0x09, 0x51, 0x09, 0x51, 0x09
    .byte 0x51, 0x09, 0x51, 0x09, 0x51, 0x09, 0x51, 0x09, 0x51, 0x09, 0x51, 0x09, 0x51, 0x09, 0x51, 0x09, 0x51, 0x09, 0x51, 0x09, 0x51, 0x09, 0x51, 0x51, 0x51, 0x51, 0x51, 0x51, 0x51, 0x51, 0x51, 0x51
    .byte 0x09, 0x09, 0x09, 0x09, 0x09, 0x09, 0x09, 0x09, 0x09, 0x09, 0x09, 0x09, 0x09, 0x09, 0x09, 0x09, 0x09, 0x09, 0x09, 0x09, 0x09, 0x09, 0x09, 0x09, 0x09, 0x09, 0x09, 0x09, 0x09, 0x09, 0x09, 0x09
    .byte 0x09, 0x09, 0x09, 0x09, 0x09, 0x09, 0x09, 0x09, 0x09, 0x09, 0x09, 0x09, 0x09, 0x09, 0x09, 0x09, 0x09, 0x09, 0x09, 0x09, 0x09, 0x09, 0x09, 0x09, 0x09, 0x09, 0x09, 0x09, 0x09, 0x09, 0x09, 0x09
    .byte 0x09, 0x09, 0x09, 0x09, 0x09, 0x09, 0x09, 0x09, 0x09, 0x09, 0x09, 0x09, 0x09, 0x09, 0x09, 0x09, 0x09, 0x09, 0x09, 0x09, 0x09, 0x09, 0x09, 0x09, 0x09, 0x09, 0x09, 0x09, 0x09, 0x09, 0x09, 0x09
    .byte 0x09, 0x09, 0x09, 0x09, 0x09, 0x09, 0x09, 0x09, 0x09, 0x09, 0x09, 0x09, 0x09, 0x09, 0x09, 0x09, 0x09, 0x09, 0x09, 0x09, 0x09, 0x09, 0x09, 0x09, 0x09, 0x09, 0x09, 0x09, 0x09, 0x09, 0x09, 0x09
    .byte 0x09, 0x09, 0x09, 0x09, 0x09, 0x09, 0x09, 0x09, 0x09, 0x09, 0x09, 0x09, 0x09, 0x09, 0x09, 0x09, 0x09, 0x09, 0x09, 0x09, 0x09, 0x09, 0x09, 0x09, 0x09, 0x09, 0x09, 0x09, 0x09, 0x09, 0x09, 0x09
    .byte 0x09, 0x09, 0x09, 0x09, 0x09, 0x09, 0x09, 0x09, 0x09, 0x09, 0x09, 0x09, 0x09, 0x09, 0x09, 0x09, 0x09, 0x09, 0x09, 0x09, 0x09, 0x09, 0x09, 0x09, 0x09, 0x09, 0x09, 0x09, 0x09, 0x09, 0x09, 0x09
    .byte 0x09, 0x09, 0x09, 0x09, 0x09, 0x09, 0x09, 0x09, 0x09, 0x09, 0x09, 0x09, 0x09, 0x09, 0x09, 0x09, 0x09, 0x09, 0x09, 0x09, 0x09, 0x09, 0x09, 0x09, 0x09, 0x09, 0x09, 0x09, 0x09, 0x09, 0x09, 0x09
    .byte 0x09, 0x09, 0x09, 0x09, 0x09, 0x09, 0x09, 0x09, 0x09, 0x09, 0x09, 0x09, 0x09, 0x09, 0x09, 0x09, 0x09, 0x09, 0x09, 0x09, 0x09, 0x09, 0x09, 0x09, 0x09, 0x09, 0x09, 0x09, 0x09, 0x09, 0x09, 0x09
    .byte 0x09, 0x09, 0x09, 0x09, 0x09, 0x09, 0x09, 0x09, 0x09, 0x09, 0x09, 0x09, 0x09, 0x09, 0x09, 0x09, 0x09, 0x09, 0x09, 0x09, 0x09, 0x09, 0x09, 0x09, 0x09, 0x09, 0x09, 0x09, 0x09, 0x09, 0x09, 0x09
    .byte 0x09, 0x09, 0x09, 0x09, 0x09, 0x09, 0x09, 0x09, 0x09, 0x09, 0x09, 0x09, 0x09, 0x09, 0x09, 0x09, 0x09, 0x09, 0x09, 0x09, 0x09, 0x09, 0x51, 0x51, 0x51, 0x51, 0x51, 0x51, 0x51, 0x51, 0x51, 0x51
    .byte 0x09, 0x09, 0x09, 0x09, 0x09, 0x09, 0x09, 0x09, 0x09, 0x09, 0x51, 0x09, 0x51, 0x09, 0x51, 0x09, 0x51, 0x09, 0x51, 0x09, 0x51, 0x09, 0x51, 0x09, 0x51, 0x09, 0x51, 0x09, 0x51, 0x09, 0x51, 0x09
    .byte 0x51, 0x09, 0x51, 0x09, 0x51, 0x09, 0x51, 0x09, 0x51, 0x09, 0x51, 0x09, 0x51, 0x09, 0x51, 0x09, 0x51, 0x09, 0x51, 0x09, 0x51, 0x09, 0x51, 0x09, 0x51, 0x09, 0x51, 0x09, 0x51, 0x09, 0x51, 0x09
    .byte 0x51, 0x09, 0x51, 0x09, 0x51, 0x09, 0x51, 0x09, 0x51, 0x09, 0x51, 0x09, 0x51, 0x09, 0x51, 0x09, 0x51, 0x09, 0x51, 0x09, 0x51, 0x09, 0x51, 0x09, 0x51, 0x09, 0x51, 0x09, 0x51, 0x09, 0x51, 0x09
    .byte 0x51, 0x09, 0x51, 0x09, 0x51, 0x09, 0x51, 0x09, 0x51, 0x09, 0x51, 0x09, 0x51, 0x09, 0x51, 0x09, 0x51, 0x09, 0x51, 0x09, 0x51, 0x09, 0x51, 0x09, 0x51, 0x09, 0x51, 0x09, 0x51, 0x09, 0x51, 0x09
    .byte 0x51, 0x09, 0x51, 0x09, 0x51, 0x09, 0x51, 0x09, 0x51, 0x09, 0x51, 0x09, 0x51, 0x09, 0x51, 0x09, 0x51, 0x09, 0x51, 0x09, 0x51, 0x09, 0x51, 0x09, 0x51, 0x09, 0x51, 0x09, 0x51, 0x09, 0x51, 0x09
    .byte 0x51, 0x09, 0x51, 0x09, 0x51, 0x09, 0x51, 0x09, 0x51, 0x09, 0x51, 0x09, 0x51, 0x09, 0x51, 0x09, 0x51, 0x09, 0x51, 0x09, 0x51, 0x09, 0x51, 0x09, 0x51, 0x09, 0x51, 0x09, 0x51, 0x09, 0x51, 0x09
    .byte 0x51, 0x09, 0x51, 0x09, 0x51, 0x09, 0x51, 0x09, 0x51, 0x09, 0x51, 0x09, 0x51, 0x09, 0x51, 0x09, 0x51, 0x09, 0x51, 0x09, 0x51, 0x09, 0x51, 0x09, 0x51, 0x09, 0x51, 0x09, 0x51, 0x09, 0x51, 0x09
    .byte 0x51, 0x09, 0x51, 0x09, 0x51, 0x09, 0x51, 0x09, 0x51, 0x09, 0x51, 0x09, 0x51, 0x09, 0x51, 0x09, 0x51, 0x09, 0x51, 0x09, 0x51, 0x09, 0x51, 0x09, 0x51, 0x09, 0x51, 0x09, 0x51, 0x09, 0x51, 0x09
    .byte 0x51, 0x09, 0x51, 0x09, 0x51, 0x09, 0x51, 0x09, 0x51, 0x09, 0x51, 0x09, 0x51, 0x09, 0x51, 0x09, 0x51, 0x09, 0x51, 0x09, 0x51, 0x09, 0x51, 0x09, 0x51, 0x09, 0x51, 0x09, 0x51, 0x09, 0x51, 0x09
    .byte 0x51, 0x09, 0x51, 0x09, 0x51, 0x09, 0x51, 0x09, 0x51, 0x09, 0x51, 0x09, 0x51, 0x09, 0x51, 0x09, 0x51, 0x09, 0x51, 0x09, 0x51, 0x09, 0x51, 0x51, 0x51, 0x51, 0x51, 0x51, 0x51, 0x51, 0x51, 0x51
    .byte 0x09, 0x09, 0x09, 0x09, 0x09, 0x09, 0x09, 0x09, 0x09, 0x09, 0x09, 0x09, 0x09, 0x09, 0x09, 0x09, 0x09, 0x09, 0x09, 0x09, 0x09, 0x09, 0x09, 0x09, 0x09, 0x09, 0x09, 0x09, 0x09, 0x09, 0x09, 0x09
    .byte 0x09, 0x09, 0x09, 0x09, 0x09, 0x09, 0x09, 0x09, 0x09, 0x09, 0x09, 0x09, 0x09, 0x09, 0x09, 0x09, 0x09, 0x09, 0x09, 0x09, 0x09, 0x09, 0x09, 0x09, 0x09, 0x09, 0x09, 0x09, 0x09, 0x09, 0x09, 0x09
    .byte 0x09, 0x09, 0x09, 0x09, 0x09, 0x09, 0x09, 0x09, 0x09, 0x09, 0x09, 0x09, 0x09, 0x09, 0x09, 0x09, 0x09, 0x09, 0x09, 0x09, 0x09, 0x09, 0x09, 0x09, 0x09, 0x09, 0x09, 0x09, 0x09, 0x09, 0x09, 0x09
    .byte 0x09, 0x09, 0x09, 0x09, 0x09, 0x09, 0x09, 0x09, 0x09, 0x09, 0x09, 0x09, 0x09, 0x09, 0x09, 0x09, 0x09, 0x09, 0x09, 0x09, 0x09, 0x09, 0x09, 0x09, 0x09, 0x09, 0x09, 0x09, 0x09, 0x09, 0x09, 0x09
    .byte 0x09, 0x09, 0x09, 0x09, 0x09, 0x09, 0x09, 0x09, 0x09, 0x09, 0x09, 0x09, 0x09, 0x09, 0x09, 0x09, 0x09, 0x09, 0x09, 0x09, 0x09, 0x09, 0x09, 0x09, 0x09, 0x09, 0x09, 0x09, 0x09, 0x09, 0x09, 0x09
    .byte 0x09, 0x09, 0x09, 0x09, 0x09, 0x09, 0x09, 0x09, 0x09, 0x09, 0x09, 0x09, 0x09, 0x09, 0x09, 0x09, 0x09, 0x09, 0x09, 0x09, 0x09, 0x09, 0x09, 0x09, 0x09, 0x09, 0x09, 0x09, 0x09, 0x09, 0x09, 0x09
    .byte 0x09, 0x09, 0x09, 0x09, 0x09, 0x09, 0x09, 0x09, 0x09, 0x09, 0x09, 0x09, 0x09, 0x09, 0x09, 0x09, 0x09, 0x09, 0x09, 0x09, 0x09, 0x09, 0x09, 0x09, 0x09, 0x09, 0x09, 0x09, 0x09, 0x09, 0x09, 0x09
    .byte 0x09, 0x09, 0x09, 0x09, 0x09, 0x09, 0x09, 0x09, 0x09, 0x09, 0x09, 0x09, 0x09, 0x09, 0x09, 0x09, 0x09, 0x09, 0x09, 0x09, 0x09, 0x09, 0x09, 0x09, 0x09, 0x09, 0x09, 0x09, 0x09, 0x09, 0x09, 0x09
    .byte 0x09, 0x09, 0x09, 0x09, 0x09, 0x09, 0x09, 0x09, 0x09, 0x09, 0x09, 0x09, 0x09, 0x09, 0x09, 0x09, 0x09, 0x09, 0x09, 0x09, 0x09, 0x09, 0x09, 0x09, 0x09, 0x09, 0x09, 0x09, 0x09, 0x09, 0x09, 0x09
    .byte 0x09, 0x09, 0x09, 0x09, 0x09, 0x09, 0x09, 0x09, 0x09, 0x09, 0x09, 0x09, 0x09, 0x09, 0x09, 0x09, 0x09, 0x09, 0x09, 0x09, 0x09, 0x09, 0x51, 0x51, 0x51, 0x51, 0x51, 0x51, 0x51, 0x51, 0x51, 0x51
    .byte 0x09, 0x09, 0x09, 0x09, 0x09, 0x09, 0x09, 0x09, 0x09, 0x09, 0x51, 0x09, 0x51, 0x09, 0x51, 0x09, 0x51, 0x09, 0x51, 0x09, 0x51, 0x09, 0x51, 0x09, 0x51, 0x09, 0x51, 0x09, 0x51, 0x09, 0x51, 0x09
    .byte 0x51, 0x09, 0x51, 0x09, 0x51, 0x09, 0x51, 0x09, 0x51, 0x09, 0x51, 0x09, 0x51, 0x09, 0x51, 0x09, 0x51, 0x09, 0x51, 0x09, 0x51, 0x09, 0x51, 0x09, 0x51, 0x09, 0x51, 0x09, 0x51, 0x09, 0x51, 0x09
    .byte 0x51, 0x09, 0x51, 0x09, 0x51, 0x09, 0x51, 0x09, 0x51, 0x09, 0x51, 0x09, 0x51, 0x09, 0x51, 0x09, 0x51, 0x09, 0x51, 0x09, 0x51, 0x09, 0x51, 0x09, 0x51, 0x09, 0x51, 0x09, 0x51, 0x09, 0x51, 0x09
    .byte 0x51, 0x09, 0x51, 0x09, 0x51, 0x09, 0x51, 0x09, 0x51, 0x09, 0x51, 0x09, 0x51, 0x09, 0x51, 0x09, 0x51, 0x09, 0x51, 0x09, 0x51, 0x09, 0x51, 0x09, 0x51, 0x09, 0x51, 0x09, 0x51, 0x09, 0x51, 0x09
    .byte 0x51, 0x09, 0x51, 0x09, 0x51, 0x09, 0x51, 0x09, 0x51, 0x09, 0x51, 0x09, 0x51, 0x09, 0x51, 0x09, 0x51, 0x09, 0x51, 0x09, 0x51, 0x09, 0x51, 0x09, 0x51, 0x09, 0x51, 0x09, 0x51, 0x09, 0x51, 0x09
    .byte 0x51, 0x09, 0x51, 0x09, 0x51, 0x09, 0x51, 0x09, 0x51, 0x09, 0x51, 0x09, 0x51, 0x09, 0x51, 0x09, 0x51, 0x09, 0x51, 0x09, 0x51, 0x09, 0x51, 0x09, 0x51, 0x09, 0x51, 0x09, 0x51, 0x09, 0x51, 0x09
    .byte 0x51, 0x09, 0x51, 0x09, 0x51, 0x09, 0x51, 0x09, 0x51, 0x09, 0x51, 0x09, 0x51, 0x09, 0x51, 0x09, 0x51, 0x09, 0x51, 0x09, 0x51, 0x09, 0x51, 0x09, 0x51, 0x09, 0x51, 0x09, 0x51, 0x09, 0x51, 0x09
    .byte 0x51, 0x09, 0x51, 0x09, 0x51, 0x09, 0x51, 0x09, 0x51, 0x09, 0x51, 0x09, 0x51, 0x09, 0x51, 0x09, 0x51, 0x09, 0x51, 0x09, 0x51, 0x09, 0x51, 0x09, 0x51, 0x09, 0x51, 0x09, 0x51, 0x09, 0x51, 0x09
    .byte 0x51, 0x09, 0x51, 0x09, 0x51, 0x09, 0x51, 0x09, 0x51, 0x09, 0x51, 0x09, 0x51, 0x09, 0x51, 0x09, 0x51, 0x09, 0x51, 0x09, 0x51, 0x09, 0x51, 0x09, 0x51, 0x09, 0x51, 0x09, 0x51, 0x09, 0x51, 0x09
    .byte 0x51, 0x09, 0x51, 0x09, 0x51, 0x09, 0x51, 0x09, 0x51, 0x09, 0x51, 0x09, 0x51, 0x09, 0x51, 0x09, 0x51, 0x09, 0x51, 0x09, 0x51, 0x09, 0x51, 0x09, 0x51, 0x09, 0x51, 0x09, 0x51, 0x09, 0x09, 0x09
    .byte 0x09, 0x09, 0x09, 0x09, 0x09, 0x09, 0x09, 0x09, 0x09, 0x09, 0x09, 0x09, 0x09, 0x09, 0x09, 0x09, 0x09, 0x09, 0x09, 0x09, 0x09, 0x09, 0x09, 0x09, 0x09, 0x09, 0x09, 0x09, 0x09, 0x09, 0x09, 0x09
    .byte 0x09, 0x09, 0x09, 0x09, 0x11, 0x11, 0x11, 0x11, 0x09, 0x09, 0x09, 0x09, 0x09, 0x09, 0x09, 0x09, 0x09, 0x09, 0x09, 0x09, 0x09, 0x09, 0x09, 0x09, 0x09, 0x09, 0x09, 0x09, 0x09, 0x09, 0x09, 0x09
    .byte 0x09, 0x09, 0x09, 0x09, 0x09, 0x09, 0x09, 0x09, 0x09, 0x09, 0x09, 0x09, 0x09, 0x09, 0x09, 0x09, 0x09, 0x09, 0x09, 0x09, 0x09, 0x09, 0x09, 0x09, 0x09, 0x09, 0x09, 0x09, 0x09, 0x09, 0x09, 0x09
    .byte 0x09, 0x09, 0x09, 0x09, 0x09, 0x09, 0x09, 0x09, 0x09, 0x09, 0x09, 0x09, 0x09, 0x09, 0x09, 0x09, 0x09, 0x09, 0x09, 0x09, 0x09, 0x09, 0x09, 0x09, 0x09, 0x09, 0x09, 0x09, 0x09, 0x09, 0x09, 0x09
    .byte 0x09, 0x09, 0x09, 0x09, 0x09, 0x09, 0x09, 0x09, 0x09, 0x09, 0x09, 0x09, 0x09, 0x09, 0x09, 0x09, 0x09, 0x09, 0x09, 0x09, 0x09, 0x09, 0x09, 0x09, 0x09, 0x09, 0x09, 0x09, 0x09, 0x09, 0x09, 0x09
    .byte 0x09, 0x09, 0x09, 0x09, 0x09, 0x09, 0x09, 0x09, 0x09, 0x09, 0x09, 0x09, 0x09, 0x09, 0x09, 0x09, 0x09, 0x09, 0x09, 0x09, 0x09, 0x09, 0x09, 0x09, 0x09, 0x09, 0x09, 0x09, 0x09, 0x09, 0x09, 0x09
    .byte 0x09, 0x09, 0x09, 0x09, 0x09, 0x09, 0x09, 0x09, 0x09, 0x09, 0x09, 0x09, 0x09, 0x09, 0x09, 0x09, 0x09, 0x09, 0x09, 0x09, 0x09, 0x09, 0x09, 0x09, 0x09, 0x09, 0x09, 0x09, 0x09, 0x09, 0x09, 0x09
    .byte 0x09, 0x09, 0x09, 0x09, 0x09, 0x09, 0x09, 0x09, 0x09, 0x09, 0x09, 0x09, 0x09, 0x09, 0x09, 0x09, 0x09, 0x09, 0x09, 0x09, 0x09, 0x09, 0x09, 0x09, 0x09, 0x09, 0x09, 0x09, 0x09, 0x09, 0x09, 0x09
    .byte 0x09, 0x09, 0x09, 0x09, 0x09, 0x09, 0x09, 0x09, 0x09, 0x09, 0x09, 0x09, 0x09, 0x09, 0x09, 0x09, 0x09, 0x09, 0x09, 0x09, 0x09, 0x09, 0x09, 0x09, 0x09, 0x09, 0x09, 0x09, 0x09, 0x09, 0x09, 0x09
    .byte 0x09, 0x09, 0x09, 0x09, 0x09, 0x09, 0x09, 0x09, 0x09, 0x09, 0x09, 0x09, 0x09, 0x09, 0x09, 0x09, 0x09, 0x09, 0x09, 0x09, 0x09, 0x09, 0x09, 0x09, 0x09, 0x09, 0x09, 0x09, 0x09, 0x09, 0x09, 0x09
    .byte 0x09, 0x09, 0x09, 0x09, 0x09, 0x09, 0x09, 0x09, 0x09, 0x09, 0x51, 0x09, 0x51, 0x09, 0x51, 0x09, 0x51, 0x09, 0x51, 0x09, 0x51, 0x09, 0x51, 0x09, 0x51, 0x09, 0x51, 0x09, 0x51, 0x09, 0x51, 0x09
    .byte 0x51, 0x09, 0x51, 0x09, 0x11, 0x11, 0x11, 0x11, 0x51, 0x09, 0x51, 0x09, 0x51, 0x09, 0x51, 0x09, 0x51, 0x09, 0x51, 0x09, 0x51, 0x09, 0x51, 0x09, 0x51, 0x09, 0x51, 0x09, 0x51, 0x09, 0x51, 0x09
    .byte 0x51, 0x09, 0x51, 0x09, 0x51, 0x09, 0x51, 0x09, 0x51, 0x09, 0x51, 0x09, 0x51, 0x09, 0x51, 0x09, 0x51, 0x09, 0x51, 0x09, 0x51, 0x09, 0x51, 0x09, 0x51, 0x09, 0x51, 0x09, 0x51, 0x09, 0x51, 0x09
    .byte 0x51, 0x09, 0x51, 0x09, 0x51, 0x09, 0x51, 0x09, 0x51, 0x09, 0x51, 0x09, 0x51, 0x09, 0x51, 0x09, 0x51, 0x09, 0x51, 0x09, 0x51, 0x09, 0x51, 0x09, 0x51, 0x09, 0x51, 0x09, 0x51, 0x09, 0x51, 0x09
    .byte 0x51, 0x09, 0x51, 0x09, 0x51, 0x09, 0x51, 0x09, 0x51, 0x09, 0x51, 0x09, 0x51, 0x09, 0x51, 0x09, 0x51, 0x09, 0x51, 0x09, 0x51, 0x09, 0x51, 0x09, 0x51, 0x09, 0x51, 0x09, 0x51, 0x09, 0x51, 0x09
    .byte 0x51, 0x09, 0x51, 0x09, 0x51, 0x09, 0x51, 0x09, 0x51, 0x09, 0x51, 0x09, 0x51, 0x09, 0x51, 0x09, 0x51, 0x09, 0x51, 0x09, 0x51, 0x09, 0x51, 0x09, 0x51, 0x09, 0x51, 0x09, 0x51, 0x09, 0x51, 0x09
    .byte 0x51, 0x09, 0x51, 0x09, 0x51, 0x09, 0x51, 0x09, 0x51, 0x09, 0x51, 0x09, 0x51, 0x09, 0x51, 0x09, 0x51, 0x09, 0x51, 0x09, 0x51, 0x09, 0x51, 0x09, 0x51, 0x09, 0x51, 0x09, 0x51, 0x09, 0x51, 0x09
    .byte 0x51, 0x09, 0x51, 0x09, 0x51, 0x09, 0x51, 0x09, 0x51, 0x09, 0x51, 0x09, 0x51, 0x09, 0x51, 0x09, 0x51, 0x09, 0x51, 0x09, 0x51, 0x09, 0x51, 0x09, 0x51, 0x09, 0x51, 0x09, 0x51, 0x09, 0x51, 0x09
    .byte 0x51, 0x09, 0x51, 0x09, 0x51, 0x09, 0x51, 0x09, 0x51, 0x09, 0x51, 0x09, 0x51, 0x09, 0x51, 0x09, 0x51, 0x09, 0x51, 0x09, 0x51, 0x09, 0x51, 0x09, 0x51, 0x09, 0x51, 0x09, 0x51, 0x09, 0x51, 0x09
    .byte 0x51, 0x09, 0x51, 0x09, 0x51, 0x09, 0x51, 0x09, 0x51, 0x09, 0x51, 0x09, 0x51, 0x09, 0x51, 0x09, 0x51, 0x09, 0x51, 0x09, 0x51, 0x09, 0x51, 0x09, 0x51, 0x09, 0x51, 0x09, 0x51, 0x09, 0x09, 0x09
    .byte 0x09, 0x09, 0x09, 0x09, 0x09, 0x09, 0x09, 0x09, 0x09, 0x09, 0x09, 0x09, 0x09, 0x09, 0x09, 0x09, 0x09, 0x09, 0x09, 0x09, 0x09, 0x09, 0x09, 0x09, 0x09, 0x09, 0x09, 0x09, 0x11, 0x11, 0x11, 0x11
    .byte 0x09, 0x09, 0x09, 0x09, 0x09, 0x09, 0x09, 0x09, 0x09, 0x09, 0x09, 0x09, 0x09, 0x09, 0x09, 0x09, 0x09, 0x09, 0x09, 0x09, 0x09, 0x09, 0x09, 0x09, 0x09, 0x09, 0x09, 0x09, 0x09, 0x09, 0x09, 0x09
    .byte 0x09, 0x09, 0x09, 0x09, 0x09, 0x09, 0x09, 0x09, 0x09, 0x09, 0x09, 0x09, 0x09, 0x09, 0x09, 0x09, 0x09, 0x09, 0x09, 0x09, 0x09, 0x09, 0x09, 0x09, 0x09, 0x09, 0x09, 0x09, 0x09, 0x09, 0x09, 0x09
    .byte 0x09, 0x09, 0x09, 0x09, 0x09, 0x09, 0x09, 0x09, 0x09, 0x09, 0x09, 0x09, 0x09, 0x09, 0x09, 0x09, 0x09, 0x09, 0x09, 0x09, 0x09, 0x09, 0x09, 0x09, 0x09, 0x09, 0x09, 0x09, 0x09, 0x09, 0x09, 0x09
    .byte 0x09, 0x09, 0x09, 0x09, 0x09, 0x09, 0x09, 0x09, 0x09, 0x09, 0x09, 0x09, 0x09, 0x09, 0x09, 0x09, 0x09, 0x09, 0x09, 0x09, 0x09, 0x09, 0x09, 0x09, 0x09, 0x09, 0x09, 0x09, 0x09, 0x09, 0x09, 0x09
    .byte 0x09, 0x09, 0x09, 0x09, 0x09, 0x09, 0x09, 0x09, 0x09, 0x09, 0x09, 0x09, 0x09, 0x09, 0x09, 0x09, 0x09, 0x09, 0x09, 0x09, 0x09, 0x09, 0x09, 0x09, 0x09, 0x09, 0x09, 0x09, 0x09, 0x09, 0x09, 0x09
    .byte 0x09, 0x09, 0x09, 0x09, 0x09, 0x09, 0x09, 0x09, 0x09, 0x09, 0x09, 0x09, 0x09, 0x09, 0x09, 0x09, 0x09, 0x09, 0x09, 0x09, 0x09, 0x09, 0x09, 0x09, 0x09, 0x09, 0x09, 0x09, 0x09, 0x09, 0x09, 0x09
    .byte 0x09, 0x09, 0x09, 0x09, 0x09, 0x09, 0x09, 0x09, 0x09, 0x09, 0x09, 0x09, 0x09, 0x09, 0x09, 0x09, 0x09, 0x09, 0x09, 0x09, 0x09, 0x09, 0x09, 0x09, 0x09, 0x09, 0x09, 0x09, 0x09, 0x09, 0x09, 0x09
    .byte 0x09, 0x09, 0x09, 0x09, 0x09, 0x09, 0x09, 0x09, 0x09, 0x09, 0x09, 0x09, 0x09, 0x09, 0x09, 0x09, 0x09, 0x09, 0x09, 0x09, 0x09, 0x09, 0x09, 0x09, 0x09, 0x09, 0x09, 0x09, 0x09, 0x09, 0x09, 0x09
    .byte 0x09, 0x09, 0x09, 0x09, 0x09, 0x09, 0x09, 0x09, 0x09, 0x09, 0x09, 0x09, 0x09, 0x09, 0x09, 0x09, 0x09, 0x09, 0x09, 0x09, 0x09, 0x09, 0x09, 0x09, 0x09, 0x09, 0x09, 0x09, 0x09, 0x09, 0x09, 0x09
    .byte 0x09, 0x09, 0x09, 0x09, 0x09, 0x09, 0x09, 0x09, 0x09, 0x09, 0x51, 0x09, 0x51, 0x09, 0x51, 0x09, 0x51, 0x09, 0x51, 0x09, 0x51, 0x09, 0x51, 0x09, 0x51, 0x09, 0x51, 0x09, 0x11, 0x11, 0x11, 0x11
    .byte 0x51, 0x09, 0x51, 0x09, 0x51, 0x09, 0x51, 0x09, 0x51, 0x09, 0x51, 0x09, 0x51, 0x09, 0x51, 0x09, 0x51, 0x09, 0x51, 0x09, 0x51, 0x09, 0x51, 0x09, 0x51, 0x09, 0x51, 0x09, 0x51, 0x09, 0x51, 0x09
    .byte 0x51, 0x09, 0x51, 0x09, 0x51, 0x09, 0x51, 0x09, 0x51, 0x09, 0x51, 0x09, 0x51, 0x09, 0x51, 0x09, 0x51, 0x09, 0x51, 0x09, 0x51, 0x09, 0x51, 0x09, 0x51, 0x09, 0x51, 0x09, 0x51, 0x09, 0x51, 0x09
    .byte 0x51, 0x09, 0x51, 0x09, 0x51, 0x09, 0x51, 0x09, 0x51, 0x09, 0x51, 0x09, 0x51, 0x09, 0x51, 0x09, 0x51, 0x09, 0x51, 0x09, 0x51, 0x09, 0x51, 0x09, 0x51, 0x09, 0x51, 0x09, 0x51, 0x09, 0x51, 0x09
    .byte 0x51, 0x09, 0x51, 0x09, 0x51, 0x09, 0x51, 0x09, 0x51, 0x09, 0x51, 0x09, 0x51, 0x09, 0x51, 0x09, 0x51, 0x09, 0x51, 0x09, 0x51, 0x09, 0x51, 0x09, 0x51, 0x09, 0x51, 0x09, 0x51, 0x09, 0x51, 0x09
    .byte 0x51, 0x09, 0x51, 0x09, 0x51, 0x09, 0x51, 0x09, 0x51, 0x09, 0x51, 0x09, 0x51, 0x09, 0x51, 0x09, 0x51, 0x09, 0x51, 0x09, 0x51, 0x09, 0x51, 0x09, 0x51, 0x09, 0x51, 0x09, 0x51, 0x09, 0x51, 0x09
    .byte 0x51, 0x09, 0x51, 0x09, 0x51, 0x09, 0x51, 0x09, 0x51, 0x09, 0x51, 0x09, 0x51, 0x09, 0x51, 0x09, 0x51, 0x09, 0x51, 0x09, 0x51, 0x09, 0x51, 0x09, 0x51, 0x09, 0x51, 0x09, 0x51, 0x09, 0x51, 0x09
    .byte 0x51, 0x09, 0x51, 0x09, 0x51, 0x09, 0x51, 0x09, 0x51, 0x09, 0x51, 0x09, 0x51, 0x09, 0x51, 0x09, 0x51, 0x09, 0x51, 0x09, 0x51, 0x09, 0x51, 0x09, 0x51, 0x09, 0x51, 0x09, 0x51, 0x09, 0x51, 0x09
    .byte 0x51, 0x09, 0x51, 0x09, 0x51, 0x09, 0x51, 0x09, 0x51, 0x09, 0x51, 0x09, 0x51, 0x09, 0x51, 0x09, 0x51, 0x09, 0x51, 0x09, 0x51, 0x09, 0x51, 0x09, 0x51, 0x09, 0x51, 0x09, 0x51, 0x09, 0x51, 0x09
    .byte 0x51, 0x09, 0x51, 0x09, 0x51, 0x09, 0x51, 0x09, 0x51, 0x09, 0x51, 0x09, 0x51, 0x09, 0x51, 0x09, 0x51, 0x09, 0x51, 0x09, 0x51, 0x09, 0x51, 0x09, 0x51, 0x09, 0x51, 0x09, 0x51, 0x09, 0x09, 0x09
    .byte 0x09, 0x09, 0x09, 0x09, 0x09, 0x09, 0x09, 0x09, 0x09, 0x09, 0x09, 0x09, 0x09, 0x09, 0x09, 0x09, 0x09, 0x09, 0x09, 0x09, 0x09, 0x09, 0x09, 0x09, 0x09, 0x09, 0x09, 0x09, 0x11, 0x11, 0x11, 0x11
    .byte 0x09, 0x09, 0x09, 0x09, 0x09, 0x09, 0x09, 0x09, 0x09, 0x09, 0x09, 0x09, 0x09, 0x09, 0x09, 0x09, 0x09, 0x09, 0x09, 0x09, 0x09, 0x09, 0x09, 0x09, 0x09, 0x09, 0x09, 0x09, 0x09, 0x09, 0x09, 0x09
    .byte 0x09, 0x09, 0x09, 0x09, 0x09, 0x09, 0x09, 0x09, 0x09, 0x09, 0x09, 0x09, 0x09, 0x09, 0x09, 0x09, 0x09, 0x09, 0x09, 0x09, 0x09, 0x09, 0x09, 0x09, 0x09, 0x09, 0x09, 0x09, 0x09, 0x09, 0x09, 0x09
    .byte 0x09, 0x09, 0x09, 0x09, 0x09, 0x09, 0x09, 0x09, 0x09, 0x09, 0x09, 0x09, 0x09, 0x09, 0x09, 0x09, 0x09, 0x09, 0x09, 0x09, 0x09, 0x09, 0x09, 0x09, 0x09, 0x09, 0x09, 0x09, 0x09, 0x09, 0x09, 0x09
    .byte 0x09, 0x09, 0x09, 0x09, 0x09, 0x09, 0x09, 0x09, 0x09, 0x09, 0x09, 0x09, 0x09, 0x09, 0x09, 0x09, 0x09, 0x09, 0x09, 0x09, 0x09, 0x09, 0x09, 0x09, 0x09, 0x09, 0x09, 0x09, 0x09, 0x09, 0x09, 0x09
    .byte 0x09, 0x09, 0x09, 0x09, 0x09, 0x09, 0x09, 0x09, 0x09, 0x09, 0x09, 0x09, 0x09, 0x09, 0x09, 0x09, 0x09, 0x09, 0x09, 0x09, 0x09, 0x09, 0x09, 0x09, 0x09, 0x09, 0x09, 0x09, 0x09, 0x09, 0x09, 0x09
    .byte 0x09, 0x09, 0x09, 0x09, 0x09, 0x09, 0x09, 0x09, 0x09, 0x09, 0x09, 0x09, 0x09, 0x09, 0x09, 0x09, 0x09, 0x09, 0x09, 0x09, 0x09, 0x09, 0x09, 0x09, 0x09, 0x09, 0x09, 0x09, 0x09, 0x09, 0x09, 0x09
    .byte 0x09, 0x09, 0x09, 0x09, 0x09, 0x09, 0x09, 0x09, 0x09, 0x09, 0x09, 0x09, 0x09, 0x09, 0x09, 0x09, 0x09, 0x09, 0x09, 0x09, 0x09, 0x09, 0x09, 0x09, 0x09, 0x09, 0x09, 0x09, 0x09, 0x09, 0x09, 0x09
    .byte 0x09, 0x09, 0x09, 0x09, 0x09, 0x09, 0x09, 0x09, 0x09, 0x09, 0x09, 0x09, 0x09, 0x09, 0x09, 0x09, 0x09, 0x09, 0x09, 0x09, 0x09, 0x09, 0x09, 0x09, 0x09, 0x09, 0x09, 0x09, 0x09, 0x09, 0x09, 0x09
    .byte 0x09, 0x09, 0x09, 0x09, 0x09, 0x09, 0x09, 0x09, 0x09, 0x09, 0x09, 0x09, 0x09, 0x09, 0x09, 0x09, 0x09, 0x09, 0x09, 0x09, 0x09, 0x09, 0x09, 0x09, 0x09, 0x09, 0x09, 0x09, 0x09, 0x09, 0x09, 0x09
    .byte 0x09, 0x09, 0x51, 0x09, 0x51, 0x09, 0x51, 0x09, 0x51, 0x09, 0x51, 0x09, 0x51, 0x09, 0x51, 0x09, 0x51, 0x09, 0x51, 0x09, 0x51, 0x09, 0x51, 0x09, 0x51, 0x09, 0x51, 0x09, 0x11, 0x11, 0x11, 0x11
    .byte 0x51, 0x09, 0x51, 0x09, 0x51, 0x09, 0x51, 0x09, 0x51, 0x09, 0x51, 0x09, 0x51, 0x09, 0x51, 0x09, 0x51, 0x09, 0x51, 0x09, 0x51, 0x09, 0x51, 0x09, 0x51, 0x09, 0x51, 0x09, 0x51, 0x09, 0x51, 0x09
    .byte 0x51, 0x09, 0x51, 0x09, 0x51, 0x09, 0x51, 0x09, 0x51, 0x09, 0x51, 0x09, 0x51, 0x09, 0x51, 0x09, 0x51, 0x09, 0x51, 0x09, 0x51, 0x09, 0x51, 0x09, 0x51, 0x09, 0x51, 0x09, 0x51, 0x09, 0x51, 0x09
    .byte 0x51, 0x09, 0x51, 0x09, 0x51, 0x09, 0x51, 0x09, 0x51, 0x09, 0x51, 0x09, 0x51, 0x09, 0x51, 0x09, 0x51, 0x09, 0x51, 0x09, 0x51, 0x09, 0x51, 0x09, 0x51, 0x09, 0x51, 0x09, 0x51, 0x09, 0x51, 0x09
    .byte 0x51, 0x09, 0x51, 0x09, 0x51, 0x09, 0x51, 0x09, 0x51, 0x09, 0x51, 0x09, 0x51, 0x09, 0x51, 0x09, 0x51, 0x09, 0x51, 0x09, 0x51, 0x09, 0x51, 0x09, 0x51, 0x09, 0x51, 0x09, 0x51, 0x09, 0x51, 0x09
    .byte 0x51, 0x09, 0x51, 0x09, 0x51, 0x09, 0x51, 0x09, 0x51, 0x09, 0x51, 0x09, 0x51, 0x09, 0x51, 0x09, 0x51, 0x09, 0x51, 0x09, 0x51, 0x09, 0x51, 0x09, 0x51, 0x09, 0x51, 0x09, 0x51, 0x09, 0x51, 0x09
    .byte 0x51, 0x09, 0x51, 0x09, 0x51, 0x09, 0x51, 0x09, 0x51, 0x09, 0x51, 0x09, 0x51, 0x09, 0x51, 0x09, 0x51, 0x09, 0x51, 0x09, 0x51, 0x09, 0x51, 0x09, 0x51, 0x09, 0x51, 0x09, 0x51, 0x09, 0x51, 0x09
    .byte 0x51, 0x09, 0x51, 0x09, 0x51, 0x09, 0x51, 0x09, 0x51, 0x09, 0x51, 0x09, 0x51, 0x09, 0x51, 0x09, 0x51, 0x09, 0x51, 0x09, 0x51, 0x09, 0x51, 0x09, 0x51, 0x09, 0x51, 0x09, 0x51, 0x09, 0x51, 0x09
    .byte 0x51, 0x09, 0x51, 0x09, 0x51, 0x09, 0x51, 0x09, 0x51, 0x09, 0x51, 0x09, 0x51, 0x09, 0x51, 0x09, 0x51, 0x09, 0x51, 0x09, 0x51, 0x09, 0x51, 0x09, 0x51, 0x09, 0x51, 0x09, 0x51, 0x09, 0x51, 0x09
    .byte 0x51, 0x09, 0x51, 0x09, 0x51, 0x09, 0x51, 0x09, 0x51, 0x09, 0x51, 0x09, 0x51, 0x09, 0x51, 0x09, 0x51, 0x09, 0x51, 0x09, 0x51, 0x09, 0x51, 0x09, 0x51, 0x09, 0x51, 0x09, 0x51, 0x09, 0x09, 0x09
    .byte 0x09, 0x09, 0x09, 0x09, 0x09, 0x09, 0x09, 0x09, 0x09, 0x09, 0x09, 0x09, 0x09, 0x09, 0x09, 0x09, 0x09, 0x09, 0x09, 0x09, 0x09, 0x09, 0x09, 0x09, 0x11, 0x11, 0x11, 0x11, 0x11, 0x11, 0x11, 0x11
    .byte 0x09, 0x09, 0x09, 0x09, 0x5A, 0x5A, 0x5A, 0x5A, 0x09, 0x09, 0x09, 0x09, 0x09, 0x09, 0x09, 0x09, 0x11, 0x11, 0x11, 0x11, 0x09, 0x09, 0x09, 0x09, 0x09, 0x09, 0x09, 0x09, 0x09, 0x09, 0x09, 0x09
    .byte 0x09, 0x09, 0x09, 0x09, 0x09, 0x09, 0x09, 0x09, 0x09, 0x09, 0x09, 0x09, 0x09, 0x09, 0x09, 0x09, 0x09, 0x09, 0x09, 0x09, 0x09, 0x09, 0x09, 0x09, 0x09, 0x09, 0x09, 0x09, 0x09, 0x09, 0x09, 0x09
    .byte 0x09, 0x09, 0x09, 0x09, 0x09, 0x09, 0x09, 0x09, 0x09, 0x09, 0x09, 0x09, 0x09, 0x09, 0x09, 0x09, 0x09, 0x09, 0x09, 0x09, 0x09, 0x09, 0x09, 0x09, 0x09, 0x09, 0x09, 0x09, 0x09, 0x09, 0x09, 0x09
    .byte 0x09, 0x09, 0x09, 0x09, 0x09, 0x09, 0x09, 0x09, 0x09, 0x09, 0x09, 0x09, 0x09, 0x09, 0x09, 0x09, 0x09, 0x09, 0x09, 0x09, 0x09, 0x09, 0x09, 0x09, 0x09, 0x09, 0x09, 0x09, 0x09, 0x09, 0x09, 0x09
    .byte 0x09, 0x09, 0x09, 0x09, 0x09, 0x09, 0x09, 0x09, 0x09, 0x09, 0x09, 0x09, 0x09, 0x09, 0x09, 0x09, 0x09, 0x09, 0x09, 0x09, 0x09, 0x09, 0x09, 0x09, 0x09, 0x09, 0x09, 0x09, 0x09, 0x09, 0x09, 0x09
    .byte 0x09, 0x09, 0x09, 0x09, 0x09, 0x09, 0x09, 0x09, 0x09, 0x09, 0x09, 0x09, 0x09, 0x09, 0x09, 0x09, 0x09, 0x09, 0x09, 0x09, 0x09, 0x09, 0x09, 0x09, 0x09, 0x09, 0x09, 0x09, 0x09, 0x09, 0x09, 0x09
    .byte 0x09, 0x09, 0x09, 0x09, 0x09, 0x09, 0x09, 0x09, 0x09, 0x09, 0x09, 0x09, 0x09, 0x09, 0x09, 0x09, 0x09, 0x09, 0x09, 0x09, 0x09, 0x09, 0x09, 0x09, 0x09, 0x09, 0x09, 0x09, 0x09, 0x09, 0x09, 0x09
    .byte 0x09, 0x09, 0x09, 0x09, 0x09, 0x09, 0x09, 0x09, 0x09, 0x09, 0x09, 0x09, 0x09, 0x09, 0x09, 0x09, 0x09, 0x09, 0x09, 0x09, 0x09, 0x09, 0x09, 0x09, 0x09, 0x09, 0x09, 0x09, 0x09, 0x09, 0x09, 0x09
    .byte 0x09, 0x09, 0x09, 0x09, 0x09, 0x09, 0x09, 0x09, 0x09, 0x09, 0x09, 0x09, 0x09, 0x09, 0x09, 0x09, 0x09, 0x09, 0x09, 0x09, 0x09, 0x09, 0x09, 0x09, 0x09, 0x09, 0x09, 0x09, 0x09, 0x09, 0x09, 0x09
    .byte 0x09, 0x09, 0x51, 0x09, 0x51, 0x09, 0x51, 0x09, 0x51, 0x09, 0x51, 0x09, 0x51, 0x09, 0x51, 0x09, 0x51, 0x09, 0x51, 0x09, 0x51, 0x09, 0x51, 0x09, 0x11, 0x11, 0x11, 0x11, 0x11, 0x11, 0x11, 0x11
    .byte 0x51, 0x09, 0x51, 0x09, 0x5A, 0x5A, 0x5A, 0x5A, 0x51, 0x09, 0x51, 0x09, 0x51, 0x09, 0x51, 0x09, 0x11, 0x11, 0x11, 0x11, 0x51, 0x09, 0x51, 0x09, 0x51, 0x09, 0x51, 0x09, 0x51, 0x09, 0x51, 0x09
    .byte 0x51, 0x09, 0x51, 0x09, 0x51, 0x09, 0x51, 0x09, 0x51, 0x09, 0x51, 0x09, 0x51, 0x09, 0x51, 0x09, 0x51, 0x09, 0x51, 0x09, 0x51, 0x09, 0x51, 0x09, 0x51, 0x09, 0x51, 0x09, 0x51, 0x09, 0x51, 0x09
    .byte 0x51, 0x09, 0x51, 0x09, 0x51, 0x09, 0x51, 0x09, 0x51, 0x09, 0x51, 0x09, 0x51, 0x09, 0x51, 0x09, 0x51, 0x09, 0x51, 0x09, 0x51, 0x09, 0x51, 0x09, 0x51, 0x09, 0x51, 0x09, 0x51, 0x09, 0x51, 0x09
    .byte 0x51, 0x09, 0x51, 0x09, 0x51, 0x09, 0x51, 0x09, 0x51, 0x09, 0x51, 0x09, 0x51, 0x09, 0x51, 0x09, 0x51, 0x09, 0x51, 0x09, 0x51, 0x09, 0x51, 0x09, 0x51, 0x09, 0x51, 0x09, 0x51, 0x09, 0x51, 0x09
    .byte 0x51, 0x09, 0x51, 0x09, 0x51, 0x09, 0x51, 0x09, 0x51, 0x09, 0x51, 0x09, 0x51, 0x09, 0x51, 0x09, 0x51, 0x09, 0x51, 0x09, 0x51, 0x09, 0x51, 0x09, 0x51, 0x09, 0x51, 0x09, 0x51, 0x09, 0x51, 0x09
    .byte 0x51, 0x09, 0x51, 0x09, 0x51, 0x09, 0x51, 0x09, 0x51, 0x09, 0x51, 0x09, 0x51, 0x09, 0x51, 0x09, 0x51, 0x09, 0x51, 0x09, 0x51, 0x09, 0x51, 0x09, 0x51, 0x09, 0x51, 0x09, 0x51, 0x09, 0x51, 0x09
    .byte 0x51, 0x09, 0x51, 0x09, 0x51, 0x09, 0x51, 0x09, 0x51, 0x09, 0x51, 0x09, 0x51, 0x09, 0x51, 0x09, 0x51, 0x09, 0x51, 0x09, 0x51, 0x09, 0x51, 0x09, 0x51, 0x09, 0x51, 0x09, 0x51, 0x09, 0x51, 0x09
    .byte 0x51, 0x09, 0x51, 0x09, 0x51, 0x09, 0x51, 0x09, 0x51, 0x09, 0x51, 0x09, 0x51, 0x09, 0x51, 0x09, 0x51, 0x09, 0x51, 0x09, 0x51, 0x09, 0x51, 0x09, 0x51, 0x09, 0x51, 0x09, 0x51, 0x09, 0x51, 0x09
    .byte 0x51, 0x09, 0x51, 0x09, 0x51, 0x09, 0x51, 0x09, 0x51, 0x09, 0x51, 0x09, 0x51, 0x09, 0x51, 0x09, 0x51, 0x09, 0x51, 0x09, 0x51, 0x09, 0x51, 0x09, 0x51, 0x09, 0x51, 0x09, 0x51, 0x09, 0x09, 0x09
    .byte 0x09, 0x09, 0x09, 0x09, 0x09, 0x09, 0x09, 0x09, 0x09, 0x09, 0x09, 0x09, 0x09, 0x09, 0x09, 0x09, 0x09, 0x09, 0x09, 0x09, 0x09, 0x09, 0x09, 0x09, 0x11, 0x11, 0x11, 0x11, 0x11, 0x11, 0x11, 0x11
    .byte 0x09, 0x09, 0x09, 0x09, 0x5A, 0x5A, 0x5A, 0x5A, 0x09, 0x09, 0x09, 0x09, 0x09, 0x09, 0x09, 0x09, 0x11, 0x11, 0x11, 0x11, 0x09, 0x09, 0x09, 0x09, 0x09, 0x09, 0x09, 0x09, 0x09, 0x09, 0x09, 0x09
    .byte 0x09, 0x09, 0x09, 0x09, 0x09, 0x09, 0x09, 0x09, 0x09, 0x09, 0x09, 0x09, 0x09, 0x09, 0x09, 0x09, 0x09, 0x09, 0x09, 0x09, 0x09, 0x09, 0x09, 0x09, 0x09, 0x09, 0x09, 0x09, 0x09, 0x09, 0x09, 0x09
    .byte 0x09, 0x09, 0x09, 0x09, 0x09, 0x09, 0x09, 0x09, 0x09, 0x09, 0x09, 0x09, 0x09, 0x09, 0x09, 0x09, 0x09, 0x09, 0x09, 0x09, 0x09, 0x09, 0x09, 0x09, 0x09, 0x09, 0x09, 0x09, 0x09, 0x09, 0x09, 0x09
    .byte 0x09, 0x09, 0x09, 0x09, 0x09, 0x09, 0x09, 0x09, 0x09, 0x09, 0x09, 0x09, 0x09, 0x09, 0x09, 0x09, 0x09, 0x09, 0x09, 0x09, 0x09, 0x09, 0x09, 0x09, 0x09, 0x09, 0x09, 0x09, 0x09, 0x09, 0x09, 0x09
    .byte 0x09, 0x09, 0x09, 0x09, 0x09, 0x09, 0x09, 0x09, 0x09, 0x09, 0x09, 0x09, 0x09, 0x09, 0x09, 0x09, 0x09, 0x09, 0x09, 0x09, 0x09, 0x09, 0x09, 0x09, 0x09, 0x09, 0x09, 0x09, 0x09, 0x09, 0x09, 0x09
    .byte 0x09, 0x09, 0x09, 0x09, 0x09, 0x09, 0x09, 0x09, 0x09, 0x09, 0x09, 0x09, 0x09, 0x09, 0x09, 0x09, 0x09, 0x09, 0x09, 0x09, 0x09, 0x09, 0x09, 0x09, 0x09, 0x09, 0x09, 0x09, 0x09, 0x09, 0x09, 0x09
    .byte 0x09, 0x09, 0x09, 0x09, 0x09, 0x09, 0x09, 0x09, 0x09, 0x09, 0x09, 0x09, 0x09, 0x09, 0x09, 0x09, 0x09, 0x09, 0x09, 0x09, 0x09, 0x09, 0x09, 0x09, 0x09, 0x09, 0x09, 0x09, 0x09, 0x09, 0x09, 0x09
    .byte 0x09, 0x09, 0x09, 0x09, 0x09, 0x09, 0x09, 0x09, 0x09, 0x09, 0x09, 0x09, 0x09, 0x09, 0x09, 0x09, 0x09, 0x09, 0x09, 0x09, 0x09, 0x09, 0x09, 0x09, 0x09, 0x09, 0x09, 0x09, 0x09, 0x09, 0x09, 0x09
    .byte 0x09, 0x09, 0x09, 0x09, 0x09, 0x09, 0x09, 0x09, 0x09, 0x09, 0x09, 0x09, 0x09, 0x09, 0x09, 0x09, 0x09, 0x09, 0x09, 0x09, 0x09, 0x09, 0x09, 0x09, 0x09, 0x09, 0x09, 0x09, 0x09, 0x09, 0x09, 0x09
    .byte 0x09, 0x09, 0x51, 0x09, 0x51, 0x09, 0x51, 0x09, 0x51, 0x09, 0x51, 0x09, 0x51, 0x09, 0x51, 0x09, 0x51, 0x09, 0x51, 0x09, 0x51, 0x09, 0x51, 0x09, 0x11, 0x11, 0x11, 0x11, 0x11, 0x11, 0x11, 0x11
    .byte 0x51, 0x09, 0x51, 0x09, 0x5A, 0x5A, 0x5A, 0x5A, 0x51, 0x09, 0x51, 0x09, 0x51, 0x09, 0x51, 0x09, 0x11, 0x11, 0x11, 0x11, 0x51, 0x09, 0x51, 0x09, 0x51, 0x09, 0x51, 0x09, 0x51, 0x09, 0x51, 0x09
    .byte 0x51, 0x09, 0x51, 0x09, 0x51, 0x09, 0x51, 0x09, 0x51, 0x09, 0x51, 0x09, 0x51, 0x09, 0x51, 0x09, 0x51, 0x09, 0x51, 0x09, 0x51, 0x09, 0x51, 0x09, 0x51, 0x09, 0x51, 0x09, 0x51, 0x09, 0x51, 0x09
    .byte 0x51, 0x09, 0x51, 0x09, 0x51, 0x09, 0x51, 0x09, 0x51, 0x09, 0x51, 0x09, 0x51, 0x09, 0x51, 0x09, 0x51, 0x09, 0x51, 0x09, 0x51, 0x09, 0x51, 0x09, 0x51, 0x09, 0x51, 0x09, 0x51, 0x09, 0x51, 0x09
    .byte 0x51, 0x09, 0x51, 0x09, 0x51, 0x09, 0x51, 0x09, 0x51, 0x09, 0x51, 0x09, 0x51, 0x09, 0x51, 0x09, 0x51, 0x09, 0x51, 0x09, 0x51, 0x09, 0x51, 0x09, 0x51, 0x09, 0x51, 0x09, 0x51, 0x09, 0x51, 0x09
    .byte 0x51, 0x09, 0x51, 0x09, 0x51, 0x09, 0x51, 0x09, 0x51, 0x09, 0x51, 0x09, 0x51, 0x09, 0x51, 0x09, 0x51, 0x09, 0x51, 0x09, 0x51, 0x09, 0x51, 0x09, 0x51, 0x09, 0x51, 0x09, 0x51, 0x09, 0x51, 0x09
    .byte 0x51, 0x09, 0x51, 0x09, 0x51, 0x09, 0x51, 0x09, 0x51, 0x09, 0x51, 0x09, 0x51, 0x09, 0x51, 0x09, 0x51, 0x09, 0x51, 0x09, 0x51, 0x09, 0x51, 0x09, 0x51, 0x09, 0x51, 0x09, 0x51, 0x09, 0x51, 0x09
    .byte 0x51, 0x09, 0x51, 0x09, 0x51, 0x09, 0x51, 0x09, 0x51, 0x09, 0x51, 0x09, 0x51, 0x09, 0x51, 0x09, 0x51, 0x09, 0x51, 0x09, 0x51, 0x09, 0x51, 0x09, 0x51, 0x09, 0x51, 0x09, 0x51, 0x09, 0x51, 0x09
    .byte 0x51, 0x09, 0x51, 0x09, 0x51, 0x09, 0x51, 0x09, 0x51, 0x09, 0x51, 0x09, 0x51, 0x09, 0x51, 0x09, 0x51, 0x09, 0x51, 0x09, 0x51, 0x09, 0x51, 0x09, 0x51, 0x09, 0x51, 0x09, 0x51, 0x09, 0x51, 0x09
    .byte 0x51, 0x09, 0x51, 0x09, 0x51, 0x09, 0x51, 0x09, 0x51, 0x09, 0x51, 0x09, 0x51, 0x09, 0x51, 0x09, 0x51, 0x09, 0x51, 0x09, 0x51, 0x09, 0x51, 0x09, 0x51, 0x09, 0x51, 0x09, 0x51, 0x09, 0x09, 0x09
    .byte 0x09, 0x09, 0x09, 0x09, 0x09, 0x09, 0x09, 0x09, 0x09, 0x09, 0x09, 0x09, 0x09, 0x09, 0x09, 0x09, 0x09, 0x09, 0x09, 0x09, 0x09, 0x09, 0x09, 0x09, 0x09, 0x09, 0x09, 0x09, 0x5A, 0x5A, 0x5A, 0x5A
    .byte 0x09, 0x09, 0x09, 0x09, 0x09, 0x09, 0x09, 0x09, 0x09, 0x09, 0x09, 0x09, 0x09, 0x09, 0x09, 0x09, 0x09, 0x09, 0x09, 0x09, 0x09, 0x09, 0x09, 0x09, 0x09, 0x09, 0x09, 0x09, 0x09, 0x09, 0x09, 0x09
    .byte 0x09, 0x09, 0x09, 0x09, 0x09, 0x09, 0x09, 0x09, 0x09, 0x09, 0x09, 0x09, 0x09, 0x09, 0x09, 0x09, 0x09, 0x09, 0x09, 0x09, 0x09, 0x09, 0x09, 0x09, 0x09, 0x09, 0x09, 0x09, 0x09, 0x09, 0x09, 0x09
    .byte 0x09, 0x09, 0x09, 0x09, 0x09, 0x09, 0x09, 0x09, 0x09, 0x09, 0x09, 0x09, 0x09, 0x09, 0x09, 0x09, 0x09, 0x09, 0x09, 0x09, 0x09, 0x09, 0x09, 0x09, 0x09, 0x09, 0x09, 0x09, 0x09, 0x09, 0x09, 0x09
    .byte 0x09, 0x09, 0x09, 0x09, 0x09, 0x09, 0x09, 0x09, 0x09, 0x09, 0x09, 0x09, 0x09, 0x09, 0x09, 0x09, 0x09, 0x09, 0x09, 0x09, 0x09, 0x09, 0x09, 0x09, 0x09, 0x09, 0x09, 0x09, 0x09, 0x09, 0x09, 0x09
    .byte 0x09, 0x09, 0x09, 0x09, 0x09, 0x09, 0x09, 0x09, 0x09, 0x09, 0x09, 0x09, 0x09, 0x09, 0x09, 0x09, 0x09, 0x09, 0x09, 0x09, 0x09, 0x09, 0x09, 0x09, 0x09, 0x09, 0x09, 0x09, 0x09, 0x09, 0x09, 0x09
    .byte 0x09, 0x09, 0x09, 0x09, 0x09, 0x09, 0x09, 0x09, 0x09, 0x09, 0x09, 0x09, 0x09, 0x09, 0x09, 0x09, 0x09, 0x09, 0x09, 0x09, 0x09, 0x09, 0x09, 0x09, 0x09, 0x09, 0x09, 0x09, 0x09, 0x09, 0x09, 0x09
    .byte 0x09, 0x09, 0x09, 0x09, 0x09, 0x09, 0x09, 0x09, 0x09, 0x09, 0x09, 0x09, 0x09, 0x09, 0x09, 0x09, 0x09, 0x09, 0x09, 0x09, 0x09, 0x09, 0x09, 0x09, 0x09, 0x09, 0x09, 0x09, 0x09, 0x09, 0x09, 0x09
    .byte 0x09, 0x09, 0x09, 0x09, 0x09, 0x09, 0x09, 0x09, 0x09, 0x09, 0x09, 0x09, 0x09, 0x09, 0x09, 0x09, 0x09, 0x09, 0x09, 0x09, 0x09, 0x09, 0x09, 0x09, 0x09, 0x09, 0x09, 0x09, 0x09, 0x09, 0x09, 0x09
    .byte 0x09, 0x09, 0x09, 0x09, 0x09, 0x09, 0x09, 0x09, 0x09, 0x09, 0x09, 0x09, 0x09, 0x09, 0x09, 0x09, 0x09, 0x09, 0x09, 0x09, 0x09, 0x09, 0x09, 0x09, 0x09, 0x09, 0x09, 0x09, 0x09, 0x09, 0x09, 0x09
    .byte 0x09, 0x09, 0x51, 0x09, 0x51, 0x09, 0x51, 0x09, 0x51, 0x09, 0x51, 0x09, 0x51, 0x09, 0x51, 0x09, 0x51, 0x09, 0x51, 0x09, 0x51, 0x09, 0x51, 0x09, 0x51, 0x09, 0x51, 0x09, 0x5A, 0x5A, 0x5A, 0x5A
    .byte 0x51, 0x09, 0x51, 0x09, 0x51, 0x09, 0x51, 0x09, 0x51, 0x09, 0x51, 0x09, 0x51, 0x09, 0x51, 0x09, 0x51, 0x09, 0x51, 0x09, 0x51, 0x09, 0x51, 0x09, 0x51, 0x09, 0x51, 0x09, 0x51, 0x09, 0x51, 0x09
    .byte 0x51, 0x09, 0x51, 0x09, 0x51, 0x09, 0x51, 0x09, 0x51, 0x09, 0x51, 0x09, 0x51, 0x09, 0x51, 0x09, 0x51, 0x09, 0x51, 0x09, 0x51, 0x09, 0x51, 0x09, 0x51, 0x09, 0x51, 0x09, 0x51, 0x09, 0x51, 0x09
    .byte 0x51, 0x09, 0x51, 0x09, 0x51, 0x09, 0x51, 0x09, 0x51, 0x09, 0x51, 0x09, 0x51, 0x09, 0x51, 0x09, 0x51, 0x09, 0x51, 0x09, 0x51, 0x09, 0x51, 0x09, 0x51, 0x09, 0x51, 0x09, 0x51, 0x09, 0x51, 0x09
    .byte 0x51, 0x09, 0x51, 0x09, 0x51, 0x09, 0x51, 0x09, 0x51, 0x09, 0x51, 0x09, 0x51, 0x09, 0x51, 0x09, 0x51, 0x09, 0x51, 0x09, 0x51, 0x09, 0x51, 0x09, 0x51, 0x09, 0x51, 0x09, 0x51, 0x09, 0x51, 0x09
    .byte 0x51, 0x09, 0x51, 0x09, 0x51, 0x09, 0x51, 0x09, 0x51, 0x09, 0x51, 0x09, 0x51, 0x09, 0x51, 0x09, 0x51, 0x09, 0x51, 0x09, 0x51, 0x09, 0x51, 0x09, 0x51, 0x09, 0x51, 0x09, 0x51, 0x09, 0x51, 0x09
    .byte 0x51, 0x09, 0x51, 0x09, 0x51, 0x09, 0x51, 0x09, 0x51, 0x09, 0x51, 0x09, 0x51, 0x09, 0x51, 0x09, 0x51, 0x09, 0x51, 0x09, 0x51, 0x09, 0x51, 0x09, 0x51, 0x09, 0x51, 0x09, 0x51, 0x09, 0x51, 0x09
    .byte 0x51, 0x09, 0x51, 0x09, 0x51, 0x09, 0x51, 0x09, 0x51, 0x09, 0x51, 0x09, 0x51, 0x09, 0x51, 0x09, 0x51, 0x09, 0x51, 0x09, 0x51, 0x09, 0x51, 0x09, 0x51, 0x09, 0x51, 0x09, 0x51, 0x09, 0x51, 0x09
    .byte 0x51, 0x09, 0x51, 0x09, 0x51, 0x09, 0x51, 0x09, 0x51, 0x09, 0x51, 0x09, 0x51, 0x09, 0x51, 0x09, 0x51, 0x09, 0x51, 0x09, 0x51, 0x09, 0x51, 0x09, 0x51, 0x09, 0x51, 0x09, 0x51, 0x09, 0x51, 0x09
    .byte 0x51, 0x09, 0x51, 0x09, 0x51, 0x09, 0x51, 0x09, 0x51, 0x09, 0x51, 0x09, 0x51, 0x09, 0x51, 0x09, 0x51, 0x09, 0x51, 0x09, 0x51, 0x09, 0x51, 0x09, 0x51, 0x09, 0x51, 0x09, 0x51, 0x09, 0x09, 0x09
    .byte 0x09, 0x09, 0x09, 0x09, 0x09, 0x09, 0x09, 0x09, 0x09, 0x09, 0x09, 0x09, 0x09, 0x09, 0x09, 0x09, 0x09, 0x09, 0x09, 0x09, 0x09, 0x09, 0x09, 0x09, 0x09, 0x09, 0x09, 0x09, 0x5A, 0x5A, 0x5A, 0x5A
    .byte 0x09, 0x09, 0x09, 0x09, 0x09, 0x09, 0x09, 0x09, 0x09, 0x09, 0x09, 0x09, 0x09, 0x09, 0x09, 0x09, 0x09, 0x09, 0x09, 0x09, 0x09, 0x09, 0x09, 0x09, 0x09, 0x09, 0x09, 0x09, 0x09, 0x09, 0x09, 0x09
    .byte 0x09, 0x09, 0x09, 0x09, 0x09, 0x09, 0x09, 0x09, 0x09, 0x09, 0x09, 0x09, 0x09, 0x09, 0x09, 0x09, 0x09, 0x09, 0x09, 0x09, 0x09, 0x09, 0x09, 0x09, 0x09, 0x09, 0x09, 0x09, 0x09, 0x09, 0x09, 0x09
    .byte 0x09, 0x09, 0x09, 0x09, 0x09, 0x09, 0x09, 0x09, 0x09, 0x09, 0x09, 0x09, 0x09, 0x09, 0x09, 0x09, 0x09, 0x09, 0x09, 0x09, 0x09, 0x09, 0x09, 0x09, 0x09, 0x09, 0x09, 0x09, 0x09, 0x09, 0x09, 0x09
    .byte 0x09, 0x09, 0x09, 0x09, 0x09, 0x09, 0x09, 0x09, 0x09, 0x09, 0x09, 0x09, 0x09, 0x09, 0x09, 0x09, 0x09, 0x09, 0x09, 0x09, 0x09, 0x09, 0x09, 0x09, 0x09, 0x09, 0x09, 0x09, 0x09, 0x09, 0x09, 0x09
    .byte 0x09, 0x09, 0x09, 0x09, 0x09, 0x09, 0x09, 0x09, 0x09, 0x09, 0x09, 0x09, 0x09, 0x09, 0x09, 0x09, 0x09, 0x09, 0x09, 0x09, 0x09, 0x09, 0x09, 0x09, 0x09, 0x09, 0x09, 0x09, 0x09, 0x09, 0x09, 0x09
    .byte 0x09, 0x09, 0x09, 0x09, 0x09, 0x09, 0x09, 0x09, 0x09, 0x09, 0x09, 0x09, 0x09, 0x09, 0x09, 0x09, 0x09, 0x09, 0x09, 0x09, 0x09, 0x09, 0x09, 0x09, 0x09, 0x09, 0x09, 0x09, 0x09, 0x09, 0x09, 0x09
    .byte 0x09, 0x09, 0x09, 0x09, 0x09, 0x09, 0x09, 0x09, 0x09, 0x09, 0x09, 0x09, 0x09, 0x09, 0x09, 0x09, 0x09, 0x09, 0x09, 0x09, 0x09, 0x09, 0x09, 0x09, 0x09, 0x09, 0x09, 0x09, 0x09, 0x09, 0x09, 0x09
    .byte 0x09, 0x09, 0x09, 0x09, 0x09, 0x09, 0x09, 0x09, 0x09, 0x09, 0x09, 0x09, 0x09, 0x09, 0x09, 0x09, 0x09, 0x09, 0x09, 0x09, 0x09, 0x09, 0x09, 0x09, 0x09, 0x09, 0x09, 0x09, 0x09, 0x09, 0x09, 0x09
    .byte 0x09, 0x09, 0x09, 0x09, 0x09, 0x09, 0x09, 0x09, 0x09, 0x09, 0x09, 0x09, 0x09, 0x09, 0x09, 0x09, 0x09, 0x09, 0x09, 0x09, 0x09, 0x09, 0x09, 0x09, 0x09, 0x09, 0x09, 0x09, 0x09, 0x09, 0x09, 0x09
    .byte 0x09, 0x09, 0x51, 0x09, 0x51, 0x09, 0x51, 0x09, 0x51, 0x09, 0x51, 0x09, 0x51, 0x09, 0x51, 0x09, 0x51, 0x09, 0x51, 0x09, 0x51, 0x09, 0x51, 0x09, 0x51, 0x09, 0x51, 0x09, 0x5A, 0x5A, 0x5A, 0x5A
    .byte 0x51, 0x09, 0x51, 0x09, 0x51, 0x09, 0x51, 0x09, 0x51, 0x09, 0x51, 0x09, 0x51, 0x09, 0x51, 0x09, 0x51, 0x09, 0x51, 0x09, 0x51, 0x09, 0x51, 0x09, 0x51, 0x09, 0x51, 0x09, 0x51, 0x09, 0x51, 0x09
    .byte 0x51, 0x09, 0x51, 0x09, 0x51, 0x09, 0x51, 0x09, 0x51, 0x09, 0x51, 0x09, 0x51, 0x09, 0x51, 0x09, 0x51, 0x09, 0x51, 0x09, 0x51, 0x09, 0x51, 0x09, 0x51, 0x09, 0x51, 0x09, 0x51, 0x09, 0x51, 0x09
    .byte 0x51, 0x09, 0x51, 0x09, 0x51, 0x09, 0x51, 0x09, 0x51, 0x09, 0x51, 0x09, 0x51, 0x09, 0x51, 0x09, 0x51, 0x09, 0x51, 0x09, 0x51, 0x09, 0x51, 0x09, 0x51, 0x09, 0x51, 0x09, 0x51, 0x09, 0x51, 0x09
    .byte 0x51, 0x09, 0x51, 0x09, 0x51, 0x09, 0x51, 0x09, 0x51, 0x09, 0x51, 0x09, 0x51, 0x09, 0x51, 0x09, 0x51, 0x09, 0x51, 0x09, 0x51, 0x09, 0x51, 0x09, 0x51, 0x09, 0x51, 0x09, 0x51, 0x09, 0x51, 0x09
    .byte 0x51, 0x09, 0x51, 0x09, 0x51, 0x09, 0x51, 0x09, 0x51, 0x09, 0x51, 0x09, 0x51, 0x09, 0x51, 0x09, 0x51, 0x09, 0x51, 0x09, 0x51, 0x09, 0x51, 0x09, 0x51, 0x09, 0x51, 0x09, 0x51, 0x09, 0x51, 0x09
    .byte 0x51, 0x09, 0x51, 0x09, 0x51, 0x09, 0x51, 0x09, 0x51, 0x09, 0x51, 0x09, 0x51, 0x09, 0x51, 0x09, 0x51, 0x09, 0x51, 0x09, 0x51, 0x09, 0x51, 0x09, 0x51, 0x09, 0x51, 0x09, 0x51, 0x09, 0x51, 0x09
    .byte 0x51, 0x09, 0x51, 0x09, 0x51, 0x09, 0x51, 0x09, 0x51, 0x09, 0x51, 0x09, 0x51, 0x09, 0x51, 0x09, 0x51, 0x09, 0x51, 0x09, 0x51, 0x09, 0x51, 0x09, 0x51, 0x09, 0x51, 0x09, 0x51, 0x09, 0x51, 0x09
    .byte 0x51, 0x09, 0x51, 0x09, 0x51, 0x09, 0x51, 0x09, 0x51, 0x09, 0x51, 0x09, 0x51, 0x09, 0x51, 0x09, 0x51, 0x09, 0x51, 0x09, 0x51, 0x09, 0x51, 0x09, 0x51, 0x09, 0x51, 0x09, 0x51, 0x09, 0x51, 0x09
    .byte 0x51, 0x09, 0x51, 0x09, 0x51, 0x09, 0x51, 0x09, 0x51, 0x09, 0x51, 0x09, 0x51, 0x09, 0x51, 0x09, 0x51, 0x09, 0x51, 0x09, 0x51, 0x09, 0x51, 0x09, 0x51, 0x09, 0x51, 0x09, 0x51, 0x09, 0x09, 0x09
    .byte 0x09, 0x09, 0x09, 0x09, 0x09, 0x09, 0x09, 0x09, 0x09, 0x09, 0x09, 0x09, 0x09, 0x09, 0x09, 0x09, 0x09, 0x09, 0x09, 0x09, 0x09, 0x09, 0x09, 0x09, 0x5A, 0x5A, 0x5A, 0x5A, 0x09, 0x09, 0x09, 0x09
    .byte 0x09, 0x09, 0x09, 0x09, 0x5A, 0x5A, 0x5A, 0x5A, 0x09, 0x09, 0x09, 0x09, 0x5A, 0x5A, 0x5A, 0x5A, 0x09, 0x09, 0x09, 0x09, 0x11, 0x11, 0x11, 0x11, 0x09, 0x09, 0x09, 0x09, 0x09, 0x09, 0x09, 0x09
    .byte 0x09, 0x09, 0x09, 0x09, 0x09, 0x09, 0x09, 0x09, 0x09, 0x09, 0x09, 0x09, 0x09, 0x09, 0x09, 0x09, 0x09, 0x09, 0x09, 0x09, 0x09, 0x09, 0x09, 0x09, 0x09, 0x09, 0x09, 0x09, 0x09, 0x09, 0x09, 0x09
    .byte 0x09, 0x09, 0x09, 0x09, 0x09, 0x09, 0x09, 0x09, 0x09, 0x09, 0x09, 0x09, 0x09, 0x09, 0x09, 0x09, 0x09, 0x09, 0x09, 0x09, 0x09, 0x09, 0x09, 0x09, 0x09, 0x09, 0x09, 0x09, 0x09, 0x09, 0x09, 0x09
    .byte 0x09, 0x09, 0x09, 0x09, 0x09, 0x09, 0x09, 0x09, 0x09, 0x09, 0x09, 0x09, 0x09, 0x09, 0x09, 0x09, 0x09, 0x09, 0x09, 0x09, 0x09, 0x09, 0x09, 0x09, 0x09, 0x09, 0x09, 0x09, 0x09, 0x09, 0x09, 0x09
    .byte 0x09, 0x09, 0x09, 0x09, 0x09, 0x09, 0x09, 0x09, 0x09, 0x09, 0x09, 0x09, 0x09, 0x09, 0x09, 0x09, 0x09, 0x09, 0x09, 0x09, 0x09, 0x09, 0x09, 0x09, 0x09, 0x09, 0x09, 0x09, 0x09, 0x09, 0x09, 0x09
    .byte 0x09, 0x09, 0x09, 0x09, 0x09, 0x09, 0x09, 0x09, 0x09, 0x09, 0x09, 0x09, 0x09, 0x09, 0x09, 0x09, 0x09, 0x09, 0x09, 0x09, 0x09, 0x09, 0x09, 0x09, 0x09, 0x09, 0x09, 0x09, 0x09, 0x09, 0x09, 0x09
    .byte 0x09, 0x09, 0x09, 0x09, 0x09, 0x09, 0x09, 0x09, 0x09, 0x09, 0x09, 0x09, 0x09, 0x09, 0x09, 0x09, 0x09, 0x09, 0x09, 0x09, 0x09, 0x09, 0x09, 0x09, 0x09, 0x09, 0x09, 0x09, 0x09, 0x09, 0x09, 0x09
    .byte 0x09, 0x09, 0x09, 0x09, 0x09, 0x09, 0x09, 0x09, 0x09, 0x09, 0x09, 0x09, 0x09, 0x09, 0x09, 0x09, 0x09, 0x09, 0x09, 0x09, 0x09, 0x09, 0x09, 0x09, 0x09, 0x09, 0x09, 0x09, 0x09, 0x09, 0x09, 0x09
    .byte 0x09, 0x09, 0x09, 0x09, 0x09, 0x09, 0x09, 0x09, 0x09, 0x09, 0x09, 0x09, 0x09, 0x09, 0x09, 0x09, 0x09, 0x09, 0x09, 0x09, 0x09, 0x09, 0x09, 0x09, 0x09, 0x09, 0x09, 0x09, 0x09, 0x09, 0x09, 0x09
    .byte 0x09, 0x09, 0x51, 0x09, 0x51, 0x09, 0x51, 0x09, 0x51, 0x09, 0x51, 0x09, 0x51, 0x09, 0x51, 0x09, 0x51, 0x09, 0x51, 0x09, 0x51, 0x09, 0x51, 0x09, 0x5A, 0x5A, 0x5A, 0x5A, 0x51, 0x09, 0x51, 0x09
    .byte 0x51, 0x09, 0x51, 0x09, 0x5A, 0x5A, 0x5A, 0x5A, 0x51, 0x09, 0x51, 0x09, 0x5A, 0x5A, 0x5A, 0x5A, 0x51, 0x09, 0x51, 0x09, 0x11, 0x11, 0x11, 0x11, 0x51, 0x09, 0x51, 0x09, 0x51, 0x09, 0x51, 0x09
    .byte 0x51, 0x09, 0x51, 0x09, 0x51, 0x09, 0x51, 0x09, 0x51, 0x09, 0x51, 0x09, 0x51, 0x09, 0x51, 0x09, 0x51, 0x09, 0x51, 0x09, 0x51, 0x09, 0x51, 0x09, 0x51, 0x09, 0x51, 0x09, 0x51, 0x09, 0x51, 0x09
    .byte 0x51, 0x09, 0x51, 0x09, 0x51, 0x09, 0x51, 0x09, 0x51, 0x09, 0x51, 0x09, 0x51, 0x09, 0x51, 0x09, 0x51, 0x09, 0x51, 0x09, 0x51, 0x09, 0x51, 0x09, 0x51, 0x09, 0x51, 0x09, 0x51, 0x09, 0x51, 0x09
    .byte 0x51, 0x09, 0x51, 0x09, 0x51, 0x09, 0x51, 0x09, 0x51, 0x09, 0x51, 0x09, 0x51, 0x09, 0x51, 0x09, 0x51, 0x09, 0x51, 0x09, 0x51, 0x09, 0x51, 0x09, 0x51, 0x09, 0x51, 0x09, 0x51, 0x09, 0x51, 0x09
    .byte 0x51, 0x09, 0x51, 0x09, 0x51, 0x09, 0x51, 0x09, 0x51, 0x09, 0x51, 0x09, 0x51, 0x09, 0x51, 0x09, 0x51, 0x09, 0x51, 0x09, 0x51, 0x09, 0x51, 0x09, 0x51, 0x09, 0x51, 0x09, 0x51, 0x09, 0x51, 0x09
    .byte 0x51, 0x09, 0x51, 0x09, 0x51, 0x09, 0x51, 0x09, 0x51, 0x09, 0x51, 0x09, 0x51, 0x09, 0x51, 0x09, 0x51, 0x09, 0x51, 0x09, 0x51, 0x09, 0x51, 0x09, 0x51, 0x09, 0x51, 0x09, 0x51, 0x09, 0x51, 0x09
    .byte 0x51, 0x09, 0x51, 0x09, 0x51, 0x09, 0x51, 0x09, 0x51, 0x09, 0x51, 0x09, 0x51, 0x09, 0x51, 0x09, 0x51, 0x09, 0x51, 0x09, 0x51, 0x09, 0x51, 0x09, 0x51, 0x09, 0x51, 0x09, 0x51, 0x09, 0x51, 0x09
    .byte 0x51, 0x09, 0x51, 0x09, 0x51, 0x09, 0x51, 0x09, 0x51, 0x09, 0x51, 0x09, 0x51, 0x09, 0x51, 0x09, 0x51, 0x09, 0x51, 0x09, 0x51, 0x09, 0x51, 0x09, 0x51, 0x09, 0x51, 0x09, 0x51, 0x09, 0x51, 0x09
    .byte 0x51, 0x09, 0x51, 0x09, 0x51, 0x09, 0x51, 0x09, 0x51, 0x09, 0x51, 0x09, 0x51, 0x09, 0x51, 0x09, 0x51, 0x09, 0x51, 0x09, 0x51, 0x09, 0x51, 0x09, 0x51, 0x09, 0x51, 0x09, 0x51, 0x09, 0x09, 0x09
    .byte 0x09, 0x09, 0x09, 0x09, 0x09, 0x09, 0x09, 0x09, 0x09, 0x09, 0x09, 0x09, 0x09, 0x09, 0x09, 0x09, 0x09, 0x09, 0x09, 0x09, 0x09, 0x09, 0x09, 0x09, 0x5A, 0x5A, 0x5A, 0x5A, 0x09, 0x09, 0x09, 0x09
    .byte 0x09, 0x09, 0x09, 0x09, 0x5A, 0x5A, 0x5A, 0x5A, 0x09, 0x09, 0x09, 0x09, 0x5A, 0x5A, 0x5A, 0x5A, 0x09, 0x09, 0x09, 0x09, 0x11, 0x11, 0x11, 0x11, 0x09, 0x09, 0x09, 0x09, 0x09, 0x09, 0x09, 0x09
    .byte 0x09, 0x09, 0x09, 0x09, 0x09, 0x09, 0x09, 0x09, 0x09, 0x09, 0x09, 0x09, 0x09, 0x09, 0x09, 0x09, 0x09, 0x09, 0x09, 0x09, 0x09, 0x09, 0x09, 0x09, 0x09, 0x09, 0x09, 0x09, 0x09, 0x09, 0x09, 0x09
    .byte 0x09, 0x09, 0x09, 0x09, 0x09, 0x09, 0x09, 0x09, 0x09, 0x09, 0x09, 0x09, 0x09, 0x09, 0x09, 0x09, 0x09, 0x09, 0x09, 0x09, 0x09, 0x09, 0x09, 0x09, 0x09, 0x09, 0x09, 0x09, 0x09, 0x09, 0x09, 0x09
    .byte 0x09, 0x09, 0x09, 0x09, 0x09, 0x09, 0x09, 0x09, 0x09, 0x09, 0x09, 0x09, 0x09, 0x09, 0x09, 0x09, 0x09, 0x09, 0x09, 0x09, 0x09, 0x09, 0x09, 0x09, 0x09, 0x09, 0x09, 0x09, 0x09, 0x09, 0x09, 0x09
    .byte 0x09, 0x09, 0x09, 0x09, 0x09, 0x09, 0x09, 0x09, 0x09, 0x09, 0x09, 0x09, 0x09, 0x09, 0x09, 0x09, 0x09, 0x09, 0x09, 0x09, 0x09, 0x09, 0x09, 0x09, 0x09, 0x09, 0x09, 0x09, 0x09, 0x09, 0x09, 0x09
    .byte 0x09, 0x09, 0x09, 0x09, 0x09, 0x09, 0x09, 0x09, 0x09, 0x09, 0x09, 0x09, 0x09, 0x09, 0x09, 0x09, 0x09, 0x09, 0x09, 0x09, 0x09, 0x09, 0x09, 0x09, 0x09, 0x09, 0x09, 0x09, 0x09, 0x09, 0x09, 0x09
    .byte 0x09, 0x09, 0x09, 0x09, 0x09, 0x09, 0x09, 0x09, 0x09, 0x09, 0x09, 0x09, 0x09, 0x09, 0x09, 0x09, 0x09, 0x09, 0x09, 0x09, 0x09, 0x09, 0x09, 0x09, 0x09, 0x09, 0x09, 0x09, 0x09, 0x09, 0x09, 0x09
    .byte 0x09, 0x09, 0x09, 0x09, 0x09, 0x09, 0x09, 0x09, 0x09, 0x09, 0x09, 0x09, 0x09, 0x09, 0x09, 0x09, 0x09, 0x09, 0x09, 0x09, 0x09, 0x09, 0x09, 0x09, 0x09, 0x09, 0x09, 0x09, 0x09, 0x09, 0x09, 0x09
    .byte 0x09, 0x09, 0x09, 0x09, 0x09, 0x09, 0x09, 0x09, 0x09, 0x09, 0x09, 0x09, 0x09, 0x09, 0x09, 0x09, 0x09, 0x09, 0x09, 0x09, 0x09, 0x09, 0x09, 0x09, 0x09, 0x09, 0x09, 0x09, 0x09, 0x09, 0x09, 0x09
    .byte 0x09, 0x09, 0x51, 0x09, 0x51, 0x09, 0x51, 0x09, 0x51, 0x09, 0x51, 0x09, 0x51, 0x09, 0x51, 0x09, 0x51, 0x09, 0x51, 0x09, 0x51, 0x09, 0x51, 0x09, 0x5A, 0x5A, 0x5A, 0x5A, 0x51, 0x09, 0x51, 0x09
    .byte 0x51, 0x09, 0x51, 0x09, 0x5A, 0x5A, 0x5A, 0x5A, 0x51, 0x09, 0x51, 0x09, 0x5A, 0x5A, 0x5A, 0x5A, 0x51, 0x09, 0x51, 0x09, 0x11, 0x11, 0x11, 0x11, 0x51, 0x09, 0x51, 0x09, 0x51, 0x09, 0x51, 0x09
    .byte 0x51, 0x09, 0x51, 0x09, 0x51, 0x09, 0x51, 0x09, 0x51, 0x09, 0x51, 0x09, 0x51, 0x09, 0x51, 0x09, 0x51, 0x09, 0x51, 0x09, 0x51, 0x09, 0x51, 0x09, 0x51, 0x09, 0x51, 0x09, 0x51, 0x09, 0x51, 0x09
    .byte 0x51, 0x09, 0x51, 0x09, 0x51, 0x09, 0x51, 0x09, 0x51, 0x09, 0x51, 0x09, 0x51, 0x09, 0x51, 0x09, 0x51, 0x09, 0x51, 0x09, 0x51, 0x09, 0x51, 0x09, 0x51, 0x09, 0x51, 0x09, 0x51, 0x09, 0x51, 0x09
    .byte 0x51, 0x09, 0x51, 0x09, 0x51, 0x09, 0x51, 0x09, 0x51, 0x09, 0x51, 0x09, 0x51, 0x09, 0x51, 0x09, 0x51, 0x09, 0x51, 0x09, 0x51, 0x09, 0x51, 0x09, 0x51, 0x09, 0x51, 0x09, 0x51, 0x09, 0x51, 0x09
    .byte 0x51, 0x09, 0x51, 0x09, 0x51, 0x09, 0x51, 0x09, 0x51, 0x09, 0x51, 0x09, 0x51, 0x09, 0x51, 0x09, 0x51, 0x09, 0x51, 0x09, 0x51, 0x09, 0x51, 0x09, 0x51, 0x09, 0x51, 0x09, 0x51, 0x09, 0x51, 0x09
    .byte 0x51, 0x09, 0x51, 0x09, 0x51, 0x09, 0x51, 0x09, 0x51, 0x09, 0x51, 0x09, 0x51, 0x09, 0x51, 0x09, 0x51, 0x09, 0x51, 0x09, 0x51, 0x09, 0x51, 0x09, 0x51, 0x09, 0x51, 0x09, 0x51, 0x09, 0x51, 0x09
    .byte 0x51, 0x09, 0x51, 0x09, 0x51, 0x09, 0x51, 0x09, 0x51, 0x09, 0x51, 0x09, 0x51, 0x09, 0x51, 0x09, 0x51, 0x09, 0x51, 0x09, 0x51, 0x09, 0x51, 0x09, 0x51, 0x09, 0x51, 0x09, 0x51, 0x09, 0x51, 0x09
    .byte 0x51, 0x09, 0x51, 0x09, 0x51, 0x09, 0x51, 0x09, 0x51, 0x09, 0x51, 0x09, 0x51, 0x09, 0x51, 0x09, 0x51, 0x09, 0x51, 0x09, 0x51, 0x09, 0x51, 0x09, 0x51, 0x09, 0x51, 0x09, 0x51, 0x09, 0x51, 0x09
    .byte 0x51, 0x09, 0x51, 0x09, 0x51, 0x09, 0x51, 0x09, 0x51, 0x09, 0x51, 0x09, 0x51, 0x09, 0x51, 0x09, 0x51, 0x09, 0x51, 0x09, 0x51, 0x09, 0x51, 0x09, 0x51, 0x09, 0x51, 0x09, 0x51, 0x09, 0x09, 0x09
    .byte 0x09, 0x09, 0x09, 0x09, 0x09, 0x09, 0x09, 0x09, 0x09, 0x09, 0x09, 0x09, 0x09, 0x09, 0x09, 0x09, 0x09, 0x09, 0x09, 0x09, 0x09, 0x09, 0x09, 0x09, 0x09, 0x09, 0x09, 0x09, 0x09, 0x09, 0x09, 0x09
    .byte 0x5A, 0x5A, 0x5A, 0x5A, 0x5A, 0x5A, 0x5A, 0x5A, 0x5A, 0x5A, 0x5A, 0x5A, 0x09, 0x09, 0x09, 0x09, 0x5A, 0x5A, 0x5A, 0x5A, 0x09, 0x09, 0x09, 0x09, 0x09, 0x09, 0x09, 0x09, 0x09, 0x09, 0x09, 0x09
    .byte 0x09, 0x09, 0x09, 0x09, 0x09, 0x09, 0x09, 0x09, 0x09, 0x09, 0x09, 0x09, 0x09, 0x09, 0x09, 0x09, 0x09, 0x09, 0x09, 0x09, 0x09, 0x09, 0x09, 0x09, 0x09, 0x09, 0x09, 0x09, 0x09, 0x09, 0x09, 0x09
    .byte 0x09, 0x09, 0x09, 0x09, 0x09, 0x09, 0x09, 0x09, 0x09, 0x09, 0x09, 0x09, 0x09, 0x09, 0x09, 0x09, 0x09, 0x09, 0x09, 0x09, 0x09, 0x09, 0x09, 0x09, 0x09, 0x09, 0x09, 0x09, 0x09, 0x09, 0x09, 0x09
    .byte 0x09, 0x09, 0x09, 0x09, 0x09, 0x09, 0x09, 0x09, 0x09, 0x09, 0x09, 0x09, 0x09, 0x09, 0x09, 0x09, 0x09, 0x09, 0x09, 0x09, 0x09, 0x09, 0x09, 0x09, 0x09, 0x09, 0x09, 0x09, 0x09, 0x09, 0x09, 0x09
    .byte 0x09, 0x09, 0x09, 0x09, 0x09, 0x09, 0x09, 0x09, 0x09, 0x09, 0x09, 0x09, 0x09, 0x09, 0x09, 0x09, 0x09, 0x09, 0x09, 0x09, 0x09, 0x09, 0x09, 0x09, 0x09, 0x09, 0x09, 0x09, 0x09, 0x09, 0x09, 0x09
    .byte 0x09, 0x09, 0x09, 0x09, 0x09, 0x09, 0x09, 0x09, 0x09, 0x09, 0x09, 0x09, 0x09, 0x09, 0x09, 0x09, 0x09, 0x09, 0x09, 0x09, 0x09, 0x09, 0x09, 0x09, 0x09, 0x09, 0x09, 0x09, 0x09, 0x09, 0x09, 0x09
    .byte 0x09, 0x09, 0x09, 0x09, 0x09, 0x09, 0x09, 0x09, 0x09, 0x09, 0x09, 0x09, 0x09, 0x09, 0x09, 0x09, 0x09, 0x09, 0x09, 0x09, 0x09, 0x09, 0x09, 0x09, 0x09, 0x09, 0x09, 0x09, 0x09, 0x09, 0x09, 0x09
    .byte 0x09, 0x09, 0x09, 0x09, 0x09, 0x09, 0x09, 0x09, 0x09, 0x09, 0x09, 0x09, 0x09, 0x09, 0x09, 0x09, 0x09, 0x09, 0x09, 0x09, 0x09, 0x09, 0x09, 0x09, 0x09, 0x09, 0x09, 0x09, 0x09, 0x09, 0x09, 0x09
    .byte 0x09, 0x09, 0x09, 0x09, 0x09, 0x09, 0x09, 0x09, 0x09, 0x09, 0x09, 0x09, 0x09, 0x09, 0x09, 0x09, 0x09, 0x09, 0x09, 0x09, 0x09, 0x09, 0x09, 0x09, 0x09, 0x09, 0x09, 0x09, 0x09, 0x09, 0x09, 0x09
    .byte 0x09, 0x09, 0x51, 0x09, 0x51, 0x09, 0x51, 0x09, 0x51, 0x09, 0x51, 0x09, 0x51, 0x09, 0x51, 0x09, 0x51, 0x09, 0x51, 0x09, 0x51, 0x09, 0x51, 0x09, 0x51, 0x09, 0x51, 0x09, 0x51, 0x09, 0x51, 0x09
    .byte 0x5A, 0x5A, 0x5A, 0x5A, 0x5A, 0x5A, 0x5A, 0x5A, 0x5A, 0x5A, 0x5A, 0x5A, 0x51, 0x09, 0x51, 0x09, 0x5A, 0x5A, 0x5A, 0x5A, 0x51, 0x09, 0x51, 0x09, 0x51, 0x09, 0x51, 0x09, 0x51, 0x09, 0x51, 0x09
    .byte 0x51, 0x09, 0x51, 0x09, 0x51, 0x09, 0x51, 0x09, 0x51, 0x09, 0x51, 0x09, 0x51, 0x09, 0x51, 0x09, 0x51, 0x09, 0x51, 0x09, 0x51, 0x09, 0x51, 0x09, 0x51, 0x09, 0x51, 0x09, 0x51, 0x09, 0x51, 0x09
    .byte 0x51, 0x09, 0x51, 0x09, 0x51, 0x09, 0x51, 0x09, 0x51, 0x09, 0x51, 0x09, 0x51, 0x09, 0x51, 0x09, 0x51, 0x09, 0x51, 0x09, 0x51, 0x09, 0x51, 0x09, 0x51, 0x09, 0x51, 0x09, 0x51, 0x09, 0x51, 0x09
    .byte 0x51, 0x09, 0x51, 0x09, 0x51, 0x09, 0x51, 0x09, 0x51, 0x09, 0x51, 0x09, 0x51, 0x09, 0x51, 0x09, 0x51, 0x09, 0x51, 0x09, 0x51, 0x09, 0x51, 0x09, 0x51, 0x09, 0x51, 0x09, 0x51, 0x09, 0x51, 0x09
    .byte 0x51, 0x09, 0x51, 0x09, 0x51, 0x09, 0x51, 0x09, 0x51, 0x09, 0x51, 0x09, 0x51, 0x09, 0x51, 0x09, 0x51, 0x09, 0x51, 0x09, 0x51, 0x09, 0x51, 0x09, 0x51, 0x09, 0x51, 0x09, 0x51, 0x09, 0x51, 0x09
    .byte 0x51, 0x09, 0x51, 0x09, 0x51, 0x09, 0x51, 0x09, 0x51, 0x09, 0x51, 0x09, 0x51, 0x09, 0x51, 0x09, 0x51, 0x09, 0x51, 0x09, 0x51, 0x09, 0x51, 0x09, 0x51, 0x09, 0x51, 0x09, 0x51, 0x09, 0x51, 0x09
    .byte 0x51, 0x09, 0x51, 0x09, 0x51, 0x09, 0x51, 0x09, 0x51, 0x09, 0x51, 0x09, 0x51, 0x09, 0x51, 0x09, 0x51, 0x09, 0x51, 0x09, 0x51, 0x09, 0x51, 0x09, 0x51, 0x09, 0x51, 0x09, 0x51, 0x09, 0x51, 0x09
    .byte 0x51, 0x09, 0x51, 0x09, 0x51, 0x09, 0x51, 0x09, 0x51, 0x09, 0x51, 0x09, 0x51, 0x09, 0x51, 0x09, 0x51, 0x09, 0x51, 0x09, 0x51, 0x09, 0x51, 0x09, 0x51, 0x09, 0x51, 0x09, 0x51, 0x09, 0x51, 0x09
    .byte 0x51, 0x09, 0x51, 0x09, 0x51, 0x09, 0x51, 0x09, 0x51, 0x09, 0x51, 0x09, 0x51, 0x09, 0x51, 0x09, 0x51, 0x09, 0x51, 0x09, 0x51, 0x09, 0x51, 0x09, 0x51, 0x09, 0x51, 0x09, 0x51, 0x09, 0x09, 0x09
    .byte 0x09, 0x09, 0x09, 0x09, 0x09, 0x09, 0x09, 0x09, 0x09, 0x09, 0x09, 0x09, 0x09, 0x09, 0x09, 0x09, 0x09, 0x09, 0x09, 0x09, 0x09, 0x09, 0x09, 0x09, 0x09, 0x09, 0x09, 0x09, 0x09, 0x09, 0x09, 0x09
    .byte 0x5A, 0x5A, 0x5A, 0x5A, 0x5A, 0x5A, 0x5A, 0x5A, 0x5A, 0x5A, 0x5A, 0x5A, 0x09, 0x09, 0x09, 0x09, 0x5A, 0x5A, 0x5A, 0x5A, 0x09, 0x09, 0x09, 0x09, 0x09, 0x09, 0x09, 0x09, 0x09, 0x09, 0x09, 0x09
    .byte 0x09, 0x09, 0x09, 0x09, 0x09, 0x09, 0x09, 0x09, 0x09, 0x09, 0x09, 0x09, 0x09, 0x09, 0x09, 0x09, 0x09, 0x09, 0x09, 0x09, 0x09, 0x09, 0x09, 0x09, 0x09, 0x09, 0x09, 0x09, 0x09, 0x09, 0x09, 0x09
    .byte 0x09, 0x09, 0x09, 0x09, 0x09, 0x09, 0x09, 0x09, 0x09, 0x09, 0x09, 0x09, 0x09, 0x09, 0x09, 0x09, 0x09, 0x09, 0x09, 0x09, 0x09, 0x09, 0x09, 0x09, 0x09, 0x09, 0x09, 0x09, 0x09, 0x09, 0x09, 0x09
    .byte 0x09, 0x09, 0x09, 0x09, 0x09, 0x09, 0x09, 0x09, 0x09, 0x09, 0x09, 0x09, 0x09, 0x09, 0x09, 0x09, 0x09, 0x09, 0x09, 0x09, 0x09, 0x09, 0x09, 0x09, 0x09, 0x09, 0x09, 0x09, 0x09, 0x09, 0x09, 0x09
    .byte 0x09, 0x09, 0x09, 0x09, 0x09, 0x09, 0x09, 0x09, 0x09, 0x09, 0x09, 0x09, 0x09, 0x09, 0x09, 0x09, 0x09, 0x09, 0x09, 0x09, 0x09, 0x09, 0x09, 0x09, 0x09, 0x09, 0x09, 0x09, 0x09, 0x09, 0x09, 0x09
    .byte 0x09, 0x09, 0x09, 0x09, 0x09, 0x09, 0x09, 0x09, 0x09, 0x09, 0x09, 0x09, 0x09, 0x09, 0x09, 0x09, 0x09, 0x09, 0x09, 0x09, 0x09, 0x09, 0x09, 0x09, 0x09, 0x09, 0x09, 0x09, 0x09, 0x09, 0x09, 0x09
    .byte 0x09, 0x09, 0x09, 0x09, 0x09, 0x09, 0x09, 0x09, 0x09, 0x09, 0x09, 0x09, 0x09, 0x09, 0x09, 0x09, 0x09, 0x09, 0x09, 0x09, 0x09, 0x09, 0x09, 0x09, 0x09, 0x09, 0x09, 0x09, 0x09, 0x09, 0x09, 0x09
    .byte 0x09, 0x09, 0x09, 0x09, 0x09, 0x09, 0x09, 0x09, 0x09, 0x09, 0x09, 0x09, 0x09, 0x09, 0x09, 0x09, 0x09, 0x09, 0x09, 0x09, 0x09, 0x09, 0x09, 0x09, 0x09, 0x09, 0x09, 0x09, 0x09, 0x09, 0x09, 0x09
    .byte 0x09, 0x09, 0x09, 0x09, 0x09, 0x09, 0x09, 0x09, 0x09, 0x09, 0x09, 0x09, 0x09, 0x09, 0x09, 0x09, 0x09, 0x09, 0x09, 0x09, 0x09, 0x09, 0x09, 0x09, 0x09, 0x09, 0x09, 0x09, 0x09, 0x09, 0x09, 0x09
    .byte 0x09, 0x09, 0x51, 0x09, 0x51, 0x09, 0x51, 0x09, 0x51, 0x09, 0x51, 0x09, 0x51, 0x09, 0x51, 0x09, 0x51, 0x09, 0x51, 0x09, 0x51, 0x09, 0x51, 0x09, 0x51, 0x09, 0x51, 0x09, 0x51, 0x09, 0x51, 0x09
    .byte 0x5A, 0x5A, 0x5A, 0x5A, 0x5A, 0x5A, 0x5A, 0x5A, 0x5A, 0x5A, 0x5A, 0x5A, 0x51, 0x09, 0x51, 0x09, 0x5A, 0x5A, 0x5A, 0x5A, 0x51, 0x09, 0x51, 0x09, 0x51, 0x09, 0x51, 0x09, 0x51, 0x09, 0x51, 0x09
    .byte 0x51, 0x09, 0x51, 0x09, 0x51, 0x09, 0x51, 0x09, 0x51, 0x09, 0x51, 0x09, 0x51, 0x09, 0x51, 0x09, 0x51, 0x09, 0x51, 0x09, 0x51, 0x09, 0x51, 0x09, 0x51, 0x09, 0x51, 0x09, 0x51, 0x09, 0x51, 0x09
    .byte 0x51, 0x09, 0x51, 0x09, 0x51, 0x09, 0x51, 0x09, 0x51, 0x09, 0x51, 0x09, 0x51, 0x09, 0x51, 0x09, 0x51, 0x09, 0x51, 0x09, 0x51, 0x09, 0x51, 0x09, 0x51, 0x09, 0x51, 0x09, 0x51, 0x09, 0x51, 0x09
    .byte 0x51, 0x09, 0x51, 0x09, 0x51, 0x09, 0x51, 0x09, 0x51, 0x09, 0x51, 0x09, 0x51, 0x09, 0x51, 0x09, 0x51, 0x09, 0x51, 0x09, 0x51, 0x09, 0x51, 0x09, 0x51, 0x09, 0x51, 0x09, 0x51, 0x09, 0x51, 0x09
    .byte 0x51, 0x09, 0x51, 0x09, 0x51, 0x09, 0x51, 0x09, 0x51, 0x09, 0x51, 0x09, 0x51, 0x09, 0x51, 0x09, 0x51, 0x09, 0x51, 0x09, 0x51, 0x09, 0x51, 0x09, 0x51, 0x09, 0x51, 0x09, 0x51, 0x09, 0x51, 0x09
    .byte 0x51, 0x09, 0x51, 0x09, 0x51, 0x09, 0x51, 0x09, 0x51, 0x09, 0x51, 0x09, 0x51, 0x09, 0x51, 0x09, 0x51, 0x09, 0x51, 0x09, 0x51, 0x09, 0x51, 0x09, 0x51, 0x09, 0x51, 0x09, 0x51, 0x09, 0x51, 0x09
    .byte 0x51, 0x09, 0x51, 0x09, 0x51, 0x09, 0x51, 0x09, 0x51, 0x09, 0x51, 0x09, 0x51, 0x09, 0x51, 0x09, 0x51, 0x09, 0x51, 0x09, 0x51, 0x09, 0x51, 0x09, 0x51, 0x09, 0x51, 0x09, 0x51, 0x09, 0x51, 0x09
    .byte 0x51, 0x09, 0x51, 0x09, 0x51, 0x09, 0x51, 0x09, 0x51, 0x09, 0x51, 0x09, 0x51, 0x09, 0x51, 0x09, 0x51, 0x09, 0x51, 0x09, 0x51, 0x09, 0x51, 0x09, 0x51, 0x09, 0x51, 0x09, 0x51, 0x09, 0x51, 0x09
    .byte 0x51, 0x09, 0x51, 0x09, 0x51, 0x09, 0x51, 0x09, 0x51, 0x09, 0x51, 0x09, 0x51, 0x09, 0x51, 0x09, 0x51, 0x09, 0x51, 0x09, 0x51, 0x09, 0x51, 0x09, 0x51, 0x09, 0x51, 0x09, 0x51, 0x09, 0x09, 0x09
    .byte 0x09, 0x09, 0x09, 0x09, 0x09, 0x09, 0x09, 0x09, 0x09, 0x09, 0x09, 0x09, 0x09, 0x09, 0x09, 0x09, 0x09, 0x09, 0x09, 0x09, 0x09, 0x09, 0x09, 0x09, 0x09, 0x09, 0x09, 0x09, 0x5A, 0x5A, 0x5A, 0x5A
    .byte 0x5A, 0x5A, 0x5A, 0x5A, 0x5A, 0x5A, 0x5A, 0x5A, 0x5A, 0x5A, 0x5A, 0x5A, 0x5A, 0x5A, 0x5A, 0x5A, 0x5A, 0x5A, 0x5A, 0x5A, 0x09, 0x09, 0x09, 0x09, 0x09, 0x09, 0x09, 0x09, 0x09, 0x09, 0x09, 0x09
    .byte 0x09, 0x09, 0x09, 0x09, 0x09, 0x09, 0x09, 0x09, 0x09, 0x09, 0x09, 0x09, 0x09, 0x09, 0x09, 0x09, 0x09, 0x09, 0x09, 0x09, 0x09, 0x09, 0x09, 0x09, 0x09, 0x09, 0x09, 0x09, 0x09, 0x09, 0x09, 0x09
    .byte 0x09, 0x09, 0x09, 0x09, 0x09, 0x09, 0x09, 0x09, 0x09, 0x09, 0x09, 0x09, 0x09, 0x09, 0x09, 0x09, 0x09, 0x09, 0x09, 0x09, 0x09, 0x09, 0x09, 0x09, 0x09, 0x09, 0x09, 0x09, 0x09, 0x09, 0x09, 0x09
    .byte 0x09, 0x09, 0x09, 0x09, 0x09, 0x09, 0x09, 0x09, 0x09, 0x09, 0x09, 0x09, 0x09, 0x09, 0x09, 0x09, 0x09, 0x09, 0x09, 0x09, 0x09, 0x09, 0x09, 0x09, 0x09, 0x09, 0x09, 0x09, 0x09, 0x09, 0x09, 0x09
    .byte 0x09, 0x09, 0x09, 0x09, 0x09, 0x09, 0x09, 0x09, 0x09, 0x09, 0x09, 0x09, 0x09, 0x09, 0x09, 0x09, 0x09, 0x09, 0x09, 0x09, 0x09, 0x09, 0x09, 0x09, 0x09, 0x09, 0x09, 0x09, 0x09, 0x09, 0x09, 0x09
    .byte 0x09, 0x09, 0x09, 0x09, 0x09, 0x09, 0x09, 0x09, 0x09, 0x09, 0x09, 0x09, 0x09, 0x09, 0x09, 0x09, 0x09, 0x09, 0x09, 0x09, 0x09, 0x09, 0x09, 0x09, 0x09, 0x09, 0x09, 0x09, 0x09, 0x09, 0x09, 0x09
    .byte 0x09, 0x09, 0x09, 0x09, 0x09, 0x09, 0x09, 0x09, 0x09, 0x09, 0x09, 0x09, 0x09, 0x09, 0x09, 0x09, 0x09, 0x09, 0x09, 0x09, 0x09, 0x09, 0x09, 0x09, 0x09, 0x09, 0x09, 0x09, 0x09, 0x09, 0x09, 0x09
    .byte 0x09, 0x09, 0x09, 0x09, 0x09, 0x09, 0x09, 0x09, 0x09, 0x09, 0x09, 0x09, 0x09, 0x09, 0x09, 0x09, 0x09, 0x09, 0x09, 0x09, 0x09, 0x09, 0x09, 0x09, 0x09, 0x09, 0x09, 0x09, 0x09, 0x09, 0x09, 0x09
    .byte 0x09, 0x09, 0x09, 0x09, 0x09, 0x09, 0x09, 0x09, 0x09, 0x09, 0x09, 0x09, 0x09, 0x09, 0x09, 0x09, 0x09, 0x09, 0x09, 0x09, 0x09, 0x09, 0x09, 0x09, 0x09, 0x09, 0x09, 0x09, 0x09, 0x09, 0x09, 0x09
    .byte 0x09, 0x09, 0x51, 0x09, 0x51, 0x09, 0x51, 0x09, 0x51, 0x09, 0x51, 0x09, 0x51, 0x09, 0x51, 0x09, 0x51, 0x09, 0x51, 0x09, 0x51, 0x09, 0x51, 0x09, 0x51, 0x09, 0x51, 0x09, 0x5A, 0x5A, 0x5A, 0x5A
    .byte 0x5A, 0x5A, 0x5A, 0x5A, 0x5A, 0x5A, 0x5A, 0x5A, 0x5A, 0x5A, 0x5A, 0x5A, 0x5A, 0x5A, 0x5A, 0x5A, 0x5A, 0x5A, 0x5A, 0x5A, 0x51, 0x09, 0x51, 0x09, 0x51, 0x09, 0x51, 0x09, 0x51, 0x09, 0x51, 0x09
    .byte 0x51, 0x09, 0x51, 0x09, 0x51, 0x09, 0x51, 0x09, 0x51, 0x09, 0x51, 0x09, 0x51, 0x09, 0x51, 0x09, 0x51, 0x09, 0x51, 0x09, 0x51, 0x09, 0x51, 0x09, 0x51, 0x09, 0x51, 0x09, 0x51, 0x09, 0x51, 0x09
    .byte 0x51, 0x09, 0x51, 0x09, 0x51, 0x09, 0x51, 0x09, 0x51, 0x09, 0x51, 0x09, 0x51, 0x09, 0x51, 0x09, 0x51, 0x09, 0x51, 0x09, 0x51, 0x09, 0x51, 0x09, 0x51, 0x09, 0x51, 0x09, 0x51, 0x09, 0x51, 0x09
    .byte 0x51, 0x09, 0x51, 0x09, 0x51, 0x09, 0x51, 0x09, 0x51, 0x09, 0x51, 0x09, 0x51, 0x09, 0x51, 0x09, 0x51, 0x09, 0x51, 0x09, 0x51, 0x09, 0x51, 0x09, 0x51, 0x09, 0x51, 0x09, 0x51, 0x09, 0x51, 0x09
    .byte 0x51, 0x09, 0x51, 0x09, 0x51, 0x09, 0x51, 0x09, 0x51, 0x09, 0x51, 0x09, 0x51, 0x09, 0x51, 0x09, 0x51, 0x09, 0x51, 0x09, 0x51, 0x09, 0x51, 0x09, 0x51, 0x09, 0x51, 0x09, 0x51, 0x09, 0x51, 0x09
    .byte 0x51, 0x09, 0x51, 0x09, 0x51, 0x09, 0x51, 0x09, 0x51, 0x09, 0x51, 0x09, 0x51, 0x09, 0x51, 0x09, 0x51, 0x09, 0x51, 0x09, 0x51, 0x09, 0x51, 0x09, 0x51, 0x09, 0x51, 0x09, 0x51, 0x09, 0x51, 0x09
    .byte 0x51, 0x09, 0x51, 0x09, 0x51, 0x09, 0x51, 0x09, 0x51, 0x09, 0x51, 0x09, 0x51, 0x09, 0x51, 0x09, 0x51, 0x09, 0x51, 0x09, 0x51, 0x09, 0x51, 0x09, 0x51, 0x09, 0x51, 0x09, 0x51, 0x09, 0x51, 0x09
    .byte 0x51, 0x09, 0x51, 0x09, 0x51, 0x09, 0x51, 0x09, 0x51, 0x09, 0x51, 0x09, 0x51, 0x09, 0x51, 0x09, 0x51, 0x09, 0x51, 0x09, 0x51, 0x09, 0x51, 0x09, 0x51, 0x09, 0x51, 0x09, 0x51, 0x09, 0x51, 0x09
    .byte 0x51, 0x09, 0x51, 0x09, 0x51, 0x09, 0x51, 0x09, 0x51, 0x09, 0x51, 0x09, 0x51, 0x09, 0x51, 0x09, 0x51, 0x09, 0x51, 0x09, 0x51, 0x09, 0x51, 0x09, 0x51, 0x09, 0x51, 0x09, 0x51, 0x09, 0x09, 0x09
    .byte 0x09, 0x09, 0x09, 0x09, 0x09, 0x09, 0x09, 0x09, 0x09, 0x09, 0x09, 0x09, 0x09, 0x09, 0x09, 0x09, 0x09, 0x09, 0x09, 0x09, 0x09, 0x09, 0x09, 0x09, 0x09, 0x09, 0x09, 0x09, 0x5A, 0x5A, 0x5A, 0x5A
    .byte 0x5A, 0x5A, 0x5A, 0x5A, 0x5A, 0x5A, 0x5A, 0x5A, 0x5A, 0x5A, 0x5A, 0x5A, 0x5A, 0x5A, 0x5A, 0x5A, 0x5A, 0x5A, 0x5A, 0x5A, 0x09, 0x09, 0x09, 0x09, 0x09, 0x09, 0x09, 0x09, 0x09, 0x09, 0x09, 0x09
    .byte 0x09, 0x09, 0x09, 0x09, 0x09, 0x09, 0x09, 0x09, 0x09, 0x09, 0x09, 0x09, 0x09, 0x09, 0x09, 0x09, 0x09, 0x09, 0x09, 0x09, 0x09, 0x09, 0x09, 0x09, 0x09, 0x09, 0x09, 0x09, 0x09, 0x09, 0x09, 0x09
    .byte 0x09, 0x09, 0x09, 0x09, 0x09, 0x09, 0x09, 0x09, 0x09, 0x09, 0x09, 0x09, 0x09, 0x09, 0x09, 0x09, 0x09, 0x09, 0x09, 0x09, 0x09, 0x09, 0x09, 0x09, 0x09, 0x09, 0x09, 0x09, 0x09, 0x09, 0x09, 0x09
    .byte 0x09, 0x09, 0x09, 0x09, 0x09, 0x09, 0x09, 0x09, 0x09, 0x09, 0x09, 0x09, 0x09, 0x09, 0x09, 0x09, 0x09, 0x09, 0x09, 0x09, 0x09, 0x09, 0x09, 0x09, 0x09, 0x09, 0x09, 0x09, 0x09, 0x09, 0x09, 0x09
    .byte 0x09, 0x09, 0x09, 0x09, 0x09, 0x09, 0x09, 0x09, 0x09, 0x09, 0x09, 0x09, 0x09, 0x09, 0x09, 0x09, 0x09, 0x09, 0x09, 0x09, 0x09, 0x09, 0x09, 0x09, 0x09, 0x09, 0x09, 0x09, 0x09, 0x09, 0x09, 0x09
    .byte 0x09, 0x09, 0x09, 0x09, 0x09, 0x09, 0x09, 0x09, 0x09, 0x09, 0x09, 0x09, 0x09, 0x09, 0x09, 0x09, 0x09, 0x09, 0x09, 0x09, 0x09, 0x09, 0x09, 0x09, 0x09, 0x09, 0x09, 0x09, 0x09, 0x09, 0x09, 0x09
    .byte 0x09, 0x09, 0x09, 0x09, 0x09, 0x09, 0x09, 0x09, 0x09, 0x09, 0x09, 0x09, 0x09, 0x09, 0x09, 0x09, 0x09, 0x09, 0x09, 0x09, 0x09, 0x09, 0x09, 0x09, 0x09, 0x09, 0x09, 0x09, 0x09, 0x09, 0x09, 0x09
    .byte 0x09, 0x09, 0x09, 0x09, 0x09, 0x09, 0x09, 0x09, 0x09, 0x09, 0x09, 0x09, 0x09, 0x09, 0x09, 0x09, 0x09, 0x09, 0x09, 0x09, 0x09, 0x09, 0x09, 0x09, 0x09, 0x09, 0x09, 0x09, 0x09, 0x09, 0x09, 0x09
    .byte 0x09, 0x09, 0x09, 0x09, 0x09, 0x09, 0x09, 0x09, 0x09, 0x09, 0x09, 0x09, 0x09, 0x09, 0x09, 0x09, 0x09, 0x09, 0x09, 0x09, 0x09, 0x09, 0x09, 0x09, 0x09, 0x09, 0x09, 0x09, 0x09, 0x09, 0x09, 0x09
    .byte 0x09, 0x09, 0x51, 0x09, 0x51, 0x09, 0x51, 0x09, 0x51, 0x09, 0x51, 0x09, 0x51, 0x09, 0x51, 0x09, 0x51, 0x09, 0x51, 0x09, 0x51, 0x09, 0x51, 0x09, 0x51, 0x09, 0x51, 0x09, 0x5A, 0x5A, 0x5A, 0x5A
    .byte 0x5A, 0x5A, 0x5A, 0x5A, 0x5A, 0x5A, 0x5A, 0x5A, 0x5A, 0x5A, 0x5A, 0x5A, 0x5A, 0x5A, 0x5A, 0x5A, 0x5A, 0x5A, 0x5A, 0x5A, 0x51, 0x09, 0x51, 0x09, 0x51, 0x09, 0x51, 0x09, 0x51, 0x09, 0x51, 0x09
    .byte 0x51, 0x09, 0x51, 0x09, 0x51, 0x09, 0x51, 0x09, 0x51, 0x09, 0x51, 0x09, 0x51, 0x09, 0x51, 0x09, 0x51, 0x09, 0x51, 0x09, 0x51, 0x09, 0x51, 0x09, 0x51, 0x09, 0x51, 0x09, 0x51, 0x09, 0x51, 0x09
    .byte 0x51, 0x09, 0x51, 0x09, 0x51, 0x09, 0x51, 0x09, 0x51, 0x09, 0x51, 0x09, 0x51, 0x09, 0x51, 0x09, 0x51, 0x09, 0x51, 0x09, 0x51, 0x09, 0x51, 0x09, 0x51, 0x09, 0x51, 0x09, 0x51, 0x09, 0x51, 0x09
    .byte 0x51, 0x09, 0x51, 0x09, 0x51, 0x09, 0x51, 0x09, 0x51, 0x09, 0x51, 0x09, 0x51, 0x09, 0x51, 0x09, 0x51, 0x09, 0x51, 0x09, 0x51, 0x09, 0x51, 0x09, 0x51, 0x09, 0x51, 0x09, 0x51, 0x09, 0x51, 0x09
    .byte 0x51, 0x09, 0x51, 0x09, 0x51, 0x09, 0x51, 0x09, 0x51, 0x09, 0x51, 0x09, 0x51, 0x09, 0x51, 0x09, 0x51, 0x09, 0x51, 0x09, 0x51, 0x09, 0x51, 0x09, 0x51, 0x09, 0x51, 0x09, 0x51, 0x09, 0x51, 0x09
    .byte 0x51, 0x09, 0x51, 0x09, 0x51, 0x09, 0x51, 0x09, 0x51, 0x09, 0x51, 0x09, 0x51, 0x09, 0x51, 0x09, 0x51, 0x09, 0x51, 0x09, 0x51, 0x09, 0x51, 0x09, 0x51, 0x09, 0x51, 0x09, 0x51, 0x09, 0x51, 0x09
    .byte 0x51, 0x09, 0x51, 0x09, 0x51, 0x09, 0x51, 0x09, 0x51, 0x09, 0x51, 0x09, 0x51, 0x09, 0x51, 0x09, 0x51, 0x09, 0x51, 0x09, 0x51, 0x09, 0x51, 0x09, 0x51, 0x09, 0x51, 0x09, 0x51, 0x09, 0x51, 0x09
    .byte 0x51, 0x09, 0x51, 0x09, 0x51, 0x09, 0x51, 0x09, 0x51, 0x09, 0x51, 0x09, 0x51, 0x09, 0x51, 0x09, 0x51, 0x09, 0x51, 0x09, 0x51, 0x09, 0x51, 0x09, 0x51, 0x09, 0x51, 0x09, 0x51, 0x09, 0x51, 0x09
    .byte 0x51, 0x09, 0x51, 0x09, 0x51, 0x09, 0x51, 0x09, 0x51, 0x09, 0x51, 0x09, 0x51, 0x09, 0x51, 0x09, 0x51, 0x09, 0x51, 0x09, 0x51, 0x09, 0x51, 0x09, 0x51, 0x09, 0x51, 0x09, 0x51, 0x09, 0x09, 0x09
    .byte 0x09, 0x09, 0x09, 0x09, 0x09, 0x09, 0x09, 0x09, 0x09, 0x09, 0x09, 0x09, 0x09, 0x09, 0x09, 0x09, 0x09, 0x09, 0x09, 0x09, 0x09, 0x09, 0x09, 0x09, 0x11, 0x11, 0x11, 0x11, 0x09, 0x09, 0x09, 0x09
    .byte 0x5A, 0x5A, 0x5A, 0x5A, 0x5A, 0x5A, 0x5A, 0x5A, 0x5A, 0x5A, 0x5A, 0x5A, 0x09, 0x09, 0x09, 0x09, 0x09, 0x09, 0x09, 0x09, 0x09, 0x09, 0x09, 0x09, 0x09, 0x09, 0x09, 0x09, 0x09, 0x09, 0x09, 0x09
    .byte 0x09, 0x09, 0x09, 0x09, 0x09, 0x09, 0x09, 0x09, 0x09, 0x09, 0x09, 0x09, 0x09, 0x09, 0x09, 0x09, 0x09, 0x09, 0x09, 0x09, 0x09, 0x09, 0x09, 0x09, 0x09, 0x09, 0x09, 0x09, 0x09, 0x09, 0x09, 0x09
    .byte 0x09, 0x09, 0x09, 0x09, 0x09, 0x09, 0x09, 0x09, 0x09, 0x09, 0x09, 0x09, 0x09, 0x09, 0x09, 0x09, 0x09, 0x09, 0x09, 0x09, 0x09, 0x09, 0x09, 0x09, 0x09, 0x09, 0x09, 0x09, 0x09, 0x09, 0x09, 0x09
    .byte 0x09, 0x09, 0x09, 0x09, 0x09, 0x09, 0x09, 0x09, 0x09, 0x09, 0x09, 0x09, 0x09, 0x09, 0x09, 0x09, 0x09, 0x09, 0x09, 0x09, 0x09, 0x09, 0x09, 0x09, 0x09, 0x09, 0x09, 0x09, 0x09, 0x09, 0x09, 0x09
    .byte 0x09, 0x09, 0x09, 0x09, 0x09, 0x09, 0x09, 0x09, 0x09, 0x09, 0x09, 0x09, 0x09, 0x09, 0x09, 0x09, 0x09, 0x09, 0x09, 0x09, 0x09, 0x09, 0x09, 0x09, 0x09, 0x09, 0x09, 0x09, 0x09, 0x09, 0x09, 0x09
    .byte 0x09, 0x09, 0x09, 0x09, 0x09, 0x09, 0x09, 0x09, 0x09, 0x09, 0x09, 0x09, 0x09, 0x09, 0x09, 0x09, 0x09, 0x09, 0x09, 0x09, 0x09, 0x09, 0x09, 0x09, 0x09, 0x09, 0x09, 0x09, 0x09, 0x09, 0x09, 0x09
    .byte 0x09, 0x09, 0x09, 0x09, 0x09, 0x09, 0x09, 0x09, 0x09, 0x09, 0x09, 0x09, 0x09, 0x09, 0x09, 0x09, 0x09, 0x09, 0x09, 0x09, 0x09, 0x09, 0x09, 0x09, 0x09, 0x09, 0x09, 0x09, 0x09, 0x09, 0x09, 0x09
    .byte 0x09, 0x09, 0x09, 0x09, 0x09, 0x09, 0x09, 0x09, 0x09, 0x09, 0x09, 0x09, 0x09, 0x09, 0x09, 0x09, 0x09, 0x09, 0x09, 0x09, 0x09, 0x09, 0x09, 0x09, 0x09, 0x09, 0x09, 0x09, 0x09, 0x09, 0x09, 0x09
    .byte 0x09, 0x09, 0x09, 0x09, 0x09, 0x09, 0x09, 0x09, 0x09, 0x09, 0x09, 0x09, 0x09, 0x09, 0x09, 0x09, 0x09, 0x09, 0x09, 0x09, 0x09, 0x09, 0x09, 0x09, 0x09, 0x09, 0x09, 0x09, 0x09, 0x09, 0x09, 0x09
    .byte 0x09, 0x09, 0x51, 0x09, 0x51, 0x09, 0x51, 0x09, 0x51, 0x09, 0x51, 0x09, 0x51, 0x09, 0x51, 0x09, 0x51, 0x09, 0x51, 0x09, 0x51, 0x09, 0x51, 0x09, 0x11, 0x11, 0x11, 0x11, 0x51, 0x09, 0x51, 0x09
    .byte 0x5A, 0x5A, 0x5A, 0x5A, 0x5A, 0x5A, 0x5A, 0x5A, 0x5A, 0x5A, 0x5A, 0x5A, 0x51, 0x09, 0x51, 0x09, 0x51, 0x09, 0x51, 0x09, 0x51, 0x09, 0x51, 0x09, 0x51, 0x09, 0x51, 0x09, 0x51, 0x09, 0x51, 0x09
    .byte 0x51, 0x09, 0x51, 0x09, 0x51, 0x09, 0x51, 0x09, 0x51, 0x09, 0x51, 0x09, 0x51, 0x09, 0x51, 0x09, 0x51, 0x09, 0x51, 0x09, 0x51, 0x09, 0x51, 0x09, 0x51, 0x09, 0x51, 0x09, 0x51, 0x09, 0x51, 0x09
    .byte 0x51, 0x09, 0x51, 0x09, 0x51, 0x09, 0x51, 0x09, 0x51, 0x09, 0x51, 0x09, 0x51, 0x09, 0x51, 0x09, 0x51, 0x09, 0x51, 0x09, 0x51, 0x09, 0x51, 0x09, 0x51, 0x09, 0x51, 0x09, 0x51, 0x09, 0x51, 0x09
    .byte 0x51, 0x09, 0x51, 0x09, 0x51, 0x09, 0x51, 0x09, 0x51, 0x09, 0x51, 0x09, 0x51, 0x09, 0x51, 0x09, 0x51, 0x09, 0x51, 0x09, 0x51, 0x09, 0x51, 0x09, 0x51, 0x09, 0x51, 0x09, 0x51, 0x09, 0x51, 0x09
    .byte 0x51, 0x09, 0x51, 0x09, 0x51, 0x09, 0x51, 0x09, 0x51, 0x09, 0x51, 0x09, 0x51, 0x09, 0x51, 0x09, 0x51, 0x09, 0x51, 0x09, 0x51, 0x09, 0x51, 0x09, 0x51, 0x09, 0x51, 0x09, 0x51, 0x09, 0x51, 0x09
    .byte 0x51, 0x09, 0x51, 0x09, 0x51, 0x09, 0x51, 0x09, 0x51, 0x09, 0x51, 0x09, 0x51, 0x09, 0x51, 0x09, 0x51, 0x09, 0x51, 0x09, 0x51, 0x09, 0x51, 0x09, 0x51, 0x09, 0x51, 0x09, 0x51, 0x09, 0x51, 0x09
    .byte 0x51, 0x09, 0x51, 0x09, 0x51, 0x09, 0x51, 0x09, 0x51, 0x09, 0x51, 0x09, 0x51, 0x09, 0x51, 0x09, 0x51, 0x09, 0x51, 0x09, 0x51, 0x09, 0x51, 0x09, 0x51, 0x09, 0x51, 0x09, 0x51, 0x09, 0x51, 0x09
    .byte 0x51, 0x09, 0x51, 0x09, 0x51, 0x09, 0x51, 0x09, 0x51, 0x09, 0x51, 0x09, 0x51, 0x09, 0x51, 0x09, 0x51, 0x09, 0x51, 0x09, 0x51, 0x09, 0x51, 0x09, 0x51, 0x09, 0x51, 0x09, 0x51, 0x09, 0x51, 0x09
    .byte 0x51, 0x09, 0x51, 0x09, 0x51, 0x09, 0x51, 0x09, 0x51, 0x09, 0x51, 0x09, 0x51, 0x09, 0x51, 0x09, 0x51, 0x09, 0x51, 0x09, 0x51, 0x09, 0x51, 0x09, 0x51, 0x09, 0x51, 0x09, 0x51, 0x09, 0x09, 0x09
    .byte 0x09, 0x09, 0x09, 0x09, 0x09, 0x09, 0x09, 0x09, 0x09, 0x09, 0x09, 0x09, 0x09, 0x09, 0x09, 0x09, 0x09, 0x09, 0x09, 0x09, 0x09, 0x09, 0x09, 0x09, 0x11, 0x11, 0x11, 0x11, 0x09, 0x09, 0x09, 0x09
    .byte 0x5A, 0x5A, 0x5A, 0x5A, 0x5A, 0x5A, 0x5A, 0x5A, 0x5A, 0x5A, 0x5A, 0x5A, 0x09, 0x09, 0x09, 0x09, 0x09, 0x09, 0x09, 0x09, 0x09, 0x09, 0x09, 0x09, 0x09, 0x09, 0x09, 0x09, 0x09, 0x09, 0x09, 0x09
    .byte 0x09, 0x09, 0x09, 0x09, 0x09, 0x09, 0x09, 0x09, 0x09, 0x09, 0x09, 0x09, 0x09, 0x09, 0x09, 0x09, 0x09, 0x09, 0x09, 0x09, 0x09, 0x09, 0x09, 0x09, 0x09, 0x09, 0x09, 0x09, 0x09, 0x09, 0x09, 0x09
    .byte 0x09, 0x09, 0x09, 0x09, 0x09, 0x09, 0x09, 0x09, 0x09, 0x09, 0x09, 0x09, 0x09, 0x09, 0x09, 0x09, 0x09, 0x09, 0x09, 0x09, 0x09, 0x09, 0x09, 0x09, 0x09, 0x09, 0x09, 0x09, 0x09, 0x09, 0x09, 0x09
    .byte 0x09, 0x09, 0x09, 0x09, 0x09, 0x09, 0x09, 0x09, 0x09, 0x09, 0x09, 0x09, 0x09, 0x09, 0x09, 0x09, 0x09, 0x09, 0x09, 0x09, 0x09, 0x09, 0x09, 0x09, 0x09, 0x09, 0x09, 0x09, 0x09, 0x09, 0x09, 0x09
    .byte 0x09, 0x09, 0x09, 0x09, 0x09, 0x09, 0x09, 0x09, 0x09, 0x09, 0x09, 0x09, 0x09, 0x09, 0x09, 0x09, 0x09, 0x09, 0x09, 0x09, 0x09, 0x09, 0x09, 0x09, 0x09, 0x09, 0x09, 0x09, 0x09, 0x09, 0x09, 0x09
    .byte 0x09, 0x09, 0x09, 0x09, 0x09, 0x09, 0x09, 0x09, 0x09, 0x09, 0x09, 0x09, 0x09, 0x09, 0x09, 0x09, 0x09, 0x09, 0x09, 0x09, 0x09, 0x09, 0x09, 0x09, 0x09, 0x09, 0x09, 0x09, 0x09, 0x09, 0x09, 0x09
    .byte 0x09, 0x09, 0x09, 0x09, 0x09, 0x09, 0x09, 0x09, 0x09, 0x09, 0x09, 0x09, 0x09, 0x09, 0x09, 0x09, 0x09, 0x09, 0x09, 0x09, 0x09, 0x09, 0x09, 0x09, 0x09, 0x09, 0x09, 0x09, 0x09, 0x09, 0x09, 0x09
    .byte 0x09, 0x09, 0x09, 0x09, 0x09, 0x09, 0x09, 0x09, 0x09, 0x09, 0x09, 0x09, 0x09, 0x09, 0x09, 0x09, 0x09, 0x09, 0x09, 0x09, 0x09, 0x09, 0x09, 0x09, 0x09, 0x09, 0x09, 0x09, 0x09, 0x09, 0x09, 0x09
    .byte 0x09, 0x09, 0x09, 0x09, 0x09, 0x09, 0x09, 0x09, 0x09, 0x09, 0x09, 0x09, 0x09, 0x09, 0x09, 0x09, 0x09, 0x09, 0x09, 0x09, 0x09, 0x09, 0x09, 0x09, 0x09, 0x09, 0x09, 0x09, 0x09, 0x09, 0x09, 0x09
    .byte 0x09, 0x09, 0x51, 0x09, 0x51, 0x09, 0x51, 0x09, 0x51, 0x09, 0x51, 0x09, 0x51, 0x09, 0x51, 0x09, 0x51, 0x09, 0x51, 0x09, 0x51, 0x09, 0x51, 0x09, 0x11, 0x11, 0x11, 0x11, 0x51, 0x09, 0x51, 0x09
    .byte 0x5A, 0x5A, 0x5A, 0x5A, 0x5A, 0x5A, 0x5A, 0x5A, 0x5A, 0x5A, 0x5A, 0x5A, 0x51, 0x09, 0x51, 0x09, 0x51, 0x09, 0x51, 0x09, 0x51, 0x09, 0x51, 0x09, 0x51, 0x09, 0x51, 0x09, 0x51, 0x09, 0x51, 0x09
    .byte 0x51, 0x09, 0x51, 0x09, 0x51, 0x09, 0x51, 0x09, 0x51, 0x09, 0x51, 0x09, 0x51, 0x09, 0x51, 0x09, 0x51, 0x09, 0x51, 0x09, 0x51, 0x09, 0x51, 0x09, 0x51, 0x09, 0x51, 0x09, 0x51, 0x09, 0x51, 0x09
    .byte 0x51, 0x09, 0x51, 0x09, 0x51, 0x09, 0x51, 0x09, 0x51, 0x09, 0x51, 0x09, 0x51, 0x09, 0x51, 0x09, 0x51, 0x09, 0x51, 0x09, 0x51, 0x09, 0x51, 0x09, 0x51, 0x09, 0x51, 0x09, 0x51, 0x09, 0x51, 0x09
    .byte 0x51, 0x09, 0x51, 0x09, 0x51, 0x09, 0x51, 0x09, 0x51, 0x09, 0x51, 0x09, 0x51, 0x09, 0x51, 0x09, 0x51, 0x09, 0x51, 0x09, 0x51, 0x09, 0x51, 0x09, 0x51, 0x09, 0x51, 0x09, 0x51, 0x09, 0x51, 0x09
    .byte 0x51, 0x09, 0x51, 0x09, 0x51, 0x09, 0x51, 0x09, 0x51, 0x09, 0x51, 0x09, 0x51, 0x09, 0x51, 0x09, 0x51, 0x09, 0x51, 0x09, 0x51, 0x09, 0x51, 0x09, 0x51, 0x09, 0x51, 0x09, 0x51, 0x09, 0x51, 0x09
    .byte 0x51, 0x09, 0x51, 0x09, 0x51, 0x09, 0x51, 0x09, 0x51, 0x09, 0x51, 0x09, 0x51, 0x09, 0x51, 0x09, 0x51, 0x09, 0x51, 0x09, 0x51, 0x09, 0x51, 0x09, 0x51, 0x09, 0x51, 0x09, 0x51, 0x09, 0x51, 0x09
    .byte 0x51, 0x09, 0x51, 0x09, 0x51, 0x09, 0x51, 0x09, 0x51, 0x09, 0x51, 0x09, 0x51, 0x09, 0x51, 0x09, 0x51, 0x09, 0x51, 0x09, 0x51, 0x09, 0x51, 0x09, 0x51, 0x09, 0x51, 0x09, 0x51, 0x09, 0x51, 0x09
    .byte 0x51, 0x09, 0x51, 0x09, 0x51, 0x09, 0x51, 0x09, 0x51, 0x09, 0x51, 0x09, 0x51, 0x09, 0x51, 0x09, 0x51, 0x09, 0x51, 0x09, 0x51, 0x09, 0x51, 0x09, 0x51, 0x09, 0x51, 0x09, 0x51, 0x09, 0x51, 0x09
    .byte 0x51, 0x09, 0x51, 0x09, 0x51, 0x09, 0x51, 0x09, 0x51, 0x09, 0x51, 0x09, 0x51, 0x09, 0x51, 0x09, 0x51, 0x09, 0x51, 0x09, 0x51, 0x09, 0x51, 0x09, 0x51, 0x09, 0x51, 0x09, 0x51, 0x09, 0x09, 0x09
    .byte 0x09, 0x09, 0x09, 0x09, 0x09, 0x09, 0x09, 0x09, 0x09, 0x09, 0x09, 0x09, 0x09, 0x09, 0x09, 0x09, 0x09, 0x09, 0x09, 0x09, 0x5A, 0x5A, 0x5A, 0x5A, 0x09, 0x09, 0x09, 0x09, 0x09, 0x09, 0x09, 0x09
    .byte 0x09, 0x09, 0x09, 0x09, 0x5A, 0x5A, 0x5A, 0x5A, 0x09, 0x09, 0x09, 0x09, 0x11, 0x11, 0x11, 0x11, 0x09, 0x09, 0x09, 0x09, 0x09, 0x09, 0x09, 0x09, 0x09, 0x09, 0x09, 0x09, 0x09, 0x09, 0x09, 0x09
    .byte 0x09, 0x09, 0x09, 0x09, 0x09, 0x09, 0x09, 0x09, 0x09, 0x09, 0x09, 0x09, 0x09, 0x09, 0x09, 0x09, 0x09, 0x09, 0x09, 0x09, 0x09, 0x09, 0x09, 0x09, 0x09, 0x09, 0x09, 0x09, 0x09, 0x09, 0x09, 0x09
    .byte 0x09, 0x09, 0x09, 0x09, 0x09, 0x09, 0x09, 0x09, 0x09, 0x09, 0x09, 0x09, 0x09, 0x09, 0x09, 0x09, 0x09, 0x09, 0x09, 0x09, 0x09, 0x09, 0x09, 0x09, 0x09, 0x09, 0x09, 0x09, 0x09, 0x09, 0x09, 0x09
    .byte 0x09, 0x09, 0x09, 0x09, 0x09, 0x09, 0x09, 0x09, 0x09, 0x09, 0x09, 0x09, 0x09, 0x09, 0x09, 0x09, 0x09, 0x09, 0x09, 0x09, 0x09, 0x09, 0x09, 0x09, 0x09, 0x09, 0x09, 0x09, 0x09, 0x09, 0x09, 0x09
    .byte 0x09, 0x09, 0x09, 0x09, 0x09, 0x09, 0x09, 0x09, 0x09, 0x09, 0x09, 0x09, 0x09, 0x09, 0x09, 0x09, 0x09, 0x09, 0x09, 0x09, 0x09, 0x09, 0x09, 0x09, 0x09, 0x09, 0x09, 0x09, 0x09, 0x09, 0x09, 0x09
    .byte 0x09, 0x09, 0x09, 0x09, 0x09, 0x09, 0x09, 0x09, 0x09, 0x09, 0x09, 0x09, 0x09, 0x09, 0x09, 0x09, 0x09, 0x09, 0x09, 0x09, 0x09, 0x09, 0x09, 0x09, 0x09, 0x09, 0x09, 0x09, 0x09, 0x09, 0x09, 0x09
    .byte 0x09, 0x09, 0x09, 0x09, 0x09, 0x09, 0x09, 0x09, 0x09, 0x09, 0x09, 0x09, 0x09, 0x09, 0x09, 0x09, 0x09, 0x09, 0x09, 0x09, 0x09, 0x09, 0x09, 0x09, 0x09, 0x09, 0x09, 0x09, 0x09, 0x09, 0x09, 0x09
    .byte 0x09, 0x09, 0x09, 0x09, 0x09, 0x09, 0x09, 0x09, 0x09, 0x09, 0x09, 0x09, 0x09, 0x09, 0x09, 0x09, 0x09, 0x09, 0x09, 0x09, 0x09, 0x09, 0x09, 0x09, 0x09, 0x09, 0x09, 0x09, 0x09, 0x09, 0x09, 0x09
    .byte 0x09, 0x09, 0x09, 0x09, 0x09, 0x09, 0x09, 0x09, 0x09, 0x09, 0x09, 0x09, 0x09, 0x09, 0x09, 0x09, 0x09, 0x09, 0x09, 0x09, 0x09, 0x09, 0x09, 0x09, 0x09, 0x09, 0x09, 0x09, 0x09, 0x09, 0x09, 0x09
    .byte 0x09, 0x09, 0x51, 0x09, 0x51, 0x09, 0x51, 0x09, 0x51, 0x09, 0x51, 0x09, 0x51, 0x09, 0x51, 0x09, 0x51, 0x09, 0x51, 0x09, 0x5A, 0x5A, 0x5A, 0x5A, 0x51, 0x09, 0x51, 0x09, 0x51, 0x09, 0x51, 0x09
    .byte 0x51, 0x09, 0x51, 0x09, 0x5A, 0x5A, 0x5A, 0x5A, 0x51, 0x09, 0x51, 0x09, 0x11, 0x11, 0x11, 0x11, 0x51, 0x09, 0x51, 0x09, 0x51, 0x09, 0x51, 0x09, 0x51, 0x09, 0x51, 0x09, 0x51, 0x09, 0x51, 0x09
    .byte 0x51, 0x09, 0x51, 0x09, 0x51, 0x09, 0x51, 0x09, 0x51, 0x09, 0x51, 0x09, 0x51, 0x09, 0x51, 0x09, 0x51, 0x09, 0x51, 0x09, 0x51, 0x09, 0x51, 0x09, 0x51, 0x09, 0x51, 0x09, 0x51, 0x09, 0x51, 0x09
    .byte 0x51, 0x09, 0x51, 0x09, 0x51, 0x09, 0x51, 0x09, 0x51, 0x09, 0x51, 0x09, 0x51, 0x09, 0x51, 0x09, 0x51, 0x09, 0x51, 0x09, 0x51, 0x09, 0x51, 0x09, 0x51, 0x09, 0x51, 0x09, 0x51, 0x09, 0x51, 0x09
    .byte 0x51, 0x09, 0x51, 0x09, 0x51, 0x09, 0x51, 0x09, 0x51, 0x09, 0x51, 0x09, 0x51, 0x09, 0x51, 0x09, 0x51, 0x09, 0x51, 0x09, 0x51, 0x09, 0x51, 0x09, 0x51, 0x09, 0x51, 0x09, 0x51, 0x09, 0x51, 0x09
    .byte 0x51, 0x09, 0x51, 0x09, 0x51, 0x09, 0x51, 0x09, 0x51, 0x09, 0x51, 0x09, 0x51, 0x09, 0x51, 0x09, 0x51, 0x09, 0x51, 0x09, 0x51, 0x09, 0x51, 0x09, 0x51, 0x09, 0x51, 0x09, 0x51, 0x09, 0x51, 0x09
    .byte 0x51, 0x09, 0x51, 0x09, 0x51, 0x09, 0x51, 0x09, 0x51, 0x09, 0x51, 0x09, 0x51, 0x09, 0x51, 0x09, 0x51, 0x09, 0x51, 0x09, 0x51, 0x09, 0x51, 0x09, 0x51, 0x09, 0x51, 0x09, 0x51, 0x09, 0x51, 0x09
    .byte 0x51, 0x09, 0x51, 0x09, 0x51, 0x09, 0x51, 0x09, 0x51, 0x09, 0x51, 0x09, 0x51, 0x09, 0x51, 0x09, 0x51, 0x09, 0x51, 0x09, 0x51, 0x09, 0x51, 0x09, 0x51, 0x09, 0x51, 0x09, 0x51, 0x09, 0x51, 0x09
    .byte 0x51, 0x09, 0x51, 0x09, 0x51, 0x09, 0x51, 0x09, 0x51, 0x09, 0x51, 0x09, 0x51, 0x09, 0x51, 0x09, 0x51, 0x09, 0x51, 0x09, 0x51, 0x09, 0x51, 0x09, 0x51, 0x09, 0x51, 0x09, 0x51, 0x09, 0x51, 0x09
    .byte 0x51, 0x09, 0x51, 0x09, 0x51, 0x09, 0x51, 0x09, 0x51, 0x09, 0x51, 0x09, 0x51, 0x09, 0x51, 0x09, 0x51, 0x09, 0x51, 0x09, 0x51, 0x09, 0x51, 0x09, 0x51, 0x09, 0x51, 0x09, 0x51, 0x09, 0x09, 0x09
    .byte 0x09, 0x09, 0x09, 0x09, 0x09, 0x09, 0x09, 0x09, 0x09, 0x09, 0x09, 0x09, 0x09, 0x09, 0x09, 0x09, 0x09, 0x09, 0x09, 0x09, 0x5A, 0x5A, 0x5A, 0x5A, 0x09, 0x09, 0x09, 0x09, 0x09, 0x09, 0x09, 0x09
    .byte 0x09, 0x09, 0x09, 0x09, 0x5A, 0x5A, 0x5A, 0x5A, 0x09, 0x09, 0x09, 0x09, 0x11, 0x11, 0x11, 0x11, 0x09, 0x09, 0x09, 0x09, 0x09, 0x09, 0x09, 0x09, 0x09, 0x09, 0x09, 0x09, 0x09, 0x09, 0x09, 0x09
    .byte 0x09, 0x09, 0x09, 0x09, 0x09, 0x09, 0x09, 0x09, 0x09, 0x09, 0x09, 0x09, 0x09, 0x09, 0x09, 0x09, 0x09, 0x09, 0x09, 0x09, 0x09, 0x09, 0x09, 0x09, 0x09, 0x09, 0x09, 0x09, 0x09, 0x09, 0x09, 0x09
    .byte 0x09, 0x09, 0x09, 0x09, 0x09, 0x09, 0x09, 0x09, 0x09, 0x09, 0x09, 0x09, 0x09, 0x09, 0x09, 0x09, 0x09, 0x09, 0x09, 0x09, 0x09, 0x09, 0x09, 0x09, 0x09, 0x09, 0x09, 0x09, 0x09, 0x09, 0x09, 0x09
    .byte 0x09, 0x09, 0x09, 0x09, 0x09, 0x09, 0x09, 0x09, 0x09, 0x09, 0x09, 0x09, 0x09, 0x09, 0x09, 0x09, 0x09, 0x09, 0x09, 0x09, 0x09, 0x09, 0x09, 0x09, 0x09, 0x09, 0x09, 0x09, 0x09, 0x09, 0x09, 0x09
    .byte 0x09, 0x09, 0x09, 0x09, 0x09, 0x09, 0x09, 0x09, 0x09, 0x09, 0x09, 0x09, 0x09, 0x09, 0x09, 0x09, 0x09, 0x09, 0x09, 0x09, 0x09, 0x09, 0x09, 0x09, 0x09, 0x09, 0x09, 0x09, 0x09, 0x09, 0x09, 0x09
    .byte 0x09, 0x09, 0x09, 0x09, 0x09, 0x09, 0x09, 0x09, 0x09, 0x09, 0x09, 0x09, 0x09, 0x09, 0x09, 0x09, 0x09, 0x09, 0x09, 0x09, 0x09, 0x09, 0x09, 0x09, 0x09, 0x09, 0x09, 0x09, 0x09, 0x09, 0x09, 0x09
    .byte 0x09, 0x09, 0x09, 0x09, 0x09, 0x09, 0x09, 0x09, 0x09, 0x09, 0x09, 0x09, 0x09, 0x09, 0x09, 0x09, 0x09, 0x09, 0x09, 0x09, 0x09, 0x09, 0x09, 0x09, 0x09, 0x09, 0x09, 0x09, 0x09, 0x09, 0x09, 0x09
    .byte 0x09, 0x09, 0x09, 0x09, 0x09, 0x09, 0x09, 0x09, 0x09, 0x09, 0x09, 0x09, 0x09, 0x09, 0x09, 0x09, 0x09, 0x09, 0x09, 0x09, 0x09, 0x09, 0x09, 0x09, 0x09, 0x09, 0x09, 0x09, 0x09, 0x09, 0x09, 0x09
    .byte 0x09, 0x09, 0x09, 0x09, 0x09, 0x09, 0x09, 0x09, 0x09, 0x09, 0x09, 0x09, 0x09, 0x09, 0x09, 0x09, 0x09, 0x09, 0x09, 0x09, 0x09, 0x09, 0x09, 0x09, 0x09, 0x09, 0x09, 0x09, 0x09, 0x09, 0x09, 0x09
    .byte 0x09, 0x09, 0x51, 0x09, 0x51, 0x09, 0x51, 0x09, 0x51, 0x09, 0x51, 0x09, 0x51, 0x09, 0x51, 0x09, 0x51, 0x09, 0x51, 0x09, 0x5A, 0x5A, 0x5A, 0x5A, 0x51, 0x09, 0x51, 0x09, 0x51, 0x09, 0x51, 0x09
    .byte 0x51, 0x09, 0x51, 0x09, 0x5A, 0x5A, 0x5A, 0x5A, 0x51, 0x09, 0x51, 0x09, 0x11, 0x11, 0x11, 0x11, 0x51, 0x09, 0x51, 0x09, 0x51, 0x09, 0x51, 0x09, 0x51, 0x09, 0x51, 0x09, 0x51, 0x09, 0x51, 0x09
    .byte 0x51, 0x09, 0x51, 0x09, 0x51, 0x09, 0x51, 0x09, 0x51, 0x09, 0x51, 0x09, 0x51, 0x09, 0x51, 0x09, 0x51, 0x09, 0x51, 0x09, 0x51, 0x09, 0x51, 0x09, 0x51, 0x09, 0x51, 0x09, 0x51, 0x09, 0x51, 0x09
    .byte 0x51, 0x09, 0x51, 0x09, 0x51, 0x09, 0x51, 0x09, 0x51, 0x09, 0x51, 0x09, 0x51, 0x09, 0x51, 0x09, 0x51, 0x09, 0x51, 0x09, 0x51, 0x09, 0x51, 0x09, 0x51, 0x09, 0x51, 0x09, 0x51, 0x09, 0x51, 0x09
    .byte 0x51, 0x09, 0x51, 0x09, 0x51, 0x09, 0x51, 0x09, 0x51, 0x09, 0x51, 0x09, 0x51, 0x09, 0x51, 0x09, 0x51, 0x09, 0x51, 0x09, 0x51, 0x09, 0x51, 0x09, 0x51, 0x09, 0x51, 0x09, 0x51, 0x09, 0x51, 0x09
    .byte 0x51, 0x09, 0x51, 0x09, 0x51, 0x09, 0x51, 0x09, 0x51, 0x09, 0x51, 0x09, 0x51, 0x09, 0x51, 0x09, 0x51, 0x09, 0x51, 0x09, 0x51, 0x09, 0x51, 0x09, 0x51, 0x09, 0x51, 0x09, 0x51, 0x09, 0x51, 0x09
    .byte 0x51, 0x09, 0x51, 0x09, 0x51, 0x09, 0x51, 0x09, 0x51, 0x09, 0x51, 0x09, 0x51, 0x09, 0x51, 0x09, 0x51, 0x09, 0x51, 0x09, 0x51, 0x09, 0x51, 0x09, 0x51, 0x09, 0x51, 0x09, 0x51, 0x09, 0x51, 0x09
    .byte 0x51, 0x09, 0x51, 0x09, 0x51, 0x09, 0x51, 0x09, 0x51, 0x09, 0x51, 0x09, 0x51, 0x09, 0x51, 0x09, 0x51, 0x09, 0x51, 0x09, 0x51, 0x09, 0x51, 0x09, 0x51, 0x09, 0x51, 0x09, 0x51, 0x09, 0x51, 0x09
    .byte 0x51, 0x09, 0x51, 0x09, 0x51, 0x09, 0x51, 0x09, 0x51, 0x09, 0x51, 0x09, 0x51, 0x09, 0x51, 0x09, 0x51, 0x09, 0x51, 0x09, 0x51, 0x09, 0x51, 0x09, 0x51, 0x09, 0x51, 0x09, 0x51, 0x09, 0x51, 0x09
    .byte 0x51, 0x09, 0x51, 0x09, 0x51, 0x09, 0x51, 0x09, 0x51, 0x09, 0x51, 0x09, 0x51, 0x09, 0x51, 0x09, 0x51, 0x09, 0x51, 0x09, 0x51, 0x09, 0x09, 0x09, 0x09, 0x09, 0x09, 0x09, 0x09, 0x09, 0x09, 0x09
    .byte 0x09, 0x09, 0x09, 0x09, 0x09, 0x09, 0x09, 0x09, 0x09, 0x09, 0x09, 0x09, 0x09, 0x09, 0x09, 0x09, 0x09, 0x09, 0x09, 0x09, 0x09, 0x09, 0x09, 0x09, 0x09, 0x09, 0x09, 0x09, 0x5A, 0x5A, 0x5A, 0x5A
    .byte 0x5A, 0x5A, 0x5A, 0x5A, 0x5A, 0x5A, 0x5A, 0x5A, 0x09, 0x09, 0x09, 0x09, 0x09, 0x09, 0x09, 0x09, 0x09, 0x09, 0x09, 0x09, 0x09, 0x09, 0x09, 0x09, 0x09, 0x09, 0x09, 0x09, 0x09, 0x09, 0x09, 0x09
    .byte 0x09, 0x09, 0x09, 0x09, 0x09, 0x09, 0x09, 0x09, 0x09, 0x09, 0x09, 0x09, 0x09, 0x09, 0x09, 0x09, 0x09, 0x09, 0x09, 0x09, 0x09, 0x09, 0x09, 0x09, 0x09, 0x09, 0x09, 0x09, 0x09, 0x09, 0x09, 0x09
    .byte 0x09, 0x09, 0x09, 0x09, 0x09, 0x09, 0x09, 0x09, 0x09, 0x09, 0x09, 0x09, 0x09, 0x09, 0x09, 0x09, 0x09, 0x09, 0x09, 0x09, 0x09, 0x09, 0x09, 0x09, 0x09, 0x09, 0x09, 0x09, 0x09, 0x09, 0x09, 0x09
    .byte 0x09, 0x09, 0x09, 0x09, 0x09, 0x09, 0x09, 0x09, 0x09, 0x09, 0x09, 0x09, 0x09, 0x09, 0x09, 0x09, 0x09, 0x09, 0x09, 0x09, 0x09, 0x09, 0x09, 0x09, 0x09, 0x09, 0x09, 0x09, 0x09, 0x09, 0x09, 0x09
    .byte 0x09, 0x09, 0x09, 0x09, 0x09, 0x09, 0x09, 0x09, 0x09, 0x09, 0x09, 0x09, 0x09, 0x09, 0x09, 0x09, 0x09, 0x09, 0x09, 0x09, 0x09, 0x09, 0x09, 0x09, 0x09, 0x09, 0x09, 0x09, 0x09, 0x09, 0x09, 0x09
    .byte 0x09, 0x09, 0x09, 0x09, 0x09, 0x09, 0x09, 0x09, 0x09, 0x09, 0x09, 0x09, 0x09, 0x09, 0x09, 0x09, 0x09, 0x09, 0x09, 0x09, 0x09, 0x09, 0x09, 0x09, 0x09, 0x09, 0x09, 0x09, 0x09, 0x09, 0x09, 0x09
    .byte 0x09, 0x09, 0x09, 0x09, 0x09, 0x09, 0x09, 0x09, 0x09, 0x09, 0x09, 0x09, 0x09, 0x09, 0x09, 0x09, 0x09, 0x09, 0x09, 0x09, 0x09, 0x09, 0x09, 0x09, 0x09, 0x09, 0x09, 0x09, 0x09, 0x09, 0x09, 0x09
    .byte 0x09, 0x09, 0x09, 0x09, 0x09, 0x09, 0x09, 0x09, 0x09, 0x09, 0x09, 0x09, 0x09, 0x09, 0x09, 0x09, 0x09, 0x09, 0x09, 0x09, 0x09, 0x09, 0x09, 0x09, 0x09, 0x09, 0x09, 0x09, 0x09, 0x09, 0x09, 0x09
    .byte 0x09, 0x09, 0x09, 0x09, 0x09, 0x09, 0x09, 0x09, 0x09, 0x09, 0x09, 0x09, 0x09, 0x09, 0x09, 0x09, 0x09, 0x09, 0x09, 0x09, 0x09, 0x09, 0x09, 0x09, 0x09, 0x09, 0x09, 0x09, 0x09, 0x09, 0x09, 0x09
    .byte 0x09, 0x09, 0x51, 0x09, 0x51, 0x09, 0x51, 0x09, 0x51, 0x09, 0x51, 0x09, 0x51, 0x09, 0x51, 0x09, 0x51, 0x09, 0x51, 0x09, 0x51, 0x09, 0x51, 0x09, 0x51, 0x09, 0x51, 0x09, 0x5A, 0x5A, 0x5A, 0x5A
    .byte 0x5A, 0x5A, 0x5A, 0x5A, 0x5A, 0x5A, 0x5A, 0x5A, 0x51, 0x09, 0x51, 0x09, 0x51, 0x09, 0x51, 0x09, 0x51, 0x09, 0x51, 0x09, 0x51, 0x09, 0x51, 0x09, 0x51, 0x09, 0x51, 0x09, 0x51, 0x09, 0x51, 0x09
    .byte 0x51, 0x09, 0x51, 0x09, 0x51, 0x09, 0x51, 0x09, 0x51, 0x09, 0x51, 0x09, 0x51, 0x09, 0x51, 0x09, 0x51, 0x09, 0x51, 0x09, 0x51, 0x09, 0x51, 0x09, 0x51, 0x09, 0x51, 0x09, 0x51, 0x09, 0x51, 0x09
    .byte 0x51, 0x09, 0x51, 0x09, 0x51, 0x09, 0x51, 0x09, 0x51, 0x09, 0x51, 0x09, 0x51, 0x09, 0x51, 0x09, 0x51, 0x09, 0x51, 0x09, 0x51, 0x09, 0x51, 0x09, 0x51, 0x09, 0x51, 0x09, 0x51, 0x09, 0x51, 0x09
    .byte 0x51, 0x09, 0x51, 0x09, 0x51, 0x09, 0x51, 0x09, 0x51, 0x09, 0x51, 0x09, 0x51, 0x09, 0x51, 0x09, 0x51, 0x09, 0x51, 0x09, 0x51, 0x09, 0x51, 0x09, 0x51, 0x09, 0x51, 0x09, 0x51, 0x09, 0x51, 0x09
    .byte 0x51, 0x09, 0x51, 0x09, 0x51, 0x09, 0x51, 0x09, 0x51, 0x09, 0x51, 0x09, 0x51, 0x09, 0x51, 0x09, 0x51, 0x09, 0x51, 0x09, 0x51, 0x09, 0x51, 0x09, 0x51, 0x09, 0x51, 0x09, 0x51, 0x09, 0x51, 0x09
    .byte 0x51, 0x09, 0x51, 0x09, 0x51, 0x09, 0x51, 0x09, 0x51, 0x09, 0x51, 0x09, 0x51, 0x09, 0x51, 0x09, 0x51, 0x09, 0x51, 0x09, 0x51, 0x09, 0x51, 0x09, 0x51, 0x09, 0x51, 0x09, 0x51, 0x09, 0x51, 0x09
    .byte 0x51, 0x09, 0x51, 0x09, 0x51, 0x09, 0x51, 0x09, 0x51, 0x09, 0x51, 0x09, 0x51, 0x09, 0x51, 0x09, 0x51, 0x09, 0x51, 0x09, 0x51, 0x09, 0x51, 0x09, 0x51, 0x09, 0x51, 0x09, 0x51, 0x09, 0x51, 0x09
    .byte 0x51, 0x09, 0x51, 0x09, 0x51, 0x09, 0x51, 0x09, 0x51, 0x09, 0x51, 0x09, 0x51, 0x09, 0x51, 0x09, 0x51, 0x09, 0x51, 0x09, 0x51, 0x09, 0x51, 0x09, 0x51, 0x09, 0x51, 0x09, 0x51, 0x09, 0x51, 0x09
    .byte 0x51, 0x09, 0x51, 0x09, 0x51, 0x09, 0x51, 0x09, 0x51, 0x09, 0x51, 0x09, 0x51, 0x09, 0x51, 0x09, 0x51, 0x09, 0x51, 0x09, 0x51, 0x09, 0x09, 0x09, 0x09, 0x09, 0x09, 0x09, 0x09, 0x09, 0x09, 0x09
    .byte 0x09, 0x09, 0x09, 0x09, 0x09, 0x09, 0x09, 0x09, 0x09, 0x09, 0x09, 0x09, 0x09, 0x09, 0x09, 0x09, 0x09, 0x09, 0x09, 0x09, 0x09, 0x09, 0x09, 0x09, 0x09, 0x09, 0x09, 0x09, 0x5A, 0x5A, 0x5A, 0x5A
    .byte 0x5A, 0x5A, 0x5A, 0x5A, 0x5A, 0x5A, 0x5A, 0x5A, 0x09, 0x09, 0x09, 0x09, 0x09, 0x09, 0x09, 0x09, 0x09, 0x09, 0x09, 0x09, 0x09, 0x09, 0x09, 0x09, 0x09, 0x09, 0x09, 0x09, 0x09, 0x09, 0x09, 0x09
    .byte 0x09, 0x09, 0x09, 0x09, 0x09, 0x09, 0x09, 0x09, 0x09, 0x09, 0x09, 0x09, 0x09, 0x09, 0x09, 0x09, 0x09, 0x09, 0x09, 0x09, 0x09, 0x09, 0x09, 0x09, 0x09, 0x09, 0x09, 0x09, 0x09, 0x09, 0x09, 0x09
    .byte 0x09, 0x09, 0x09, 0x09, 0x09, 0x09, 0x09, 0x09, 0x09, 0x09, 0x09, 0x09, 0x09, 0x09, 0x09, 0x09, 0x09, 0x09, 0x09, 0x09, 0x09, 0x09, 0x09, 0x09, 0x09, 0x09, 0x09, 0x09, 0x09, 0x09, 0x09, 0x09
    .byte 0x09, 0x09, 0x09, 0x09, 0x09, 0x09, 0x09, 0x09, 0x09, 0x09, 0x09, 0x09, 0x09, 0x09, 0x09, 0x09, 0x09, 0x09, 0x09, 0x09, 0x09, 0x09, 0x09, 0x09, 0x09, 0x09, 0x09, 0x09, 0x09, 0x09, 0x09, 0x09
    .byte 0x09, 0x09, 0x09, 0x09, 0x09, 0x09, 0x09, 0x09, 0x09, 0x09, 0x09, 0x09, 0x09, 0x09, 0x09, 0x09, 0x09, 0x09, 0x09, 0x09, 0x09, 0x09, 0x09, 0x09, 0x09, 0x09, 0x09, 0x09, 0x09, 0x09, 0x09, 0x09
    .byte 0x09, 0x09, 0x09, 0x09, 0x09, 0x09, 0x09, 0x09, 0x09, 0x09, 0x09, 0x09, 0x09, 0x09, 0x09, 0x09, 0x09, 0x09, 0x09, 0x09, 0x09, 0x09, 0x09, 0x09, 0x09, 0x09, 0x09, 0x09, 0x09, 0x09, 0x09, 0x09
    .byte 0x09, 0x09, 0x09, 0x09, 0x09, 0x09, 0x09, 0x09, 0x09, 0x09, 0x09, 0x09, 0x09, 0x09, 0x09, 0x09, 0x09, 0x09, 0x09, 0x09, 0x09, 0x09, 0x09, 0x09, 0x09, 0x09, 0x09, 0x09, 0x09, 0x09, 0x09, 0x09
    .byte 0x09, 0x09, 0x09, 0x09, 0x09, 0x09, 0x09, 0x09, 0x09, 0x09, 0x09, 0x09, 0x11, 0x11, 0x11, 0x11, 0x11, 0x11, 0x11, 0x11, 0x11, 0x11, 0x11, 0x11, 0x11, 0x11, 0x11, 0x11, 0x11, 0x11, 0x11, 0x11
    .byte 0x11, 0x11, 0x09, 0x09, 0x09, 0x09, 0x09, 0x09, 0x09, 0x09, 0x09, 0x09, 0x09, 0x09, 0x09, 0x09, 0x09, 0x09, 0x09, 0x09, 0x09, 0x09, 0x09, 0x09, 0x09, 0x09, 0x09, 0x09, 0x09, 0x09, 0x09, 0x09
    .byte 0x09, 0x09, 0x51, 0x09, 0x51, 0x09, 0x51, 0x09, 0x51, 0x09, 0x51, 0x09, 0x51, 0x09, 0x51, 0x09, 0x51, 0x09, 0x51, 0x09, 0x51, 0x09, 0x51, 0x09, 0x51, 0x09, 0x51, 0x09, 0x5A, 0x5A, 0x5A, 0x5A
    .byte 0x5A, 0x5A, 0x5A, 0x5A, 0x5A, 0x5A, 0x5A, 0x5A, 0x51, 0x09, 0x51, 0x09, 0x51, 0x09, 0x51, 0x09, 0x51, 0x09, 0x51, 0x09, 0x51, 0x09, 0x51, 0x09, 0x51, 0x09, 0x51, 0x09, 0x51, 0x09, 0x51, 0x09
    .byte 0x51, 0x09, 0x51, 0x09, 0x51, 0x09, 0x51, 0x09, 0x51, 0x09, 0x51, 0x09, 0x51, 0x09, 0x51, 0x09, 0x51, 0x09, 0x51, 0x09, 0x51, 0x09, 0x51, 0x09, 0x51, 0x09, 0x51, 0x09, 0x51, 0x09, 0x51, 0x09
    .byte 0x51, 0x09, 0x51, 0x09, 0x51, 0x09, 0x51, 0x09, 0x51, 0x09, 0x51, 0x09, 0x51, 0x09, 0x51, 0x09, 0x51, 0x09, 0x51, 0x09, 0x51, 0x09, 0x51, 0x09, 0x51, 0x09, 0x51, 0x09, 0x51, 0x09, 0x51, 0x09
    .byte 0x51, 0x09, 0x51, 0x09, 0x51, 0x09, 0x51, 0x09, 0x51, 0x09, 0x51, 0x09, 0x51, 0x09, 0x51, 0x09, 0x51, 0x09, 0x51, 0x09, 0x51, 0x09, 0x51, 0x09, 0x51, 0x09, 0x51, 0x09, 0x51, 0x09, 0x51, 0x09
    .byte 0x51, 0x09, 0x51, 0x09, 0x51, 0x09, 0x51, 0x09, 0x51, 0x09, 0x51, 0x09, 0x51, 0x09, 0x51, 0x09, 0x51, 0x09, 0x51, 0x09, 0x51, 0x09, 0x51, 0x09, 0x51, 0x09, 0x51, 0x09, 0x51, 0x09, 0x51, 0x09
    .byte 0x51, 0x09, 0x51, 0x09, 0x51, 0x09, 0x51, 0x09, 0x51, 0x09, 0x51, 0x09, 0x51, 0x09, 0x51, 0x09, 0x51, 0x09, 0x51, 0x09, 0x51, 0x09, 0x51, 0x09, 0x51, 0x09, 0x51, 0x09, 0x51, 0x09, 0x51, 0x09
    .byte 0x51, 0x09, 0x51, 0x09, 0x51, 0x09, 0x51, 0x09, 0x51, 0x09, 0x51, 0x09, 0x51, 0x09, 0x51, 0x09, 0x51, 0x09, 0x51, 0x09, 0x51, 0x09, 0x51, 0x09, 0x51, 0x09, 0x51, 0x09, 0x51, 0x09, 0x51, 0x09
    .byte 0x51, 0x09, 0x51, 0x09, 0x51, 0x09, 0x51, 0x09, 0x51, 0x09, 0x51, 0x09, 0x11, 0x11, 0x11, 0x11, 0x11, 0x11, 0x11, 0x11, 0x11, 0x11, 0x11, 0x11, 0x11, 0x11, 0x11, 0x11, 0x11, 0x11, 0x11, 0x11
    .byte 0x11, 0x11, 0x51, 0x09, 0x51, 0x09, 0x51, 0x09, 0x51, 0x09, 0x51, 0x09, 0x51, 0x09, 0x51, 0x09, 0x51, 0x09, 0x51, 0x09, 0x51, 0x09, 0x09, 0x09, 0x09, 0x09, 0x09, 0x09, 0x09, 0x09, 0x09, 0x09
    .byte 0x09, 0x09, 0x09, 0x09, 0x09, 0x09, 0x09, 0x09, 0x09, 0x09, 0x09, 0x09, 0x09, 0x09, 0x09, 0x09, 0x09, 0x09, 0x09, 0x09, 0x09, 0x09, 0x09, 0x09, 0x09, 0x09, 0x09, 0x09, 0x09, 0x09, 0x09, 0x09
    .byte 0x09, 0x09, 0x09, 0x09, 0x11, 0x11, 0x11, 0x11, 0x09, 0x09, 0x09, 0x09, 0x5A, 0x5A, 0x5A, 0x5A, 0x5A, 0x5A, 0x5A, 0x5A, 0x09, 0x09, 0x09, 0x09, 0x09, 0x09, 0x09, 0x09, 0x09, 0x09, 0x09, 0x09
    .byte 0x09, 0x09, 0x09, 0x09, 0x09, 0x09, 0x09, 0x09, 0x09, 0x09, 0x09, 0x09, 0x09, 0x09, 0x09, 0x09, 0x09, 0x09, 0x09, 0x09, 0x09, 0x09, 0x09, 0x09, 0x09, 0x09, 0x09, 0x09, 0x09, 0x09, 0x09, 0x09
    .byte 0x09, 0x09, 0x09, 0x09, 0x09, 0x09, 0x09, 0x09, 0x09, 0x09, 0x09, 0x09, 0x09, 0x09, 0x09, 0x09, 0x09, 0x09, 0x09, 0x09, 0x09, 0x09, 0x09, 0x09, 0x09, 0x09, 0x09, 0x09, 0x09, 0x09, 0x09, 0x09
    .byte 0x09, 0x09, 0x09, 0x09, 0x09, 0x09, 0x09, 0x09, 0x09, 0x09, 0x09, 0x09, 0x09, 0x09, 0x09, 0x09, 0x09, 0x09, 0x09, 0x09, 0x09, 0x09, 0x09, 0x09, 0x09, 0x09, 0x09, 0x09, 0x09, 0x09, 0x09, 0x09
    .byte 0x09, 0x09, 0x09, 0x09, 0x09, 0x09, 0x09, 0x09, 0x09, 0x09, 0x09, 0x09, 0x09, 0x09, 0x09, 0x09, 0x09, 0x09, 0x09, 0x09, 0x09, 0x09, 0x09, 0x09, 0x09, 0x09, 0x09, 0x09, 0x09, 0x09, 0x09, 0x09
    .byte 0x09, 0x09, 0x09, 0x09, 0x09, 0x09, 0x09, 0x09, 0x09, 0x09, 0x09, 0x09, 0x09, 0x09, 0x09, 0x09, 0x09, 0x09, 0x09, 0x09, 0x09, 0x09, 0x09, 0x09, 0x09, 0x09, 0x09, 0x09, 0x09, 0x09, 0x09, 0x09
    .byte 0x09, 0x09, 0x09, 0x09, 0x09, 0x09, 0x09, 0x09, 0x09, 0x09, 0x09, 0x09, 0x09, 0x09, 0x09, 0x09, 0x09, 0x09, 0x09, 0x09, 0x09, 0x09, 0x09, 0x09, 0x09, 0x09, 0x09, 0x09, 0x09, 0x09, 0x09, 0x09
    .byte 0x09, 0x09, 0x09, 0x09, 0x09, 0x09, 0x09, 0x09, 0x09, 0x09, 0x09, 0x09, 0x11, 0x11, 0x11, 0x11, 0x11, 0x11, 0x11, 0x11, 0x11, 0x11, 0x11, 0x11, 0x11, 0x11, 0x11, 0x11, 0x11, 0x11, 0x11, 0x11
    .byte 0x11, 0x11, 0x09, 0x09, 0x09, 0x09, 0x09, 0x09, 0x09, 0x09, 0x09, 0x09, 0x09, 0x09, 0x09, 0x09, 0x09, 0x09, 0x09, 0x09, 0x09, 0x09, 0x09, 0x09, 0x09, 0x09, 0x09, 0x09, 0x09, 0x09, 0x09, 0x09
    .byte 0x09, 0x09, 0x51, 0x09, 0x51, 0x09, 0x51, 0x09, 0x51, 0x09, 0x51, 0x09, 0x51, 0x09, 0x51, 0x09, 0x51, 0x09, 0x51, 0x09, 0x51, 0x09, 0x51, 0x09, 0x51, 0x09, 0x51, 0x09, 0x51, 0x09, 0x51, 0x09
    .byte 0x51, 0x09, 0x51, 0x09, 0x11, 0x11, 0x11, 0x11, 0x51, 0x09, 0x51, 0x09, 0x5A, 0x5A, 0x5A, 0x5A, 0x5A, 0x5A, 0x5A, 0x5A, 0x51, 0x09, 0x51, 0x09, 0x51, 0x09, 0x51, 0x09, 0x51, 0x09, 0x51, 0x09
    .byte 0x51, 0x09, 0x51, 0x09, 0x51, 0x09, 0x51, 0x09, 0x51, 0x09, 0x51, 0x09, 0x51, 0x09, 0x51, 0x09, 0x51, 0x09, 0x51, 0x09, 0x51, 0x09, 0x51, 0x09, 0x51, 0x09, 0x51, 0x09, 0x51, 0x09, 0x51, 0x09
    .byte 0x51, 0x09, 0x51, 0x09, 0x51, 0x09, 0x51, 0x09, 0x51, 0x09, 0x51, 0x09, 0x51, 0x09, 0x51, 0x09, 0x51, 0x09, 0x51, 0x09, 0x51, 0x09, 0x51, 0x09, 0x51, 0x09, 0x51, 0x09, 0x51, 0x09, 0x51, 0x09
    .byte 0x51, 0x09, 0x51, 0x09, 0x51, 0x09, 0x51, 0x09, 0x51, 0x09, 0x51, 0x09, 0x51, 0x09, 0x51, 0x09, 0x51, 0x09, 0x51, 0x09, 0x51, 0x09, 0x51, 0x09, 0x51, 0x09, 0x51, 0x09, 0x51, 0x09, 0x51, 0x09
    .byte 0x51, 0x09, 0x51, 0x09, 0x51, 0x09, 0x51, 0x09, 0x51, 0x09, 0x51, 0x09, 0x51, 0x09, 0x51, 0x09, 0x51, 0x09, 0x51, 0x09, 0x51, 0x09, 0x51, 0x09, 0x51, 0x09, 0x51, 0x09, 0x51, 0x09, 0x51, 0x09
    .byte 0x51, 0x09, 0x51, 0x09, 0x51, 0x09, 0x51, 0x09, 0x51, 0x09, 0x51, 0x09, 0x51, 0x09, 0x51, 0x09, 0x51, 0x09, 0x51, 0x09, 0x51, 0x09, 0x51, 0x09, 0x51, 0x09, 0x51, 0x09, 0x51, 0x09, 0x51, 0x09
    .byte 0x51, 0x09, 0x51, 0x09, 0x51, 0x09, 0x51, 0x09, 0x51, 0x09, 0x51, 0x09, 0x51, 0x09, 0x51, 0x09, 0x51, 0x09, 0x51, 0x09, 0x51, 0x09, 0x51, 0x09, 0x51, 0x09, 0x51, 0x09, 0x51, 0x09, 0x51, 0x09
    .byte 0x11, 0x11, 0x11, 0x11, 0x51, 0x09, 0x51, 0x09, 0x51, 0x09, 0x51, 0x09, 0x51, 0x09, 0x51, 0x09, 0x51, 0x09, 0x51, 0x09, 0x51, 0x09, 0x51, 0x09, 0x51, 0x09, 0x51, 0x09, 0x51, 0x09, 0x11, 0x11
    .byte 0x11, 0x11, 0x51, 0x09, 0x51, 0x09, 0x51, 0x09, 0x51, 0x09, 0x51, 0x09, 0x51, 0x09, 0x51, 0x09, 0x51, 0x09, 0x51, 0x09, 0x51, 0x09, 0x09, 0x09, 0x09, 0x09, 0x09, 0x09, 0x09, 0x09, 0x09, 0x09
    .byte 0x51, 0x51, 0x51, 0x51, 0x51, 0x51, 0x51, 0x51, 0x51, 0x51, 0x09, 0x09, 0x09, 0x09, 0x09, 0x09, 0x09, 0x09, 0x09, 0x09, 0x09, 0x09, 0x09, 0x09, 0x09, 0x09, 0x09, 0x09, 0x09, 0x09, 0x09, 0x09
    .byte 0x09, 0x09, 0x09, 0x09, 0x11, 0x11, 0x11, 0x11, 0x09, 0x09, 0x09, 0x09, 0x5A, 0x5A, 0x5A, 0x5A, 0x5A, 0x5A, 0x5A, 0x5A, 0x09, 0x09, 0x09, 0x09, 0x09, 0x09, 0x09, 0x09, 0x09, 0x09, 0x09, 0x09
    .byte 0x09, 0x09, 0x09, 0x09, 0x09, 0x09, 0x09, 0x09, 0x09, 0x09, 0x09, 0x09, 0x09, 0x09, 0x09, 0x09, 0x09, 0x09, 0x09, 0x09, 0x09, 0x09, 0x09, 0x09, 0x09, 0x09, 0x09, 0x09, 0x09, 0x09, 0x09, 0x09
    .byte 0x09, 0x09, 0x09, 0x09, 0x09, 0x09, 0x09, 0x09, 0x09, 0x09, 0x09, 0x09, 0x09, 0x09, 0x09, 0x09, 0x09, 0x09, 0x09, 0x09, 0x09, 0x09, 0x09, 0x09, 0x09, 0x09, 0x09, 0x09, 0x09, 0x09, 0x09, 0x09
    .byte 0x09, 0x09, 0x09, 0x09, 0x09, 0x09, 0x09, 0x09, 0x09, 0x09, 0x09, 0x09, 0x09, 0x09, 0x09, 0x09, 0x09, 0x09, 0x09, 0x09, 0x09, 0x09, 0x09, 0x09, 0x09, 0x09, 0x09, 0x09, 0x09, 0x09, 0x09, 0x09
    .byte 0x09, 0x09, 0x09, 0x09, 0x09, 0x09, 0x09, 0x09, 0x09, 0x09, 0x09, 0x09, 0x09, 0x09, 0x09, 0x09, 0x09, 0x09, 0x09, 0x09, 0x09, 0x09, 0x09, 0x09, 0x09, 0x09, 0x09, 0x09, 0x09, 0x09, 0x09, 0x09
    .byte 0x09, 0x09, 0x09, 0x09, 0x09, 0x09, 0x09, 0x09, 0x09, 0x09, 0x09, 0x09, 0x09, 0x09, 0x09, 0x09, 0x09, 0x09, 0x09, 0x09, 0x09, 0x09, 0x09, 0x09, 0x09, 0x09, 0x09, 0x09, 0x09, 0x09, 0x09, 0x09
    .byte 0x09, 0x09, 0x09, 0x09, 0x09, 0x09, 0x09, 0x09, 0x09, 0x09, 0x09, 0x09, 0x09, 0x09, 0x09, 0x09, 0x09, 0x09, 0x09, 0x09, 0x09, 0x09, 0x09, 0x09, 0x09, 0x09, 0x09, 0x09, 0x09, 0x09, 0x09, 0x09
    .byte 0x11, 0x11, 0x11, 0x11, 0x09, 0x09, 0x09, 0x09, 0x09, 0x09, 0x09, 0x09, 0x09, 0x09, 0x09, 0x09, 0x09, 0x09, 0x09, 0x09, 0x09, 0x09, 0x09, 0x09, 0x09, 0x09, 0x09, 0x09, 0x09, 0x09, 0x11, 0x11
    .byte 0x11, 0x11, 0x09, 0x09, 0x09, 0x09, 0x09, 0x09, 0x09, 0x09, 0x09, 0x09, 0x09, 0x09, 0x09, 0x09, 0x09, 0x09, 0x09, 0x09, 0x09, 0x09, 0x09, 0x09, 0x09, 0x09, 0x09, 0x09, 0x09, 0x09, 0x09, 0x09
    .byte 0x51, 0x51, 0x51, 0x51, 0x51, 0x51, 0x51, 0x51, 0x51, 0x51, 0x51, 0x09, 0x51, 0x09, 0x51, 0x09, 0x51, 0x09, 0x51, 0x09, 0x51, 0x09, 0x51, 0x09, 0x51, 0x09, 0x51, 0x09, 0x51, 0x09, 0x51, 0x09
    .byte 0x51, 0x09, 0x51, 0x09, 0x11, 0x11, 0x11, 0x11, 0x51, 0x09, 0x51, 0x09, 0x5A, 0x5A, 0x5A, 0x5A, 0x5A, 0x5A, 0x5A, 0x5A, 0x51, 0x09, 0x51, 0x09, 0x51, 0x09, 0x51, 0x09, 0x51, 0x09, 0x51, 0x09
    .byte 0x51, 0x09, 0x51, 0x09, 0x51, 0x09, 0x51, 0x09, 0x51, 0x09, 0x51, 0x09, 0x51, 0x09, 0x51, 0x09, 0x51, 0x09, 0x51, 0x09, 0x51, 0x09, 0x51, 0x09, 0x51, 0x09, 0x51, 0x09, 0x51, 0x09, 0x51, 0x09
    .byte 0x51, 0x09, 0x51, 0x09, 0x51, 0x09, 0x51, 0x09, 0x51, 0x09, 0x51, 0x09, 0x51, 0x09, 0x51, 0x09, 0x51, 0x09, 0x51, 0x09, 0x51, 0x09, 0x51, 0x09, 0x51, 0x09, 0x51, 0x09, 0x51, 0x09, 0x51, 0x09
    .byte 0x51, 0x09, 0x51, 0x09, 0x51, 0x09, 0x51, 0x09, 0x51, 0x09, 0x51, 0x09, 0x51, 0x09, 0x51, 0x09, 0x51, 0x09, 0x51, 0x09, 0x51, 0x09, 0x51, 0x09, 0x51, 0x09, 0x51, 0x09, 0x51, 0x09, 0x51, 0x09
    .byte 0x51, 0x09, 0x51, 0x09, 0x51, 0x09, 0x51, 0x09, 0x51, 0x09, 0x51, 0x09, 0x51, 0x09, 0x51, 0x09, 0x51, 0x09, 0x51, 0x09, 0x51, 0x09, 0x51, 0x09, 0x51, 0x09, 0x51, 0x09, 0x51, 0x09, 0x51, 0x09
    .byte 0x51, 0x09, 0x51, 0x09, 0x51, 0x09, 0x51, 0x09, 0x51, 0x09, 0x51, 0x09, 0x51, 0x09, 0x51, 0x09, 0x51, 0x09, 0x51, 0x09, 0x51, 0x09, 0x51, 0x09, 0x51, 0x09, 0x51, 0x09, 0x51, 0x09, 0x51, 0x09
    .byte 0x51, 0x09, 0x51, 0x09, 0x51, 0x09, 0x51, 0x09, 0x51, 0x09, 0x51, 0x09, 0x51, 0x09, 0x51, 0x09, 0x51, 0x09, 0x51, 0x09, 0x51, 0x09, 0x51, 0x09, 0x51, 0x09, 0x51, 0x09, 0x51, 0x09, 0x51, 0x09
    .byte 0x11, 0x11, 0x11, 0x11, 0x51, 0x09, 0x51, 0x09, 0x51, 0x09, 0x51, 0x09, 0x51, 0x09, 0x51, 0x09, 0x51, 0x09, 0x51, 0x09, 0x51, 0x09, 0x51, 0x09, 0x51, 0x09, 0x51, 0x09, 0x51, 0x09, 0x11, 0x11
    .byte 0x11, 0x11, 0x51, 0x09, 0x51, 0x09, 0x51, 0x09, 0x51, 0x09, 0x51, 0x09, 0x51, 0x09, 0x51, 0x09, 0x51, 0x09, 0x51, 0x09, 0x51, 0x09, 0x09, 0x09, 0x09, 0x09, 0x09, 0x09, 0x09, 0x09, 0x09, 0x09
    .byte 0x51, 0x51, 0x51, 0x51, 0x51, 0x51, 0x51, 0x51, 0x51, 0x51, 0x09, 0x09, 0x09, 0x09, 0x09, 0x09, 0x09, 0x09, 0x09, 0x09, 0x09, 0x09, 0x09, 0x09, 0x09, 0x09, 0x09, 0x09, 0x09, 0x09, 0x09, 0x09
    .byte 0x09, 0x09, 0x09, 0x09, 0x09, 0x09, 0x09, 0x09, 0x09, 0x09, 0x09, 0x09, 0x09, 0x09, 0x09, 0x09, 0x09, 0x09, 0x09, 0x09, 0x09, 0x09, 0x09, 0x09, 0x09, 0x09, 0x09, 0x09, 0x09, 0x09, 0x09, 0x09
    .byte 0x09, 0x09, 0x09, 0x09, 0x09, 0x09, 0x09, 0x09, 0x09, 0x09, 0x09, 0x09, 0x09, 0x09, 0x09, 0x09, 0x09, 0x09, 0x09, 0x09, 0x09, 0x09, 0x09, 0x09, 0x09, 0x09, 0x09, 0x09, 0x09, 0x09, 0x09, 0x09
    .byte 0x09, 0x09, 0x09, 0x09, 0x09, 0x09, 0x09, 0x09, 0x09, 0x09, 0x09, 0x09, 0x09, 0x09, 0x09, 0x09, 0x09, 0x09, 0x09, 0x09, 0x09, 0x09, 0x09, 0x09, 0x09, 0x09, 0x09, 0x09, 0x09, 0x09, 0x09, 0x09
    .byte 0x09, 0x09, 0x09, 0x09, 0x09, 0x09, 0x09, 0x09, 0x09, 0x09, 0x09, 0x09, 0x09, 0x09, 0x09, 0x09, 0x09, 0x09, 0x09, 0x09, 0x09, 0x09, 0x09, 0x09, 0x09, 0x09, 0x09, 0x09, 0x09, 0x09, 0x09, 0x09
    .byte 0x09, 0x09, 0x09, 0x09, 0x09, 0x09, 0x09, 0x09, 0x09, 0x09, 0x09, 0x09, 0x09, 0x09, 0x09, 0x09, 0x09, 0x09, 0x09, 0x09, 0x09, 0x09, 0x09, 0x09, 0x09, 0x09, 0x09, 0x09, 0x09, 0x09, 0x09, 0x09
    .byte 0x09, 0x09, 0x09, 0x09, 0x09, 0x09, 0x09, 0x09, 0x09, 0x09, 0x09, 0x09, 0x09, 0x09, 0x09, 0x09, 0x09, 0x09, 0x09, 0x09, 0x09, 0x09, 0x09, 0x09, 0x09, 0x09, 0x09, 0x09, 0x09, 0x09, 0x09, 0x09
    .byte 0x09, 0x09, 0x09, 0x09, 0x09, 0x09, 0x09, 0x09, 0x09, 0x09, 0x09, 0x09, 0x09, 0x09, 0x09, 0x09, 0x09, 0x09, 0x09, 0x09, 0x09, 0x09, 0x09, 0x09, 0x09, 0x09, 0x09, 0x09, 0x09, 0x09, 0x09, 0x09
    .byte 0x11, 0x11, 0x11, 0x11, 0x09, 0x09, 0x09, 0x09, 0x09, 0x09, 0x09, 0x09, 0x09, 0x09, 0x09, 0x09, 0x09, 0x09, 0x09, 0x09, 0x09, 0x09, 0x09, 0x09, 0x09, 0x09, 0x09, 0x09, 0x09, 0x09, 0x11, 0x11
    .byte 0x11, 0x11, 0x09, 0x09, 0x09, 0x09, 0x09, 0x09, 0x09, 0x09, 0x09, 0x09, 0x09, 0x09, 0x09, 0x09, 0x09, 0x09, 0x09, 0x09, 0x09, 0x09, 0x09, 0x09, 0x09, 0x09, 0x09, 0x09, 0x09, 0x09, 0x09, 0x09
    .byte 0x51, 0x51, 0x51, 0x51, 0x51, 0x51, 0x51, 0x51, 0x51, 0x51, 0x51, 0x09, 0x51, 0x09, 0x51, 0x09, 0x51, 0x09, 0x51, 0x09, 0x51, 0x09, 0x51, 0x09, 0x51, 0x09, 0x51, 0x09, 0x51, 0x09, 0x51, 0x09
    .byte 0x51, 0x09, 0x51, 0x09, 0x51, 0x09, 0x51, 0x09, 0x51, 0x09, 0x51, 0x09, 0x51, 0x09, 0x51, 0x09, 0x51, 0x09, 0x51, 0x09, 0x51, 0x09, 0x51, 0x09, 0x51, 0x09, 0x51, 0x09, 0x51, 0x09, 0x51, 0x09
    .byte 0x51, 0x09, 0x51, 0x09, 0x51, 0x09, 0x51, 0x09, 0x51, 0x09, 0x51, 0x09, 0x51, 0x09, 0x51, 0x09, 0x51, 0x09, 0x51, 0x09, 0x51, 0x09, 0x51, 0x09, 0x51, 0x09, 0x51, 0x09, 0x51, 0x09, 0x51, 0x09
    .byte 0x51, 0x09, 0x51, 0x09, 0x51, 0x09, 0x51, 0x09, 0x51, 0x09, 0x51, 0x09, 0x51, 0x09, 0x51, 0x09, 0x51, 0x09, 0x51, 0x09, 0x51, 0x09, 0x51, 0x09, 0x51, 0x09, 0x51, 0x09, 0x51, 0x09, 0x51, 0x09
    .byte 0x51, 0x09, 0x51, 0x09, 0x51, 0x09, 0x51, 0x09, 0x51, 0x09, 0x51, 0x09, 0x51, 0x09, 0x51, 0x09, 0x51, 0x09, 0x51, 0x09, 0x51, 0x09, 0x51, 0x09, 0x51, 0x09, 0x51, 0x09, 0x51, 0x09, 0x51, 0x09
    .byte 0x51, 0x09, 0x51, 0x09, 0x51, 0x09, 0x51, 0x09, 0x51, 0x09, 0x51, 0x09, 0x51, 0x09, 0x51, 0x09, 0x51, 0x09, 0x51, 0x09, 0x51, 0x09, 0x51, 0x09, 0x51, 0x09, 0x51, 0x09, 0x51, 0x09, 0x51, 0x09
    .byte 0x51, 0x09, 0x51, 0x09, 0x51, 0x09, 0x51, 0x09, 0x51, 0x09, 0x51, 0x09, 0x51, 0x09, 0x51, 0x09, 0x51, 0x09, 0x51, 0x09, 0x51, 0x09, 0x51, 0x09, 0x51, 0x09, 0x51, 0x09, 0x51, 0x09, 0x51, 0x09
    .byte 0x51, 0x09, 0x51, 0x09, 0x51, 0x09, 0x51, 0x09, 0x51, 0x09, 0x51, 0x09, 0x51, 0x09, 0x51, 0x09, 0x51, 0x09, 0x51, 0x09, 0x51, 0x09, 0x51, 0x09, 0x51, 0x09, 0x51, 0x09, 0x51, 0x11, 0x11, 0x11
    .byte 0x11, 0x11, 0x11, 0x11, 0x11, 0x11, 0x11, 0x11, 0x51, 0x09, 0x51, 0x09, 0x11, 0x11, 0x11, 0x52, 0x52, 0x52, 0x52, 0x52, 0x52, 0x52, 0x52, 0x11, 0x11, 0x11, 0x11, 0x11, 0x11, 0x11, 0x11, 0x11
    .byte 0x11, 0x11, 0x51, 0x09, 0x51, 0x09, 0x51, 0x09, 0x51, 0x09, 0x51, 0x09, 0x51, 0x09, 0x51, 0x09, 0x51, 0x09, 0x51, 0x09, 0x51, 0x09, 0x09, 0x09, 0x09, 0x09, 0x09, 0x09, 0x09, 0x09, 0x09, 0x09
    .byte 0x51, 0x51, 0x51, 0x51, 0x51, 0x51, 0x51, 0x51, 0x51, 0x51, 0x09, 0x09, 0x09, 0x09, 0x09, 0x09, 0x09, 0x09, 0x09, 0x09, 0x09, 0x09, 0x09, 0x09, 0x09, 0x09, 0x09, 0x09, 0x09, 0x09, 0x09, 0x09
    .byte 0x09, 0x09, 0x09, 0x09, 0x09, 0x09, 0x09, 0x09, 0x09, 0x09, 0x09, 0x09, 0x09, 0x09, 0x09, 0x09, 0x09, 0x09, 0x09, 0x09, 0x09, 0x09, 0x09, 0x09, 0x09, 0x09, 0x09, 0x09, 0x09, 0x09, 0x09, 0x09
    .byte 0x09, 0x09, 0x09, 0x09, 0x09, 0x09, 0x09, 0x09, 0x09, 0x09, 0x09, 0x09, 0x09, 0x09, 0x09, 0x09, 0x09, 0x09, 0x09, 0x09, 0x09, 0x09, 0x09, 0x09, 0x09, 0x09, 0x09, 0x09, 0x09, 0x09, 0x09, 0x09
    .byte 0x09, 0x09, 0x09, 0x09, 0x09, 0x09, 0x09, 0x09, 0x09, 0x09, 0x09, 0x09, 0x09, 0x09, 0x09, 0x09, 0x09, 0x09, 0x09, 0x09, 0x09, 0x09, 0x09, 0x09, 0x09, 0x09, 0x09, 0x09, 0x09, 0x09, 0x09, 0x09
    .byte 0x09, 0x09, 0x09, 0x09, 0x09, 0x09, 0x09, 0x09, 0x09, 0x09, 0x09, 0x09, 0x09, 0x09, 0x09, 0x09, 0x09, 0x09, 0x09, 0x09, 0x09, 0x09, 0x09, 0x09, 0x09, 0x09, 0x09, 0x09, 0x09, 0x09, 0x09, 0x09
    .byte 0x09, 0x09, 0x09, 0x09, 0x09, 0x09, 0x09, 0x09, 0x09, 0x09, 0x09, 0x09, 0x09, 0x09, 0x09, 0x09, 0x09, 0x09, 0x09, 0x09, 0x09, 0x09, 0x09, 0x09, 0x09, 0x09, 0x09, 0x09, 0x09, 0x09, 0x09, 0x09
    .byte 0x09, 0x09, 0x09, 0x09, 0x09, 0x09, 0x09, 0x09, 0x09, 0x09, 0x09, 0x09, 0x09, 0x09, 0x09, 0x09, 0x09, 0x09, 0x09, 0x09, 0x09, 0x09, 0x09, 0x09, 0x09, 0x09, 0x09, 0x09, 0x09, 0x09, 0x09, 0x09
    .byte 0x09, 0x09, 0x09, 0x09, 0x09, 0x09, 0x09, 0x09, 0x09, 0x09, 0x09, 0x09, 0x09, 0x09, 0x09, 0x09, 0x09, 0x09, 0x09, 0x09, 0x09, 0x09, 0x09, 0x09, 0x09, 0x09, 0x09, 0x09, 0x09, 0x11, 0x11, 0x11
    .byte 0x11, 0x11, 0x11, 0x11, 0x11, 0x11, 0x11, 0x11, 0x09, 0x09, 0x09, 0x09, 0x11, 0x11, 0x11, 0x52, 0x52, 0x52, 0x52, 0x52, 0x52, 0x52, 0x52, 0x11, 0x11, 0x11, 0x11, 0x11, 0x11, 0x11, 0x11, 0x11
    .byte 0x11, 0x11, 0x09, 0x09, 0x09, 0x09, 0x09, 0x09, 0x09, 0x09, 0x09, 0x09, 0x09, 0x09, 0x09, 0x09, 0x09, 0x09, 0x09, 0x09, 0x09, 0x09, 0x09, 0x09, 0x09, 0x09, 0x09, 0x09, 0x09, 0x09, 0x09, 0x09
    .byte 0x51, 0x51, 0x51, 0x51, 0x51, 0x51, 0x51, 0x51, 0x51, 0x51, 0x51, 0x09, 0x51, 0x09, 0x51, 0x09, 0x51, 0x09, 0x51, 0x09, 0x51, 0x09, 0x51, 0x09, 0x51, 0x09, 0x51, 0x09, 0x51, 0x09, 0x51, 0x09
    .byte 0x51, 0x09, 0x51, 0x09, 0x51, 0x09, 0x51, 0x09, 0x51, 0x09, 0x51, 0x09, 0x51, 0x09, 0x51, 0x09, 0x51, 0x09, 0x51, 0x09, 0x51, 0x09, 0x51, 0x09, 0x51, 0x09, 0x51, 0x09, 0x51, 0x09, 0x51, 0x09
    .byte 0x51, 0x09, 0x51, 0x09, 0x51, 0x09, 0x51, 0x09, 0x51, 0x09, 0x51, 0x09, 0x51, 0x09, 0x51, 0x09, 0x51, 0x09, 0x51, 0x09, 0x51, 0x09, 0x51, 0x09, 0x51, 0x09, 0x51, 0x09, 0x51, 0x09, 0x51, 0x09
    .byte 0x51, 0x09, 0x51, 0x09, 0x51, 0x09, 0x51, 0x09, 0x51, 0x09, 0x51, 0x09, 0x51, 0x09, 0x51, 0x09, 0x51, 0x09, 0x51, 0x09, 0x51, 0x09, 0x51, 0x09, 0x51, 0x09, 0x51, 0x09, 0x51, 0x09, 0x51, 0x09
    .byte 0x51, 0x09, 0x51, 0x09, 0x51, 0x09, 0x51, 0x09, 0x51, 0x09, 0x51, 0x09, 0x51, 0x09, 0x51, 0x09, 0x51, 0x09, 0x51, 0x09, 0x51, 0x09, 0x51, 0x09, 0x51, 0x09, 0x51, 0x09, 0x51, 0x09, 0x51, 0x09
    .byte 0x51, 0x09, 0x51, 0x09, 0x51, 0x09, 0x51, 0x09, 0x51, 0x09, 0x51, 0x09, 0x51, 0x09, 0x51, 0x09, 0x51, 0x09, 0x51, 0x09, 0x51, 0x09, 0x51, 0x09, 0x51, 0x09, 0x51, 0x09, 0x51, 0x09, 0x51, 0x09
    .byte 0x51, 0x09, 0x51, 0x09, 0x51, 0x09, 0x51, 0x09, 0x51, 0x09, 0x51, 0x09, 0x51, 0x09, 0x51, 0x09, 0x51, 0x09, 0x51, 0x09, 0x51, 0x09, 0x51, 0x09, 0x51, 0x09, 0x51, 0x09, 0x51, 0x09, 0x51, 0x09
    .byte 0x51, 0x09, 0x51, 0x09, 0x51, 0x09, 0x51, 0x09, 0x51, 0x09, 0x51, 0x09, 0x51, 0x09, 0x51, 0x09, 0x51, 0x09, 0x51, 0x09, 0x51, 0x09, 0x51, 0x09, 0x51, 0x09, 0x51, 0x09, 0x51, 0x11, 0x11, 0x11
    .byte 0x11, 0x11, 0x11, 0x11, 0x11, 0x11, 0x11, 0x11, 0x51, 0x09, 0x51, 0x09, 0x11, 0x11, 0x11, 0x52, 0x52, 0x52, 0x52, 0x52, 0x52, 0x52, 0x52, 0x11, 0x11, 0x11, 0x11, 0x11, 0x11, 0x11, 0x11, 0x11
    .byte 0x11, 0x11, 0x51, 0x09, 0x51, 0x09, 0x51, 0x09, 0x51, 0x09, 0x51, 0x09, 0x51, 0x09, 0x51, 0x09, 0x51, 0x09, 0x51, 0x09, 0x51, 0x09, 0x09, 0x09, 0x09, 0x09, 0x09, 0x09, 0x09, 0x09, 0x09, 0x09
    .byte 0x51, 0x51, 0x51, 0x51, 0x51, 0x51, 0x51, 0x51, 0x51, 0x51, 0x09, 0x09, 0x09, 0x09, 0x09, 0x09, 0x09, 0x09, 0x09, 0x09, 0x09, 0x09, 0x09, 0x09, 0x09, 0x09, 0x09, 0x09, 0x09, 0x09, 0x09, 0x09
    .byte 0x09, 0x09, 0x09, 0x09, 0x09, 0x09, 0x09, 0x09, 0x09, 0x09, 0x09, 0x09, 0x09, 0x09, 0x09, 0x09, 0x09, 0x09, 0x09, 0x09, 0x09, 0x09, 0x09, 0x09, 0x09, 0x09, 0x09, 0x09, 0x09, 0x09, 0x09, 0x09
    .byte 0x09, 0x09, 0x09, 0x09, 0x09, 0x09, 0x09, 0x09, 0x09, 0x09, 0x09, 0x09, 0x09, 0x09, 0x09, 0x09, 0x09, 0x09, 0x09, 0x09, 0x09, 0x09, 0x09, 0x09, 0x09, 0x09, 0x09, 0x09, 0x09, 0x09, 0x09, 0x09
    .byte 0x09, 0x09, 0x09, 0x09, 0x09, 0x09, 0x09, 0x09, 0x09, 0x09, 0x09, 0x09, 0x09, 0x09, 0x09, 0x09, 0x09, 0x09, 0x09, 0x09, 0x09, 0x09, 0x09, 0x09, 0x09, 0x09, 0x09, 0x09, 0x09, 0x09, 0x09, 0x09
    .byte 0x09, 0x09, 0x09, 0x09, 0x09, 0x09, 0x09, 0x09, 0x09, 0x09, 0x09, 0x09, 0x09, 0x09, 0x09, 0x09, 0x09, 0x09, 0x09, 0x09, 0x09, 0x09, 0x09, 0x09, 0x09, 0x09, 0x09, 0x09, 0x09, 0x09, 0x09, 0x09
    .byte 0x09, 0x09, 0x09, 0x09, 0x09, 0x09, 0x09, 0x09, 0x09, 0x09, 0x09, 0x09, 0x09, 0x09, 0x09, 0x09, 0x09, 0x09, 0x09, 0x09, 0x09, 0x09, 0x09, 0x09, 0x09, 0x09, 0x09, 0x09, 0x09, 0x09, 0x09, 0x09
    .byte 0x09, 0x09, 0x09, 0x09, 0x09, 0x09, 0x09, 0x09, 0x09, 0x09, 0x09, 0x09, 0x09, 0x09, 0x09, 0x09, 0x09, 0x09, 0x09, 0x09, 0x09, 0x09, 0x09, 0x09, 0x09, 0x09, 0x09, 0x09, 0x09, 0x09, 0x09, 0x09
    .byte 0x09, 0x09, 0x09, 0x09, 0x09, 0x09, 0x09, 0x09, 0x09, 0x09, 0x09, 0x09, 0x09, 0x09, 0x09, 0x09, 0x09, 0x09, 0x09, 0x09, 0x09, 0x09, 0x09, 0x09, 0x09, 0x09, 0x09, 0x09, 0x09, 0x11, 0x11, 0x11
    .byte 0x11, 0x11, 0x11, 0x11, 0x11, 0x11, 0x11, 0x11, 0x09, 0x09, 0x09, 0x09, 0x11, 0x11, 0x11, 0x52, 0x52, 0x52, 0x52, 0x52, 0x52, 0x52, 0x52, 0x11, 0x11, 0x11, 0x11, 0x11, 0x11, 0x11, 0x11, 0x11
    .byte 0x11, 0x11, 0x09, 0x09, 0x09, 0x09, 0x09, 0x09, 0x09, 0x09, 0x09, 0x09, 0x09, 0x09, 0x09, 0x09, 0x09, 0x09, 0x09, 0x09, 0x09, 0x09, 0x09, 0x09, 0x09, 0x09, 0x09, 0x09, 0x09, 0x09, 0x09, 0x09
    .byte 0x51, 0x51, 0x51, 0x51, 0x51, 0x51, 0x51, 0x51, 0x51, 0x51, 0x51, 0x09, 0x51, 0x09, 0x51, 0x09, 0x51, 0x09, 0x51, 0x09, 0x51, 0x09, 0x51, 0x09, 0x51, 0x09, 0x51, 0x09, 0x51, 0x09, 0x51, 0x09
    .byte 0x51, 0x09, 0x51, 0x09, 0x51, 0x09, 0x51, 0x09, 0x51, 0x09, 0x51, 0x09, 0x51, 0x09, 0x51, 0x09, 0x51, 0x09, 0x51, 0x09, 0x51, 0x09, 0x51, 0x09, 0x51, 0x09, 0x51, 0x09, 0x51, 0x09, 0x51, 0x09
    .byte 0x51, 0x09, 0x51, 0x09, 0x51, 0x09, 0x51, 0x09, 0x51, 0x09, 0x51, 0x09, 0x51, 0x09, 0x51, 0x09, 0x51, 0x09, 0x51, 0x09, 0x51, 0x09, 0x51, 0x09, 0x51, 0x09, 0x51, 0x09, 0x51, 0x09, 0x51, 0x09
    .byte 0x51, 0x09, 0x51, 0x09, 0x51, 0x09, 0x51, 0x09, 0x51, 0x09, 0x51, 0x09, 0x51, 0x09, 0x51, 0x09, 0x51, 0x09, 0x51, 0x09, 0x51, 0x09, 0x51, 0x09, 0x51, 0x09, 0x51, 0x09, 0x51, 0x09, 0x51, 0x09
    .byte 0x51, 0x09, 0x51, 0x09, 0x51, 0x09, 0x51, 0x09, 0x51, 0x09, 0x51, 0x09, 0x51, 0x09, 0x51, 0x09, 0x51, 0x09, 0x51, 0x09, 0x51, 0x09, 0x51, 0x09, 0x51, 0x09, 0x51, 0x09, 0x51, 0x09, 0x51, 0x09
    .byte 0x51, 0x09, 0x51, 0x09, 0x51, 0x09, 0x51, 0x09, 0x51, 0x09, 0x51, 0x09, 0x51, 0x09, 0x51, 0x09, 0x51, 0x09, 0x51, 0x09, 0x51, 0x09, 0x51, 0x09, 0x51, 0x09, 0x51, 0x09, 0x51, 0x09, 0x51, 0x09
    .byte 0x51, 0x09, 0x51, 0x09, 0x51, 0x09, 0x51, 0x09, 0x51, 0x09, 0x51, 0x09, 0x51, 0x09, 0x51, 0x09, 0x51, 0x09, 0x51, 0x09, 0x51, 0x09, 0x51, 0x09, 0x51, 0x09, 0x51, 0x09, 0x51, 0x09, 0x51, 0x09
    .byte 0x51, 0x09, 0x51, 0x09, 0x51, 0x09, 0x51, 0x09, 0x51, 0x09, 0x51, 0x09, 0x51, 0x09, 0x51, 0x09, 0x51, 0x09, 0x51, 0x09, 0x51, 0x09, 0x51, 0x09, 0x51, 0x09, 0x51, 0x09, 0x51, 0x09, 0x51, 0x09
    .byte 0x11, 0x11, 0x11, 0x11, 0x11, 0x11, 0x11, 0x11, 0x52, 0x52, 0x52, 0x52, 0x52, 0x52, 0x52, 0x52, 0x52, 0x52, 0x52, 0x52, 0x52, 0x52, 0x52, 0x52, 0x52, 0x52, 0x52, 0x52, 0x52, 0x52, 0x11, 0x11
    .byte 0x11, 0x11, 0x51, 0x09, 0x51, 0x09, 0x51, 0x09, 0x51, 0x09, 0x51, 0x09, 0x51, 0x09, 0x51, 0x09, 0x51, 0x09, 0x51, 0x09, 0x51, 0x09, 0x09, 0x09, 0x09, 0x09, 0x09, 0x09, 0x09, 0x09, 0x09, 0x09
    .byte 0x51, 0x51, 0x51, 0x51, 0x51, 0x51, 0x51, 0x51, 0x51, 0x51, 0x09, 0x09, 0x09, 0x09, 0x09, 0x09, 0x09, 0x09, 0x09, 0x09, 0x09, 0x09, 0x09, 0x09, 0x09, 0x09, 0x09, 0x09, 0x09, 0x09, 0x09, 0x09
    .byte 0x09, 0x09, 0x09, 0x09, 0x09, 0x09, 0x09, 0x09, 0x09, 0x09, 0x09, 0x09, 0x09, 0x09, 0x09, 0x09, 0x09, 0x09, 0x09, 0x09, 0x09, 0x09, 0x09, 0x09, 0x09, 0x09, 0x09, 0x09, 0x09, 0x09, 0x09, 0x09
    .byte 0x09, 0x09, 0x09, 0x09, 0x09, 0x09, 0x09, 0x09, 0x09, 0x09, 0x09, 0x09, 0x09, 0x09, 0x09, 0x09, 0x09, 0x09, 0x09, 0x09, 0x09, 0x09, 0x09, 0x09, 0x09, 0x09, 0x09, 0x09, 0x09, 0x09, 0x09, 0x09
    .byte 0x09, 0x09, 0x09, 0x09, 0x09, 0x09, 0x09, 0x09, 0x09, 0x09, 0x09, 0x09, 0x09, 0x09, 0x09, 0x09, 0x09, 0x09, 0x09, 0x09, 0x09, 0x09, 0x09, 0x09, 0x09, 0x09, 0x09, 0x09, 0x09, 0x09, 0x09, 0x09
    .byte 0x09, 0x09, 0x09, 0x09, 0x09, 0x09, 0x09, 0x09, 0x09, 0x09, 0x09, 0x09, 0x09, 0x09, 0x09, 0x09, 0x09, 0x09, 0x09, 0x09, 0x09, 0x09, 0x09, 0x09, 0x09, 0x09, 0x09, 0x09, 0x09, 0x09, 0x09, 0x09
    .byte 0x09, 0x09, 0x09, 0x09, 0x09, 0x09, 0x09, 0x09, 0x09, 0x09, 0x09, 0x09, 0x09, 0x09, 0x09, 0x09, 0x09, 0x09, 0x09, 0x09, 0x09, 0x09, 0x09, 0x09, 0x09, 0x09, 0x09, 0x09, 0x09, 0x09, 0x09, 0x09
    .byte 0x09, 0x09, 0x09, 0x09, 0x09, 0x09, 0x09, 0x09, 0x09, 0x09, 0x09, 0x09, 0x09, 0x09, 0x09, 0x09, 0x09, 0x09, 0x09, 0x09, 0x09, 0x09, 0x09, 0x09, 0x09, 0x09, 0x09, 0x09, 0x09, 0x09, 0x09, 0x09
    .byte 0x09, 0x09, 0x09, 0x09, 0x09, 0x09, 0x09, 0x09, 0x09, 0x09, 0x09, 0x09, 0x09, 0x09, 0x09, 0x09, 0x09, 0x09, 0x09, 0x09, 0x09, 0x09, 0x09, 0x09, 0x09, 0x09, 0x09, 0x09, 0x09, 0x09, 0x09, 0x09
    .byte 0x11, 0x11, 0x11, 0x11, 0x11, 0x11, 0x11, 0x11, 0x52, 0x52, 0x52, 0x52, 0x52, 0x52, 0x52, 0x52, 0x52, 0x52, 0x52, 0x52, 0x52, 0x52, 0x52, 0x52, 0x52, 0x52, 0x52, 0x52, 0x52, 0x52, 0x11, 0x11
    .byte 0x11, 0x11, 0x09, 0x09, 0x09, 0x09, 0x09, 0x09, 0x09, 0x09, 0x09, 0x09, 0x09, 0x09, 0x09, 0x09, 0x09, 0x09, 0x09, 0x09, 0x09, 0x09, 0x09, 0x09, 0x09, 0x09, 0x09, 0x09, 0x09, 0x09, 0x09, 0x09
    .byte 0x51, 0x51, 0x51, 0x51, 0x51, 0x51, 0x51, 0x51, 0x51, 0x51, 0x51, 0x09, 0x51, 0x09, 0x51, 0x09, 0x51, 0x09, 0x51, 0x09, 0x51, 0x09, 0x51, 0x09, 0x51, 0x09, 0x51, 0x09, 0x51, 0x09, 0x51, 0x09
    .byte 0x51, 0x09, 0x51, 0x09, 0x51, 0x09, 0x51, 0x09, 0x51, 0x09, 0x51, 0x09, 0x51, 0x09, 0x51, 0x09, 0x51, 0x09, 0x51, 0x09, 0x51, 0x09, 0x51, 0x09, 0x51, 0x09, 0x51, 0x09, 0x51, 0x09, 0x51, 0x09
    .byte 0x51, 0x09, 0x51, 0x09, 0x51, 0x09, 0x51, 0x09, 0x51, 0x09, 0x51, 0x09, 0x51, 0x09, 0x51, 0x09, 0x51, 0x09, 0x51, 0x09, 0x51, 0x09, 0x51, 0x09, 0x51, 0x09, 0x51, 0x09, 0x51, 0x09, 0x51, 0x09
    .byte 0x51, 0x09, 0x51, 0x09, 0x51, 0x09, 0x51, 0x09, 0x51, 0x09, 0x51, 0x09, 0x51, 0x09, 0x51, 0x09, 0x51, 0x09, 0x51, 0x09, 0x51, 0x09, 0x51, 0x09, 0x51, 0x09, 0x51, 0x09, 0x51, 0x09, 0x51, 0x09
    .byte 0x51, 0x09, 0x51, 0x09, 0x51, 0x09, 0x51, 0x09, 0x51, 0x09, 0x51, 0x09, 0x51, 0x09, 0x51, 0x09, 0x51, 0x09, 0x51, 0x09, 0x51, 0x09, 0x51, 0x09, 0x51, 0x09, 0x51, 0x09, 0x51, 0x09, 0x51, 0x09
    .byte 0x51, 0x09, 0x51, 0x09, 0x51, 0x09, 0x51, 0x09, 0x51, 0x09, 0x51, 0x09, 0x51, 0x09, 0x51, 0x09, 0x51, 0x09, 0x51, 0x09, 0x51, 0x09, 0x51, 0x09, 0x51, 0x09, 0x51, 0x09, 0x51, 0x09, 0x51, 0x09
    .byte 0x51, 0x09, 0x51, 0x09, 0x51, 0x09, 0x51, 0x09, 0x51, 0x09, 0x51, 0x09, 0x51, 0x09, 0x51, 0x09, 0x51, 0x09, 0x51, 0x09, 0x51, 0x09, 0x51, 0x09, 0x51, 0x09, 0x51, 0x09, 0x51, 0x09, 0x51, 0x09
    .byte 0x51, 0x09, 0x51, 0x09, 0x51, 0x09, 0x51, 0x09, 0x51, 0x09, 0x51, 0x09, 0x51, 0x09, 0x51, 0x09, 0x51, 0x09, 0x51, 0x09, 0x51, 0x09, 0x51, 0x09, 0x51, 0x09, 0x51, 0x09, 0x51, 0x09, 0x51, 0x09
    .byte 0x11, 0x11, 0x11, 0x11, 0x11, 0x11, 0x11, 0x11, 0x52, 0x52, 0x52, 0x52, 0x52, 0x52, 0x52, 0x52, 0x52, 0x52, 0x52, 0x52, 0x52, 0x52, 0x52, 0x52, 0x52, 0x52, 0x52, 0x52, 0x52, 0x52, 0x11, 0x11
    .byte 0x11, 0x11, 0x51, 0x09, 0x51, 0x09, 0x51, 0x09, 0x51, 0x09, 0x51, 0x09, 0x51, 0x09, 0x51, 0x09, 0x51, 0x09, 0x51, 0x09, 0x51, 0x09, 0x09, 0x09, 0x09, 0x09, 0x09, 0x09, 0x09, 0x09, 0x09, 0x09
    .byte 0x09, 0x09, 0x09, 0x09, 0x09, 0x09, 0x09, 0x09, 0x09, 0x09, 0x09, 0x09, 0x09, 0x09, 0x09, 0x09, 0x09, 0x09, 0x09, 0x09, 0x09, 0x09, 0x09, 0x09, 0x09, 0x09, 0x09, 0x09, 0x09, 0x09, 0x09, 0x09
    .byte 0x09, 0x09, 0x09, 0x09, 0x09, 0x09, 0x09, 0x09, 0x09, 0x09, 0x09, 0x09, 0x09, 0x09, 0x09, 0x09, 0x09, 0x09, 0x09, 0x09, 0x09, 0x09, 0x09, 0x09, 0x09, 0x09, 0x09, 0x09, 0x09, 0x09, 0x09, 0x09
    .byte 0x09, 0x09, 0x09, 0x09, 0x09, 0x09, 0x09, 0x09, 0x09, 0x09, 0x09, 0x09, 0x09, 0x09, 0x09, 0x09, 0x09, 0x09, 0x09, 0x09, 0x09, 0x09, 0x09, 0x09, 0x09, 0x09, 0x09, 0x09, 0x09, 0x09, 0x09, 0x09
    .byte 0x09, 0x09, 0x09, 0x09, 0x09, 0x09, 0x09, 0x09, 0x09, 0x09, 0x09, 0x09, 0x09, 0x09, 0x09, 0x09, 0x09, 0x09, 0x09, 0x09, 0x09, 0x09, 0x09, 0x09, 0x09, 0x09, 0x09, 0x09, 0x09, 0x09, 0x09, 0x09
    .byte 0x09, 0x09, 0x09, 0x09, 0x09, 0x09, 0x09, 0x09, 0x09, 0x09, 0x09, 0x09, 0x09, 0x09, 0x09, 0x09, 0x09, 0x09, 0x09, 0x09, 0x09, 0x09, 0x09, 0x09, 0x09, 0x09, 0x09, 0x09, 0x09, 0x09, 0x09, 0x09
    .byte 0x09, 0x09, 0x09, 0x09, 0x09, 0x09, 0x09, 0x09, 0x09, 0x09, 0x09, 0x09, 0x09, 0x09, 0x09, 0x09, 0x09, 0x09, 0x09, 0x09, 0x09, 0x09, 0x09, 0x09, 0x09, 0x09, 0x09, 0x09, 0x09, 0x09, 0x09, 0x09
    .byte 0x09, 0x09, 0x09, 0x09, 0x09, 0x09, 0x09, 0x09, 0x09, 0x09, 0x09, 0x09, 0x09, 0x09, 0x09, 0x09, 0x09, 0x09, 0x09, 0x09, 0x09, 0x09, 0x09, 0x09, 0x09, 0x09, 0x09, 0x09, 0x09, 0x09, 0x09, 0x09
    .byte 0x09, 0x09, 0x09, 0x09, 0x09, 0x09, 0x09, 0x09, 0x09, 0x09, 0x09, 0x09, 0x09, 0x09, 0x09, 0x09, 0x09, 0x09, 0x09, 0x09, 0x09, 0x09, 0x09, 0x09, 0x09, 0x09, 0x09, 0x09, 0x09, 0x09, 0x09, 0x09
    .byte 0x11, 0x11, 0x11, 0x11, 0x11, 0x11, 0x11, 0x11, 0x52, 0x52, 0x52, 0x52, 0x52, 0x52, 0x52, 0x52, 0x52, 0x52, 0x52, 0x52, 0x52, 0x52, 0x52, 0x52, 0x52, 0x52, 0x52, 0x52, 0x52, 0x52, 0x11, 0x11
    .byte 0x11, 0x11, 0x09, 0x09, 0x09, 0x09, 0x09, 0x09, 0x09, 0x09, 0x09, 0x09, 0x09, 0x09, 0x09, 0x09, 0x09, 0x09, 0x09, 0x09, 0x09, 0x09, 0x08, 0x08, 0x08, 0x08, 0x08, 0x08, 0x08, 0x08, 0x08, 0x08
    .byte 0x09, 0x09, 0x09, 0x09, 0x09, 0x09, 0x09, 0x09, 0x09, 0x09, 0x51, 0x09, 0x51, 0x09, 0x51, 0x09, 0x51, 0x09, 0x51, 0x09, 0x51, 0x09, 0x51, 0x09, 0x51, 0x09, 0x51, 0x09, 0x51, 0x09, 0x51, 0x09
    .byte 0x51, 0x09, 0x51, 0x09, 0x51, 0x09, 0x51, 0x09, 0x51, 0x09, 0x51, 0x09, 0x51, 0x09, 0x51, 0x09, 0x51, 0x09, 0x51, 0x09, 0x51, 0x09, 0x51, 0x09, 0x51, 0x09, 0x51, 0x09, 0x51, 0x09, 0x51, 0x09
    .byte 0x51, 0x09, 0x51, 0x09, 0x51, 0x09, 0x51, 0x09, 0x51, 0x09, 0x51, 0x09, 0x51, 0x09, 0x51, 0x09, 0x51, 0x09, 0x51, 0x09, 0x51, 0x09, 0x51, 0x09, 0x51, 0x09, 0x51, 0x09, 0x51, 0x09, 0x51, 0x09
    .byte 0x51, 0x09, 0x51, 0x09, 0x51, 0x09, 0x51, 0x09, 0x51, 0x09, 0x51, 0x09, 0x51, 0x09, 0x51, 0x09, 0x51, 0x09, 0x51, 0x09, 0x51, 0x09, 0x51, 0x09, 0x51, 0x09, 0x51, 0x09, 0x51, 0x09, 0x51, 0x09
    .byte 0x51, 0x09, 0x51, 0x09, 0x51, 0x09, 0x51, 0x09, 0x51, 0x09, 0x51, 0x09, 0x51, 0x09, 0x51, 0x09, 0x51, 0x09, 0x51, 0x09, 0x51, 0x09, 0x51, 0x09, 0x51, 0x09, 0x51, 0x09, 0x51, 0x09, 0x51, 0x09
    .byte 0x51, 0x09, 0x51, 0x09, 0x51, 0x09, 0x51, 0x09, 0x51, 0x09, 0x51, 0x09, 0x51, 0x09, 0x51, 0x09, 0x51, 0x09, 0x51, 0x09, 0x51, 0x09, 0x51, 0x09, 0x51, 0x09, 0x51, 0x09, 0x51, 0x09, 0x51, 0x09
    .byte 0x51, 0x09, 0x51, 0x09, 0x51, 0x09, 0x51, 0x09, 0x51, 0x09, 0x51, 0x09, 0x51, 0x09, 0x51, 0x09, 0x51, 0x09, 0x51, 0x09, 0x51, 0x09, 0x51, 0x09, 0x51, 0x09, 0x51, 0x09, 0x51, 0x09, 0x51, 0x09
    .byte 0x51, 0x09, 0x51, 0x09, 0x51, 0x09, 0x51, 0x09, 0x51, 0x09, 0x51, 0x09, 0x51, 0x09, 0x51, 0x09, 0x51, 0x09, 0x51, 0x09, 0x51, 0x09, 0x51, 0x09, 0x51, 0x11, 0x11, 0x11, 0x11, 0x11, 0x11, 0x11
    .byte 0x51, 0x09, 0x51, 0x09, 0x11, 0x11, 0x11, 0x11, 0x52, 0x52, 0x52, 0x52, 0x52, 0x52, 0x52, 0x52, 0x52, 0x52, 0x52, 0x52, 0x52, 0x52, 0x52, 0x52, 0x52, 0x52, 0x52, 0x09, 0x51, 0x09, 0x51, 0x09
    .byte 0x51, 0x09, 0x51, 0x09, 0x51, 0x09, 0x51, 0x09, 0x51, 0x09, 0x51, 0x09, 0x51, 0x09, 0x51, 0x09, 0x51, 0x09, 0x51, 0x09, 0x51, 0x09, 0x08, 0x08, 0x08, 0x08, 0x08, 0x08, 0x08, 0x08, 0x08, 0x08
    .byte 0x09, 0x09, 0x09, 0x09, 0x09, 0x09, 0x09, 0x09, 0x09, 0x09, 0x09, 0x09, 0x09, 0x09, 0x09, 0x09, 0x09, 0x09, 0x09, 0x09, 0x09, 0x09, 0x09, 0x09, 0x09, 0x09, 0x09, 0x09, 0x09, 0x09, 0x09, 0x09
    .byte 0x09, 0x09, 0x09, 0x09, 0x09, 0x09, 0x09, 0x09, 0x09, 0x09, 0x09, 0x09, 0x09, 0x09, 0x09, 0x09, 0x09, 0x09, 0x09, 0x09, 0x09, 0x09, 0x09, 0x09, 0x09, 0x09, 0x09, 0x09, 0x09, 0x09, 0x09, 0x09
    .byte 0x09, 0x09, 0x09, 0x09, 0x09, 0x09, 0x09, 0x09, 0x09, 0x09, 0x09, 0x09, 0x09, 0x09, 0x09, 0x09, 0x09, 0x09, 0x09, 0x09, 0x09, 0x09, 0x09, 0x09, 0x09, 0x09, 0x09, 0x09, 0x09, 0x09, 0x09, 0x09
    .byte 0x09, 0x09, 0x09, 0x09, 0x09, 0x09, 0x09, 0x09, 0x09, 0x09, 0x09, 0x09, 0x09, 0x09, 0x09, 0x09, 0x09, 0x09, 0x09, 0x09, 0x09, 0x09, 0x09, 0x09, 0x09, 0x09, 0x09, 0x09, 0x09, 0x09, 0x09, 0x09
    .byte 0x09, 0x09, 0x09, 0x09, 0x09, 0x09, 0x09, 0x09, 0x09, 0x09, 0x09, 0x09, 0x09, 0x09, 0x09, 0x09, 0x09, 0x09, 0x09, 0x09, 0x09, 0x09, 0x09, 0x09, 0x09, 0x09, 0x09, 0x09, 0x09, 0x09, 0x09, 0x09
    .byte 0x09, 0x09, 0x09, 0x09, 0x09, 0x09, 0x09, 0x09, 0x09, 0x09, 0x09, 0x09, 0x09, 0x09, 0x09, 0x09, 0x09, 0x09, 0x09, 0x09, 0x09, 0x09, 0x09, 0x09, 0x09, 0x09, 0x09, 0x09, 0x09, 0x09, 0x09, 0x09
    .byte 0x09, 0x09, 0x09, 0x09, 0x09, 0x09, 0x09, 0x09, 0x09, 0x09, 0x09, 0x09, 0x09, 0x09, 0x09, 0x09, 0x09, 0x09, 0x09, 0x09, 0x09, 0x09, 0x09, 0x09, 0x09, 0x09, 0x09, 0x09, 0x09, 0x09, 0x09, 0x09
    .byte 0x09, 0x09, 0x09, 0x09, 0x09, 0x09, 0x09, 0x09, 0x09, 0x09, 0x09, 0x09, 0x09, 0x09, 0x09, 0x09, 0x09, 0x09, 0x09, 0x09, 0x09, 0x09, 0x09, 0x09, 0x09, 0x11, 0x11, 0x11, 0x11, 0x11, 0x11, 0x11
    .byte 0x09, 0x09, 0x09, 0x09, 0x11, 0x11, 0x11, 0x11, 0x52, 0x52, 0x52, 0x52, 0x52, 0x52, 0x52, 0x52, 0x52, 0x52, 0x52, 0x52, 0x52, 0x52, 0x52, 0x52, 0x52, 0x52, 0x52, 0x09, 0x09, 0x09, 0x09, 0x09
    .byte 0x09, 0x09, 0x09, 0x09, 0x09, 0x09, 0x09, 0x09, 0x09, 0x09, 0x09, 0x09, 0x09, 0x09, 0x09, 0x09, 0x09, 0x09, 0x09, 0x09, 0x09, 0x09, 0x08, 0x08, 0x08, 0x08, 0x08, 0x08, 0x08, 0x08, 0x08, 0x08
    .byte 0x09, 0x09, 0x09, 0x09, 0x09, 0x09, 0x09, 0x09, 0x09, 0x09, 0x51, 0x09, 0x51, 0x09, 0x51, 0x09, 0x51, 0x09, 0x51, 0x09, 0x51, 0x09, 0x51, 0x09, 0x51, 0x09, 0x51, 0x09, 0x51, 0x09, 0x51, 0x09
    .byte 0x51, 0x09, 0x51, 0x09, 0x51, 0x09, 0x51, 0x09, 0x51, 0x09, 0x51, 0x09, 0x51, 0x09, 0x51, 0x09, 0x51, 0x09, 0x51, 0x09, 0x51, 0x09, 0x51, 0x09, 0x51, 0x09, 0x51, 0x09, 0x51, 0x09, 0x51, 0x09
    .byte 0x51, 0x09, 0x51, 0x09, 0x51, 0x09, 0x51, 0x09, 0x51, 0x09, 0x51, 0x09, 0x51, 0x09, 0x51, 0x09, 0x51, 0x09, 0x51, 0x09, 0x51, 0x09, 0x51, 0x09, 0x51, 0x09, 0x51, 0x09, 0x51, 0x09, 0x51, 0x09
    .byte 0x51, 0x09, 0x51, 0x09, 0x51, 0x09, 0x51, 0x09, 0x51, 0x09, 0x51, 0x09, 0x51, 0x09, 0x51, 0x09, 0x51, 0x09, 0x51, 0x09, 0x51, 0x09, 0x51, 0x09, 0x51, 0x09, 0x51, 0x09, 0x51, 0x09, 0x51, 0x09
    .byte 0x51, 0x09, 0x51, 0x09, 0x51, 0x09, 0x51, 0x09, 0x51, 0x09, 0x51, 0x09, 0x51, 0x09, 0x51, 0x09, 0x51, 0x09, 0x51, 0x09, 0x51, 0x09, 0x51, 0x09, 0x51, 0x09, 0x51, 0x09, 0x51, 0x09, 0x51, 0x09
    .byte 0x51, 0x09, 0x51, 0x09, 0x51, 0x09, 0x51, 0x09, 0x51, 0x09, 0x51, 0x09, 0x51, 0x09, 0x51, 0x09, 0x51, 0x09, 0x51, 0x09, 0x51, 0x09, 0x51, 0x09, 0x51, 0x09, 0x51, 0x09, 0x51, 0x09, 0x51, 0x09
    .byte 0x51, 0x09, 0x51, 0x09, 0x51, 0x09, 0x51, 0x09, 0x51, 0x09, 0x51, 0x09, 0x51, 0x09, 0x51, 0x09, 0x51, 0x09, 0x51, 0x09, 0x51, 0x09, 0x51, 0x09, 0x51, 0x09, 0x51, 0x09, 0x51, 0x09, 0x51, 0x09
    .byte 0x51, 0x09, 0x51, 0x09, 0x51, 0x09, 0x51, 0x09, 0x51, 0x09, 0x51, 0x09, 0x51, 0x09, 0x51, 0x09, 0x51, 0x09, 0x51, 0x09, 0x51, 0x09, 0x51, 0x09, 0x51, 0x11, 0x11, 0x11, 0x11, 0x11, 0x11, 0x11
    .byte 0x51, 0x09, 0x51, 0x09, 0x11, 0x11, 0x11, 0x11, 0x52, 0x52, 0x52, 0x52, 0x52, 0x52, 0x52, 0x52, 0x52, 0x52, 0x52, 0x52, 0x52, 0x52, 0x52, 0x52, 0x52, 0x52, 0x52, 0x09, 0x51, 0x09, 0x51, 0x09
    .byte 0x51, 0x09, 0x51, 0x09, 0x51, 0x09, 0x51, 0x09, 0x51, 0x09, 0x51, 0x09, 0x51, 0x09, 0x51, 0x09, 0x51, 0x09, 0x51, 0x09, 0x51, 0x09, 0x08, 0x08, 0x08, 0x08, 0x08, 0x08, 0x08, 0x08, 0x08, 0x08
    .byte 0x09, 0x09, 0x09, 0x09, 0x09, 0x09, 0x09, 0x09, 0x09, 0x09, 0x09, 0x09, 0x09, 0x09, 0x09, 0x09, 0x09, 0x09, 0x09, 0x09, 0x09, 0x09, 0x09, 0x09, 0x09, 0x09, 0x09, 0x09, 0x09, 0x09, 0x09, 0x09
    .byte 0x09, 0x09, 0x09, 0x09, 0x09, 0x09, 0x09, 0x09, 0x09, 0x09, 0x09, 0x09, 0x09, 0x09, 0x09, 0x09, 0x09, 0x09, 0x09, 0x09, 0x09, 0x09, 0x09, 0x09, 0x09, 0x09, 0x09, 0x09, 0x09, 0x09, 0x09, 0x09
    .byte 0x09, 0x09, 0x09, 0x09, 0x09, 0x09, 0x09, 0x09, 0x09, 0x09, 0x09, 0x09, 0x09, 0x09, 0x09, 0x09, 0x09, 0x09, 0x09, 0x09, 0x09, 0x09, 0x09, 0x09, 0x09, 0x09, 0x09, 0x09, 0x09, 0x09, 0x09, 0x09
    .byte 0x09, 0x09, 0x09, 0x09, 0x09, 0x09, 0x09, 0x09, 0x09, 0x09, 0x09, 0x09, 0x09, 0x09, 0x09, 0x09, 0x09, 0x09, 0x09, 0x09, 0x09, 0x09, 0x09, 0x09, 0x09, 0x09, 0x09, 0x09, 0x09, 0x09, 0x09, 0x09
    .byte 0x09, 0x09, 0x09, 0x09, 0x09, 0x09, 0x09, 0x09, 0x09, 0x09, 0x09, 0x09, 0x09, 0x09, 0x09, 0x09, 0x09, 0x09, 0x09, 0x09, 0x09, 0x09, 0x09, 0x09, 0x09, 0x09, 0x09, 0x09, 0x09, 0x09, 0x09, 0x09
    .byte 0x09, 0x09, 0x09, 0x09, 0x09, 0x09, 0x09, 0x09, 0x09, 0x09, 0x09, 0x09, 0x09, 0x09, 0x09, 0x09, 0x09, 0x09, 0x09, 0x09, 0x09, 0x09, 0x09, 0x09, 0x09, 0x09, 0x09, 0x09, 0x09, 0x09, 0x09, 0x09
    .byte 0x09, 0x09, 0x09, 0x09, 0x09, 0x09, 0x09, 0x09, 0x09, 0x09, 0x09, 0x09, 0x09, 0x09, 0x09, 0x09, 0x09, 0x09, 0x09, 0x09, 0x09, 0x09, 0x09, 0x09, 0x09, 0x09, 0x09, 0x09, 0x09, 0x09, 0x09, 0x09
    .byte 0x09, 0x09, 0x09, 0x09, 0x09, 0x09, 0x09, 0x09, 0x09, 0x09, 0x09, 0x09, 0x09, 0x09, 0x09, 0x09, 0x09, 0x09, 0x09, 0x09, 0x09, 0x09, 0x09, 0x09, 0x09, 0x11, 0x11, 0x11, 0x11, 0x09, 0x09, 0x09
    .byte 0x52, 0x52, 0x52, 0x52, 0x52, 0x52, 0x52, 0x52, 0x5A, 0x5A, 0x5A, 0x5A, 0x11, 0x11, 0x11, 0x11, 0x11, 0x11, 0x11, 0x52, 0x52, 0x52, 0x52, 0x52, 0x52, 0x52, 0x52, 0x52, 0x52, 0x52, 0x11, 0x11
    .byte 0x11, 0x11, 0x11, 0x11, 0x11, 0x11, 0x09, 0x09, 0x09, 0x09, 0x09, 0x09, 0x09, 0x09, 0x09, 0x09, 0x09, 0x09, 0x09, 0x09, 0x09, 0x09, 0x08, 0x08, 0x08, 0x08, 0x08, 0x08, 0x08, 0x08, 0x08, 0x08
    .byte 0x09, 0x09, 0x09, 0x09, 0x09, 0x09, 0x09, 0x09, 0x09, 0x09, 0x51, 0x09, 0x51, 0x09, 0x51, 0x09, 0x51, 0x09, 0x51, 0x09, 0x51, 0x09, 0x51, 0x09, 0x51, 0x09, 0x51, 0x09, 0x51, 0x09, 0x51, 0x09
    .byte 0x51, 0x09, 0x51, 0x09, 0x51, 0x09, 0x51, 0x09, 0x51, 0x09, 0x51, 0x09, 0x51, 0x09, 0x51, 0x09, 0x51, 0x09, 0x51, 0x09, 0x51, 0x09, 0x51, 0x09, 0x51, 0x09, 0x51, 0x09, 0x51, 0x09, 0x51, 0x09
    .byte 0x51, 0x09, 0x51, 0x09, 0x51, 0x09, 0x51, 0x09, 0x51, 0x09, 0x51, 0x09, 0x51, 0x09, 0x51, 0x09, 0x51, 0x09, 0x51, 0x09, 0x51, 0x09, 0x51, 0x09, 0x51, 0x09, 0x51, 0x09, 0x51, 0x09, 0x51, 0x09
    .byte 0x51, 0x09, 0x51, 0x09, 0x51, 0x09, 0x51, 0x09, 0x51, 0x09, 0x51, 0x09, 0x51, 0x09, 0x51, 0x09, 0x51, 0x09, 0x51, 0x09, 0x51, 0x09, 0x51, 0x09, 0x51, 0x09, 0x51, 0x09, 0x51, 0x09, 0x51, 0x09
    .byte 0x51, 0x09, 0x51, 0x09, 0x51, 0x09, 0x51, 0x09, 0x51, 0x09, 0x51, 0x09, 0x51, 0x09, 0x51, 0x09, 0x51, 0x09, 0x51, 0x09, 0x51, 0x09, 0x51, 0x09, 0x51, 0x09, 0x51, 0x09, 0x51, 0x09, 0x51, 0x09
    .byte 0x51, 0x09, 0x51, 0x09, 0x51, 0x09, 0x51, 0x09, 0x51, 0x09, 0x51, 0x09, 0x51, 0x09, 0x51, 0x09, 0x51, 0x09, 0x51, 0x09, 0x51, 0x09, 0x51, 0x09, 0x51, 0x09, 0x51, 0x09, 0x51, 0x09, 0x51, 0x09
    .byte 0x51, 0x09, 0x51, 0x09, 0x51, 0x09, 0x51, 0x09, 0x51, 0x09, 0x51, 0x09, 0x51, 0x09, 0x51, 0x09, 0x51, 0x09, 0x51, 0x09, 0x51, 0x09, 0x51, 0x09, 0x51, 0x09, 0x51, 0x09, 0x51, 0x09, 0x51, 0x09
    .byte 0x51, 0x09, 0x51, 0x09, 0x51, 0x09, 0x51, 0x09, 0x51, 0x09, 0x51, 0x09, 0x51, 0x09, 0x51, 0x09, 0x51, 0x09, 0x51, 0x09, 0x51, 0x09, 0x51, 0x09, 0x51, 0x11, 0x11, 0x11, 0x11, 0x09, 0x51, 0x09
    .byte 0x52, 0x52, 0x52, 0x52, 0x52, 0x52, 0x52, 0x52, 0x5A, 0x5A, 0x5A, 0x5A, 0x11, 0x11, 0x11, 0x11, 0x11, 0x11, 0x11, 0x52, 0x52, 0x52, 0x52, 0x52, 0x52, 0x52, 0x52, 0x52, 0x52, 0x52, 0x11, 0x11
    .byte 0x11, 0x11, 0x11, 0x11, 0x11, 0x11, 0x51, 0x09, 0x51, 0x09, 0x51, 0x09, 0x51, 0x09, 0x51, 0x09, 0x51, 0x09, 0x51, 0x09, 0x51, 0x09, 0x08, 0x08, 0x08, 0x08, 0x08, 0x08, 0x08, 0x08, 0x08, 0x08
    .byte 0x09, 0x09, 0x09, 0x09, 0x09, 0x09, 0x09, 0x09, 0x09, 0x09, 0x09, 0x09, 0x09, 0x09, 0x09, 0x09, 0x09, 0x09, 0x09, 0x09, 0x09, 0x09, 0x09, 0x09, 0x09, 0x09, 0x09, 0x09, 0x09, 0x09, 0x09, 0x09
    .byte 0x09, 0x09, 0x09, 0x09, 0x09, 0x09, 0x09, 0x09, 0x09, 0x09, 0x09, 0x09, 0x09, 0x09, 0x09, 0x09, 0x09, 0x09, 0x09, 0x09, 0x09, 0x09, 0x09, 0x09, 0x09, 0x09, 0x09, 0x09, 0x09, 0x09, 0x09, 0x09
    .byte 0x09, 0x09, 0x09, 0x09, 0x09, 0x09, 0x09, 0x09, 0x09, 0x09, 0x09, 0x09, 0x09, 0x09, 0x09, 0x09, 0x09, 0x09, 0x09, 0x09, 0x09, 0x09, 0x09, 0x09, 0x09, 0x09, 0x09, 0x09, 0x09, 0x09, 0x09, 0x09
    .byte 0x09, 0x09, 0x09, 0x09, 0x09, 0x09, 0x09, 0x09, 0x09, 0x09, 0x09, 0x09, 0x09, 0x09, 0x09, 0x09, 0x09, 0x09, 0x09, 0x09, 0x09, 0x09, 0x09, 0x09, 0x09, 0x09, 0x09, 0x09, 0x09, 0x09, 0x09, 0x09
    .byte 0x09, 0x09, 0x09, 0x09, 0x09, 0x09, 0x09, 0x09, 0x09, 0x09, 0x09, 0x09, 0x09, 0x09, 0x09, 0x09, 0x09, 0x09, 0x09, 0x09, 0x09, 0x09, 0x09, 0x09, 0x09, 0x09, 0x09, 0x09, 0x09, 0x09, 0x09, 0x09
    .byte 0x09, 0x09, 0x09, 0x09, 0x09, 0x09, 0x09, 0x09, 0x09, 0x09, 0x09, 0x09, 0x09, 0x09, 0x09, 0x09, 0x09, 0x09, 0x09, 0x09, 0x09, 0x09, 0x09, 0x09, 0x09, 0x09, 0x09, 0x09, 0x09, 0x09, 0x09, 0x09
    .byte 0x09, 0x09, 0x09, 0x09, 0x09, 0x09, 0x09, 0x09, 0x09, 0x09, 0x09, 0x09, 0x09, 0x09, 0x09, 0x09, 0x09, 0x09, 0x09, 0x09, 0x09, 0x09, 0x09, 0x09, 0x09, 0x09, 0x09, 0x09, 0x09, 0x09, 0x09, 0x09
    .byte 0x09, 0x09, 0x09, 0x09, 0x09, 0x09, 0x09, 0x09, 0x09, 0x09, 0x09, 0x09, 0x09, 0x09, 0x09, 0x09, 0x09, 0x09, 0x09, 0x09, 0x09, 0x09, 0x09, 0x09, 0x09, 0x11, 0x11, 0x11, 0x11, 0x09, 0x09, 0x09
    .byte 0x52, 0x52, 0x52, 0x52, 0x52, 0x52, 0x52, 0x52, 0x5A, 0x5A, 0x5A, 0x5A, 0x11, 0x11, 0x11, 0x11, 0x11, 0x11, 0x11, 0x52, 0x52, 0x52, 0x52, 0x52, 0x52, 0x52, 0x52, 0x52, 0x52, 0x52, 0x11, 0x11
    .byte 0x11, 0x11, 0x11, 0x11, 0x11, 0x11, 0x09, 0x09, 0x09, 0x09, 0x09, 0x09, 0x09, 0x09, 0x09, 0x09, 0x09, 0x09, 0x09, 0x09, 0x09, 0x09, 0x08, 0x08, 0x08, 0x08, 0x08, 0x08, 0x08, 0x08, 0x08, 0x08
    .byte 0x09, 0x09, 0x09, 0x09, 0x09, 0x09, 0x09, 0x09, 0x09, 0x09, 0x51, 0x09, 0x51, 0x09, 0x51, 0x09, 0x51, 0x09, 0x51, 0x09, 0x51, 0x09, 0x51, 0x09, 0x51, 0x09, 0x51, 0x09, 0x51, 0x09, 0x51, 0x09
    .byte 0x51, 0x09, 0x51, 0x09, 0x51, 0x09, 0x51, 0x09, 0x51, 0x09, 0x51, 0x09, 0x51, 0x09, 0x51, 0x09, 0x51, 0x09, 0x51, 0x09, 0x51, 0x09, 0x51, 0x09, 0x51, 0x09, 0x51, 0x09, 0x51, 0x09, 0x51, 0x09
    .byte 0x51, 0x09, 0x51, 0x09, 0x51, 0x09, 0x51, 0x09, 0x51, 0x09, 0x51, 0x09, 0x51, 0x09, 0x51, 0x09, 0x51, 0x09, 0x51, 0x09, 0x51, 0x09, 0x51, 0x09, 0x51, 0x09, 0x51, 0x09, 0x51, 0x09, 0x51, 0x09
    .byte 0x51, 0x09, 0x51, 0x09, 0x51, 0x09, 0x51, 0x09, 0x51, 0x09, 0x51, 0x09, 0x51, 0x09, 0x51, 0x09, 0x51, 0x09, 0x51, 0x09, 0x51, 0x09, 0x51, 0x09, 0x51, 0x09, 0x51, 0x09, 0x51, 0x09, 0x51, 0x09
    .byte 0x51, 0x09, 0x51, 0x09, 0x51, 0x09, 0x51, 0x09, 0x51, 0x09, 0x51, 0x09, 0x51, 0x09, 0x51, 0x09, 0x51, 0x09, 0x51, 0x09, 0x51, 0x09, 0x51, 0x09, 0x51, 0x09, 0x51, 0x09, 0x51, 0x09, 0x51, 0x09
    .byte 0x51, 0x09, 0x51, 0x09, 0x51, 0x09, 0x51, 0x09, 0x51, 0x09, 0x51, 0x09, 0x51, 0x09, 0x51, 0x09, 0x51, 0x09, 0x51, 0x09, 0x51, 0x09, 0x51, 0x09, 0x51, 0x09, 0x51, 0x09, 0x51, 0x09, 0x51, 0x09
    .byte 0x51, 0x09, 0x51, 0x09, 0x51, 0x09, 0x51, 0x09, 0x51, 0x09, 0x51, 0x09, 0x51, 0x09, 0x51, 0x09, 0x51, 0x09, 0x51, 0x09, 0x51, 0x09, 0x51, 0x09, 0x51, 0x09, 0x51, 0x09, 0x51, 0x09, 0x51, 0x09
    .byte 0x51, 0x09, 0x51, 0x09, 0x51, 0x09, 0x51, 0x09, 0x51, 0x09, 0x51, 0x09, 0x51, 0x09, 0x51, 0x09, 0x51, 0x09, 0x51, 0x09, 0x51, 0x09, 0x51, 0x09, 0x51, 0x11, 0x11, 0x11, 0x11, 0x09, 0x51, 0x09
    .byte 0x52, 0x52, 0x52, 0x52, 0x52, 0x52, 0x52, 0x52, 0x5A, 0x5A, 0x5A, 0x5A, 0x11, 0x11, 0x11, 0x11, 0x11, 0x11, 0x11, 0x52, 0x52, 0x52, 0x52, 0x52, 0x52, 0x52, 0x52, 0x52, 0x52, 0x52, 0x11, 0x11
    .byte 0x11, 0x11, 0x11, 0x11, 0x11, 0x11, 0x51, 0x09, 0x51, 0x09, 0x51, 0x09, 0x51, 0x09, 0x51, 0x09, 0x51, 0x09, 0x51, 0x09, 0x51, 0x09, 0x08, 0x08, 0x08, 0x08, 0x08, 0x08, 0x08, 0x08, 0x08, 0x08
    .byte 0x09, 0x09, 0x09, 0x09, 0x09, 0x09, 0x09, 0x09, 0x09, 0x09, 0x09, 0x09, 0x09, 0x09, 0x09, 0x09, 0x09, 0x09, 0x09, 0x09, 0x09, 0x09, 0x09, 0x09, 0x09, 0x09, 0x09, 0x09, 0x09, 0x09, 0x09, 0x09
    .byte 0x09, 0x09, 0x09, 0x09, 0x09, 0x09, 0x09, 0x09, 0x09, 0x09, 0x09, 0x09, 0x09, 0x09, 0x09, 0x09, 0x09, 0x09, 0x09, 0x09, 0x09, 0x09, 0x09, 0x09, 0x09, 0x09, 0x09, 0x09, 0x09, 0x09, 0x09, 0x09
    .byte 0x09, 0x09, 0x09, 0x09, 0x09, 0x09, 0x09, 0x09, 0x09, 0x09, 0x09, 0x09, 0x09, 0x09, 0x09, 0x09, 0x09, 0x09, 0x09, 0x09, 0x09, 0x09, 0x09, 0x09, 0x09, 0x09, 0x09, 0x09, 0x09, 0x09, 0x09, 0x09
    .byte 0x09, 0x09, 0x09, 0x09, 0x09, 0x09, 0x09, 0x09, 0x09, 0x09, 0x09, 0x09, 0x09, 0x09, 0x09, 0x09, 0x09, 0x09, 0x09, 0x09, 0x09, 0x09, 0x09, 0x09, 0x09, 0x09, 0x09, 0x09, 0x09, 0x09, 0x09, 0x09
    .byte 0x09, 0x09, 0x09, 0x09, 0x09, 0x09, 0x09, 0x09, 0x09, 0x09, 0x09, 0x09, 0x09, 0x09, 0x09, 0x09, 0x09, 0x09, 0x09, 0x09, 0x09, 0x09, 0x09, 0x09, 0x09, 0x09, 0x09, 0x09, 0x09, 0x09, 0x09, 0x09
    .byte 0x09, 0x09, 0x09, 0x09, 0x09, 0x09, 0x09, 0x09, 0x09, 0x09, 0x09, 0x09, 0x09, 0x09, 0x09, 0x09, 0x09, 0x09, 0x09, 0x09, 0x09, 0x09, 0x09, 0x09, 0x09, 0x09, 0x09, 0x09, 0x09, 0x09, 0x09, 0x09
    .byte 0x09, 0x09, 0x09, 0x09, 0x09, 0x09, 0x09, 0x09, 0x09, 0x09, 0x09, 0x09, 0x09, 0x09, 0x09, 0x09, 0x09, 0x09, 0x09, 0x09, 0x09, 0x09, 0x09, 0x09, 0x09, 0x09, 0x09, 0x09, 0x09, 0x09, 0x09, 0x09
    .byte 0x09, 0x09, 0x09, 0x09, 0x09, 0x09, 0x09, 0x09, 0x09, 0x09, 0x09, 0x09, 0x09, 0x09, 0x09, 0x09, 0x09, 0x09, 0x09, 0x09, 0x09, 0x09, 0x09, 0x09, 0x09, 0x09, 0x09, 0x09, 0x09, 0x09, 0x09, 0x09
    .byte 0x11, 0x11, 0x11, 0x11, 0x52, 0x52, 0x52, 0x52, 0x11, 0x11, 0x11, 0x11, 0x11, 0x11, 0x11, 0x52, 0x52, 0x52, 0x52, 0x52, 0x52, 0x52, 0x52, 0x52, 0x52, 0x52, 0x52, 0x52, 0x52, 0x52, 0x11, 0x11
    .byte 0x11, 0x11, 0x11, 0x11, 0x11, 0x11, 0x09, 0x09, 0x09, 0x09, 0x09, 0x09, 0x09, 0x09, 0x09, 0x09, 0x09, 0x09, 0x09, 0x09, 0x09, 0x09, 0x08, 0x08, 0x08, 0x08, 0x08, 0x08, 0x08, 0x08, 0x08, 0x08
    .byte 0x09, 0x09, 0x09, 0x09, 0x09, 0x09, 0x09, 0x09, 0x09, 0x09, 0x51, 0x09, 0x51, 0x09, 0x51, 0x09, 0x51, 0x09, 0x51, 0x09, 0x51, 0x09, 0x51, 0x09, 0x51, 0x09, 0x51, 0x09, 0x51, 0x09, 0x51, 0x09
    .byte 0x51, 0x09, 0x51, 0x09, 0x51, 0x09, 0x51, 0x09, 0x51, 0x09, 0x51, 0x09, 0x51, 0x09, 0x51, 0x09, 0x51, 0x09, 0x51, 0x09, 0x51, 0x09, 0x51, 0x09, 0x51, 0x09, 0x51, 0x09, 0x51, 0x09, 0x51, 0x09
    .byte 0x51, 0x09, 0x51, 0x09, 0x51, 0x09, 0x51, 0x09, 0x51, 0x09, 0x51, 0x09, 0x51, 0x09, 0x51, 0x09, 0x51, 0x09, 0x51, 0x09, 0x51, 0x09, 0x51, 0x09, 0x51, 0x09, 0x51, 0x09, 0x51, 0x09, 0x51, 0x09
    .byte 0x51, 0x09, 0x51, 0x09, 0x51, 0x09, 0x51, 0x09, 0x51, 0x09, 0x51, 0x09, 0x51, 0x09, 0x51, 0x09, 0x51, 0x09, 0x51, 0x09, 0x51, 0x09, 0x51, 0x09, 0x51, 0x09, 0x51, 0x09, 0x51, 0x09, 0x51, 0x09
    .byte 0x51, 0x09, 0x51, 0x09, 0x51, 0x09, 0x51, 0x09, 0x51, 0x09, 0x51, 0x09, 0x51, 0x09, 0x51, 0x09, 0x51, 0x09, 0x51, 0x09, 0x51, 0x09, 0x51, 0x09, 0x51, 0x09, 0x51, 0x09, 0x51, 0x09, 0x51, 0x09
    .byte 0x51, 0x09, 0x51, 0x09, 0x51, 0x09, 0x51, 0x09, 0x51, 0x09, 0x51, 0x09, 0x51, 0x09, 0x51, 0x09, 0x51, 0x09, 0x51, 0x09, 0x51, 0x09, 0x51, 0x09, 0x51, 0x09, 0x51, 0x09, 0x51, 0x09, 0x51, 0x09
    .byte 0x51, 0x09, 0x51, 0x09, 0x51, 0x09, 0x51, 0x09, 0x51, 0x09, 0x51, 0x09, 0x51, 0x09, 0x51, 0x09, 0x51, 0x09, 0x51, 0x09, 0x51, 0x09, 0x51, 0x09, 0x51, 0x09, 0x51, 0x09, 0x51, 0x09, 0x51, 0x09
    .byte 0x51, 0x09, 0x51, 0x09, 0x51, 0x09, 0x51, 0x09, 0x51, 0x09, 0x51, 0x09, 0x51, 0x09, 0x51, 0x09, 0x51, 0x09, 0x51, 0x09, 0x51, 0x09, 0x51, 0x09, 0x51, 0x09, 0x51, 0x09, 0x51, 0x09, 0x51, 0x09
    .byte 0x11, 0x11, 0x11, 0x11, 0x52, 0x52, 0x52, 0x52, 0x11, 0x11, 0x11, 0x11, 0x11, 0x11, 0x11, 0x52, 0x52, 0x52, 0x52, 0x52, 0x52, 0x52, 0x52, 0x52, 0x52, 0x52, 0x52, 0x52, 0x52, 0x52, 0x11, 0x11
    .byte 0x11, 0x11, 0x11, 0x11, 0x11, 0x11, 0x51, 0x09, 0x51, 0x09, 0x51, 0x09, 0x51, 0x09, 0x51, 0x09, 0x51, 0x09, 0x51, 0x09, 0x51, 0x09, 0x08, 0x08, 0x08, 0x08, 0x08, 0x08, 0x08, 0x08, 0x08, 0x08
    .byte 0x08, 0x08, 0x08, 0x08, 0x08, 0x08, 0x08, 0x08, 0x08, 0x08, 0x09, 0x09, 0x09, 0x09, 0x09, 0x09, 0x09, 0x09, 0x09, 0x09, 0x09, 0x09, 0x09, 0x09, 0x09, 0x09, 0x09, 0x09, 0x09, 0x09, 0x09, 0x09
    .byte 0x09, 0x09, 0x09, 0x09, 0x09, 0x09, 0x09, 0x09, 0x09, 0x09, 0x09, 0x09, 0x09, 0x09, 0x09, 0x09, 0x09, 0x09, 0x09, 0x09, 0x09, 0x09, 0x09, 0x09, 0x09, 0x09, 0x09, 0x09, 0x09, 0x09, 0x09, 0x09
    .byte 0x09, 0x09, 0x09, 0x09, 0x09, 0x09, 0x09, 0x09, 0x09, 0x09, 0x09, 0x09, 0x09, 0x09, 0x09, 0x09, 0x09, 0x09, 0x09, 0x09, 0x09, 0x09, 0x09, 0x09, 0x09, 0x09, 0x09, 0x09, 0x09, 0x09, 0x09, 0x09
    .byte 0x09, 0x09, 0x09, 0x09, 0x09, 0x09, 0x09, 0x09, 0x09, 0x09, 0x09, 0x09, 0x09, 0x09, 0x09, 0x09, 0x09, 0x09, 0x09, 0x09, 0x09, 0x09, 0x09, 0x09, 0x09, 0x09, 0x09, 0x09, 0x09, 0x09, 0x09, 0x09
    .byte 0x09, 0x09, 0x09, 0x09, 0x09, 0x09, 0x09, 0x09, 0x09, 0x09, 0x09, 0x09, 0x09, 0x09, 0x09, 0x09, 0x09, 0x09, 0x09, 0x09, 0x09, 0x09, 0x09, 0x09, 0x09, 0x09, 0x09, 0x09, 0x09, 0x09, 0x09, 0x09
    .byte 0x09, 0x09, 0x09, 0x09, 0x09, 0x09, 0x09, 0x09, 0x09, 0x09, 0x09, 0x09, 0x09, 0x09, 0x09, 0x09, 0x09, 0x09, 0x09, 0x09, 0x09, 0x09, 0x09, 0x09, 0x09, 0x09, 0x09, 0x09, 0x09, 0x09, 0x09, 0x09
    .byte 0x09, 0x09, 0x09, 0x09, 0x09, 0x09, 0x09, 0x09, 0x09, 0x09, 0x09, 0x09, 0x09, 0x09, 0x09, 0x09, 0x09, 0x09, 0x09, 0x09, 0x09, 0x09, 0x09, 0x09, 0x09, 0x09, 0x09, 0x09, 0x09, 0x09, 0x09, 0x09
    .byte 0x09, 0x09, 0x09, 0x09, 0x09, 0x09, 0x09, 0x09, 0x09, 0x09, 0x09, 0x09, 0x09, 0x09, 0x09, 0x09, 0x09, 0x09, 0x09, 0x09, 0x09, 0x09, 0x09, 0x09, 0x09, 0x09, 0x09, 0x09, 0x09, 0x09, 0x09, 0x09
    .byte 0x11, 0x11, 0x11, 0x11, 0x52, 0x52, 0x52, 0x52, 0x11, 0x11, 0x11, 0x11, 0x11, 0x11, 0x11, 0x52, 0x52, 0x52, 0x52, 0x52, 0x52, 0x52, 0x52, 0x52, 0x52, 0x52, 0x52, 0x52, 0x52, 0x52, 0x11, 0x11
    .byte 0x11, 0x11, 0x11, 0x11, 0x11, 0x11, 0x09, 0x09, 0x09, 0x09, 0x09, 0x09, 0x09, 0x09, 0x09, 0x09, 0x09, 0x09, 0x09, 0x09, 0x09, 0x09, 0x08, 0x08, 0x08, 0x08, 0x08, 0x08, 0x08, 0x08, 0x08, 0x08
    .byte 0x08, 0x08, 0x08, 0x08, 0x08, 0x08, 0x08, 0x08, 0x08, 0x08, 0x51, 0x09, 0x51, 0x09, 0x51, 0x09, 0x51, 0x09, 0x51, 0x09, 0x51, 0x09, 0x51, 0x09, 0x51, 0x09, 0x51, 0x09, 0x51, 0x09, 0x51, 0x09
    .byte 0x51, 0x09, 0x51, 0x09, 0x51, 0x09, 0x51, 0x09, 0x51, 0x09, 0x51, 0x09, 0x51, 0x09, 0x51, 0x09, 0x51, 0x09, 0x51, 0x09, 0x51, 0x09, 0x51, 0x09, 0x51, 0x09, 0x51, 0x09, 0x51, 0x09, 0x51, 0x09
    .byte 0x51, 0x09, 0x51, 0x09, 0x51, 0x09, 0x51, 0x09, 0x51, 0x09, 0x51, 0x09, 0x51, 0x09, 0x51, 0x09, 0x51, 0x09, 0x51, 0x09, 0x51, 0x09, 0x51, 0x09, 0x51, 0x09, 0x51, 0x09, 0x51, 0x09, 0x51, 0x09
    .byte 0x51, 0x09, 0x51, 0x09, 0x51, 0x09, 0x51, 0x09, 0x51, 0x09, 0x51, 0x09, 0x51, 0x09, 0x51, 0x09, 0x51, 0x09, 0x51, 0x09, 0x51, 0x09, 0x51, 0x09, 0x51, 0x09, 0x51, 0x09, 0x51, 0x09, 0x51, 0x09
    .byte 0x51, 0x09, 0x51, 0x09, 0x51, 0x09, 0x51, 0x09, 0x51, 0x09, 0x51, 0x09, 0x51, 0x09, 0x51, 0x09, 0x51, 0x09, 0x51, 0x09, 0x51, 0x09, 0x51, 0x09, 0x51, 0x09, 0x51, 0x09, 0x51, 0x09, 0x51, 0x09
    .byte 0x51, 0x09, 0x51, 0x09, 0x51, 0x09, 0x51, 0x09, 0x51, 0x09, 0x51, 0x09, 0x51, 0x09, 0x51, 0x09, 0x51, 0x09, 0x51, 0x09, 0x51, 0x09, 0x51, 0x09, 0x51, 0x09, 0x51, 0x09, 0x51, 0x09, 0x51, 0x09
    .byte 0x51, 0x09, 0x51, 0x09, 0x51, 0x09, 0x51, 0x09, 0x51, 0x09, 0x51, 0x09, 0x51, 0x09, 0x51, 0x09, 0x51, 0x09, 0x51, 0x09, 0x51, 0x09, 0x51, 0x09, 0x51, 0x09, 0x51, 0x09, 0x51, 0x09, 0x51, 0x09
    .byte 0x51, 0x09, 0x51, 0x09, 0x51, 0x09, 0x51, 0x09, 0x51, 0x09, 0x51, 0x09, 0x51, 0x09, 0x51, 0x09, 0x51, 0x09, 0x51, 0x09, 0x51, 0x09, 0x51, 0x09, 0x51, 0x09, 0x51, 0x09, 0x51, 0x09, 0x51, 0x09
    .byte 0x11, 0x11, 0x11, 0x11, 0x52, 0x52, 0x52, 0x52, 0x11, 0x11, 0x11, 0x11, 0x11, 0x11, 0x11, 0x52, 0x52, 0x52, 0x52, 0x52, 0x52, 0x52, 0x52, 0x52, 0x52, 0x52, 0x52, 0x52, 0x52, 0x52, 0x11, 0x11
    .byte 0x11, 0x11, 0x11, 0x11, 0x11, 0x11, 0x51, 0x09, 0x51, 0x09, 0x51, 0x09, 0x51, 0x09, 0x51, 0x09, 0x51, 0x09, 0x51, 0x09, 0x51, 0x09, 0x08, 0x08, 0x08, 0x08, 0x08, 0x08, 0x08, 0x08, 0x08, 0x08
    .byte 0x08, 0x08, 0x08, 0x08, 0x08, 0x08, 0x08, 0x08, 0x08, 0x08, 0x09, 0x09, 0x09, 0x09, 0x09, 0x09, 0x09, 0x09, 0x09, 0x09, 0x09, 0x09, 0x09, 0x09, 0x09, 0x09, 0x09, 0x09, 0x09, 0x09, 0x09, 0x09
    .byte 0x09, 0x09, 0x09, 0x09, 0x09, 0x09, 0x09, 0x09, 0x09, 0x09, 0x09, 0x09, 0x09, 0x09, 0x09, 0x09, 0x09, 0x09, 0x09, 0x09, 0x09, 0x09, 0x09, 0x09, 0x09, 0x09, 0x09, 0x09, 0x09, 0x09, 0x09, 0x09
    .byte 0x09, 0x09, 0x09, 0x09, 0x09, 0x09, 0x09, 0x09, 0x09, 0x09, 0x09, 0x09, 0x09, 0x09, 0x09, 0x09, 0x09, 0x09, 0x09, 0x09, 0x09, 0x09, 0x09, 0x09, 0x09, 0x09, 0x09, 0x09, 0x09, 0x09, 0x09, 0x09
    .byte 0x09, 0x09, 0x09, 0x09, 0x09, 0x09, 0x09, 0x09, 0x09, 0x09, 0x09, 0x09, 0x09, 0x09, 0x09, 0x09, 0x09, 0x09, 0x09, 0x09, 0x09, 0x09, 0x09, 0x09, 0x09, 0x09, 0x09, 0x09, 0x09, 0x09, 0x09, 0x09
    .byte 0x09, 0x09, 0x09, 0x09, 0x09, 0x09, 0x09, 0x09, 0x09, 0x09, 0x09, 0x09, 0x09, 0x09, 0x09, 0x09, 0x09, 0x09, 0x09, 0x09, 0x09, 0x09, 0x09, 0x09, 0x09, 0x09, 0x09, 0x09, 0x09, 0x09, 0x09, 0x09
    .byte 0x09, 0x09, 0x09, 0x09, 0x09, 0x09, 0x09, 0x09, 0x09, 0x09, 0x09, 0x09, 0x09, 0x09, 0x09, 0x09, 0x09, 0x09, 0x09, 0x09, 0x09, 0x09, 0x09, 0x09, 0x09, 0x09, 0x09, 0x09, 0x09, 0x09, 0x09, 0x09
    .byte 0x09, 0x09, 0x09, 0x09, 0x09, 0x09, 0x09, 0x09, 0x09, 0x09, 0x09, 0x09, 0x09, 0x09, 0x09, 0x09, 0x09, 0x09, 0x09, 0x09, 0x09, 0x09, 0x09, 0x09, 0x09, 0x09, 0x09, 0x09, 0x09, 0x09, 0x09, 0x09
    .byte 0x09, 0x09, 0x09, 0x09, 0x09, 0x09, 0x09, 0x09, 0x09, 0x09, 0x09, 0x09, 0x09, 0x09, 0x09, 0x09, 0x09, 0x09, 0x09, 0x09, 0x09, 0x09, 0x09, 0x09, 0x09, 0x11, 0x11, 0x11, 0x11, 0x11, 0x11, 0x11
    .byte 0x11, 0x11, 0x11, 0x11, 0x11, 0x11, 0x11, 0x11, 0x52, 0x52, 0x52, 0x52, 0x52, 0x52, 0x52, 0x52, 0x52, 0x52, 0x52, 0x52, 0x52, 0x52, 0x52, 0x5A, 0x5A, 0x5A, 0x5A, 0x52, 0x52, 0x52, 0x52, 0x52
    .byte 0x52, 0x52, 0x11, 0x11, 0x11, 0x11, 0x09, 0x09, 0x09, 0x09, 0x09, 0x09, 0x09, 0x09, 0x09, 0x09, 0x09, 0x09, 0x09, 0x09, 0x09, 0x09, 0x08, 0x08, 0x08, 0x08, 0x08, 0x08, 0x08, 0x08, 0x08, 0x08
    .byte 0x08, 0x08, 0x08, 0x08, 0x08, 0x08, 0x08, 0x08, 0x08, 0x08, 0x51, 0x09, 0x51, 0x09, 0x51, 0x09, 0x51, 0x09, 0x51, 0x09, 0x51, 0x09, 0x51, 0x09, 0x51, 0x09, 0x51, 0x09, 0x51, 0x09, 0x51, 0x09
    .byte 0x51, 0x09, 0x51, 0x09, 0x51, 0x09, 0x51, 0x09, 0x51, 0x09, 0x51, 0x09, 0x51, 0x09, 0x51, 0x09, 0x51, 0x09, 0x51, 0x09, 0x51, 0x09, 0x51, 0x09, 0x51, 0x09, 0x51, 0x09, 0x51, 0x09, 0x51, 0x09
    .byte 0x51, 0x09, 0x51, 0x09, 0x51, 0x09, 0x51, 0x09, 0x51, 0x09, 0x51, 0x09, 0x51, 0x09, 0x51, 0x09, 0x51, 0x09, 0x51, 0x09, 0x51, 0x09, 0x51, 0x09, 0x51, 0x09, 0x51, 0x09, 0x51, 0x09, 0x51, 0x09
    .byte 0x51, 0x09, 0x51, 0x09, 0x51, 0x09, 0x51, 0x09, 0x51, 0x09, 0x51, 0x09, 0x51, 0x09, 0x51, 0x09, 0x51, 0x09, 0x51, 0x09, 0x51, 0x09, 0x51, 0x09, 0x51, 0x09, 0x51, 0x09, 0x51, 0x09, 0x51, 0x09
    .byte 0x51, 0x09, 0x51, 0x09, 0x51, 0x09, 0x51, 0x09, 0x51, 0x09, 0x51, 0x09, 0x51, 0x09, 0x51, 0x09, 0x51, 0x09, 0x51, 0x09, 0x51, 0x09, 0x51, 0x09, 0x51, 0x09, 0x51, 0x09, 0x51, 0x09, 0x51, 0x09
    .byte 0x51, 0x09, 0x51, 0x09, 0x51, 0x09, 0x51, 0x09, 0x51, 0x09, 0x51, 0x09, 0x51, 0x09, 0x51, 0x09, 0x51, 0x09, 0x51, 0x09, 0x51, 0x09, 0x51, 0x09, 0x51, 0x09, 0x51, 0x09, 0x51, 0x09, 0x51, 0x09
    .byte 0x51, 0x09, 0x51, 0x09, 0x51, 0x09, 0x51, 0x09, 0x51, 0x09, 0x51, 0x09, 0x51, 0x09, 0x51, 0x09, 0x51, 0x09, 0x51, 0x09, 0x51, 0x09, 0x51, 0x09, 0x51, 0x09, 0x51, 0x09, 0x51, 0x09, 0x51, 0x09
    .byte 0x51, 0x09, 0x51, 0x09, 0x51, 0x09, 0x51, 0x09, 0x51, 0x09, 0x51, 0x09, 0x51, 0x09, 0x51, 0x09, 0x51, 0x09, 0x51, 0x09, 0x51, 0x09, 0x51, 0x09, 0x51, 0x11, 0x11, 0x11, 0x11, 0x11, 0x11, 0x11
    .byte 0x11, 0x11, 0x11, 0x11, 0x11, 0x11, 0x11, 0x11, 0x52, 0x52, 0x52, 0x52, 0x52, 0x52, 0x52, 0x52, 0x52, 0x52, 0x52, 0x52, 0x52, 0x52, 0x52, 0x5A, 0x5A, 0x5A, 0x5A, 0x52, 0x52, 0x52, 0x52, 0x52
    .byte 0x52, 0x52, 0x11, 0x11, 0x11, 0x11, 0x51, 0x09, 0x51, 0x09, 0x51, 0x09, 0x51, 0x09, 0x51, 0x09, 0x51, 0x09, 0x51, 0x09, 0x51, 0x09, 0x08, 0x08, 0x08, 0x08, 0x08, 0x08, 0x08, 0x08, 0x08, 0x08
    .byte 0x08, 0x08, 0x08, 0x08, 0x08, 0x08, 0x08, 0x08, 0x08, 0x08, 0x09, 0x09, 0x09, 0x09, 0x09, 0x09, 0x09, 0x09, 0x09, 0x09, 0x09, 0x09, 0x09, 0x09, 0x09, 0x09, 0x09, 0x09, 0x09, 0x09, 0x09, 0x09
    .byte 0x09, 0x09, 0x09, 0x09, 0x09, 0x09, 0x09, 0x09, 0x09, 0x09, 0x09, 0x09, 0x09, 0x09, 0x09, 0x09, 0x09, 0x09, 0x09, 0x09, 0x09, 0x09, 0x09, 0x09, 0x09, 0x09, 0x09, 0x09, 0x09, 0x09, 0x09, 0x09
    .byte 0x09, 0x09, 0x09, 0x09, 0x09, 0x09, 0x09, 0x09, 0x09, 0x09, 0x09, 0x09, 0x09, 0x09, 0x09, 0x09, 0x09, 0x09, 0x09, 0x09, 0x09, 0x09, 0x09, 0x09, 0x09, 0x09, 0x09, 0x09, 0x09, 0x09, 0x09, 0x09
    .byte 0x09, 0x09, 0x09, 0x09, 0x09, 0x09, 0x09, 0x09, 0x09, 0x09, 0x09, 0x09, 0x09, 0x09, 0x09, 0x09, 0x09, 0x09, 0x09, 0x09, 0x09, 0x09, 0x09, 0x09, 0x09, 0x09, 0x09, 0x09, 0x09, 0x09, 0x09, 0x09
    .byte 0x09, 0x09, 0x09, 0x09, 0x09, 0x09, 0x09, 0x09, 0x09, 0x09, 0x09, 0x09, 0x09, 0x09, 0x09, 0x09, 0x09, 0x09, 0x09, 0x09, 0x09, 0x09, 0x09, 0x09, 0x09, 0x09, 0x09, 0x09, 0x09, 0x09, 0x09, 0x09
    .byte 0x09, 0x09, 0x09, 0x09, 0x09, 0x09, 0x09, 0x09, 0x09, 0x09, 0x09, 0x09, 0x09, 0x09, 0x09, 0x09, 0x09, 0x09, 0x09, 0x09, 0x09, 0x09, 0x09, 0x09, 0x09, 0x09, 0x09, 0x09, 0x09, 0x09, 0x09, 0x09
    .byte 0x09, 0x09, 0x09, 0x09, 0x09, 0x09, 0x09, 0x09, 0x09, 0x09, 0x09, 0x09, 0x09, 0x09, 0x09, 0x09, 0x09, 0x09, 0x09, 0x09, 0x09, 0x09, 0x09, 0x09, 0x09, 0x09, 0x09, 0x09, 0x09, 0x09, 0x09, 0x09
    .byte 0x09, 0x09, 0x09, 0x09, 0x09, 0x09, 0x09, 0x09, 0x09, 0x09, 0x09, 0x09, 0x09, 0x09, 0x09, 0x09, 0x09, 0x09, 0x09, 0x09, 0x09, 0x09, 0x09, 0x09, 0x09, 0x11, 0x11, 0x11, 0x11, 0x11, 0x11, 0x11
    .byte 0x11, 0x11, 0x11, 0x11, 0x11, 0x11, 0x11, 0x11, 0x52, 0x52, 0x52, 0x52, 0x52, 0x52, 0x52, 0x52, 0x52, 0x52, 0x52, 0x52, 0x52, 0x52, 0x52, 0x5A, 0x5A, 0x5A, 0x5A, 0x52, 0x52, 0x52, 0x52, 0x52
    .byte 0x52, 0x52, 0x11, 0x11, 0x11, 0x11, 0x09, 0x09, 0x09, 0x09, 0x09, 0x09, 0x09, 0x09, 0x09, 0x09, 0x09, 0x09, 0x09, 0x09, 0x09, 0x09, 0x08, 0x08, 0x08, 0x08, 0x08, 0x08, 0x08, 0x08, 0x08, 0x08
    .byte 0x08, 0x08, 0x08, 0x08, 0x08, 0x08, 0x08, 0x08, 0x08, 0x08, 0x51, 0x09, 0x51, 0x09, 0x51, 0x09, 0x51, 0x09, 0x51, 0x09, 0x51, 0x09, 0x51, 0x09, 0x51, 0x09, 0x51, 0x09, 0x51, 0x09, 0x51, 0x09
    .byte 0x51, 0x09, 0x51, 0x09, 0x51, 0x09, 0x51, 0x09, 0x51, 0x09, 0x51, 0x09, 0x51, 0x09, 0x51, 0x09, 0x51, 0x09, 0x51, 0x09, 0x51, 0x09, 0x51, 0x09, 0x51, 0x09, 0x51, 0x09, 0x51, 0x09, 0x51, 0x09
    .byte 0x51, 0x09, 0x51, 0x09, 0x51, 0x09, 0x51, 0x09, 0x51, 0x09, 0x51, 0x09, 0x51, 0x09, 0x51, 0x09, 0x51, 0x09, 0x51, 0x09, 0x51, 0x09, 0x51, 0x09, 0x51, 0x09, 0x51, 0x09, 0x51, 0x09, 0x51, 0x09
    .byte 0x51, 0x09, 0x51, 0x09, 0x51, 0x09, 0x51, 0x09, 0x51, 0x09, 0x51, 0x09, 0x51, 0x09, 0x51, 0x09, 0x51, 0x09, 0x51, 0x09, 0x51, 0x09, 0x51, 0x09, 0x51, 0x09, 0x51, 0x09, 0x51, 0x09, 0x51, 0x09
    .byte 0x51, 0x09, 0x51, 0x09, 0x51, 0x09, 0x51, 0x09, 0x51, 0x09, 0x51, 0x09, 0x51, 0x09, 0x51, 0x09, 0x51, 0x09, 0x51, 0x09, 0x51, 0x09, 0x51, 0x09, 0x51, 0x09, 0x51, 0x09, 0x51, 0x09, 0x51, 0x09
    .byte 0x51, 0x09, 0x51, 0x09, 0x51, 0x09, 0x51, 0x09, 0x51, 0x09, 0x51, 0x09, 0x51, 0x09, 0x51, 0x09, 0x51, 0x09, 0x51, 0x09, 0x51, 0x09, 0x51, 0x09, 0x51, 0x09, 0x51, 0x09, 0x51, 0x09, 0x51, 0x09
    .byte 0x51, 0x09, 0x51, 0x09, 0x51, 0x09, 0x51, 0x09, 0x51, 0x09, 0x51, 0x09, 0x51, 0x09, 0x51, 0x09, 0x51, 0x09, 0x51, 0x09, 0x51, 0x09, 0x51, 0x09, 0x51, 0x09, 0x51, 0x09, 0x51, 0x09, 0x51, 0x09
    .byte 0x51, 0x09, 0x51, 0x09, 0x51, 0x09, 0x51, 0x09, 0x51, 0x09, 0x51, 0x09, 0x51, 0x09, 0x51, 0x09, 0x51, 0x09, 0x51, 0x09, 0x51, 0x09, 0x51, 0x09, 0x51, 0x11, 0x11, 0x11, 0x11, 0x11, 0x11, 0x11
    .byte 0x11, 0x11, 0x11, 0x11, 0x11, 0x11, 0x11, 0x11, 0x52, 0x52, 0x52, 0x52, 0x52, 0x52, 0x52, 0x52, 0x52, 0x52, 0x52, 0x52, 0x52, 0x52, 0x52, 0x5A, 0x5A, 0x5A, 0x5A, 0x52, 0x52, 0x52, 0x52, 0x52
    .byte 0x52, 0x52, 0x11, 0x11, 0x11, 0x11, 0x51, 0x09, 0x51, 0x09, 0x51, 0x09, 0x51, 0x09, 0x51, 0x09, 0x51, 0x09, 0x51, 0x09, 0x51, 0x09, 0x08, 0x08, 0x08, 0x08, 0x08, 0x08, 0x08, 0x08, 0x08, 0x08
    .byte 0x08, 0x08, 0x08, 0x08, 0x08, 0x08, 0x08, 0x08, 0x08, 0x08, 0x09, 0x09, 0x09, 0x09, 0x09, 0x09, 0x09, 0x09, 0x09, 0x09, 0x09, 0x09, 0x09, 0x09, 0x09, 0x09, 0x09, 0x09, 0x09, 0x09, 0x09, 0x09
    .byte 0x09, 0x09, 0x09, 0x09, 0x09, 0x09, 0x09, 0x09, 0x09, 0x09, 0x09, 0x09, 0x09, 0x09, 0x09, 0x09, 0x09, 0x09, 0x09, 0x09, 0x09, 0x09, 0x09, 0x09, 0x09, 0x09, 0x09, 0x09, 0x09, 0x09, 0x09, 0x09
    .byte 0x09, 0x09, 0x09, 0x09, 0x09, 0x09, 0x09, 0x09, 0x09, 0x09, 0x09, 0x09, 0x09, 0x09, 0x09, 0x09, 0x09, 0x09, 0x09, 0x09, 0x09, 0x09, 0x09, 0x09, 0x09, 0x09, 0x09, 0x09, 0x09, 0x09, 0x09, 0x09
    .byte 0x09, 0x09, 0x09, 0x09, 0x09, 0x09, 0x09, 0x09, 0x09, 0x09, 0x09, 0x09, 0x09, 0x09, 0x09, 0x09, 0x09, 0x09, 0x09, 0x09, 0x09, 0x09, 0x09, 0x09, 0x09, 0x09, 0x09, 0x09, 0x09, 0x09, 0x09, 0x09
    .byte 0x09, 0x09, 0x09, 0x09, 0x09, 0x09, 0x09, 0x09, 0x09, 0x09, 0x09, 0x09, 0x09, 0x09, 0x09, 0x09, 0x09, 0x09, 0x09, 0x09, 0x09, 0x09, 0x09, 0x09, 0x09, 0x09, 0x09, 0x09, 0x09, 0x09, 0x09, 0x09
    .byte 0x09, 0x09, 0x09, 0x09, 0x09, 0x09, 0x09, 0x09, 0x09, 0x09, 0x09, 0x09, 0x09, 0x09, 0x09, 0x09, 0x09, 0x09, 0x09, 0x09, 0x09, 0x09, 0x09, 0x09, 0x09, 0x09, 0x09, 0x09, 0x09, 0x09, 0x09, 0x09
    .byte 0x09, 0x09, 0x09, 0x09, 0x09, 0x09, 0x09, 0x09, 0x09, 0x09, 0x09, 0x09, 0x09, 0x09, 0x09, 0x09, 0x09, 0x09, 0x09, 0x09, 0x09, 0x09, 0x09, 0x09, 0x09, 0x09, 0x09, 0x09, 0x09, 0x09, 0x09, 0x09
    .byte 0x09, 0x09, 0x09, 0x09, 0x09, 0x09, 0x09, 0x09, 0x09, 0x09, 0x09, 0x09, 0x09, 0x09, 0x09, 0x09, 0x09, 0x09, 0x09, 0x09, 0x09, 0x09, 0x09, 0x09, 0x09, 0x11, 0x11, 0x11, 0x11, 0x52, 0x52, 0x52
    .byte 0x09, 0x09, 0x09, 0x09, 0x11, 0x11, 0x11, 0x11, 0x52, 0x52, 0x52, 0x52, 0x11, 0x11, 0x11, 0x52, 0x52, 0x52, 0x52, 0x5A, 0x5A, 0x5A, 0x5A, 0x5A, 0x5A, 0x5A, 0x5A, 0x52, 0x52, 0x52, 0x52, 0x52
    .byte 0x52, 0x52, 0x11, 0x11, 0x11, 0x11, 0x09, 0x09, 0x09, 0x09, 0x09, 0x09, 0x09, 0x09, 0x09, 0x09, 0x09, 0x09, 0x09, 0x09, 0x09, 0x09, 0x09, 0x09, 0x09, 0x09, 0x09, 0x09, 0x09, 0x09, 0x09, 0x09
    .byte 0x08, 0x08, 0x08, 0x08, 0x08, 0x08, 0x08, 0x08, 0x08, 0x08, 0x51, 0x09, 0x51, 0x09, 0x51, 0x09, 0x51, 0x09, 0x51, 0x09, 0x51, 0x09, 0x51, 0x09, 0x51, 0x09, 0x51, 0x09, 0x51, 0x09, 0x51, 0x09
    .byte 0x51, 0x09, 0x51, 0x09, 0x51, 0x09, 0x51, 0x09, 0x51, 0x09, 0x51, 0x09, 0x51, 0x09, 0x51, 0x09, 0x51, 0x09, 0x51, 0x09, 0x51, 0x09, 0x51, 0x09, 0x51, 0x09, 0x51, 0x09, 0x51, 0x09, 0x51, 0x09
    .byte 0x51, 0x09, 0x51, 0x09, 0x51, 0x09, 0x51, 0x09, 0x51, 0x09, 0x51, 0x09, 0x51, 0x09, 0x51, 0x09, 0x51, 0x09, 0x51, 0x09, 0x51, 0x09, 0x51, 0x09, 0x51, 0x09, 0x51, 0x09, 0x51, 0x09, 0x51, 0x09
    .byte 0x51, 0x09, 0x51, 0x09, 0x51, 0x09, 0x51, 0x09, 0x51, 0x09, 0x51, 0x09, 0x51, 0x09, 0x51, 0x09, 0x51, 0x09, 0x51, 0x09, 0x51, 0x09, 0x51, 0x09, 0x51, 0x09, 0x51, 0x09, 0x51, 0x09, 0x51, 0x09
    .byte 0x51, 0x09, 0x51, 0x09, 0x51, 0x09, 0x51, 0x09, 0x51, 0x09, 0x51, 0x09, 0x51, 0x09, 0x51, 0x09, 0x51, 0x09, 0x51, 0x09, 0x51, 0x09, 0x51, 0x09, 0x51, 0x09, 0x51, 0x09, 0x51, 0x09, 0x51, 0x09
    .byte 0x51, 0x09, 0x51, 0x09, 0x51, 0x09, 0x51, 0x09, 0x51, 0x09, 0x51, 0x09, 0x51, 0x09, 0x51, 0x09, 0x51, 0x09, 0x51, 0x09, 0x51, 0x09, 0x51, 0x09, 0x51, 0x09, 0x51, 0x09, 0x51, 0x09, 0x51, 0x09
    .byte 0x51, 0x09, 0x51, 0x09, 0x51, 0x09, 0x51, 0x09, 0x51, 0x09, 0x51, 0x09, 0x51, 0x09, 0x51, 0x09, 0x51, 0x09, 0x51, 0x09, 0x51, 0x09, 0x51, 0x09, 0x51, 0x09, 0x51, 0x09, 0x51, 0x09, 0x51, 0x09
    .byte 0x51, 0x09, 0x51, 0x09, 0x51, 0x09, 0x51, 0x09, 0x51, 0x09, 0x51, 0x09, 0x51, 0x09, 0x51, 0x09, 0x51, 0x09, 0x51, 0x09, 0x51, 0x09, 0x51, 0x09, 0x51, 0x11, 0x11, 0x11, 0x11, 0x52, 0x52, 0x52
    .byte 0x51, 0x09, 0x51, 0x09, 0x11, 0x11, 0x11, 0x11, 0x52, 0x52, 0x52, 0x52, 0x11, 0x11, 0x11, 0x52, 0x52, 0x52, 0x52, 0x5A, 0x5A, 0x5A, 0x5A, 0x5A, 0x5A, 0x5A, 0x5A, 0x52, 0x52, 0x52, 0x52, 0x52
    .byte 0x52, 0x52, 0x11, 0x11, 0x11, 0x11, 0x51, 0x09, 0x51, 0x09, 0x51, 0x09, 0x51, 0x09, 0x51, 0x09, 0x51, 0x09, 0x51, 0x09, 0x51, 0x09, 0x09, 0x09, 0x09, 0x09, 0x09, 0x09, 0x09, 0x09, 0x09, 0x09
    .byte 0x08, 0x08, 0x08, 0x08, 0x08, 0x08, 0x08, 0x08, 0x08, 0x08, 0x09, 0x09, 0x09, 0x09, 0x09, 0x09, 0x09, 0x09, 0x09, 0x09, 0x09, 0x09, 0x09, 0x09, 0x09, 0x09, 0x09, 0x09, 0x09, 0x09, 0x09, 0x09
    .byte 0x09, 0x09, 0x09, 0x09, 0x09, 0x09, 0x09, 0x09, 0x09, 0x09, 0x09, 0x09, 0x09, 0x09, 0x09, 0x09, 0x09, 0x09, 0x09, 0x09, 0x09, 0x09, 0x09, 0x09, 0x09, 0x09, 0x09, 0x09, 0x09, 0x09, 0x09, 0x09
    .byte 0x09, 0x09, 0x09, 0x09, 0x09, 0x09, 0x09, 0x09, 0x09, 0x09, 0x09, 0x09, 0x09, 0x09, 0x09, 0x09, 0x09, 0x09, 0x09, 0x09, 0x09, 0x09, 0x09, 0x09, 0x09, 0x09, 0x09, 0x09, 0x09, 0x09, 0x09, 0x09
    .byte 0x09, 0x09, 0x09, 0x09, 0x09, 0x09, 0x09, 0x09, 0x09, 0x09, 0x09, 0x09, 0x09, 0x09, 0x09, 0x09, 0x09, 0x09, 0x09, 0x09, 0x09, 0x09, 0x09, 0x09, 0x09, 0x09, 0x09, 0x09, 0x09, 0x09, 0x09, 0x09
    .byte 0x09, 0x09, 0x09, 0x09, 0x09, 0x09, 0x09, 0x09, 0x09, 0x09, 0x09, 0x09, 0x09, 0x09, 0x09, 0x09, 0x09, 0x09, 0x09, 0x09, 0x09, 0x09, 0x09, 0x09, 0x09, 0x09, 0x09, 0x09, 0x09, 0x09, 0x09, 0x09
    .byte 0x09, 0x09, 0x09, 0x09, 0x09, 0x09, 0x09, 0x09, 0x09, 0x09, 0x09, 0x09, 0x09, 0x09, 0x09, 0x09, 0x09, 0x09, 0x09, 0x09, 0x09, 0x09, 0x09, 0x09, 0x09, 0x09, 0x09, 0x09, 0x09, 0x09, 0x09, 0x09
    .byte 0x09, 0x09, 0x09, 0x09, 0x09, 0x09, 0x09, 0x09, 0x09, 0x09, 0x09, 0x09, 0x09, 0x09, 0x09, 0x09, 0x09, 0x09, 0x09, 0x09, 0x09, 0x09, 0x09, 0x09, 0x09, 0x09, 0x09, 0x09, 0x09, 0x09, 0x09, 0x09
    .byte 0x09, 0x09, 0x09, 0x09, 0x09, 0x09, 0x09, 0x09, 0x09, 0x09, 0x09, 0x09, 0x09, 0x09, 0x09, 0x09, 0x09, 0x09, 0x09, 0x09, 0x09, 0x09, 0x09, 0x09, 0x09, 0x11, 0x11, 0x11, 0x11, 0x52, 0x52, 0x52
    .byte 0x09, 0x09, 0x09, 0x09, 0x11, 0x11, 0x11, 0x11, 0x52, 0x52, 0x52, 0x52, 0x11, 0x11, 0x11, 0x52, 0x52, 0x52, 0x52, 0x5A, 0x5A, 0x5A, 0x5A, 0x5A, 0x5A, 0x5A, 0x5A, 0x52, 0x52, 0x52, 0x52, 0x52
    .byte 0x52, 0x52, 0x11, 0x11, 0x11, 0x11, 0x09, 0x09, 0x09, 0x09, 0x09, 0x09, 0x09, 0x09, 0x09, 0x09, 0x09, 0x09, 0x09, 0x09, 0x09, 0x09, 0x09, 0x09, 0x09, 0x09, 0x09, 0x09, 0x09, 0x09, 0x09, 0x09
    .byte 0x08, 0x08, 0x08, 0x08, 0x08, 0x08, 0x08, 0x08, 0x08, 0x08, 0x51, 0x09, 0x51, 0x09, 0x51, 0x09, 0x51, 0x09, 0x51, 0x09, 0x51, 0x09, 0x51, 0x09, 0x51, 0x09, 0x51, 0x09, 0x51, 0x09, 0x51, 0x09
    .byte 0x51, 0x09, 0x51, 0x09, 0x51, 0x09, 0x51, 0x09, 0x51, 0x09, 0x51, 0x09, 0x51, 0x09, 0x51, 0x09, 0x51, 0x09, 0x51, 0x09, 0x51, 0x09, 0x51, 0x09, 0x51, 0x09, 0x51, 0x09, 0x51, 0x09, 0x51, 0x09
    .byte 0x51, 0x09, 0x51, 0x09, 0x51, 0x09, 0x51, 0x09, 0x51, 0x09, 0x51, 0x09, 0x51, 0x09, 0x51, 0x09, 0x51, 0x09, 0x51, 0x09, 0x51, 0x09, 0x51, 0x09, 0x51, 0x09, 0x51, 0x09, 0x51, 0x09, 0x51, 0x09
    .byte 0x51, 0x09, 0x51, 0x09, 0x51, 0x09, 0x51, 0x09, 0x51, 0x09, 0x51, 0x09, 0x51, 0x09, 0x51, 0x09, 0x51, 0x09, 0x51, 0x09, 0x51, 0x09, 0x51, 0x09, 0x51, 0x09, 0x51, 0x09, 0x51, 0x09, 0x51, 0x09
    .byte 0x51, 0x09, 0x51, 0x09, 0x51, 0x09, 0x51, 0x09, 0x51, 0x09, 0x51, 0x09, 0x51, 0x09, 0x51, 0x09, 0x51, 0x09, 0x51, 0x09, 0x51, 0x09, 0x51, 0x09, 0x51, 0x09, 0x51, 0x09, 0x51, 0x09, 0x51, 0x09
    .byte 0x51, 0x09, 0x51, 0x09, 0x51, 0x09, 0x51, 0x09, 0x51, 0x09, 0x51, 0x09, 0x51, 0x09, 0x51, 0x09, 0x51, 0x09, 0x51, 0x09, 0x51, 0x09, 0x51, 0x09, 0x51, 0x09, 0x51, 0x09, 0x51, 0x09, 0x51, 0x09
    .byte 0x51, 0x09, 0x51, 0x09, 0x51, 0x09, 0x51, 0x09, 0x51, 0x09, 0x51, 0x09, 0x51, 0x09, 0x51, 0x09, 0x51, 0x09, 0x51, 0x09, 0x51, 0x09, 0x51, 0x09, 0x51, 0x09, 0x51, 0x09, 0x51, 0x09, 0x51, 0x09
    .byte 0x51, 0x09, 0x51, 0x09, 0x51, 0x09, 0x51, 0x09, 0x51, 0x09, 0x51, 0x09, 0x51, 0x09, 0x51, 0x09, 0x51, 0x09, 0x51, 0x09, 0x51, 0x09, 0x51, 0x09, 0x51, 0x09, 0x51, 0x09, 0x51, 0x11, 0x11, 0x11
    .byte 0x51, 0x09, 0x51, 0x09, 0x52, 0x52, 0x52, 0x52, 0x52, 0x52, 0x52, 0x52, 0x52, 0x52, 0x52, 0x52, 0x52, 0x52, 0x52, 0x52, 0x52, 0x52, 0x52, 0x52, 0x52, 0x52, 0x52, 0x52, 0x52, 0x52, 0x11, 0x11
    .byte 0x11, 0x11, 0x11, 0x11, 0x11, 0x11, 0x51, 0x09, 0x51, 0x09, 0x51, 0x09, 0x51, 0x09, 0x51, 0x09, 0x51, 0x09, 0x51, 0x09, 0x51, 0x09, 0x09, 0x09, 0x09, 0x09, 0x09, 0x09, 0x09, 0x09, 0x09, 0x09
    .byte 0x08, 0x08, 0x08, 0x08, 0x08, 0x08, 0x08, 0x08, 0x08, 0x08, 0x09, 0x09, 0x09, 0x09, 0x09, 0x09, 0x09, 0x09, 0x09, 0x09, 0x09, 0x09, 0x09, 0x09, 0x09, 0x09, 0x09, 0x09, 0x09, 0x09, 0x09, 0x09
    .byte 0x09, 0x09, 0x09, 0x09, 0x09, 0x09, 0x09, 0x09, 0x09, 0x09, 0x09, 0x09, 0x09, 0x09, 0x09, 0x09, 0x09, 0x09, 0x09, 0x09, 0x09, 0x09, 0x09, 0x09, 0x09, 0x09, 0x09, 0x09, 0x09, 0x09, 0x09, 0x09
    .byte 0x09, 0x09, 0x09, 0x09, 0x09, 0x09, 0x09, 0x09, 0x09, 0x09, 0x09, 0x09, 0x09, 0x09, 0x09, 0x09, 0x09, 0x09, 0x09, 0x09, 0x09, 0x09, 0x09, 0x09, 0x09, 0x09, 0x09, 0x09, 0x09, 0x09, 0x09, 0x09
    .byte 0x09, 0x09, 0x09, 0x09, 0x09, 0x09, 0x09, 0x09, 0x09, 0x09, 0x09, 0x09, 0x09, 0x09, 0x09, 0x09, 0x09, 0x09, 0x09, 0x09, 0x09, 0x09, 0x09, 0x09, 0x09, 0x09, 0x09, 0x09, 0x09, 0x09, 0x09, 0x09
    .byte 0x09, 0x09, 0x09, 0x09, 0x09, 0x09, 0x09, 0x09, 0x09, 0x09, 0x09, 0x09, 0x09, 0x09, 0x09, 0x09, 0x09, 0x09, 0x09, 0x09, 0x09, 0x09, 0x09, 0x09, 0x09, 0x09, 0x09, 0x09, 0x09, 0x09, 0x09, 0x09
    .byte 0x09, 0x09, 0x09, 0x09, 0x09, 0x09, 0x09, 0x09, 0x09, 0x09, 0x09, 0x09, 0x09, 0x09, 0x09, 0x09, 0x09, 0x09, 0x09, 0x09, 0x09, 0x09, 0x09, 0x09, 0x09, 0x09, 0x09, 0x09, 0x09, 0x09, 0x09, 0x09
    .byte 0x09, 0x09, 0x09, 0x09, 0x09, 0x09, 0x09, 0x09, 0x09, 0x09, 0x09, 0x09, 0x09, 0x09, 0x09, 0x09, 0x09, 0x09, 0x09, 0x09, 0x09, 0x09, 0x09, 0x09, 0x09, 0x09, 0x09, 0x09, 0x09, 0x09, 0x09, 0x09
    .byte 0x09, 0x09, 0x09, 0x09, 0x09, 0x09, 0x09, 0x09, 0x09, 0x09, 0x09, 0x09, 0x09, 0x09, 0x09, 0x09, 0x09, 0x09, 0x09, 0x09, 0x09, 0x09, 0x09, 0x09, 0x09, 0x09, 0x09, 0x09, 0x09, 0x11, 0x11, 0x11
    .byte 0x09, 0x09, 0x09, 0x09, 0x52, 0x52, 0x52, 0x52, 0x52, 0x52, 0x52, 0x52, 0x52, 0x52, 0x52, 0x52, 0x52, 0x52, 0x52, 0x52, 0x52, 0x52, 0x52, 0x52, 0x52, 0x52, 0x52, 0x52, 0x52, 0x52, 0x11, 0x11
    .byte 0x11, 0x11, 0x11, 0x11, 0x11, 0x11, 0x09, 0x09, 0x09, 0x09, 0x09, 0x09, 0x09, 0x09, 0x09, 0x09, 0x09, 0x09, 0x09, 0x09, 0x09, 0x09, 0x09, 0x09, 0x09, 0x09, 0x09, 0x09, 0x09, 0x09, 0x09, 0x09
    .byte 0x08, 0x08, 0x08, 0x08, 0x08, 0x08, 0x08, 0x08, 0x08, 0x08, 0x51, 0x09, 0x51, 0x09, 0x51, 0x09, 0x51, 0x09, 0x51, 0x09, 0x51, 0x09, 0x51, 0x09, 0x51, 0x09, 0x51, 0x09, 0x51, 0x09, 0x51, 0x09
    .byte 0x51, 0x09, 0x51, 0x09, 0x51, 0x09, 0x51, 0x09, 0x51, 0x09, 0x51, 0x09, 0x51, 0x09, 0x51, 0x09, 0x51, 0x09, 0x51, 0x09, 0x51, 0x09, 0x51, 0x09, 0x51, 0x09, 0x51, 0x09, 0x51, 0x09, 0x51, 0x09
    .byte 0x51, 0x09, 0x51, 0x09, 0x51, 0x09, 0x51, 0x09, 0x51, 0x09, 0x51, 0x09, 0x51, 0x09, 0x51, 0x09, 0x51, 0x09, 0x51, 0x09, 0x51, 0x09, 0x51, 0x09, 0x51, 0x09, 0x51, 0x09, 0x51, 0x09, 0x51, 0x09
    .byte 0x51, 0x09, 0x51, 0x09, 0x51, 0x09, 0x51, 0x09, 0x51, 0x09, 0x51, 0x09, 0x51, 0x09, 0x51, 0x09, 0x51, 0x09, 0x51, 0x09, 0x51, 0x09, 0x51, 0x09, 0x51, 0x09, 0x51, 0x09, 0x51, 0x09, 0x51, 0x09
    .byte 0x51, 0x09, 0x51, 0x09, 0x51, 0x09, 0x51, 0x09, 0x51, 0x09, 0x51, 0x09, 0x51, 0x09, 0x51, 0x09, 0x51, 0x09, 0x51, 0x09, 0x51, 0x09, 0x51, 0x09, 0x51, 0x09, 0x51, 0x09, 0x51, 0x09, 0x51, 0x09
    .byte 0x51, 0x09, 0x51, 0x09, 0x51, 0x09, 0x51, 0x09, 0x51, 0x09, 0x51, 0x09, 0x51, 0x09, 0x51, 0x09, 0x51, 0x09, 0x51, 0x09, 0x51, 0x09, 0x51, 0x09, 0x51, 0x09, 0x51, 0x09, 0x51, 0x09, 0x51, 0x09
    .byte 0x51, 0x09, 0x51, 0x09, 0x51, 0x09, 0x51, 0x09, 0x51, 0x09, 0x51, 0x09, 0x51, 0x09, 0x51, 0x09, 0x51, 0x09, 0x51, 0x09, 0x51, 0x09, 0x51, 0x09, 0x51, 0x09, 0x51, 0x09, 0x51, 0x09, 0x51, 0x09
    .byte 0x51, 0x09, 0x51, 0x09, 0x51, 0x09, 0x51, 0x09, 0x51, 0x09, 0x51, 0x09, 0x51, 0x09, 0x51, 0x09, 0x51, 0x09, 0x51, 0x09, 0x51, 0x09, 0x51, 0x09, 0x51, 0x09, 0x51, 0x09, 0x51, 0x11, 0x11, 0x11
    .byte 0x51, 0x09, 0x51, 0x09, 0x52, 0x52, 0x52, 0x52, 0x52, 0x52, 0x52, 0x52, 0x52, 0x52, 0x52, 0x52, 0x52, 0x52, 0x52, 0x52, 0x52, 0x52, 0x52, 0x52, 0x52, 0x52, 0x52, 0x52, 0x52, 0x52, 0x11, 0x11
    .byte 0x11, 0x11, 0x11, 0x11, 0x11, 0x11, 0x51, 0x09, 0x51, 0x09, 0x51, 0x09, 0x51, 0x09, 0x51, 0x09, 0x51, 0x09, 0x51, 0x09, 0x51, 0x09, 0x09, 0x09, 0x09, 0x09, 0x09, 0x09, 0x09, 0x09, 0x09, 0x09
    .byte 0x08, 0x08, 0x08, 0x08, 0x08, 0x08, 0x08, 0x08, 0x08, 0x08, 0x09, 0x09, 0x09, 0x09, 0x09, 0x09, 0x09, 0x09, 0x09, 0x09, 0x09, 0x09, 0x09, 0x09, 0x09, 0x09, 0x09, 0x09, 0x09, 0x09, 0x09, 0x09
    .byte 0x09, 0x09, 0x09, 0x09, 0x09, 0x09, 0x09, 0x09, 0x09, 0x09, 0x09, 0x09, 0x09, 0x09, 0x09, 0x09, 0x09, 0x09, 0x09, 0x09, 0x09, 0x09, 0x09, 0x09, 0x09, 0x09, 0x09, 0x09, 0x09, 0x09, 0x09, 0x09
    .byte 0x09, 0x09, 0x09, 0x09, 0x09, 0x09, 0x09, 0x09, 0x09, 0x09, 0x09, 0x09, 0x09, 0x09, 0x09, 0x09, 0x09, 0x09, 0x09, 0x09, 0x09, 0x09, 0x09, 0x09, 0x09, 0x09, 0x09, 0x09, 0x09, 0x09, 0x09, 0x09
    .byte 0x09, 0x09, 0x09, 0x09, 0x09, 0x09, 0x09, 0x09, 0x09, 0x09, 0x09, 0x09, 0x09, 0x09, 0x09, 0x09, 0x09, 0x09, 0x09, 0x09, 0x09, 0x09, 0x09, 0x09, 0x09, 0x09, 0x09, 0x09, 0x09, 0x09, 0x09, 0x09
    .byte 0x09, 0x09, 0x09, 0x09, 0x09, 0x09, 0x09, 0x09, 0x09, 0x09, 0x09, 0x09, 0x09, 0x09, 0x09, 0x09, 0x09, 0x09, 0x09, 0x09, 0x09, 0x09, 0x09, 0x09, 0x09, 0x09, 0x09, 0x09, 0x09, 0x09, 0x09, 0x09
    .byte 0x09, 0x09, 0x09, 0x09, 0x09, 0x09, 0x09, 0x09, 0x09, 0x09, 0x09, 0x09, 0x09, 0x09, 0x09, 0x09, 0x09, 0x09, 0x09, 0x09, 0x09, 0x09, 0x09, 0x09, 0x09, 0x09, 0x09, 0x09, 0x09, 0x09, 0x09, 0x09
    .byte 0x09, 0x09, 0x09, 0x09, 0x09, 0x09, 0x09, 0x09, 0x09, 0x09, 0x09, 0x09, 0x09, 0x09, 0x09, 0x09, 0x09, 0x09, 0x09, 0x09, 0x09, 0x09, 0x09, 0x09, 0x09, 0x09, 0x09, 0x09, 0x09, 0x09, 0x09, 0x09
    .byte 0x09, 0x09, 0x09, 0x09, 0x09, 0x09, 0x09, 0x09, 0x09, 0x09, 0x09, 0x09, 0x09, 0x09, 0x09, 0x09, 0x09, 0x09, 0x09, 0x09, 0x09, 0x09, 0x09, 0x09, 0x09, 0x09, 0x09, 0x09, 0x09, 0x11, 0x11, 0x11
    .byte 0x09, 0x09, 0x09, 0x09, 0x52, 0x52, 0x52, 0x52, 0x52, 0x52, 0x52, 0x52, 0x52, 0x52, 0x52, 0x52, 0x52, 0x52, 0x52, 0x52, 0x52, 0x52, 0x52, 0x52, 0x52, 0x52, 0x52, 0x52, 0x52, 0x52, 0x11, 0x11
    .byte 0x11, 0x11, 0x11, 0x11, 0x11, 0x11, 0x09, 0x09, 0x09, 0x09, 0x09, 0x09, 0x09, 0x09, 0x09, 0x09, 0x09, 0x09, 0x09, 0x09, 0x09, 0x09, 0x09, 0x09, 0x09, 0x09, 0x09, 0x09, 0x09, 0x09, 0x09, 0x09
    .byte 0x08, 0x08, 0x08, 0x08, 0x08, 0x08, 0x08, 0x08, 0x08, 0x08, 0x51, 0x09, 0x51, 0x09, 0x51, 0x09, 0x51, 0x09, 0x51, 0x09, 0x51, 0x09, 0x51, 0x09, 0x51, 0x09, 0x51, 0x09, 0x51, 0x09, 0x51, 0x09
    .byte 0x51, 0x09, 0x51, 0x09, 0x51, 0x09, 0x51, 0x09, 0x51, 0x09, 0x51, 0x09, 0x51, 0x09, 0x51, 0x09, 0x51, 0x09, 0x51, 0x09, 0x51, 0x09, 0x51, 0x09, 0x51, 0x09, 0x51, 0x09, 0x51, 0x09, 0x51, 0x09
    .byte 0x51, 0x09, 0x51, 0x09, 0x51, 0x09, 0x51, 0x09, 0x51, 0x09, 0x51, 0x09, 0x51, 0x09, 0x51, 0x09, 0x51, 0x09, 0x51, 0x09, 0x51, 0x09, 0x51, 0x09, 0x51, 0x09, 0x51, 0x09, 0x51, 0x09, 0x51, 0x09
    .byte 0x51, 0x09, 0x51, 0x09, 0x51, 0x09, 0x51, 0x09, 0x51, 0x09, 0x51, 0x09, 0x51, 0x09, 0x51, 0x09, 0x51, 0x09, 0x51, 0x09, 0x51, 0x09, 0x51, 0x09, 0x51, 0x09, 0x51, 0x09, 0x51, 0x09, 0x51, 0x09
    .byte 0x51, 0x09, 0x51, 0x09, 0x51, 0x09, 0x51, 0x09, 0x51, 0x09, 0x51, 0x09, 0x51, 0x09, 0x51, 0x09, 0x51, 0x09, 0x51, 0x09, 0x51, 0x09, 0x51, 0x09, 0x51, 0x09, 0x51, 0x09, 0x51, 0x09, 0x51, 0x09
    .byte 0x51, 0x09, 0x51, 0x09, 0x51, 0x09, 0x51, 0x09, 0x51, 0x09, 0x51, 0x09, 0x51, 0x09, 0x51, 0x09, 0x51, 0x09, 0x51, 0x09, 0x51, 0x09, 0x51, 0x09, 0x51, 0x09, 0x51, 0x09, 0x51, 0x09, 0x51, 0x09
    .byte 0x51, 0x09, 0x51, 0x09, 0x51, 0x09, 0x51, 0x09, 0x51, 0x09, 0x51, 0x09, 0x51, 0x09, 0x51, 0x09, 0x51, 0x09, 0x51, 0x09, 0x51, 0x09, 0x51, 0x09, 0x51, 0x09, 0x51, 0x09, 0x51, 0x09, 0x51, 0x09
    .byte 0x51, 0x09, 0x51, 0x09, 0x51, 0x09, 0x51, 0x09, 0x51, 0x09, 0x51, 0x09, 0x51, 0x09, 0x51, 0x09, 0x51, 0x09, 0x51, 0x09, 0x51, 0x09, 0x51, 0x09, 0x51, 0x09, 0x51, 0x09, 0x51, 0x09, 0x51, 0x09
    .byte 0x11, 0x11, 0x11, 0x11, 0x52, 0x52, 0x52, 0x52, 0x11, 0x11, 0x11, 0x11, 0x52, 0x52, 0x52, 0x52, 0x52, 0x52, 0x52, 0x11, 0x11, 0x11, 0x11, 0x52, 0x52, 0x52, 0x52, 0x09, 0x51, 0x09, 0x11, 0x11
    .byte 0x11, 0x11, 0x51, 0x09, 0x51, 0x09, 0x51, 0x09, 0x51, 0x09, 0x51, 0x09, 0x51, 0x09, 0x51, 0x09, 0x51, 0x09, 0x51, 0x09, 0x51, 0x09, 0x09, 0x09, 0x09, 0x09, 0x09, 0x09, 0x09, 0x09, 0x09, 0x09
    .byte 0x08, 0x08, 0x08, 0x08, 0x08, 0x08, 0x08, 0x08, 0x08, 0x08, 0x09, 0x09, 0x09, 0x09, 0x09, 0x09, 0x09, 0x09, 0x09, 0x09, 0x09, 0x09, 0x09, 0x09, 0x09, 0x09, 0x09, 0x09, 0x09, 0x09, 0x09, 0x09
    .byte 0x09, 0x09, 0x09, 0x09, 0x09, 0x09, 0x09, 0x09, 0x09, 0x09, 0x09, 0x09, 0x09, 0x09, 0x09, 0x09, 0x09, 0x09, 0x09, 0x09, 0x09, 0x09, 0x09, 0x09, 0x09, 0x09, 0x09, 0x09, 0x09, 0x09, 0x09, 0x09
    .byte 0x09, 0x09, 0x09, 0x09, 0x09, 0x09, 0x09, 0x09, 0x09, 0x09, 0x09, 0x09, 0x09, 0x09, 0x09, 0x09, 0x09, 0x09, 0x09, 0x09, 0x09, 0x09, 0x09, 0x09, 0x09, 0x09, 0x09, 0x09, 0x09, 0x09, 0x09, 0x09
    .byte 0x09, 0x09, 0x09, 0x09, 0x09, 0x09, 0x09, 0x09, 0x09, 0x09, 0x09, 0x09, 0x09, 0x09, 0x09, 0x09, 0x09, 0x09, 0x09, 0x09, 0x09, 0x09, 0x09, 0x09, 0x09, 0x09, 0x09, 0x09, 0x09, 0x09, 0x09, 0x09
    .byte 0x09, 0x09, 0x09, 0x09, 0x09, 0x09, 0x09, 0x09, 0x09, 0x09, 0x09, 0x09, 0x09, 0x09, 0x09, 0x09, 0x09, 0x09, 0x09, 0x09, 0x09, 0x09, 0x09, 0x09, 0x09, 0x09, 0x09, 0x09, 0x09, 0x09, 0x09, 0x09
    .byte 0x09, 0x09, 0x09, 0x09, 0x09, 0x09, 0x09, 0x09, 0x09, 0x09, 0x09, 0x09, 0x09, 0x09, 0x09, 0x09, 0x09, 0x09, 0x09, 0x09, 0x09, 0x09, 0x09, 0x09, 0x09, 0x09, 0x09, 0x09, 0x09, 0x09, 0x09, 0x09
    .byte 0x09, 0x09, 0x09, 0x09, 0x09, 0x09, 0x09, 0x09, 0x09, 0x09, 0x09, 0x09, 0x09, 0x09, 0x09, 0x09, 0x09, 0x09, 0x09, 0x09, 0x09, 0x09, 0x09, 0x09, 0x09, 0x09, 0x09, 0x09, 0x09, 0x09, 0x09, 0x09
    .byte 0x09, 0x09, 0x09, 0x09, 0x09, 0x09, 0x09, 0x09, 0x09, 0x09, 0x09, 0x09, 0x09, 0x09, 0x09, 0x09, 0x09, 0x09, 0x09, 0x09, 0x09, 0x09, 0x09, 0x09, 0x09, 0x09, 0x09, 0x09, 0x09, 0x09, 0x09, 0x09
    .byte 0x11, 0x11, 0x11, 0x11, 0x52, 0x52, 0x52, 0x52, 0x11, 0x11, 0x11, 0x11, 0x52, 0x52, 0x52, 0x52, 0x52, 0x52, 0x52, 0x11, 0x11, 0x11, 0x11, 0x52, 0x52, 0x52, 0x52, 0x09, 0x09, 0x09, 0x11, 0x11
    .byte 0x11, 0x11, 0x09, 0x09, 0x09, 0x09, 0x09, 0x09, 0x09, 0x09, 0x09, 0x09, 0x09, 0x09, 0x09, 0x09, 0x09, 0x09, 0x09, 0x09, 0x09, 0x09, 0x09, 0x09, 0x09, 0x09, 0x09, 0x09, 0x09, 0x09, 0x09, 0x09
    .byte 0x51, 0x51, 0x51, 0x51, 0x51, 0x51, 0x51, 0x51, 0x51, 0x51, 0x51, 0x09, 0x51, 0x09, 0x51, 0x09, 0x51, 0x09, 0x51, 0x09, 0x51, 0x09, 0x51, 0x09, 0x51, 0x09, 0x51, 0x09, 0x51, 0x09, 0x51, 0x09
    .byte 0x51, 0x09, 0x51, 0x09, 0x51, 0x09, 0x51, 0x09, 0x51, 0x09, 0x51, 0x09, 0x51, 0x09, 0x51, 0x09, 0x51, 0x09, 0x51, 0x09, 0x51, 0x09, 0x51, 0x09, 0x51, 0x09, 0x51, 0x09, 0x51, 0x09, 0x51, 0x09
    .byte 0x51, 0x09, 0x51, 0x09, 0x51, 0x09, 0x51, 0x09, 0x51, 0x09, 0x51, 0x09, 0x51, 0x09, 0x51, 0x09, 0x51, 0x09, 0x51, 0x09, 0x51, 0x09, 0x51, 0x09, 0x51, 0x09, 0x51, 0x09, 0x51, 0x09, 0x51, 0x09
    .byte 0x51, 0x09, 0x51, 0x09, 0x51, 0x09, 0x51, 0x09, 0x51, 0x09, 0x51, 0x09, 0x51, 0x09, 0x51, 0x09, 0x51, 0x09, 0x51, 0x09, 0x51, 0x09, 0x51, 0x09, 0x51, 0x09, 0x51, 0x09, 0x51, 0x09, 0x51, 0x09
    .byte 0x51, 0x09, 0x51, 0x09, 0x51, 0x09, 0x51, 0x09, 0x51, 0x09, 0x51, 0x09, 0x51, 0x09, 0x51, 0x09, 0x51, 0x09, 0x51, 0x09, 0x51, 0x09, 0x51, 0x09, 0x51, 0x09, 0x51, 0x09, 0x51, 0x09, 0x51, 0x09
    .byte 0x51, 0x09, 0x51, 0x09, 0x51, 0x09, 0x51, 0x09, 0x51, 0x09, 0x51, 0x09, 0x51, 0x09, 0x51, 0x09, 0x51, 0x09, 0x51, 0x09, 0x51, 0x09, 0x51, 0x09, 0x51, 0x09, 0x51, 0x09, 0x51, 0x09, 0x51, 0x09
    .byte 0x51, 0x09, 0x51, 0x09, 0x51, 0x09, 0x51, 0x09, 0x51, 0x09, 0x51, 0x09, 0x51, 0x09, 0x51, 0x09, 0x51, 0x09, 0x51, 0x09, 0x51, 0x09, 0x51, 0x09, 0x51, 0x09, 0x51, 0x09, 0x51, 0x09, 0x51, 0x09
    .byte 0x51, 0x09, 0x51, 0x09, 0x51, 0x09, 0x51, 0x09, 0x51, 0x09, 0x51, 0x09, 0x51, 0x09, 0x51, 0x09, 0x51, 0x09, 0x51, 0x09, 0x51, 0x09, 0x51, 0x09, 0x51, 0x09, 0x51, 0x09, 0x51, 0x09, 0x51, 0x09
    .byte 0x11, 0x11, 0x11, 0x11, 0x52, 0x52, 0x52, 0x52, 0x11, 0x11, 0x11, 0x11, 0x52, 0x52, 0x52, 0x52, 0x52, 0x52, 0x52, 0x11, 0x11, 0x11, 0x11, 0x52, 0x52, 0x52, 0x52, 0x09, 0x51, 0x09, 0x11, 0x11
    .byte 0x11, 0x11, 0x51, 0x09, 0x51, 0x09, 0x51, 0x09, 0x51, 0x09, 0x51, 0x09, 0x51, 0x09, 0x51, 0x09, 0x51, 0x09, 0x51, 0x09, 0x51, 0x09, 0x09, 0x09, 0x09, 0x09, 0x09, 0x09, 0x09, 0x09, 0x09, 0x09
    .byte 0x51, 0x51, 0x51, 0x51, 0x51, 0x51, 0x51, 0x51, 0x51, 0x51, 0x09, 0x09, 0x09, 0x09, 0x09, 0x09, 0x09, 0x09, 0x09, 0x09, 0x09, 0x09, 0x09, 0x09, 0x09, 0x09, 0x09, 0x09, 0x09, 0x09, 0x09, 0x09
    .byte 0x09, 0x09, 0x09, 0x09, 0x09, 0x09, 0x09, 0x09, 0x09, 0x09, 0x09, 0x09, 0x09, 0x09, 0x09, 0x09, 0x09, 0x09, 0x09, 0x09, 0x09, 0x09, 0x09, 0x09, 0x09, 0x09, 0x09, 0x09, 0x09, 0x09, 0x09, 0x09
    .byte 0x09, 0x09, 0x09, 0x09, 0x09, 0x09, 0x09, 0x09, 0x09, 0x09, 0x09, 0x09, 0x09, 0x09, 0x09, 0x09, 0x09, 0x09, 0x09, 0x09, 0x09, 0x09, 0x09, 0x09, 0x09, 0x09, 0x09, 0x09, 0x09, 0x09, 0x09, 0x09
    .byte 0x09, 0x09, 0x09, 0x09, 0x09, 0x09, 0x09, 0x09, 0x09, 0x09, 0x09, 0x09, 0x09, 0x09, 0x09, 0x09, 0x09, 0x09, 0x09, 0x09, 0x09, 0x09, 0x09, 0x09, 0x09, 0x09, 0x09, 0x09, 0x09, 0x09, 0x09, 0x09
    .byte 0x09, 0x09, 0x09, 0x09, 0x09, 0x09, 0x09, 0x09, 0x09, 0x09, 0x09, 0x09, 0x09, 0x09, 0x09, 0x09, 0x09, 0x09, 0x09, 0x09, 0x09, 0x09, 0x09, 0x09, 0x09, 0x09, 0x09, 0x09, 0x09, 0x09, 0x09, 0x09
    .byte 0x09, 0x09, 0x09, 0x09, 0x09, 0x09, 0x09, 0x09, 0x09, 0x09, 0x09, 0x09, 0x09, 0x09, 0x09, 0x09, 0x09, 0x09, 0x09, 0x09, 0x09, 0x09, 0x09, 0x09, 0x09, 0x09, 0x09, 0x09, 0x09, 0x09, 0x09, 0x09
    .byte 0x09, 0x09, 0x09, 0x09, 0x09, 0x09, 0x09, 0x09, 0x09, 0x09, 0x09, 0x09, 0x09, 0x09, 0x09, 0x09, 0x09, 0x09, 0x09, 0x09, 0x09, 0x09, 0x09, 0x09, 0x09, 0x09, 0x09, 0x09, 0x09, 0x09, 0x09, 0x09
    .byte 0x09, 0x09, 0x09, 0x09, 0x09, 0x09, 0x09, 0x09, 0x09, 0x09, 0x09, 0x09, 0x09, 0x09, 0x09, 0x09, 0x09, 0x09, 0x09, 0x09, 0x09, 0x09, 0x09, 0x09, 0x09, 0x09, 0x09, 0x09, 0x09, 0x09, 0x09, 0x09
    .byte 0x11, 0x11, 0x11, 0x11, 0x52, 0x52, 0x52, 0x52, 0x11, 0x11, 0x11, 0x11, 0x52, 0x52, 0x52, 0x52, 0x52, 0x52, 0x52, 0x11, 0x11, 0x11, 0x11, 0x52, 0x52, 0x52, 0x52, 0x09, 0x09, 0x09, 0x11, 0x11
    .byte 0x11, 0x11, 0x09, 0x09, 0x09, 0x09, 0x09, 0x09, 0x09, 0x09, 0x09, 0x09, 0x09, 0x09, 0x09, 0x09, 0x09, 0x09, 0x09, 0x09, 0x09, 0x09, 0x08, 0x08, 0x08, 0x08, 0x08, 0x08, 0x08, 0x08, 0x08, 0x08
    .byte 0x51, 0x51, 0x51, 0x51, 0x51, 0x51, 0x51, 0x51, 0x51, 0x51, 0x51, 0x09, 0x51, 0x09, 0x51, 0x09, 0x51, 0x09, 0x51, 0x09, 0x51, 0x09, 0x51, 0x09, 0x51, 0x09, 0x51, 0x09, 0x51, 0x09, 0x51, 0x09
    .byte 0x51, 0x09, 0x51, 0x09, 0x51, 0x09, 0x51, 0x09, 0x51, 0x09, 0x51, 0x09, 0x51, 0x09, 0x51, 0x09, 0x51, 0x09, 0x51, 0x09, 0x51, 0x09, 0x00, 0x00, 0x00, 0x00, 0x00, 0x00, 0x00, 0x00, 0x00, 0x00
    .byte 0x00, 0x00, 0x51, 0x09, 0x51, 0x09, 0x51, 0x09, 0x51, 0x09, 0x51, 0x09, 0x51, 0x09, 0x51, 0x09, 0x51, 0x09, 0x51, 0x09, 0x51, 0x09, 0x51, 0x09, 0x51, 0x09, 0x51, 0x09, 0x51, 0x09, 0x51, 0x09
    .byte 0x51, 0x09, 0x51, 0x09, 0x51, 0x09, 0x51, 0x09, 0x51, 0x09, 0x51, 0x09, 0x51, 0x09, 0x51, 0x09, 0x51, 0x09, 0x51, 0x09, 0x51, 0x09, 0x51, 0x09, 0x51, 0x09, 0x51, 0x09, 0x51, 0x09, 0x51, 0x09
    .byte 0x51, 0x09, 0x51, 0x09, 0x51, 0x09, 0x51, 0x09, 0x51, 0x09, 0x51, 0x09, 0x51, 0x09, 0x51, 0x09, 0x51, 0x09, 0x51, 0x09, 0x51, 0x09, 0x51, 0x09, 0x51, 0x09, 0x51, 0x09, 0x51, 0x09, 0x51, 0x09
    .byte 0x51, 0x09, 0x51, 0x09, 0x51, 0x09, 0x51, 0x09, 0x51, 0x09, 0x51, 0x09, 0x51, 0x09, 0x51, 0x09, 0x51, 0x09, 0x51, 0x09, 0x51, 0x09, 0x51, 0x09, 0x51, 0x09, 0x51, 0x09, 0x51, 0x09, 0x51, 0x09
    .byte 0x51, 0x09, 0x51, 0x09, 0x51, 0x09, 0x51, 0x09, 0x51, 0x09, 0x51, 0x09, 0x51, 0x09, 0x51, 0x09, 0x51, 0x09, 0x51, 0x09, 0x51, 0x09, 0x51, 0x09, 0x51, 0x09, 0x51, 0x09, 0x51, 0x09, 0x51, 0x09
    .byte 0x51, 0x09, 0x51, 0x09, 0x51, 0x09, 0x51, 0x09, 0x51, 0x09, 0x51, 0x09, 0x51, 0x09, 0x51, 0x09, 0x51, 0x09, 0x51, 0x09, 0x51, 0x09, 0x51, 0x09, 0x51, 0x09, 0x51, 0x09, 0x51, 0x09, 0x51, 0x09
    .byte 0x51, 0x09, 0x51, 0x09, 0x11, 0x11, 0x11, 0x11, 0x11, 0x11, 0x11, 0x11, 0x11, 0x11, 0x11, 0x11, 0x11, 0x11, 0x11, 0x11, 0x11, 0x11, 0x11, 0x11, 0x11, 0x11, 0x11, 0x11, 0x11, 0x11, 0x51, 0x09
    .byte 0x51, 0x09, 0x51, 0x09, 0x51, 0x09, 0x51, 0x09, 0x51, 0x09, 0x51, 0x09, 0x51, 0x09, 0x51, 0x09, 0x51, 0x09, 0x51, 0x09, 0x51, 0x09, 0x08, 0x08, 0x08, 0x08, 0x08, 0x08, 0x08, 0x08, 0x08, 0x08
    .byte 0x51, 0x51, 0x51, 0x51, 0x51, 0x51, 0x51, 0x51, 0x51, 0x51, 0x09, 0x09, 0x09, 0x09, 0x09, 0x09, 0x09, 0x09, 0x09, 0x09, 0x09, 0x09, 0x09, 0x09, 0x09, 0x09, 0x09, 0x09, 0x09, 0x09, 0x09, 0x09
    .byte 0x09, 0x09, 0x09, 0x09, 0x09, 0x09, 0x09, 0x09, 0x09, 0x09, 0x09, 0x09, 0x09, 0x09, 0x09, 0x09, 0x09, 0x09, 0x09, 0x09, 0x09, 0x09, 0x00, 0x00, 0x00, 0x00, 0x00, 0x00, 0x00, 0x00, 0x00, 0x00
    .byte 0x00, 0x00, 0x09, 0x09, 0x09, 0x09, 0x09, 0x09, 0x09, 0x09, 0x09, 0x09, 0x09, 0x09, 0x09, 0x09, 0x09, 0x09, 0x09, 0x09, 0x09, 0x09, 0x09, 0x09, 0x09, 0x09, 0x09, 0x09, 0x09, 0x09, 0x09, 0x09
    .byte 0x09, 0x09, 0x09, 0x09, 0x09, 0x09, 0x09, 0x09, 0x09, 0x09, 0x09, 0x09, 0x09, 0x09, 0x09, 0x09, 0x09, 0x09, 0x09, 0x09, 0x09, 0x09, 0x09, 0x09, 0x09, 0x09, 0x09, 0x09, 0x09, 0x09, 0x09, 0x09
    .byte 0x09, 0x09, 0x09, 0x09, 0x09, 0x09, 0x09, 0x09, 0x09, 0x09, 0x09, 0x09, 0x09, 0x09, 0x09, 0x09, 0x09, 0x09, 0x09, 0x09, 0x09, 0x09, 0x09, 0x09, 0x09, 0x09, 0x09, 0x09, 0x09, 0x09, 0x09, 0x09
    .byte 0x09, 0x09, 0x09, 0x09, 0x09, 0x09, 0x09, 0x09, 0x09, 0x09, 0x09, 0x09, 0x09, 0x09, 0x09, 0x09, 0x09, 0x09, 0x09, 0x09, 0x09, 0x09, 0x09, 0x09, 0x09, 0x09, 0x09, 0x09, 0x09, 0x09, 0x09, 0x09
    .byte 0x09, 0x09, 0x09, 0x09, 0x09, 0x09, 0x09, 0x09, 0x09, 0x09, 0x09, 0x09, 0x09, 0x09, 0x09, 0x09, 0x09, 0x09, 0x09, 0x09, 0x09, 0x09, 0x09, 0x09, 0x09, 0x09, 0x09, 0x09, 0x09, 0x09, 0x09, 0x09
    .byte 0x09, 0x09, 0x09, 0x09, 0x09, 0x09, 0x09, 0x09, 0x09, 0x09, 0x09, 0x09, 0x09, 0x09, 0x09, 0x09, 0x09, 0x09, 0x09, 0x09, 0x09, 0x09, 0x09, 0x09, 0x09, 0x09, 0x09, 0x09, 0x09, 0x09, 0x09, 0x09
    .byte 0x09, 0x09, 0x09, 0x09, 0x11, 0x11, 0x11, 0x11, 0x11, 0x11, 0x11, 0x11, 0x11, 0x11, 0x11, 0x11, 0x11, 0x11, 0x11, 0x11, 0x11, 0x11, 0x11, 0x11, 0x11, 0x11, 0x11, 0x11, 0x11, 0x11, 0x09, 0x09
    .byte 0x09, 0x09, 0x09, 0x09, 0x09, 0x09, 0x09, 0x09, 0x09, 0x09, 0x09, 0x09, 0x09, 0x09, 0x09, 0x09, 0x09, 0x09, 0x09, 0x09, 0x09, 0x09, 0x08, 0x08, 0x08, 0x08, 0x08, 0x08, 0x08, 0x08, 0x08, 0x08
    .byte 0x51, 0x51, 0x51, 0x51, 0x51, 0x51, 0x51, 0x51, 0x51, 0x51, 0x51, 0x09, 0x51, 0x09, 0x51, 0x09, 0x51, 0x09, 0x51, 0x09, 0x51, 0x09, 0x51, 0x09, 0x51, 0x09, 0x51, 0x09, 0x51, 0x09, 0x51, 0x09
    .byte 0x51, 0x09, 0x51, 0x09, 0x51, 0x09, 0x51, 0x09, 0x51, 0x09, 0x51, 0x09, 0x51, 0x09, 0x51, 0x09, 0x51, 0x09, 0x51, 0x09, 0x51, 0x09, 0x00, 0x00, 0x00, 0x00, 0x00, 0x00, 0x00, 0x00, 0x00, 0x00
    .byte 0x00, 0x00, 0x51, 0x09, 0x51, 0x09, 0x51, 0x09, 0x51, 0x09, 0x51, 0x09, 0x51, 0x09, 0x51, 0x09, 0x51, 0x09, 0x51, 0x09, 0x51, 0x09, 0x51, 0x09, 0x51, 0x09, 0x51, 0x09, 0x51, 0x09, 0x51, 0x09
    .byte 0x51, 0x09, 0x51, 0x09, 0x51, 0x09, 0x51, 0x09, 0x51, 0x09, 0x51, 0x09, 0x51, 0x09, 0x51, 0x09, 0x51, 0x09, 0x51, 0x09, 0x51, 0x09, 0x51, 0x09, 0x51, 0x09, 0x51, 0x09, 0x51, 0x09, 0x51, 0x09
    .byte 0x51, 0x09, 0x51, 0x09, 0x51, 0x09, 0x51, 0x09, 0x51, 0x09, 0x51, 0x09, 0x51, 0x09, 0x51, 0x09, 0x51, 0x09, 0x51, 0x09, 0x51, 0x09, 0x51, 0x09, 0x51, 0x09, 0x51, 0x09, 0x51, 0x09, 0x51, 0x09
    .byte 0x51, 0x09, 0x51, 0x09, 0x51, 0x09, 0x51, 0x09, 0x51, 0x09, 0x51, 0x09, 0x51, 0x09, 0x51, 0x09, 0x51, 0x09, 0x51, 0x09, 0x51, 0x09, 0x51, 0x09, 0x51, 0x09, 0x51, 0x09, 0x51, 0x09, 0x51, 0x09
    .byte 0x51, 0x09, 0x51, 0x09, 0x51, 0x09, 0x51, 0x09, 0x51, 0x09, 0x51, 0x09, 0x51, 0x09, 0x51, 0x09, 0x51, 0x09, 0x51, 0x09, 0x51, 0x09, 0x51, 0x09, 0x51, 0x09, 0x51, 0x09, 0x51, 0x09, 0x51, 0x09
    .byte 0x51, 0x09, 0x51, 0x09, 0x51, 0x09, 0x51, 0x09, 0x51, 0x09, 0x51, 0x09, 0x51, 0x09, 0x51, 0x09, 0x51, 0x09, 0x51, 0x09, 0x51, 0x09, 0x51, 0x09, 0x51, 0x09, 0x51, 0x09, 0x51, 0x09, 0x51, 0x09
    .byte 0x51, 0x09, 0x51, 0x09, 0x11, 0x11, 0x11, 0x11, 0x11, 0x11, 0x11, 0x11, 0x11, 0x11, 0x11, 0x11, 0x11, 0x11, 0x11, 0x11, 0x11, 0x11, 0x11, 0x11, 0x11, 0x11, 0x11, 0x11, 0x11, 0x11, 0x51, 0x09
    .byte 0x51, 0x09, 0x51, 0x09, 0x51, 0x09, 0x51, 0x09, 0x51, 0x09, 0x51, 0x09, 0x51, 0x09, 0x51, 0x09, 0x51, 0x09, 0x51, 0x09, 0x51, 0x09, 0x08, 0x08, 0x08, 0x08, 0x08, 0x08, 0x08, 0x08, 0x08, 0x08
    .byte 0x51, 0x51, 0x51, 0x51, 0x51, 0x51, 0x51, 0x51, 0x51, 0x51, 0x09, 0x09, 0x09, 0x09, 0x09, 0x09, 0x09, 0x09, 0x09, 0x09, 0x09, 0x09, 0x09, 0x09, 0x09, 0x09, 0x09, 0x09, 0x09, 0x09, 0x09, 0x09
    .byte 0x09, 0x09, 0x09, 0x09, 0x09, 0x09, 0x09, 0x09, 0x09, 0x09, 0x09, 0x09, 0x09, 0x09, 0x09, 0x09, 0x09, 0x09, 0x09, 0x09, 0x09, 0x09, 0x00, 0x00, 0x00, 0x00, 0x00, 0x00, 0x00, 0x00, 0x00, 0x00
    .byte 0x00, 0x00, 0x09, 0x09, 0x09, 0x09, 0x09, 0x09, 0x09, 0x09, 0x09, 0x09, 0x09, 0x09, 0x09, 0x09, 0x09, 0x09, 0x09, 0x09, 0x09, 0x09, 0x09, 0x09, 0x09, 0x09, 0x09, 0x09, 0x09, 0x09, 0x09, 0x09
    .byte 0x09, 0x09, 0x09, 0x09, 0x09, 0x09, 0x09, 0x09, 0x09, 0x09, 0x09, 0x09, 0x09, 0x09, 0x09, 0x09, 0x09, 0x09, 0x09, 0x09, 0x09, 0x09, 0x09, 0x09, 0x09, 0x09, 0x09, 0x09, 0x09, 0x09, 0x09, 0x09
    .byte 0x09, 0x09, 0x09, 0x09, 0x09, 0x09, 0x09, 0x09, 0x09, 0x09, 0x09, 0x09, 0x09, 0x09, 0x09, 0x09, 0x09, 0x09, 0x09, 0x09, 0x09, 0x09, 0x09, 0x09, 0x09, 0x09, 0x09, 0x09, 0x09, 0x09, 0x09, 0x09
    .byte 0x09, 0x09, 0x09, 0x09, 0x09, 0x09, 0x09, 0x09, 0x09, 0x09, 0x09, 0x09, 0x09, 0x09, 0x09, 0x09, 0x09, 0x09, 0x09, 0x09, 0x09, 0x09, 0x09, 0x09, 0x09, 0x09, 0x09, 0x09, 0x09, 0x09, 0x09, 0x09
    .byte 0x09, 0x09, 0x09, 0x09, 0x09, 0x09, 0x09, 0x09, 0x09, 0x09, 0x09, 0x09, 0x09, 0x09, 0x09, 0x09, 0x09, 0x09, 0x09, 0x09, 0x09, 0x09, 0x09, 0x09, 0x09, 0x09, 0x09, 0x09, 0x09, 0x09, 0x09, 0x09
    .byte 0x09, 0x09, 0x09, 0x09, 0x09, 0x09, 0x09, 0x09, 0x09, 0x09, 0x09, 0x09, 0x09, 0x09, 0x09, 0x09, 0x09, 0x09, 0x09, 0x09, 0x09, 0x09, 0x09, 0x09, 0x09, 0x09, 0x09, 0x09, 0x09, 0x09, 0x09, 0x09
    .byte 0x09, 0x09, 0x09, 0x09, 0x11, 0x11, 0x11, 0x11, 0x11, 0x11, 0x11, 0x11, 0x11, 0x11, 0x11, 0x11, 0x11, 0x11, 0x11, 0x11, 0x11, 0x11, 0x11, 0x11, 0x11, 0x11, 0x11, 0x11, 0x11, 0x11, 0x09, 0x09
    .byte 0x09, 0x09, 0x09, 0x09, 0x09, 0x09, 0x09, 0x09, 0x09, 0x09, 0x09, 0x09, 0x09, 0x09, 0x09, 0x09, 0x09, 0x09, 0x09, 0x09, 0x09, 0x09, 0x08, 0x08, 0x08, 0x08, 0x08, 0x08, 0x08, 0x08, 0x08, 0x08
    .byte 0x51, 0x51, 0x51, 0x51, 0x51, 0x51, 0x51, 0x51, 0x51, 0x51, 0x51, 0x09, 0x51, 0x09, 0x51, 0x09, 0x51, 0x09, 0x51, 0x09, 0x51, 0x09, 0x51, 0x09, 0x51, 0x09, 0x51, 0x09, 0x51, 0x09, 0x51, 0x09
    .byte 0x51, 0x09, 0x51, 0x09, 0x51, 0x09, 0x51, 0x09, 0x51, 0x09, 0x51, 0x09, 0x51, 0x09, 0x51, 0x09, 0x51, 0x09, 0x51, 0x09, 0x51, 0x09, 0x00, 0x00, 0x00, 0x00, 0x00, 0x00, 0x00, 0x00, 0x00, 0x00
    .byte 0x00, 0x00, 0x51, 0x09, 0x51, 0x09, 0x51, 0x09, 0x51, 0x09, 0x51, 0x09, 0x51, 0x09, 0x51, 0x09, 0x51, 0x09, 0x51, 0x09, 0x51, 0x09, 0x51, 0x09, 0x51, 0x09, 0x51, 0x09, 0x51, 0x09, 0x51, 0x09
    .byte 0x51, 0x09, 0x51, 0x09, 0x51, 0x09, 0x51, 0x09, 0x51, 0x09, 0x51, 0x09, 0x51, 0x09, 0x51, 0x09, 0x51, 0x09, 0x51, 0x09, 0x51, 0x09, 0x51, 0x09, 0x51, 0x09, 0x51, 0x09, 0x51, 0x09, 0x51, 0x09
    .byte 0x51, 0x09, 0x51, 0x09, 0x51, 0x09, 0x51, 0x09, 0x51, 0x09, 0x51, 0x09, 0x51, 0x09, 0x51, 0x09, 0x51, 0x09, 0x51, 0x09, 0x51, 0x09, 0x51, 0x09, 0x51, 0x09, 0x51, 0x09, 0x51, 0x09, 0x51, 0x09
    .byte 0x51, 0x09, 0x51, 0x09, 0x51, 0x09, 0x51, 0x09, 0x51, 0x09, 0x51, 0x09, 0x51, 0x09, 0x51, 0x09, 0x51, 0x09, 0x51, 0x09, 0x51, 0x09, 0x51, 0x09, 0x51, 0x09, 0x51, 0x09, 0x51, 0x09, 0x51, 0x09
    .byte 0x51, 0x09, 0x51, 0x09, 0x51, 0x09, 0x51, 0x09, 0x51, 0x09, 0x51, 0x09, 0x51, 0x09, 0x51, 0x09, 0x51, 0x09, 0x51, 0x09, 0x51, 0x09, 0x51, 0x09, 0x51, 0x09, 0x51, 0x09, 0x51, 0x09, 0x51, 0x09
    .byte 0x51, 0x09, 0x51, 0x09, 0x51, 0x09, 0x51, 0x09, 0x51, 0x09, 0x51, 0x09, 0x51, 0x09, 0x51, 0x09, 0x51, 0x09, 0x51, 0x09, 0x51, 0x09, 0x51, 0x09, 0x51, 0x09, 0x51, 0x09, 0x51, 0x09, 0x51, 0x09
    .byte 0x51, 0x09, 0x51, 0x09, 0x51, 0x09, 0x51, 0x09, 0x51, 0x09, 0x51, 0x09, 0x51, 0x09, 0x51, 0x09, 0x51, 0x09, 0x51, 0x09, 0x51, 0x09, 0x51, 0x09, 0x51, 0x09, 0x51, 0x09, 0x51, 0x09, 0x51, 0x09
    .byte 0x51, 0x09, 0x51, 0x09, 0x51, 0x09, 0x51, 0x09, 0x51, 0x09, 0x51, 0x09, 0x51, 0x09, 0x51, 0x09, 0x51, 0x09, 0x51, 0x09, 0x51, 0x09, 0x08, 0x08, 0x08, 0x08, 0x08, 0x08, 0x08, 0x08, 0x08, 0x08
    .byte 0x51, 0x51, 0x51, 0x51, 0x51, 0x51, 0x51, 0x51, 0x51, 0x51, 0x09, 0x09, 0x09, 0x09, 0x09, 0x09, 0x09, 0x09, 0x09, 0x09, 0x09, 0x09, 0x09, 0x09, 0x09, 0x09, 0x09, 0x09, 0x09, 0x09, 0x09, 0x09
    .byte 0x09, 0x09, 0x09, 0x09, 0x09, 0x09, 0x09, 0x09, 0x09, 0x09, 0x09, 0x09, 0x09, 0x09, 0x09, 0x09, 0x09, 0x09, 0x09, 0x09, 0x09, 0x09, 0x00, 0x00, 0x00, 0x00, 0x00, 0x00, 0x00, 0x00, 0x00, 0x00
    .byte 0x00, 0x00, 0x09, 0x09, 0x09, 0x09, 0x09, 0x09, 0x09, 0x09, 0x09, 0x09, 0x09, 0x09, 0x09, 0x09, 0x09, 0x09, 0x09, 0x09, 0x09, 0x09, 0x09, 0x09, 0x09, 0x09, 0x09, 0x09, 0x09, 0x09, 0x09, 0x09
    .byte 0x09, 0x09, 0x09, 0x09, 0x09, 0x09, 0x09, 0x09, 0x09, 0x09, 0x09, 0x09, 0x09, 0x09, 0x09, 0x09, 0x09, 0x09, 0x09, 0x09, 0x09, 0x09, 0x09, 0x09, 0x09, 0x09, 0x09, 0x09, 0x09, 0x09, 0x09, 0x09
    .byte 0x09, 0x09, 0x09, 0x09, 0x09, 0x09, 0x09, 0x09, 0x09, 0x09, 0x09, 0x09, 0x09, 0x09, 0x09, 0x09, 0x09, 0x09, 0x09, 0x09, 0x09, 0x09, 0x09, 0x09, 0x09, 0x09, 0x09, 0x09, 0x09, 0x09, 0x09, 0x09
    .byte 0x09, 0x09, 0x09, 0x09, 0x09, 0x09, 0x09, 0x09, 0x09, 0x09, 0x09, 0x09, 0x09, 0x09, 0x09, 0x09, 0x09, 0x09, 0x09, 0x09, 0x09, 0x09, 0x09, 0x09, 0x09, 0x09, 0x09, 0x09, 0x09, 0x09, 0x09, 0x09
    .byte 0x09, 0x09, 0x09, 0x09, 0x09, 0x09, 0x09, 0x09, 0x09, 0x09, 0x09, 0x09, 0x09, 0x09, 0x09, 0x09, 0x09, 0x09, 0x09, 0x09, 0x09, 0x09, 0x09, 0x09, 0x09, 0x09, 0x09, 0x09, 0x09, 0x09, 0x09, 0x09
    .byte 0x09, 0x09, 0x09, 0x09, 0x09, 0x09, 0x09, 0x09, 0x09, 0x09, 0x09, 0x09, 0x09, 0x09, 0x09, 0x09, 0x09, 0x09, 0x09, 0x09, 0x09, 0x09, 0x09, 0x09, 0x09, 0x09, 0x09, 0x09, 0x09, 0x09, 0x09, 0x09
    .byte 0x09, 0x09, 0x09, 0x09, 0x09, 0x09, 0x09, 0x09, 0x09, 0x09, 0x09, 0x09, 0x09, 0x09, 0x09, 0x09, 0x09, 0x09, 0x09, 0x09, 0x09, 0x09, 0x09, 0x09, 0x09, 0x09, 0x09, 0x09, 0x09, 0x09, 0x09, 0x09
    .byte 0x09, 0x09, 0x09, 0x09, 0x09, 0x09, 0x09, 0x09, 0x09, 0x09, 0x09, 0x09, 0x09, 0x09, 0x09, 0x09, 0x09, 0x09, 0x09, 0x09, 0x09, 0x09, 0x08, 0x08, 0x08, 0x08, 0x08, 0x08, 0x08, 0x08, 0x08, 0x08
    .byte 0x51, 0x51, 0x51, 0x51, 0x51, 0x51, 0x51, 0x51, 0x51, 0x51, 0x51, 0x09, 0x51, 0x09, 0x51, 0x09, 0x51, 0x09, 0x51, 0x09, 0x51, 0x09, 0x51, 0x09, 0x51, 0x09, 0x51, 0x09, 0x51, 0x09, 0x51, 0x09
    .byte 0x51, 0x09, 0x51, 0x09, 0x51, 0x09, 0x51, 0x09, 0x51, 0x09, 0x51, 0x09, 0x51, 0x09, 0x51, 0x09, 0x51, 0x09, 0x51, 0x09, 0x51, 0x09, 0x37, 0x37, 0x37, 0x37, 0x37, 0x37, 0x37, 0x37, 0x37, 0x37
    .byte 0x37, 0x37, 0x51, 0x09, 0x51, 0x09, 0x51, 0x09, 0x51, 0x09, 0x51, 0x09, 0x51, 0x09, 0x51, 0x09, 0x51, 0x09, 0x51, 0x09, 0x51, 0x09, 0x51, 0x09, 0x51, 0x09, 0x51, 0x09, 0x51, 0x09, 0x51, 0x09
    .byte 0x51, 0x09, 0x51, 0x09, 0x51, 0x09, 0x51, 0x09, 0x51, 0x09, 0x51, 0x09, 0x51, 0x09, 0x51, 0x09, 0x51, 0x09, 0x51, 0x09, 0x51, 0x09, 0x51, 0x09, 0x51, 0x09, 0x51, 0x09, 0x51, 0x09, 0x51, 0x09
    .byte 0x51, 0x09, 0x51, 0x09, 0x51, 0x09, 0x51, 0x09, 0x51, 0x09, 0x51, 0x09, 0x51, 0x09, 0x51, 0x09, 0x51, 0x09, 0x51, 0x09, 0x51, 0x09, 0x51, 0x09, 0x51, 0x09, 0x51, 0x09, 0x51, 0x09, 0x51, 0x09
    .byte 0x51, 0x09, 0x51, 0x09, 0x51, 0x09, 0x51, 0x09, 0x51, 0x09, 0x51, 0x09, 0x51, 0x09, 0x51, 0x09, 0x51, 0x09, 0x51, 0x09, 0x51, 0x09, 0x51, 0x09, 0x51, 0x09, 0x51, 0x09, 0x51, 0x09, 0x51, 0x09
    .byte 0x51, 0x09, 0x51, 0x09, 0x51, 0x09, 0x51, 0x09, 0x51, 0x09, 0x51, 0x09, 0x51, 0x09, 0x51, 0x09, 0x51, 0x09, 0x51, 0x09, 0x51, 0x09, 0x51, 0x09, 0x51, 0x09, 0x51, 0x09, 0x51, 0x09, 0x51, 0x09
    .byte 0x51, 0x09, 0x51, 0x09, 0x51, 0x09, 0x51, 0x09, 0x51, 0x09, 0x51, 0x09, 0x51, 0x09, 0x51, 0x09, 0x51, 0x09, 0x51, 0x09, 0x51, 0x09, 0x51, 0x09, 0x51, 0x09, 0x51, 0x09, 0x51, 0x09, 0x51, 0x09
    .byte 0x51, 0x09, 0x51, 0x09, 0x51, 0x09, 0x51, 0x09, 0x51, 0x09, 0x51, 0x09, 0x51, 0x09, 0x51, 0x09, 0x51, 0x09, 0x51, 0x09, 0x51, 0x09, 0x51, 0x09, 0x51, 0x09, 0x51, 0x09, 0x51, 0x09, 0x51, 0x09
    .byte 0x51, 0x09, 0x51, 0x09, 0x51, 0x09, 0x51, 0x09, 0x51, 0x09, 0x51, 0x09, 0x51, 0x09, 0x51, 0x09, 0x51, 0x09, 0x51, 0x09, 0x51, 0x09, 0x08, 0x08, 0x08, 0x08, 0x08, 0x08, 0x08, 0x08, 0x08, 0x08
    .byte 0x51, 0x51, 0x51, 0x51, 0x51, 0x51, 0x51, 0x51, 0x51, 0x51, 0x09, 0x09, 0x09, 0x09, 0x09, 0x09, 0x09, 0x09, 0x09, 0x09, 0x09, 0x09, 0x09, 0x09, 0x09, 0x09, 0x09, 0x09, 0x09, 0x09, 0x09, 0x09
    .byte 0x09, 0x09, 0x09, 0x09, 0x09, 0x09, 0x09, 0x09, 0x09, 0x09, 0x09, 0x09, 0x09, 0x09, 0x09, 0x09, 0x09, 0x09, 0x09, 0x09, 0x09, 0x09, 0x37, 0x37, 0x37, 0x37, 0x37, 0x37, 0x37, 0x37, 0x37, 0x37
    .byte 0x37, 0x37, 0x09, 0x09, 0x09, 0x09, 0x09, 0x09, 0x09, 0x09, 0x09, 0x09, 0x09, 0x09, 0x09, 0x09, 0x09, 0x09, 0x09, 0x09, 0x09, 0x09, 0x09, 0x09, 0x09, 0x09, 0x09, 0x09, 0x09, 0x09, 0x09, 0x09
    .byte 0x09, 0x09, 0x09, 0x09, 0x09, 0x09, 0x09, 0x09, 0x09, 0x09, 0x09, 0x09, 0x09, 0x09, 0x09, 0x09, 0x09, 0x09, 0x09, 0x09, 0x09, 0x09, 0x09, 0x09, 0x09, 0x09, 0x09, 0x09, 0x09, 0x09, 0x09, 0x09
    .byte 0x09, 0x09, 0x09, 0x09, 0x09, 0x09, 0x09, 0x09, 0x09, 0x09, 0x09, 0x09, 0x09, 0x09, 0x09, 0x09, 0x09, 0x09, 0x09, 0x09, 0x09, 0x09, 0x09, 0x09, 0x09, 0x09, 0x09, 0x09, 0x09, 0x09, 0x09, 0x09
    .byte 0x09, 0x09, 0x09, 0x09, 0x09, 0x09, 0x09, 0x09, 0x09, 0x09, 0x09, 0x09, 0x09, 0x09, 0x09, 0x09, 0x09, 0x09, 0x09, 0x09, 0x09, 0x09, 0x09, 0x09, 0x09, 0x09, 0x09, 0x09, 0x09, 0x09, 0x09, 0x09
    .byte 0x09, 0x09, 0x09, 0x09, 0x09, 0x09, 0x09, 0x09, 0x09, 0x09, 0x09, 0x09, 0x09, 0x09, 0x09, 0x09, 0x09, 0x09, 0x09, 0x09, 0x09, 0x09, 0x09, 0x09, 0x09, 0x09, 0x09, 0x09, 0x09, 0x09, 0x09, 0x09
    .byte 0x09, 0x09, 0x09, 0x09, 0x09, 0x09, 0x09, 0x09, 0x09, 0x09, 0x09, 0x09, 0x09, 0x09, 0x09, 0x09, 0x09, 0x09, 0x09, 0x09, 0x09, 0x09, 0x09, 0x09, 0x09, 0x09, 0x09, 0x09, 0x09, 0x09, 0x09, 0x09
    .byte 0x09, 0x09, 0x09, 0x09, 0x09, 0x09, 0x09, 0x09, 0x09, 0x09, 0x09, 0x09, 0x11, 0x11, 0x11, 0x09, 0x09, 0x09, 0x09, 0x09, 0x09, 0x09, 0x09, 0x09, 0x09, 0x09, 0x09, 0x09, 0x09, 0x09, 0x09, 0x09
    .byte 0x09, 0x09, 0x09, 0x09, 0x09, 0x09, 0x09, 0x09, 0x09, 0x09, 0x09, 0x09, 0x09, 0x09, 0x09, 0x09, 0x09, 0x09, 0x09, 0x09, 0x09, 0x09, 0x08, 0x08, 0x08, 0x08, 0x08, 0x08, 0x08, 0x08, 0x08, 0x08
    .byte 0x08, 0x08, 0x08, 0x08, 0x08, 0x08, 0x08, 0x08, 0x08, 0x08, 0x51, 0x09, 0x51, 0x09, 0x51, 0x09, 0x51, 0x09, 0x51, 0x09, 0x51, 0x09, 0x51, 0x09, 0x51, 0x09, 0x51, 0x09, 0x51, 0x09, 0x51, 0x09
    .byte 0x51, 0x09, 0x51, 0x09, 0x51, 0x09, 0x51, 0x09, 0x51, 0x09, 0x51, 0x09, 0x51, 0x09, 0x51, 0x09, 0x51, 0x09, 0x51, 0x09, 0x51, 0x09, 0x37, 0x37, 0x37, 0x37, 0x37, 0x37, 0x37, 0x37, 0x37, 0x37
    .byte 0x37, 0x37, 0x51, 0x09, 0x51, 0x09, 0x51, 0x09, 0x51, 0x09, 0x51, 0x09, 0x51, 0x09, 0x51, 0x09, 0x51, 0x09, 0x51, 0x09, 0x51, 0x09, 0x51, 0x09, 0x51, 0x09, 0x51, 0x09, 0x51, 0x09, 0x51, 0x09
    .byte 0x51, 0x09, 0x51, 0x09, 0x51, 0x09, 0x51, 0x09, 0x51, 0x09, 0x51, 0x09, 0x51, 0x09, 0x51, 0x09, 0x51, 0x09, 0x51, 0x09, 0x51, 0x09, 0x51, 0x09, 0x51, 0x09, 0x51, 0x09, 0x51, 0x09, 0x51, 0x09
    .byte 0x51, 0x09, 0x51, 0x09, 0x51, 0x09, 0x51, 0x09, 0x51, 0x09, 0x51, 0x09, 0x51, 0x09, 0x51, 0x09, 0x51, 0x09, 0x51, 0x09, 0x51, 0x09, 0x51, 0x09, 0x51, 0x09, 0x51, 0x09, 0x51, 0x09, 0x51, 0x09
    .byte 0x51, 0x09, 0x51, 0x09, 0x51, 0x09, 0x51, 0x09, 0x51, 0x09, 0x51, 0x09, 0x51, 0x09, 0x51, 0x09, 0x51, 0x09, 0x51, 0x09, 0x51, 0x09, 0x51, 0x09, 0x51, 0x09, 0x51, 0x09, 0x51, 0x09, 0x51, 0x09
    .byte 0x51, 0x09, 0x51, 0x09, 0x51, 0x09, 0x51, 0x09, 0x51, 0x09, 0x51, 0x09, 0x51, 0x09, 0x51, 0x09, 0x51, 0x09, 0x51, 0x09, 0x51, 0x09, 0x51, 0x09, 0x51, 0x09, 0x51, 0x09, 0x51, 0x09, 0x51, 0x09
    .byte 0x51, 0x09, 0x51, 0x09, 0x51, 0x09, 0x51, 0x09, 0x51, 0x09, 0x51, 0x09, 0x51, 0x09, 0x51, 0x09, 0x51, 0x09, 0x51, 0x09, 0x51, 0x09, 0x51, 0x09, 0x51, 0x09, 0x51, 0x09, 0x51, 0x09, 0x51, 0x09
    .byte 0x51, 0x09, 0x51, 0x09, 0x51, 0x09, 0x51, 0x09, 0x51, 0x09, 0x51, 0x09, 0x11, 0x11, 0x11, 0x09, 0x51, 0x09, 0x51, 0x09, 0x51, 0x09, 0x51, 0x09, 0x51, 0x09, 0x51, 0x09, 0x51, 0x09, 0x51, 0x09
    .byte 0x51, 0x09, 0x51, 0x09, 0x51, 0x09, 0x51, 0x09, 0x51, 0x09, 0x51, 0x09, 0x51, 0x09, 0x51, 0x09, 0x51, 0x09, 0x51, 0x09, 0x51, 0x09, 0x08, 0x08, 0x08, 0x08, 0x08, 0x08, 0x08, 0x08, 0x08, 0x08
    .byte 0x08, 0x08, 0x08, 0x08, 0x08, 0x08, 0x08, 0x08, 0x08, 0x08, 0x09, 0x09, 0x09, 0x09, 0x09, 0x09, 0x09, 0x09, 0x09, 0x09, 0x09, 0x09, 0x09, 0x09, 0x09, 0x09, 0x09, 0x09, 0x09, 0x09, 0x09, 0x09
    .byte 0x09, 0x09, 0x09, 0x09, 0x09, 0x09, 0x09, 0x09, 0x09, 0x09, 0x09, 0x09, 0x09, 0x09, 0x09, 0x09, 0x09, 0x09, 0x09, 0x09, 0x09, 0x09, 0x37, 0x37, 0x37, 0x37, 0x37, 0x37, 0x37, 0x37, 0x37, 0x37
    .byte 0x37, 0x37, 0x09, 0x09, 0x09, 0x09, 0x09, 0x09, 0x09, 0x09, 0x09, 0x09, 0x09, 0x09, 0x09, 0x09, 0x09, 0x09, 0x09, 0x09, 0x09, 0x09, 0x09, 0x09, 0x09, 0x09, 0x09, 0x09, 0x09, 0x09, 0x09, 0x09
    .byte 0x09, 0x09, 0x09, 0x09, 0x09, 0x09, 0x09, 0x09, 0x09, 0x09, 0x09, 0x09, 0x09, 0x09, 0x09, 0x09, 0x09, 0x09, 0x09, 0x09, 0x09, 0x09, 0x09, 0x09, 0x09, 0x09, 0x09, 0x09, 0x09, 0x09, 0x09, 0x09
    .byte 0x09, 0x09, 0x09, 0x09, 0x09, 0x09, 0x09, 0x09, 0x09, 0x09, 0x09, 0x09, 0x09, 0x09, 0x09, 0x09, 0x09, 0x09, 0x09, 0x09, 0x09, 0x09, 0x09, 0x09, 0x09, 0x09, 0x09, 0x09, 0x09, 0x09, 0x09, 0x09
    .byte 0x09, 0x09, 0x09, 0x09, 0x09, 0x09, 0x09, 0x09, 0x09, 0x09, 0x09, 0x09, 0x09, 0x09, 0x09, 0x09, 0x09, 0x09, 0x09, 0x09, 0x09, 0x09, 0x09, 0x09, 0x09, 0x09, 0x09, 0x09, 0x09, 0x09, 0x09, 0x09
    .byte 0x09, 0x09, 0x09, 0x09, 0x09, 0x09, 0x09, 0x09, 0x09, 0x09, 0x09, 0x09, 0x09, 0x09, 0x09, 0x09, 0x09, 0x09, 0x09, 0x09, 0x09, 0x09, 0x09, 0x09, 0x09, 0x09, 0x09, 0x09, 0x09, 0x09, 0x09, 0x09
    .byte 0x09, 0x09, 0x09, 0x09, 0x09, 0x09, 0x09, 0x09, 0x09, 0x09, 0x09, 0x09, 0x09, 0x09, 0x09, 0x09, 0x09, 0x09, 0x09, 0x09, 0x09, 0x09, 0x09, 0x09, 0x09, 0x09, 0x09, 0x09, 0x09, 0x09, 0x09, 0x09
    .byte 0x09, 0x09, 0x09, 0x09, 0x09, 0x09, 0x09, 0x09, 0x09, 0x09, 0x09, 0x09, 0x11, 0x11, 0x11, 0x09, 0x09, 0x09, 0x09, 0x09, 0x09, 0x09, 0x09, 0x09, 0x09, 0x09, 0x09, 0x09, 0x09, 0x09, 0x09, 0x09
    .byte 0x09, 0x09, 0x09, 0x09, 0x09, 0x09, 0x09, 0x09, 0x09, 0x09, 0x09, 0x09, 0x09, 0x09, 0x09, 0x09, 0x09, 0x09, 0x09, 0x09, 0x09, 0x09, 0x08, 0x08, 0x08, 0x08, 0x08, 0x08, 0x08, 0x08, 0x08, 0x08
    .byte 0x08, 0x08, 0x08, 0x08, 0x08, 0x08, 0x08, 0x08, 0x08, 0x08, 0x51, 0x09, 0x51, 0x09, 0x51, 0x09, 0x51, 0x09, 0x51, 0x09, 0x51, 0x09, 0x51, 0x09, 0x51, 0x09, 0x51, 0x09, 0x51, 0x09, 0x51, 0x09
    .byte 0x51, 0x09, 0x51, 0x09, 0x51, 0x09, 0x51, 0x09, 0x51, 0x09, 0x51, 0x09, 0x51, 0x09, 0x51, 0x09, 0x51, 0x09, 0x51, 0x09, 0x51, 0x09, 0x00, 0x00, 0x00, 0x00, 0x00, 0x00, 0x00, 0x00, 0x00, 0x00
    .byte 0x00, 0x00, 0x51, 0x09, 0x51, 0x09, 0x51, 0x09, 0x51, 0x09, 0x51, 0x09, 0x51, 0x09, 0x51, 0x09, 0x51, 0x09, 0x51, 0x09, 0x51, 0x09, 0x51, 0x09, 0x51, 0x09, 0x51, 0x09, 0x51, 0x09, 0x51, 0x09
    .byte 0x51, 0x09, 0x51, 0x09, 0x51, 0x09, 0x51, 0x09, 0x51, 0x09, 0x51, 0x09, 0x51, 0x09, 0x51, 0x09, 0x51, 0x09, 0x51, 0x09, 0x51, 0x09, 0x51, 0x09, 0x51, 0x09, 0x51, 0x09, 0x51, 0x09, 0x51, 0x09
    .byte 0x51, 0x09, 0x51, 0x09, 0x51, 0x09, 0x51, 0x09, 0x51, 0x09, 0x51, 0x09, 0x51, 0x09, 0x51, 0x09, 0x51, 0x09, 0x51, 0x09, 0x51, 0x09, 0x51, 0x09, 0x51, 0x09, 0x51, 0x09, 0x51, 0x09, 0x51, 0x09
    .byte 0x51, 0x09, 0x51, 0x09, 0x51, 0x09, 0x51, 0x09, 0x51, 0x09, 0x51, 0x09, 0x51, 0x09, 0x51, 0x09, 0x51, 0x09, 0x51, 0x09, 0x51, 0x09, 0x51, 0x09, 0x51, 0x09, 0x51, 0x09, 0x51, 0x09, 0x51, 0x09
    .byte 0x51, 0x09, 0x51, 0x09, 0x51, 0x09, 0x51, 0x09, 0x51, 0x09, 0x51, 0x09, 0x51, 0x09, 0x51, 0x09, 0x51, 0x09, 0x51, 0x09, 0x51, 0x09, 0x51, 0x09, 0x51, 0x09, 0x51, 0x09, 0x51, 0x09, 0x51, 0x09
    .byte 0x51, 0x09, 0x51, 0x09, 0x51, 0x09, 0x51, 0x09, 0x51, 0x09, 0x51, 0x09, 0x51, 0x09, 0x51, 0x09, 0x51, 0x09, 0x51, 0x09, 0x51, 0x09, 0x51, 0x09, 0x51, 0x09, 0x51, 0x09, 0x51, 0x09, 0x51, 0x09
    .byte 0x51, 0x09, 0x51, 0x09, 0x51, 0x09, 0x51, 0x09, 0x51, 0x09, 0x51, 0x09, 0x51, 0x09, 0x51, 0x09, 0x51, 0x09, 0x51, 0x09, 0x51, 0x09, 0x51, 0x09, 0x51, 0x09, 0x51, 0x09, 0x51, 0x09, 0x51, 0x09
    .byte 0x51, 0x09, 0x51, 0x09, 0x51, 0x09, 0x51, 0x09, 0x51, 0x09, 0x51, 0x09, 0x51, 0x09, 0x51, 0x09, 0x51, 0x09, 0x51, 0x09, 0x51, 0x09, 0x08, 0x08, 0x08, 0x08, 0x08, 0x08, 0x08, 0x08, 0x08, 0x08
    .byte 0x08, 0x08, 0x08, 0x08, 0x08, 0x08, 0x08, 0x08, 0x08, 0x08, 0x09, 0x09, 0x09, 0x09, 0x09, 0x09, 0x09, 0x09, 0x09, 0x09, 0x09, 0x09, 0x09, 0x09, 0x09, 0x09, 0x09, 0x09, 0x09, 0x09, 0x09, 0x09
    .byte 0x09, 0x09, 0x09, 0x09, 0x09, 0x09, 0x09, 0x09, 0x09, 0x09, 0x09, 0x09, 0x09, 0x09, 0x09, 0x09, 0x09, 0x09, 0x09, 0x09, 0x09, 0x09, 0x00, 0x00, 0x00, 0x00, 0x00, 0x00, 0x00, 0x00, 0x00, 0x00
    .byte 0x00, 0x00, 0x09, 0x09, 0x09, 0x09, 0x09, 0x09, 0x09, 0x09, 0x09, 0x09, 0x09, 0x09, 0x09, 0x09, 0x09, 0x09, 0x09, 0x09, 0x09, 0x09, 0x09, 0x09, 0x09, 0x09, 0x09, 0x09, 0x09, 0x09, 0x09, 0x09
    .byte 0x09, 0x09, 0x09, 0x09, 0x09, 0x09, 0x09, 0x09, 0x09, 0x09, 0x09, 0x09, 0x09, 0x09, 0x09, 0x09, 0x09, 0x09, 0x09, 0x09, 0x09, 0x09, 0x09, 0x09, 0x09, 0x09, 0x09, 0x09, 0x09, 0x09, 0x09, 0x09
    .byte 0x09, 0x09, 0x09, 0x09, 0x09, 0x09, 0x09, 0x09, 0x09, 0x09, 0x09, 0x09, 0x09, 0x09, 0x09, 0x09, 0x09, 0x09, 0x09, 0x09, 0x09, 0x09, 0x09, 0x09, 0x09, 0x09, 0x09, 0x09, 0x09, 0x09, 0x09, 0x09
    .byte 0x09, 0x09, 0x09, 0x09, 0x09, 0x09, 0x09, 0x09, 0x09, 0x09, 0x09, 0x09, 0x09, 0x09, 0x09, 0x09, 0x09, 0x09, 0x09, 0x09, 0x09, 0x09, 0x09, 0x09, 0x09, 0x09, 0x09, 0x09, 0x09, 0x09, 0x09, 0x09
    .byte 0x09, 0x09, 0x09, 0x09, 0x09, 0x09, 0x09, 0x09, 0x09, 0x09, 0x09, 0x09, 0x09, 0x09, 0x09, 0x09, 0x09, 0x09, 0x09, 0x09, 0x09, 0x09, 0x09, 0x09, 0x09, 0x09, 0x09, 0x09, 0x09, 0x09, 0x09, 0x09
    .byte 0x09, 0x09, 0x09, 0x09, 0x09, 0x09, 0x09, 0x09, 0x09, 0x09, 0x09, 0x09, 0x09, 0x09, 0x09, 0x09, 0x09, 0x09, 0x09, 0x09, 0x09, 0x09, 0x09, 0x09, 0x09, 0x09, 0x09, 0x09, 0x09, 0x09, 0x09, 0x09
    .byte 0x09, 0x09, 0x09, 0x09, 0x09, 0x09, 0x09, 0x09, 0x09, 0x09, 0x09, 0x09, 0x09, 0x09, 0x09, 0x09, 0x09, 0x09, 0x09, 0x09, 0x09, 0x09, 0x09, 0x09, 0x09, 0x09, 0x09, 0x09, 0x09, 0x09, 0x09, 0x09
    .byte 0x09, 0x09, 0x09, 0x09, 0x09, 0x09, 0x09, 0x09, 0x09, 0x09, 0x09, 0x09, 0x09, 0x09, 0x09, 0x09, 0x09, 0x09, 0x09, 0x09, 0x09, 0x09, 0x08, 0x08, 0x08, 0x08, 0x08, 0x08, 0x08, 0x08, 0x08, 0x08
    .byte 0x08, 0x08, 0x08, 0x08, 0x08, 0x08, 0x08, 0x08, 0x08, 0x08, 0x51, 0x09, 0x51, 0x09, 0x51, 0x09, 0x51, 0x09, 0x51, 0x09, 0x51, 0x09, 0x51, 0x09, 0x51, 0x09, 0x51, 0x09, 0x51, 0x09, 0x51, 0x09
    .byte 0x51, 0x09, 0x51, 0x09, 0x51, 0x09, 0x51, 0x09, 0x51, 0x09, 0x51, 0x09, 0x51, 0x09, 0x51, 0x09, 0x51, 0x09, 0x51, 0x09, 0x51, 0x09, 0x00, 0x00, 0x00, 0x00, 0x00, 0x00, 0x00, 0x00, 0x00, 0x00
    .byte 0x00, 0x00, 0x51, 0x09, 0x51, 0x09, 0x51, 0x09, 0x51, 0x09, 0x51, 0x09, 0x51, 0x09, 0x51, 0x09, 0x51, 0x09, 0x51, 0x09, 0x51, 0x09, 0x51, 0x09, 0x51, 0x09, 0x51, 0x09, 0x51, 0x09, 0x51, 0x09
    .byte 0x51, 0x09, 0x51, 0x09, 0x51, 0x09, 0x51, 0x09, 0x51, 0x09, 0x51, 0x09, 0x51, 0x09, 0x51, 0x09, 0x51, 0x09, 0x51, 0x09, 0x51, 0x09, 0x51, 0x09, 0x51, 0x09, 0x51, 0x09, 0x51, 0x09, 0x51, 0x09
    .byte 0x51, 0x09, 0x51, 0x09, 0x51, 0x09, 0x51, 0x09, 0x51, 0x09, 0x51, 0x09, 0x51, 0x09, 0x51, 0x09, 0x51, 0x09, 0x51, 0x09, 0x51, 0x09, 0x51, 0x09, 0x51, 0x09, 0x51, 0x09, 0x51, 0x09, 0x51, 0x09
    .byte 0x51, 0x09, 0x51, 0x09, 0x51, 0x09, 0x51, 0x09, 0x51, 0x09, 0x51, 0x09, 0x51, 0x09, 0x51, 0x09, 0x51, 0x09, 0x51, 0x09, 0x51, 0x09, 0x51, 0x09, 0x51, 0x09, 0x51, 0x09, 0x51, 0x09, 0x51, 0x09
    .byte 0x51, 0x09, 0x51, 0x09, 0x51, 0x09, 0x51, 0x09, 0x51, 0x09, 0x51, 0x09, 0x51, 0x09, 0x51, 0x09, 0x51, 0x09, 0x51, 0x09, 0x51, 0x09, 0x51, 0x09, 0x51, 0x09, 0x51, 0x09, 0x51, 0x09, 0x51, 0x09
    .byte 0x51, 0x09, 0x51, 0x09, 0x51, 0x09, 0x51, 0x09, 0x51, 0x09, 0x51, 0x09, 0x51, 0x09, 0x51, 0x09, 0x51, 0x09, 0x51, 0x09, 0x51, 0x09, 0x51, 0x09, 0x51, 0x09, 0x51, 0x09, 0x51, 0x09, 0x51, 0x09
    .byte 0x51, 0x09, 0x51, 0x09, 0x51, 0x09, 0x51, 0x09, 0x51, 0x09, 0x51, 0x09, 0x51, 0x09, 0x51, 0x09, 0x51, 0x09, 0x51, 0x09, 0x51, 0x09, 0x51, 0x09, 0x51, 0x09, 0x51, 0x09, 0x51, 0x09, 0x51, 0x09
    .byte 0x51, 0x09, 0x51, 0x09, 0x51, 0x09, 0x51, 0x09, 0x51, 0x09, 0x51, 0x09, 0x51, 0x09, 0x51, 0x09, 0x51, 0x09, 0x51, 0x09, 0x51, 0x09, 0x08, 0x08, 0x08, 0x08, 0x08, 0x08, 0x08, 0x08, 0x08, 0x08
    .byte 0x08, 0x08, 0x08, 0x08, 0x08, 0x08, 0x08, 0x08, 0x08, 0x08, 0x09, 0x09, 0x09, 0x09, 0x09, 0x09, 0x09, 0x09, 0x09, 0x09, 0x09, 0x09, 0x09, 0x09, 0x09, 0x09, 0x09, 0x09, 0x09, 0x09, 0x09, 0x09
    .byte 0x09, 0x09, 0x09, 0x09, 0x09, 0x09, 0x09, 0x09, 0x09, 0x09, 0x09, 0x09, 0x09, 0x09, 0x09, 0x09, 0x09, 0x09, 0x09, 0x09, 0x09, 0x09, 0x00, 0x00, 0x00, 0x00, 0x00, 0x00, 0x00, 0x00, 0x00, 0x00
    .byte 0x00, 0x00, 0x09, 0x09, 0x09, 0x09, 0x09, 0x09, 0x09, 0x09, 0x09, 0x09, 0x09, 0x09, 0x09, 0x09, 0x09, 0x09, 0x09, 0x09, 0x09, 0x09, 0x09, 0x09, 0x09, 0x09, 0x09, 0x09, 0x09, 0x09, 0x09, 0x09
    .byte 0x09, 0x09, 0x09, 0x09, 0x09, 0x09, 0x09, 0x09, 0x09, 0x09, 0x09, 0x09, 0x09, 0x09, 0x09, 0x09, 0x09, 0x09, 0x09, 0x09, 0x09, 0x09, 0x09, 0x09, 0x09, 0x09, 0x09, 0x09, 0x09, 0x09, 0x09, 0x09
    .byte 0x09, 0x09, 0x09, 0x09, 0x09, 0x09, 0x09, 0x09, 0x09, 0x09, 0x09, 0x09, 0x09, 0x09, 0x09, 0x09, 0x09, 0x09, 0x09, 0x09, 0x09, 0x09, 0x09, 0x09, 0x09, 0x09, 0x09, 0x09, 0x09, 0x09, 0x09, 0x09
    .byte 0x09, 0x09, 0x09, 0x09, 0x09, 0x09, 0x09, 0x09, 0x09, 0x09, 0x09, 0x09, 0x09, 0x09, 0x09, 0x09, 0x09, 0x09, 0x09, 0x09, 0x09, 0x09, 0x09, 0x09, 0x09, 0x09, 0x09, 0x09, 0x09, 0x09, 0x09, 0x09
    .byte 0x09, 0x09, 0x09, 0x09, 0x09, 0x09, 0x09, 0x09, 0x09, 0x09, 0x09, 0x09, 0x09, 0x09, 0x09, 0x09, 0x09, 0x09, 0x09, 0x09, 0x09, 0x09, 0x09, 0x09, 0x09, 0x09, 0x09, 0x09, 0x09, 0x09, 0x09, 0x09
    .byte 0x09, 0x09, 0x09, 0x09, 0x09, 0x09, 0x09, 0x09, 0x09, 0x09, 0x09, 0x09, 0x09, 0x09, 0x09, 0x09, 0x09, 0x09, 0x09, 0x09, 0x09, 0x09, 0x09, 0x09, 0x09, 0x09, 0x09, 0x09, 0x09, 0x09, 0x09, 0x09
    .byte 0x09, 0x09, 0x09, 0x09, 0x09, 0x09, 0x09, 0x09, 0x09, 0x09, 0x09, 0x09, 0x09, 0x09, 0x09, 0x09, 0x09, 0x09, 0x09, 0x09, 0x09, 0x09, 0x09, 0x09, 0x09, 0x09, 0x09, 0x09, 0x09, 0x09, 0x09, 0x09
    .byte 0x09, 0x09, 0x09, 0x09, 0x09, 0x09, 0x09, 0x09, 0x09, 0x09, 0x09, 0x09, 0x09, 0x09, 0x09, 0x09, 0x09, 0x09, 0x09, 0x09, 0x09, 0x09, 0x08, 0x08, 0x08, 0x08, 0x08, 0x08, 0x08, 0x08, 0x08, 0x08
    .byte 0x08, 0x08, 0x08, 0x08, 0x08, 0x08, 0x08, 0x08, 0x08, 0x08, 0x51, 0x09, 0x51, 0x09, 0x51, 0x09, 0x51, 0x09, 0x51, 0x09, 0x51, 0x09, 0x51, 0x09, 0x51, 0x09, 0x51, 0x09, 0x51, 0x09, 0x51, 0x09
    .byte 0x51, 0x09, 0x51, 0x09, 0x51, 0x09, 0x51, 0x09, 0x51, 0x09, 0x51, 0x09, 0x51, 0x09, 0x51, 0x09, 0x51, 0x09, 0x51, 0x09, 0x51, 0x09, 0x00, 0x00, 0x00, 0x00, 0x00, 0x00, 0x00, 0x00, 0x00, 0x00
    .byte 0x00, 0x00, 0x51, 0x09, 0x51, 0x09, 0x51, 0x09, 0x51, 0x09, 0x51, 0x09, 0x51, 0x09, 0x51, 0x09, 0x51, 0x09, 0x51, 0x09, 0x51, 0x09, 0x51, 0x09, 0x51, 0x09, 0x51, 0x09, 0x51, 0x09, 0x51, 0x09
    .byte 0x51, 0x09, 0x51, 0x09, 0x51, 0x09, 0x51, 0x09, 0x51, 0x09, 0x51, 0x09, 0x51, 0x09, 0x51, 0x09, 0x51, 0x09, 0x51, 0x09, 0x51, 0x09, 0x51, 0x09, 0x51, 0x09, 0x51, 0x09, 0x51, 0x09, 0x51, 0x09
    .byte 0x51, 0x09, 0x51, 0x09, 0x51, 0x09, 0x51, 0x09, 0x51, 0x09, 0x51, 0x09, 0x51, 0x09, 0x51, 0x09, 0x51, 0x09, 0x51, 0x09, 0x51, 0x09, 0x51, 0x09, 0x51, 0x09, 0x51, 0x09, 0x51, 0x09, 0x51, 0x09
    .byte 0x51, 0x09, 0x51, 0x09, 0x51, 0x09, 0x51, 0x09, 0x51, 0x09, 0x51, 0x09, 0x51, 0x09, 0x51, 0x09, 0x51, 0x09, 0x51, 0x09, 0x51, 0x09, 0x51, 0x09, 0x51, 0x09, 0x51, 0x09, 0x51, 0x09, 0x51, 0x09
    .byte 0x51, 0x09, 0x51, 0x09, 0x51, 0x09, 0x51, 0x09, 0x51, 0x09, 0x51, 0x09, 0x51, 0x09, 0x51, 0x09, 0x51, 0x09, 0x51, 0x09, 0x51, 0x09, 0x51, 0x09, 0x51, 0x09, 0x51, 0x09, 0x51, 0x09, 0x51, 0x09
    .byte 0x51, 0x09, 0x51, 0x09, 0x51, 0x09, 0x51, 0x09, 0x51, 0x09, 0x51, 0x09, 0x51, 0x09, 0x51, 0x09, 0x51, 0x09, 0x51, 0x09, 0x51, 0x09, 0x51, 0x09, 0x51, 0x09, 0x51, 0x09, 0x51, 0x09, 0x51, 0x09
    .byte 0x51, 0x09, 0x51, 0x09, 0x51, 0x09, 0x51, 0x09, 0x51, 0x09, 0x51, 0x09, 0x51, 0x09, 0x51, 0x09, 0x51, 0x09, 0x51, 0x09, 0x51, 0x09, 0x51, 0x09, 0x51, 0x09, 0x51, 0x09, 0x51, 0x09, 0x51, 0x09
    .byte 0x51, 0x09, 0x51, 0x09, 0x51, 0x09, 0x51, 0x09, 0x51, 0x09, 0x51, 0x09, 0x51, 0x09, 0x51, 0x09, 0x51, 0x09, 0x51, 0x09, 0x51, 0x09, 0x08, 0x08, 0x08, 0x08, 0x08, 0x08, 0x08, 0x08, 0x08, 0x08
    .byte 0x08, 0x08, 0x08, 0x08, 0x08, 0x08, 0x08, 0x08, 0x08, 0x08, 0x09, 0x09, 0x09, 0x09, 0x09, 0x09, 0x09, 0x09, 0x09, 0x09, 0x09, 0x09, 0x09, 0x09, 0x09, 0x09, 0x09, 0x09, 0x09, 0x09, 0x09, 0x09
    .byte 0x09, 0x09, 0x09, 0x09, 0x09, 0x09, 0x09, 0x09, 0x09, 0x09, 0x09, 0x09, 0x09, 0x09, 0x09, 0x09, 0x09, 0x09, 0x09, 0x09, 0x09, 0x09, 0x00, 0x00, 0x00, 0x00, 0x00, 0x00, 0x00, 0x00, 0x00, 0x00
    .byte 0x00, 0x00, 0x09, 0x09, 0x09, 0x09, 0x09, 0x09, 0x09, 0x09, 0x09, 0x09, 0x09, 0x09, 0x09, 0x09, 0x09, 0x09, 0x09, 0x09, 0x09, 0x09, 0x09, 0x09, 0x09, 0x09, 0x09, 0x09, 0x09, 0x09, 0x09, 0x09
    .byte 0x09, 0x09, 0x09, 0x09, 0x09, 0x09, 0x09, 0x09, 0x09, 0x09, 0x09, 0x09, 0x09, 0x09, 0x09, 0x09, 0x09, 0x09, 0x09, 0x09, 0x09, 0x09, 0x09, 0x09, 0x09, 0x09, 0x09, 0x09, 0x09, 0x09, 0x09, 0x09
    .byte 0x09, 0x09, 0x09, 0x09, 0x09, 0x09, 0x09, 0x09, 0x09, 0x09, 0x09, 0x09, 0x09, 0x09, 0x09, 0x09, 0x09, 0x09, 0x09, 0x09, 0x09, 0x09, 0x09, 0x09, 0x09, 0x09, 0x09, 0x09, 0x09, 0x09, 0x09, 0x09
    .byte 0x09, 0x09, 0x09, 0x09, 0x09, 0x09, 0x09, 0x09, 0x09, 0x09, 0x09, 0x09, 0x09, 0x09, 0x09, 0x09, 0x09, 0x09, 0x09, 0x09, 0x09, 0x09, 0x09, 0x09, 0x09, 0x09, 0x09, 0x09, 0x09, 0x09, 0x09, 0x09
    .byte 0x09, 0x09, 0x09, 0x09, 0x09, 0x09, 0x09, 0x09, 0x09, 0x09, 0x09, 0x09, 0x09, 0x09, 0x09, 0x09, 0x09, 0x09, 0x09, 0x09, 0x09, 0x09, 0x09, 0x09, 0x09, 0x09, 0x09, 0x09, 0x09, 0x09, 0x09, 0x09
    .byte 0x09, 0x09, 0x09, 0x09, 0x09, 0x09, 0x09, 0x09, 0x09, 0x09, 0x09, 0x09, 0x09, 0x09, 0x09, 0x09, 0x09, 0x09, 0x09, 0x09, 0x09, 0x09, 0x09, 0x09, 0x09, 0x09, 0x09, 0x09, 0x09, 0x09, 0x09, 0x09
    .byte 0x09, 0x09, 0x09, 0x09, 0x09, 0x09, 0x09, 0x09, 0x09, 0x09, 0x09, 0x09, 0x09, 0x09, 0x09, 0x09, 0x09, 0x09, 0x09, 0x09, 0x09, 0x09, 0x09, 0x09, 0x09, 0x09, 0x09, 0x09, 0x09, 0x09, 0x09, 0x09
    .byte 0x09, 0x09, 0x09, 0x09, 0x09, 0x09, 0x09, 0x09, 0x09, 0x09, 0x09, 0x09, 0x09, 0x09, 0x09, 0x09, 0x09, 0x09, 0x09, 0x09, 0x09, 0x09, 0x08, 0x08, 0x08, 0x08, 0x08, 0x08, 0x08, 0x08, 0x08, 0x08
    .byte 0x08, 0x08, 0x08, 0x08, 0x08, 0x08, 0x08, 0x08, 0x08, 0x08, 0x51, 0x09, 0x51, 0x09, 0x51, 0x09, 0x51, 0x09, 0x51, 0x09, 0x51, 0x09, 0x51, 0x09, 0x51, 0x09, 0x51, 0x09, 0x51, 0x09, 0x51, 0x09
    .byte 0x51, 0x09, 0x51, 0x09, 0x51, 0x09, 0x51, 0x09, 0x51, 0x09, 0x51, 0x09, 0x51, 0x09, 0x51, 0x09, 0x51, 0x09, 0x51, 0x09, 0x51, 0x09, 0x37, 0x37, 0x37, 0x37, 0x37, 0x37, 0x37, 0x37, 0x37, 0x37
    .byte 0x37, 0x37, 0x51, 0x09, 0x51, 0x09, 0x51, 0x09, 0x51, 0x09, 0x51, 0x09, 0x51, 0x09, 0x51, 0x09, 0x51, 0x09, 0x51, 0x09, 0x51, 0x09, 0x51, 0x09, 0x51, 0x09, 0x51, 0x09, 0x51, 0x09, 0x51, 0x09
    .byte 0x51, 0x09, 0x51, 0x09, 0x51, 0x09, 0x51, 0x09, 0x51, 0x09, 0x51, 0x09, 0x51, 0x09, 0x51, 0x09, 0x51, 0x09, 0x51, 0x09, 0x51, 0x09, 0x51, 0x09, 0x51, 0x09, 0x51, 0x09, 0x51, 0x09, 0x51, 0x09
    .byte 0x51, 0x09, 0x51, 0x09, 0x51, 0x09, 0x51, 0x09, 0x51, 0x09, 0x51, 0x09, 0x51, 0x09, 0x51, 0x09, 0x51, 0x09, 0x51, 0x09, 0x51, 0x09, 0x51, 0x09, 0x51, 0x09, 0x51, 0x09, 0x51, 0x09, 0x51, 0x09
    .byte 0x51, 0x09, 0x51, 0x09, 0x51, 0x09, 0x51, 0x09, 0x51, 0x09, 0x51, 0x09, 0x51, 0x09, 0x51, 0x09, 0x51, 0x09, 0x51, 0x09, 0x51, 0x09, 0x51, 0x09, 0x51, 0x09, 0x51, 0x09, 0x51, 0x09, 0x51, 0x09
    .byte 0x51, 0x09, 0x51, 0x09, 0x51, 0x09, 0x51, 0x09, 0x51, 0x09, 0x51, 0x09, 0x51, 0x09, 0x51, 0x09, 0x51, 0x09, 0x51, 0x09, 0x51, 0x09, 0x51, 0x09, 0x51, 0x09, 0x51, 0x09, 0x51, 0x09, 0x51, 0x09
    .byte 0x51, 0x09, 0x51, 0x09, 0x51, 0x09, 0x51, 0x09, 0x51, 0x09, 0x51, 0x09, 0x51, 0x09, 0x51, 0x09, 0x51, 0x09, 0x51, 0x09, 0x51, 0x09, 0x51, 0x09, 0x51, 0x09, 0x51, 0x09, 0x51, 0x09, 0x51, 0x09
    .byte 0x51, 0x09, 0x51, 0x09, 0x51, 0x09, 0x51, 0x09, 0x51, 0x09, 0x51, 0x09, 0x51, 0x09, 0x51, 0x09, 0x51, 0x09, 0x51, 0x09, 0x51, 0x09, 0x51, 0x09, 0x51, 0x09, 0x51, 0x09, 0x51, 0x09, 0x51, 0x09
    .byte 0x51, 0x09, 0x51, 0x09, 0x51, 0x09, 0x51, 0x09, 0x51, 0x09, 0x51, 0x09, 0x51, 0x09, 0x51, 0x09, 0x51, 0x09, 0x51, 0x09, 0x51, 0x09, 0x09, 0x09, 0x09, 0x09, 0x09, 0x09, 0x09, 0x09, 0x09, 0x09
    .byte 0x09, 0x09, 0x09, 0x09, 0x09, 0x09, 0x09, 0x09, 0x09, 0x09, 0x09, 0x09, 0x09, 0x09, 0x09, 0x09, 0x09, 0x09, 0x09, 0x09, 0x09, 0x09, 0x09, 0x09, 0x09, 0x09, 0x09, 0x09, 0x09, 0x09, 0x09, 0x09
    .byte 0x09, 0x09, 0x09, 0x09, 0x09, 0x09, 0x09, 0x09, 0x09, 0x09, 0x09, 0x09, 0x09, 0x09, 0x09, 0x09, 0x09, 0x09, 0x09, 0x09, 0x09, 0x09, 0x37, 0x37, 0x37, 0x37, 0x37, 0x37, 0x37, 0x37, 0x37, 0x37
    .byte 0x37, 0x37, 0x09, 0x09, 0x09, 0x09, 0x09, 0x09, 0x09, 0x09, 0x09, 0x09, 0x09, 0x09, 0x09, 0x09, 0x09, 0x09, 0x09, 0x09, 0x09, 0x09, 0x09, 0x09, 0x09, 0x09, 0x09, 0x09, 0x09, 0x09, 0x09, 0x09
    .byte 0x09, 0x09, 0x09, 0x09, 0x09, 0x09, 0x09, 0x09, 0x09, 0x09, 0x09, 0x09, 0x09, 0x09, 0x09, 0x09, 0x09, 0x09, 0x09, 0x09, 0x09, 0x09, 0x09, 0x09, 0x09, 0x09, 0x09, 0x09, 0x09, 0x09, 0x09, 0x09
    .byte 0x09, 0x09, 0x09, 0x09, 0x09, 0x09, 0x09, 0x09, 0x09, 0x09, 0x09, 0x09, 0x09, 0x09, 0x09, 0x09, 0x09, 0x09, 0x09, 0x09, 0x09, 0x09, 0x09, 0x09, 0x09, 0x09, 0x09, 0x09, 0x09, 0x09, 0x09, 0x09
    .byte 0x09, 0x09, 0x09, 0x09, 0x09, 0x09, 0x09, 0x09, 0x09, 0x09, 0x09, 0x09, 0x09, 0x09, 0x09, 0x09, 0x09, 0x09, 0x09, 0x09, 0x09, 0x09, 0x09, 0x09, 0x09, 0x09, 0x09, 0x09, 0x09, 0x09, 0x09, 0x09
    .byte 0x09, 0x09, 0x09, 0x09, 0x09, 0x09, 0x09, 0x09, 0x09, 0x09, 0x09, 0x09, 0x09, 0x00, 0x00, 0x00, 0x00, 0x00, 0x00, 0x37, 0x37, 0x37, 0x00, 0x00, 0x00, 0x00, 0x00, 0x00, 0x37, 0x37, 0x37, 0x00
    .byte 0x00, 0x00, 0x00, 0x00, 0x00, 0x37, 0x37, 0x37, 0x00, 0x00, 0x00, 0x00, 0x00, 0x00, 0x37, 0x37, 0x37, 0x00, 0x00, 0x00, 0x00, 0x00, 0x00, 0x37, 0x37, 0x37, 0x00, 0x00, 0x00, 0x00, 0x00, 0x00
    .byte 0x37, 0x37, 0x37, 0x00, 0x00, 0x00, 0x00, 0x00, 0x00, 0x37, 0x37, 0x37, 0x00, 0x00, 0x00, 0x00, 0x00, 0x00, 0x37, 0x37, 0x37, 0x00, 0x00, 0x00, 0x00, 0x00, 0x00, 0x37, 0x37, 0x37, 0x00, 0x00
    .byte 0x00, 0x00, 0x00, 0x00, 0x37, 0x37, 0x37, 0x00, 0x00, 0x00, 0x00, 0x00, 0x00, 0x09, 0x09, 0x09, 0x09, 0x09, 0x09, 0x09, 0x09, 0x09, 0x09, 0x09, 0x09, 0x09, 0x09, 0x09, 0x09, 0x09, 0x09, 0x09
    .byte 0x09, 0x09, 0x09, 0x09, 0x09, 0x09, 0x09, 0x09, 0x09, 0x09, 0x51, 0x09, 0x51, 0x09, 0x51, 0x09, 0x51, 0x09, 0x51, 0x09, 0x51, 0x09, 0x51, 0x09, 0x51, 0x09, 0x51, 0x09, 0x51, 0x09, 0x51, 0x09
    .byte 0x51, 0x09, 0x51, 0x09, 0x51, 0x09, 0x51, 0x09, 0x51, 0x09, 0x51, 0x09, 0x51, 0x09, 0x51, 0x09, 0x51, 0x09, 0x51, 0x09, 0x51, 0x09, 0x37, 0x37, 0x37, 0x37, 0x37, 0x37, 0x37, 0x37, 0x37, 0x37
    .byte 0x37, 0x37, 0x51, 0x09, 0x51, 0x09, 0x51, 0x09, 0x51, 0x09, 0x51, 0x09, 0x51, 0x09, 0x51, 0x09, 0x51, 0x09, 0x51, 0x09, 0x51, 0x09, 0x51, 0x09, 0x51, 0x09, 0x51, 0x09, 0x51, 0x09, 0x51, 0x09
    .byte 0x51, 0x09, 0x51, 0x09, 0x51, 0x09, 0x51, 0x09, 0x51, 0x09, 0x51, 0x09, 0x51, 0x09, 0x51, 0x09, 0x51, 0x09, 0x51, 0x09, 0x51, 0x09, 0x51, 0x09, 0x51, 0x09, 0x51, 0x09, 0x51, 0x09, 0x51, 0x09
    .byte 0x51, 0x09, 0x51, 0x09, 0x51, 0x09, 0x51, 0x09, 0x51, 0x09, 0x51, 0x09, 0x51, 0x09, 0x51, 0x09, 0x51, 0x09, 0x51, 0x09, 0x51, 0x09, 0x51, 0x09, 0x51, 0x09, 0x51, 0x09, 0x51, 0x09, 0x51, 0x09
    .byte 0x51, 0x09, 0x51, 0x09, 0x51, 0x09, 0x51, 0x09, 0x51, 0x09, 0x51, 0x09, 0x51, 0x09, 0x51, 0x09, 0x51, 0x09, 0x51, 0x09, 0x51, 0x09, 0x51, 0x09, 0x51, 0x09, 0x51, 0x09, 0x51, 0x09, 0x51, 0x09
    .byte 0x51, 0x09, 0x51, 0x09, 0x51, 0x09, 0x51, 0x09, 0x51, 0x09, 0x51, 0x09, 0x51, 0x00, 0x00, 0x00, 0x00, 0x00, 0x00, 0x37, 0x37, 0x37, 0x00, 0x00, 0x00, 0x00, 0x00, 0x00, 0x37, 0x37, 0x37, 0x00
    .byte 0x00, 0x00, 0x00, 0x00, 0x00, 0x37, 0x37, 0x37, 0x00, 0x00, 0x00, 0x00, 0x00, 0x00, 0x37, 0x37, 0x37, 0x00, 0x00, 0x00, 0x00, 0x00, 0x00, 0x37, 0x37, 0x37, 0x00, 0x00, 0x00, 0x00, 0x00, 0x00
    .byte 0x37, 0x37, 0x37, 0x00, 0x00, 0x00, 0x00, 0x00, 0x00, 0x37, 0x37, 0x37, 0x00, 0x00, 0x00, 0x00, 0x00, 0x00, 0x37, 0x37, 0x37, 0x00, 0x00, 0x00, 0x00, 0x00, 0x00, 0x37, 0x37, 0x37, 0x00, 0x00
    .byte 0x00, 0x00, 0x00, 0x00, 0x37, 0x37, 0x37, 0x00, 0x00, 0x00, 0x00, 0x00, 0x00, 0x09, 0x51, 0x09, 0x51, 0x09, 0x51, 0x09, 0x51, 0x09, 0x09, 0x09, 0x09, 0x09, 0x09, 0x09, 0x09, 0x09, 0x09, 0x09
    .byte 0x09, 0x09, 0x09, 0x09, 0x09, 0x09, 0x09, 0x09, 0x09, 0x09, 0x09, 0x09, 0x09, 0x09, 0x09, 0x09, 0x09, 0x09, 0x09, 0x09, 0x09, 0x09, 0x09, 0x09, 0x09, 0x09, 0x09, 0x09, 0x09, 0x09, 0x09, 0x09
    .byte 0x09, 0x09, 0x09, 0x09, 0x09, 0x09, 0x09, 0x09, 0x09, 0x09, 0x09, 0x09, 0x09, 0x09, 0x09, 0x09, 0x09, 0x09, 0x09, 0x09, 0x09, 0x09, 0x37, 0x37, 0x37, 0x37, 0x37, 0x37, 0x37, 0x37, 0x37, 0x37
    .byte 0x37, 0x37, 0x09, 0x09, 0x09, 0x09, 0x09, 0x09, 0x09, 0x09, 0x09, 0x09, 0x09, 0x09, 0x09, 0x09, 0x09, 0x09, 0x09, 0x09, 0x09, 0x09, 0x09, 0x09, 0x09, 0x09, 0x09, 0x09, 0x09, 0x09, 0x09, 0x09
    .byte 0x09, 0x09, 0x09, 0x09, 0x09, 0x09, 0x09, 0x09, 0x09, 0x09, 0x09, 0x09, 0x09, 0x09, 0x09, 0x09, 0x09, 0x09, 0x09, 0x09, 0x09, 0x09, 0x09, 0x09, 0x09, 0x09, 0x09, 0x09, 0x09, 0x09, 0x09, 0x09
    .byte 0x09, 0x09, 0x09, 0x09, 0x09, 0x09, 0x09, 0x09, 0x09, 0x09, 0x09, 0x09, 0x09, 0x09, 0x09, 0x09, 0x09, 0x09, 0x09, 0x09, 0x09, 0x09, 0x09, 0x09, 0x09, 0x09, 0x09, 0x09, 0x09, 0x09, 0x09, 0x09
    .byte 0x09, 0x09, 0x09, 0x09, 0x09, 0x09, 0x09, 0x09, 0x09, 0x09, 0x09, 0x09, 0x09, 0x09, 0x09, 0x09, 0x09, 0x09, 0x09, 0x09, 0x09, 0x09, 0x09, 0x09, 0x09, 0x09, 0x09, 0x09, 0x09, 0x09, 0x09, 0x09
    .byte 0x09, 0x09, 0x09, 0x09, 0x09, 0x09, 0x09, 0x09, 0x09, 0x09, 0x09, 0x09, 0x09, 0x00, 0x00, 0x00, 0x00, 0x00, 0x00, 0x37, 0x37, 0x37, 0x00, 0x00, 0x00, 0x00, 0x00, 0x00, 0x37, 0x37, 0x37, 0x00
    .byte 0x00, 0x00, 0x00, 0x00, 0x00, 0x37, 0x37, 0x37, 0x00, 0x00, 0x00, 0x00, 0x00, 0x00, 0x37, 0x37, 0x37, 0x00, 0x00, 0x00, 0x00, 0x00, 0x00, 0x37, 0x37, 0x37, 0x00, 0x00, 0x00, 0x00, 0x00, 0x00
    .byte 0x37, 0x37, 0x37, 0x00, 0x00, 0x00, 0x00, 0x00, 0x00, 0x37, 0x37, 0x37, 0x00, 0x00, 0x00, 0x00, 0x00, 0x00, 0x37, 0x37, 0x37, 0x00, 0x00, 0x00, 0x00, 0x00, 0x00, 0x37, 0x37, 0x37, 0x00, 0x00
    .byte 0x00, 0x00, 0x00, 0x00, 0x37, 0x37, 0x37, 0x00, 0x00, 0x00, 0x00, 0x00, 0x00, 0x09, 0x09, 0x09, 0x09, 0x09, 0x09, 0x09, 0x09, 0x09, 0x09, 0x09, 0x09, 0x09, 0x09, 0x09, 0x09, 0x09, 0x09, 0x09
    .byte 0x09, 0x09, 0x09, 0x09, 0x09, 0x09, 0x09, 0x09, 0x09, 0x09, 0x51, 0x09, 0x51, 0x09, 0x51, 0x09, 0x51, 0x09, 0x51, 0x09, 0x51, 0x09, 0x51, 0x09, 0x51, 0x09, 0x51, 0x09, 0x51, 0x09, 0x51, 0x09
    .byte 0x51, 0x09, 0x51, 0x09, 0x51, 0x09, 0x51, 0x09, 0x51, 0x09, 0x51, 0x09, 0x51, 0x09, 0x51, 0x09, 0x51, 0x09, 0x51, 0x09, 0x51, 0x09, 0x00, 0x00, 0x00, 0x00, 0x00, 0x00, 0x00, 0x00, 0x00, 0x00
    .byte 0x00, 0x00, 0x51, 0x09, 0x51, 0x09, 0x51, 0x09, 0x51, 0x09, 0x51, 0x09, 0x51, 0x09, 0x51, 0x09, 0x51, 0x09, 0x51, 0x09, 0x51, 0x09, 0x51, 0x09, 0x51, 0x09, 0x51, 0x09, 0x51, 0x09, 0x51, 0x09
    .byte 0x51, 0x09, 0x51, 0x09, 0x51, 0x09, 0x51, 0x09, 0x51, 0x09, 0x51, 0x09, 0x51, 0x09, 0x51, 0x09, 0x51, 0x09, 0x51, 0x09, 0x51, 0x09, 0x51, 0x09, 0x51, 0x09, 0x51, 0x09, 0x51, 0x09, 0x51, 0x09
    .byte 0x51, 0x09, 0x51, 0x09, 0x51, 0x09, 0x51, 0x09, 0x51, 0x09, 0x51, 0x09, 0x51, 0x09, 0x51, 0x09, 0x51, 0x09, 0x51, 0x09, 0x51, 0x09, 0x51, 0x09, 0x51, 0x09, 0x51, 0x09, 0x51, 0x09, 0x51, 0x09
    .byte 0x51, 0x09, 0x51, 0x09, 0x51, 0x09, 0x51, 0x09, 0x51, 0x09, 0x51, 0x09, 0x51, 0x09, 0x51, 0x09, 0x51, 0x09, 0x51, 0x09, 0x51, 0x09, 0x51, 0x09, 0x51, 0x09, 0x51, 0x09, 0x51, 0x09, 0x51, 0x09
    .byte 0x51, 0x09, 0x51, 0x09, 0x51, 0x09, 0x51, 0x09, 0x51, 0x09, 0x51, 0x09, 0x51, 0x00, 0x00, 0x00, 0x00, 0x00, 0x00, 0x37, 0x37, 0x37, 0x00, 0x00, 0x00, 0x00, 0x00, 0x00, 0x37, 0x37, 0x37, 0x00
    .byte 0x00, 0x00, 0x00, 0x00, 0x00, 0x37, 0x37, 0x37, 0x00, 0x00, 0x00, 0x00, 0x00, 0x00, 0x37, 0x37, 0x37, 0x00, 0x00, 0x00, 0x00, 0x00, 0x00, 0x37, 0x37, 0x37, 0x00, 0x00, 0x00, 0x00, 0x00, 0x00
    .byte 0x37, 0x37, 0x37, 0x00, 0x00, 0x00, 0x00, 0x00, 0x00, 0x37, 0x37, 0x37, 0x00, 0x00, 0x00, 0x00, 0x00, 0x00, 0x37, 0x37, 0x37, 0x00, 0x00, 0x00, 0x00, 0x00, 0x00, 0x37, 0x37, 0x37, 0x00, 0x00
    .byte 0x00, 0x00, 0x00, 0x00, 0x37, 0x37, 0x37, 0x00, 0x00, 0x00, 0x00, 0x00, 0x00, 0x09, 0x51, 0x09, 0x51, 0x09, 0x51, 0x09, 0x51, 0x09, 0x09, 0x09, 0x09, 0x09, 0x09, 0x09, 0x09, 0x09, 0x09, 0x09
    .byte 0x09, 0x09, 0x09, 0x09, 0x09, 0x09, 0x09, 0x09, 0x09, 0x09, 0x09, 0x09, 0x09, 0x09, 0x09, 0x09, 0x09, 0x09, 0x09, 0x09, 0x09, 0x09, 0x09, 0x09, 0x09, 0x09, 0x09, 0x09, 0x09, 0x09, 0x09, 0x09
    .byte 0x09, 0x09, 0x09, 0x09, 0x09, 0x09, 0x09, 0x09, 0x09, 0x09, 0x09, 0x09, 0x09, 0x09, 0x09, 0x09, 0x09, 0x09, 0x09, 0x09, 0x09, 0x09, 0x00, 0x00, 0x00, 0x00, 0x00, 0x00, 0x00, 0x00, 0x00, 0x00
    .byte 0x00, 0x00, 0x09, 0x09, 0x09, 0x09, 0x09, 0x09, 0x09, 0x09, 0x09, 0x09, 0x09, 0x09, 0x09, 0x09, 0x09, 0x09, 0x09, 0x09, 0x09, 0x09, 0x09, 0x09, 0x09, 0x09, 0x09, 0x09, 0x09, 0x09, 0x09, 0x09
    .byte 0x09, 0x09, 0x09, 0x09, 0x09, 0x09, 0x09, 0x09, 0x09, 0x09, 0x09, 0x09, 0x09, 0x09, 0x09, 0x09, 0x09, 0x09, 0x09, 0x09, 0x09, 0x09, 0x09, 0x09, 0x09, 0x09, 0x09, 0x09, 0x09, 0x09, 0x09, 0x09
    .byte 0x09, 0x09, 0x09, 0x09, 0x09, 0x09, 0x09, 0x09, 0x09, 0x09, 0x09, 0x09, 0x09, 0x09, 0x09, 0x09, 0x09, 0x09, 0x09, 0x09, 0x09, 0x09, 0x09, 0x09, 0x09, 0x09, 0x09, 0x09, 0x09, 0x09, 0x09, 0x09
    .byte 0x09, 0x09, 0x09, 0x09, 0x09, 0x09, 0x09, 0x09, 0x09, 0x09, 0x09, 0x09, 0x09, 0x09, 0x09, 0x09, 0x09, 0x09, 0x09, 0x09, 0x09, 0x09, 0x09, 0x09, 0x09, 0x09, 0x09, 0x09, 0x09, 0x09, 0x09, 0x09
    .byte 0x09, 0x09, 0x09, 0x09, 0x09, 0x09, 0x09, 0x09, 0x09, 0x09, 0x09, 0x09, 0x09, 0x00, 0x00, 0x00, 0x00, 0x00, 0x00, 0x37, 0x37, 0x37, 0x00, 0x00, 0x00, 0x00, 0x00, 0x00, 0x37, 0x37, 0x37, 0x00
    .byte 0x00, 0x00, 0x00, 0x00, 0x00, 0x37, 0x37, 0x37, 0x00, 0x00, 0x00, 0x00, 0x00, 0x00, 0x37, 0x37, 0x37, 0x00, 0x00, 0x00, 0x00, 0x00, 0x00, 0x37, 0x37, 0x37, 0x00, 0x00, 0x00, 0x00, 0x00, 0x00
    .byte 0x37, 0x37, 0x37, 0x00, 0x00, 0x00, 0x00, 0x00, 0x00, 0x37, 0x37, 0x37, 0x00, 0x00, 0x00, 0x00, 0x00, 0x00, 0x37, 0x37, 0x37, 0x00, 0x00, 0x00, 0x00, 0x00, 0x00, 0x37, 0x37, 0x37, 0x00, 0x00
    .byte 0x00, 0x00, 0x00, 0x00, 0x37, 0x37, 0x37, 0x00, 0x00, 0x00, 0x00, 0x00, 0x00, 0x09, 0x09, 0x09, 0x09, 0x09, 0x09, 0x09, 0x09, 0x09, 0x09, 0x09, 0x09, 0x09, 0x09, 0x09, 0x09, 0x09, 0x09, 0x09
    .byte 0x09, 0x09, 0x09, 0x09, 0x09, 0x09, 0x09, 0x09, 0x09, 0x09, 0x51, 0x09, 0x51, 0x09, 0x51, 0x09, 0x51, 0x09, 0x51, 0x09, 0x51, 0x09, 0x51, 0x09, 0x51, 0x09, 0x51, 0x09, 0x51, 0x09, 0x51, 0x09
    .byte 0x51, 0x09, 0x51, 0x09, 0x51, 0x09, 0x51, 0x09, 0x51, 0x09, 0x51, 0x09, 0x51, 0x09, 0x51, 0x09, 0x51, 0x09, 0x51, 0x09, 0x51, 0x09, 0x00, 0x00, 0x00, 0x00, 0x00, 0x00, 0x00, 0x00, 0x00, 0x00
    .byte 0x00, 0x00, 0x51, 0x09, 0x51, 0x09, 0x51, 0x09, 0x51, 0x09, 0x51, 0x09, 0x51, 0x09, 0x51, 0x09, 0x51, 0x09, 0x51, 0x09, 0x51, 0x09, 0x51, 0x09, 0x51, 0x09, 0x51, 0x09, 0x51, 0x09, 0x51, 0x09
    .byte 0x51, 0x09, 0x51, 0x09, 0x51, 0x09, 0x51, 0x09, 0x51, 0x09, 0x51, 0x09, 0x51, 0x09, 0x51, 0x09, 0x51, 0x09, 0x51, 0x09, 0x51, 0x09, 0x51, 0x09, 0x51, 0x09, 0x51, 0x09, 0x51, 0x09, 0x51, 0x09
    .byte 0x51, 0x09, 0x51, 0x09, 0x51, 0x09, 0x51, 0x09, 0x51, 0x09, 0x51, 0x09, 0x51, 0x09, 0x51, 0x09, 0x51, 0x09, 0x51, 0x09, 0x51, 0x09, 0x51, 0x09, 0x51, 0x09, 0x51, 0x09, 0x51, 0x09, 0x51, 0x09
    .byte 0x51, 0x09, 0x51, 0x09, 0x51, 0x09, 0x51, 0x09, 0x51, 0x09, 0x51, 0x09, 0x51, 0x09, 0x51, 0x09, 0x51, 0x09, 0x51, 0x09, 0x51, 0x09, 0x51, 0x09, 0x51, 0x09, 0x51, 0x09, 0x51, 0x09, 0x51, 0x09
    .byte 0x51, 0x09, 0x51, 0x09, 0x51, 0x09, 0x51, 0x09, 0x51, 0x09, 0x51, 0x09, 0x51, 0x00, 0x00, 0x00, 0x00, 0x00, 0x00, 0x37, 0x37, 0x37, 0x00, 0x00, 0x00, 0x00, 0x00, 0x00, 0x37, 0x37, 0x37, 0x00
    .byte 0x00, 0x00, 0x00, 0x00, 0x00, 0x37, 0x37, 0x37, 0x00, 0x00, 0x00, 0x00, 0x00, 0x00, 0x37, 0x37, 0x37, 0x00, 0x00, 0x00, 0x00, 0x00, 0x00, 0x37, 0x37, 0x37, 0x00, 0x00, 0x00, 0x00, 0x00, 0x00
    .byte 0x37, 0x37, 0x37, 0x00, 0x00, 0x00, 0x00, 0x00, 0x00, 0x37, 0x37, 0x37, 0x00, 0x00, 0x00, 0x00, 0x00, 0x00, 0x37, 0x37, 0x37, 0x00, 0x00, 0x00, 0x00, 0x00, 0x00, 0x37, 0x37, 0x37, 0x00, 0x00
    .byte 0x00, 0x00, 0x00, 0x00, 0x37, 0x37, 0x37, 0x00, 0x00, 0x00, 0x00, 0x00, 0x00, 0x09, 0x51, 0x09, 0x51, 0x09, 0x51, 0x09, 0x51, 0x09, 0x09, 0x09, 0x09, 0x09, 0x09, 0x09, 0x09, 0x09, 0x09, 0x09
    .byte 0x09, 0x09, 0x09, 0x09, 0x09, 0x09, 0x09, 0x09, 0x09, 0x09, 0x09, 0x09, 0x09, 0x09, 0x09, 0x09, 0x09, 0x09, 0x09, 0x09, 0x09, 0x09, 0x09, 0x09, 0x09, 0x09, 0x09, 0x09, 0x09, 0x09, 0x09, 0x09
    .byte 0x09, 0x09, 0x09, 0x09, 0x09, 0x09, 0x09, 0x09, 0x09, 0x09, 0x09, 0x09, 0x09, 0x09, 0x09, 0x09, 0x09, 0x09, 0x09, 0x09, 0x09, 0x09, 0x00, 0x00, 0x00, 0x00, 0x00, 0x00, 0x00, 0x00, 0x00, 0x00
    .byte 0x00, 0x00, 0x09, 0x09, 0x09, 0x09, 0x09, 0x09, 0x09, 0x09, 0x09, 0x09, 0x09, 0x09, 0x09, 0x09, 0x09, 0x09, 0x09, 0x09, 0x09, 0x09, 0x09, 0x09, 0x09, 0x09, 0x09, 0x09, 0x09, 0x09, 0x09, 0x09
    .byte 0x09, 0x09, 0x09, 0x09, 0x09, 0x09, 0x09, 0x09, 0x09, 0x09, 0x09, 0x09, 0x09, 0x09, 0x09, 0x09, 0x09, 0x09, 0x09, 0x09, 0x09, 0x09, 0x09, 0x09, 0x09, 0x09, 0x09, 0x09, 0x09, 0x09, 0x09, 0x09
    .byte 0x09, 0x09, 0x09, 0x09, 0x09, 0x09, 0x09, 0x09, 0x09, 0x09, 0x09, 0x09, 0x09, 0x09, 0x09, 0x09, 0x09, 0x09, 0x09, 0x09, 0x09, 0x09, 0x09, 0x09, 0x09, 0x09, 0x09, 0x09, 0x09, 0x09, 0x09, 0x09
    .byte 0x09, 0x09, 0x09, 0x09, 0x09, 0x09, 0x09, 0x09, 0x09, 0x09, 0x09, 0x09, 0x09, 0x09, 0x09, 0x09, 0x09, 0x09, 0x09, 0x09, 0x09, 0x09, 0x09, 0x09, 0x09, 0x09, 0x09, 0x09, 0x09, 0x09, 0x09, 0x09
    .byte 0x09, 0x09, 0x09, 0x09, 0x09, 0x09, 0x09, 0x09, 0x09, 0x09, 0x09, 0x09, 0x09, 0x00, 0x00, 0x00, 0x00, 0x00, 0x00, 0x37, 0x37, 0x37, 0x00, 0x00, 0x00, 0x00, 0x00, 0x00, 0x37, 0x37, 0x37, 0x00
    .byte 0x00, 0x00, 0x00, 0x00, 0x00, 0x37, 0x37, 0x37, 0x00, 0x00, 0x00, 0x00, 0x00, 0x00, 0x37, 0x37, 0x37, 0x00, 0x00, 0x00, 0x00, 0x00, 0x00, 0x37, 0x37, 0x37, 0x00, 0x00, 0x00, 0x00, 0x00, 0x00
    .byte 0x37, 0x37, 0x37, 0x00, 0x00, 0x00, 0x00, 0x00, 0x00, 0x37, 0x37, 0x37, 0x00, 0x00, 0x00, 0x00, 0x00, 0x00, 0x37, 0x37, 0x37, 0x00, 0x00, 0x00, 0x00, 0x00, 0x00, 0x37, 0x37, 0x37, 0x00, 0x00
    .byte 0x00, 0x00, 0x00, 0x00, 0x37, 0x37, 0x37, 0x00, 0x00, 0x00, 0x00, 0x00, 0x00, 0x09, 0x09, 0x09, 0x09, 0x09, 0x09, 0x09, 0x09, 0x09, 0x09, 0x09, 0x09, 0x09, 0x09, 0x09, 0x09, 0x09, 0x09, 0x09
    .byte 0x09, 0x09, 0x09, 0x09, 0x09, 0x09, 0x09, 0x09, 0x09, 0x09, 0x51, 0x09, 0x51, 0x09, 0x51, 0x09, 0x51, 0x09, 0x51, 0x09, 0x51, 0x09, 0x51, 0x09, 0x51, 0x09, 0x51, 0x09, 0x51, 0x09, 0x51, 0x09
    .byte 0x51, 0x09, 0x51, 0x09, 0x51, 0x09, 0x51, 0x09, 0x51, 0x09, 0x51, 0x09, 0x51, 0x09, 0x51, 0x09, 0x51, 0x09, 0x51, 0x09, 0x51, 0x09, 0x00, 0x00, 0x00, 0x00, 0x00, 0x00, 0x00, 0x00, 0x00, 0x00
    .byte 0x00, 0x00, 0x51, 0x09, 0x51, 0x09, 0x51, 0x09, 0x51, 0x09, 0x51, 0x09, 0x51, 0x09, 0x51, 0x09, 0x51, 0x09, 0x51, 0x09, 0x51, 0x09, 0x51, 0x09, 0x51, 0x09, 0x51, 0x09, 0x51, 0x09, 0x51, 0x09
    .byte 0x51, 0x09, 0x51, 0x09, 0x51, 0x09, 0x51, 0x09, 0x51, 0x09, 0x51, 0x09, 0x51, 0x09, 0x51, 0x09, 0x51, 0x09, 0x51, 0x09, 0x51, 0x09, 0x51, 0x09, 0x51, 0x09, 0x51, 0x09, 0x51, 0x09, 0x51, 0x09
    .byte 0x51, 0x09, 0x51, 0x09, 0x51, 0x09, 0x51, 0x09, 0x51, 0x09, 0x51, 0x09, 0x51, 0x09, 0x51, 0x09, 0x51, 0x09, 0x51, 0x09, 0x51, 0x09, 0x51, 0x09, 0x51, 0x09, 0x51, 0x09, 0x51, 0x09, 0x51, 0x09
    .byte 0x51, 0x09, 0x51, 0x09, 0x51, 0x09, 0x51, 0x09, 0x51, 0x09, 0x51, 0x09, 0x51, 0x09, 0x51, 0x09, 0x51, 0x09, 0x51, 0x09, 0x51, 0x09, 0x51, 0x09, 0x51, 0x09, 0x51, 0x09, 0x51, 0x09, 0x51, 0x09
    .byte 0x51, 0x09, 0x51, 0x09, 0x51, 0x09, 0x51, 0x09, 0x51, 0x09, 0x51, 0x09, 0x51, 0x00, 0x00, 0x00, 0x00, 0x00, 0x00, 0x37, 0x37, 0x37, 0x00, 0x00, 0x00, 0x00, 0x00, 0x00, 0x37, 0x37, 0x37, 0x00
    .byte 0x00, 0x00, 0x00, 0x00, 0x00, 0x37, 0x37, 0x37, 0x00, 0x00, 0x00, 0x00, 0x00, 0x00, 0x37, 0x37, 0x37, 0x00, 0x00, 0x00, 0x00, 0x00, 0x00, 0x37, 0x37, 0x37, 0x00, 0x00, 0x00, 0x00, 0x00, 0x00
    .byte 0x37, 0x37, 0x37, 0x00, 0x00, 0x00, 0x00, 0x00, 0x00, 0x37, 0x37, 0x37, 0x00, 0x00, 0x00, 0x00, 0x00, 0x00, 0x37, 0x37, 0x37, 0x00, 0x00, 0x00, 0x00, 0x00, 0x00, 0x37, 0x37, 0x37, 0x00, 0x00
    .byte 0x00, 0x00, 0x00, 0x00, 0x37, 0x37, 0x37, 0x00, 0x00, 0x00, 0x00, 0x00, 0x00, 0x09, 0x51, 0x09, 0x51, 0x09, 0x51, 0x09, 0x51, 0x09, 0x09, 0x09, 0x09, 0x09, 0x09, 0x09, 0x09, 0x09, 0x09, 0x09
    .byte 0x09, 0x09, 0x09, 0x09, 0x09, 0x09, 0x09, 0x09, 0x09, 0x09, 0x09, 0x09, 0x09, 0x09, 0x09, 0x09, 0x09, 0x09, 0x09, 0x09, 0x09, 0x09, 0x09, 0x09, 0x09, 0x09, 0x09, 0x09, 0x09, 0x09, 0x09, 0x09
    .byte 0x09, 0x09, 0x09, 0x09, 0x09, 0x09, 0x09, 0x09, 0x09, 0x09, 0x09, 0x09, 0x09, 0x09, 0x09, 0x09, 0x09, 0x09, 0x09, 0x09, 0x09, 0x09, 0x00, 0x00, 0x00, 0x00, 0x00, 0x00, 0x00, 0x00, 0x00, 0x00
    .byte 0x00, 0x00, 0x09, 0x09, 0x09, 0x09, 0x09, 0x09, 0x09, 0x09, 0x09, 0x09, 0x09, 0x09, 0x09, 0x09, 0x09, 0x09, 0x09, 0x09, 0x09, 0x09, 0x09, 0x09, 0x09, 0x09, 0x09, 0x09, 0x09, 0x09, 0x09, 0x09
    .byte 0x09, 0x09, 0x09, 0x09, 0x09, 0x09, 0x09, 0x09, 0x09, 0x09, 0x09, 0x09, 0x09, 0x09, 0x09, 0x09, 0x09, 0x09, 0x09, 0x09, 0x09, 0x09, 0x09, 0x09, 0x09, 0x09, 0x09, 0x09, 0x09, 0x09, 0x09, 0x09
    .byte 0x09, 0x09, 0x09, 0x09, 0x09, 0x09, 0x09, 0x09, 0x09, 0x09, 0x09, 0x09, 0x09, 0x09, 0x09, 0x09, 0x09, 0x09, 0x09, 0x09, 0x09, 0x09, 0x09, 0x09, 0x09, 0x09, 0x09, 0x09, 0x09, 0x09, 0x09, 0x09
    .byte 0x09, 0x09, 0x09, 0x09, 0x09, 0x09, 0x09, 0x09, 0x09, 0x09, 0x09, 0x09, 0x09, 0x09, 0x09, 0x09, 0x09, 0x09, 0x09, 0x09, 0x09, 0x09, 0x09, 0x09, 0x09, 0x09, 0x09, 0x09, 0x09, 0x09, 0x09, 0x09
    .byte 0x09, 0x09, 0x09, 0x09, 0x09, 0x09, 0x09, 0x09, 0x09, 0x09, 0x09, 0x09, 0x09, 0x00, 0x00, 0x00, 0x00, 0x00, 0x00, 0x37, 0x37, 0x37, 0x00, 0x00, 0x00, 0x00, 0x00, 0x00, 0x37, 0x37, 0x37, 0x00
    .byte 0x00, 0x00, 0x00, 0x00, 0x00, 0x37, 0x37, 0x37, 0x00, 0x00, 0x00, 0x00, 0x00, 0x00, 0x37, 0x37, 0x37, 0x00, 0x00, 0x00, 0x00, 0x00, 0x00, 0x37, 0x37, 0x37, 0x00, 0x00, 0x00, 0x00, 0x00, 0x00
    .byte 0x37, 0x37, 0x37, 0x00, 0x00, 0x00, 0x00, 0x00, 0x00, 0x37, 0x37, 0x37, 0x00, 0x00, 0x00, 0x00, 0x00, 0x00, 0x37, 0x37, 0x37, 0x00, 0x00, 0x00, 0x00, 0x00, 0x00, 0x37, 0x37, 0x37, 0x00, 0x00
    .byte 0x00, 0x00, 0x00, 0x00, 0x37, 0x37, 0x37, 0x00, 0x00, 0x00, 0x00, 0x00, 0x00, 0x09, 0x09, 0x09, 0x09, 0x09, 0x09, 0x09, 0x09, 0x09, 0x09, 0x09, 0x09, 0x09, 0x09, 0x09, 0x09, 0x09, 0x09, 0x09
    .byte 0x09, 0x09, 0x09, 0x09, 0x09, 0x09, 0x09, 0x09, 0x09, 0x09, 0x51, 0x09, 0x51, 0x09, 0x51, 0x09, 0x51, 0x09, 0x51, 0x09, 0x51, 0x09, 0x51, 0x09, 0x51, 0x09, 0x51, 0x09, 0x51, 0x09, 0x51, 0x09
    .byte 0x51, 0x09, 0x51, 0x09, 0x51, 0x09, 0x51, 0x09, 0x51, 0x09, 0x51, 0x09, 0x51, 0x09, 0x51, 0x09, 0x51, 0x09, 0x51, 0x09, 0x51, 0x09, 0x37, 0x37, 0x37, 0x37, 0x37, 0x37, 0x37, 0x37, 0x37, 0x37
    .byte 0x37, 0x37, 0x51, 0x09, 0x51, 0x09, 0x51, 0x09, 0x51, 0x09, 0x51, 0x09, 0x51, 0x09, 0x51, 0x09, 0x51, 0x09, 0x51, 0x09, 0x51, 0x09, 0x51, 0x09, 0x51, 0x09, 0x51, 0x09, 0x51, 0x09, 0x51, 0x09
    .byte 0x51, 0x09, 0x51, 0x09, 0x51, 0x09, 0x51, 0x09, 0x51, 0x09, 0x51, 0x09, 0x51, 0x09, 0x51, 0x09, 0x51, 0x09, 0x51, 0x09, 0x51, 0x09, 0x51, 0x09, 0x51, 0x09, 0x51, 0x09, 0x51, 0x09, 0x51, 0x09
    .byte 0x51, 0x09, 0x51, 0x09, 0x51, 0x09, 0x51, 0x09, 0x51, 0x09, 0x51, 0x09, 0x51, 0x09, 0x51, 0x09, 0x51, 0x09, 0x51, 0x09, 0x51, 0x09, 0x51, 0x09, 0x51, 0x09, 0x51, 0x09, 0x51, 0x09, 0x51, 0x09
    .byte 0x51, 0x09, 0x51, 0x09, 0x51, 0x09, 0x51, 0x09, 0x51, 0x09, 0x51, 0x09, 0x51, 0x09, 0x51, 0x09, 0x51, 0x09, 0x51, 0x09, 0x51, 0x09, 0x51, 0x09, 0x51, 0x09, 0x51, 0x09, 0x51, 0x09, 0x51, 0x09
    .byte 0x51, 0x09, 0x51, 0x09, 0x51, 0x09, 0x51, 0x09, 0x51, 0x09, 0x51, 0x09, 0x51, 0x00, 0x00, 0x00, 0x00, 0x00, 0x00, 0x37, 0x37, 0x37, 0x00, 0x00, 0x00, 0x00, 0x00, 0x00, 0x37, 0x37, 0x37, 0x00
    .byte 0x00, 0x00, 0x00, 0x00, 0x00, 0x37, 0x37, 0x37, 0x00, 0x00, 0x00, 0x00, 0x00, 0x00, 0x37, 0x37, 0x37, 0x00, 0x00, 0x00, 0x00, 0x00, 0x00, 0x37, 0x37, 0x37, 0x00, 0x00, 0x00, 0x00, 0x00, 0x00
    .byte 0x37, 0x37, 0x37, 0x00, 0x00, 0x00, 0x00, 0x00, 0x00, 0x37, 0x37, 0x37, 0x00, 0x00, 0x00, 0x00, 0x00, 0x00, 0x37, 0x37, 0x37, 0x00, 0x00, 0x00, 0x00, 0x00, 0x00, 0x37, 0x37, 0x37, 0x00, 0x00
    .byte 0x00, 0x00, 0x00, 0x00, 0x37, 0x37, 0x37, 0x00, 0x00, 0x00, 0x00, 0x00, 0x00, 0x09, 0x51, 0x09, 0x51, 0x09, 0x51, 0x09, 0x51, 0x09, 0x08, 0x08, 0x08, 0x08, 0x08, 0x08, 0x08, 0x08, 0x08, 0x08
    .byte 0x09, 0x09, 0x09, 0x09, 0x09, 0x09, 0x09, 0x09, 0x09, 0x09, 0x09, 0x09, 0x09, 0x09, 0x09, 0x09, 0x09, 0x09, 0x09, 0x09, 0x09, 0x09, 0x09, 0x09, 0x09, 0x09, 0x09, 0x09, 0x09, 0x09, 0x09, 0x09
    .byte 0x09, 0x09, 0x09, 0x09, 0x09, 0x09, 0x09, 0x09, 0x09, 0x09, 0x09, 0x09, 0x09, 0x09, 0x09, 0x09, 0x09, 0x09, 0x09, 0x09, 0x09, 0x09, 0x37, 0x37, 0x37, 0x37, 0x37, 0x37, 0x37, 0x37, 0x37, 0x37
    .byte 0x37, 0x37, 0x09, 0x09, 0x09, 0x09, 0x09, 0x09, 0x09, 0x09, 0x09, 0x09, 0x09, 0x09, 0x09, 0x09, 0x09, 0x09, 0x09, 0x09, 0x09, 0x09, 0x09, 0x09, 0x09, 0x09, 0x09, 0x09, 0x09, 0x09, 0x09, 0x09
    .byte 0x09, 0x09, 0x09, 0x09, 0x09, 0x09, 0x09, 0x09, 0x09, 0x09, 0x09, 0x09, 0x09, 0x09, 0x09, 0x09, 0x09, 0x09, 0x09, 0x09, 0x09, 0x09, 0x09, 0x09, 0x09, 0x09, 0x09, 0x09, 0x09, 0x09, 0x09, 0x09
    .byte 0x09, 0x09, 0x09, 0x09, 0x09, 0x09, 0x09, 0x09, 0x09, 0x09, 0x09, 0x09, 0x09, 0x09, 0x09, 0x09, 0x09, 0x09, 0x09, 0x09, 0x09, 0x09, 0x09, 0x09, 0x09, 0x09, 0x09, 0x09, 0x09, 0x09, 0x09, 0x09
    .byte 0x09, 0x09, 0x09, 0x09, 0x09, 0x09, 0x09, 0x09, 0x09, 0x09, 0x09, 0x09, 0x09, 0x09, 0x09, 0x09, 0x09, 0x09, 0x09, 0x09, 0x09, 0x09, 0x09, 0x09, 0x09, 0x09, 0x09, 0x09, 0x09, 0x09, 0x09, 0x09
    .byte 0x09, 0x09, 0x09, 0x09, 0x09, 0x09, 0x09, 0x09, 0x09, 0x09, 0x09, 0x09, 0x09, 0x00, 0x00, 0x00, 0x00, 0x00, 0x00, 0x37, 0x37, 0x37, 0x00, 0x00, 0x00, 0x00, 0x00, 0x00, 0x37, 0x37, 0x37, 0x00
    .byte 0x00, 0x00, 0x00, 0x00, 0x00, 0x37, 0x37, 0x37, 0x00, 0x00, 0x00, 0x00, 0x00, 0x00, 0x37, 0x37, 0x37, 0x00, 0x00, 0x00, 0x00, 0x00, 0x00, 0x37, 0x37, 0x37, 0x00, 0x00, 0x00, 0x00, 0x00, 0x00
    .byte 0x37, 0x37, 0x37, 0x00, 0x00, 0x00, 0x00, 0x00, 0x00, 0x37, 0x37, 0x37, 0x00, 0x00, 0x00, 0x00, 0x00, 0x00, 0x37, 0x37, 0x37, 0x00, 0x00, 0x00, 0x00, 0x00, 0x00, 0x37, 0x37, 0x37, 0x00, 0x00
    .byte 0x00, 0x00, 0x00, 0x00, 0x37, 0x37, 0x37, 0x00, 0x00, 0x00, 0x00, 0x00, 0x00, 0x09, 0x09, 0x09, 0x09, 0x09, 0x09, 0x09, 0x09, 0x09, 0x08, 0x08, 0x08, 0x08, 0x08, 0x08, 0x08, 0x08, 0x08, 0x08
    .byte 0x09, 0x09, 0x09, 0x09, 0x09, 0x09, 0x09, 0x09, 0x09, 0x09, 0x51, 0x09, 0x51, 0x09, 0x51, 0x09, 0x51, 0x09, 0x51, 0x09, 0x51, 0x09, 0x51, 0x09, 0x51, 0x09, 0x51, 0x09, 0x51, 0x09, 0x51, 0x09
    .byte 0x51, 0x09, 0x51, 0x09, 0x51, 0x09, 0x51, 0x09, 0x51, 0x09, 0x51, 0x09, 0x51, 0x09, 0x51, 0x09, 0x51, 0x09, 0x51, 0x09, 0x51, 0x09, 0x37, 0x37, 0x37, 0x37, 0x37, 0x37, 0x37, 0x37, 0x37, 0x37
    .byte 0x37, 0x37, 0x51, 0x09, 0x51, 0x09, 0x51, 0x09, 0x51, 0x09, 0x51, 0x09, 0x51, 0x09, 0x51, 0x09, 0x51, 0x09, 0x51, 0x09, 0x51, 0x09, 0x51, 0x09, 0x51, 0x09, 0x51, 0x09, 0x51, 0x09, 0x51, 0x09
    .byte 0x51, 0x09, 0x51, 0x09, 0x51, 0x09, 0x51, 0x09, 0x51, 0x09, 0x51, 0x09, 0x51, 0x09, 0x51, 0x09, 0x51, 0x09, 0x51, 0x09, 0x51, 0x09, 0x51, 0x09, 0x51, 0x09, 0x51, 0x09, 0x51, 0x09, 0x51, 0x09
    .byte 0x51, 0x09, 0x51, 0x09, 0x51, 0x09, 0x51, 0x09, 0x51, 0x09, 0x51, 0x09, 0x51, 0x09, 0x51, 0x09, 0x51, 0x09, 0x51, 0x09, 0x51, 0x09, 0x51, 0x09, 0x51, 0x09, 0x51, 0x09, 0x51, 0x09, 0x51, 0x09
    .byte 0x51, 0x09, 0x51, 0x09, 0x51, 0x09, 0x51, 0x09, 0x51, 0x09, 0x51, 0x09, 0x51, 0x09, 0x51, 0x09, 0x51, 0x09, 0x51, 0x09, 0x51, 0x09, 0x51, 0x09, 0x51, 0x09, 0x51, 0x09, 0x51, 0x09, 0x51, 0x09
    .byte 0x51, 0x09, 0x51, 0x09, 0x51, 0x09, 0x51, 0x09, 0x51, 0x09, 0x51, 0x09, 0x51, 0x00, 0x00, 0x00, 0x00, 0x00, 0x00, 0x37, 0x37, 0x37, 0x00, 0x00, 0x00, 0x00, 0x00, 0x00, 0x37, 0x37, 0x37, 0x00
    .byte 0x00, 0x00, 0x00, 0x00, 0x00, 0x37, 0x37, 0x37, 0x00, 0x00, 0x00, 0x00, 0x00, 0x00, 0x37, 0x37, 0x37, 0x00, 0x00, 0x00, 0x00, 0x00, 0x00, 0x37, 0x37, 0x37, 0x00, 0x00, 0x00, 0x00, 0x00, 0x00
    .byte 0x37, 0x37, 0x37, 0x00, 0x00, 0x00, 0x00, 0x00, 0x00, 0x37, 0x37, 0x37, 0x00, 0x00, 0x00, 0x00, 0x00, 0x00, 0x37, 0x37, 0x37, 0x00, 0x00, 0x00, 0x00, 0x00, 0x00, 0x37, 0x37, 0x37, 0x00, 0x00
    .byte 0x00, 0x00, 0x00, 0x00, 0x37, 0x37, 0x37, 0x00, 0x00, 0x00, 0x00, 0x00, 0x00, 0x09, 0x51, 0x09, 0x51, 0x09, 0x51, 0x09, 0x51, 0x09, 0x08, 0x08, 0x08, 0x08, 0x08, 0x08, 0x08, 0x08, 0x08, 0x08
    .byte 0x09, 0x09, 0x09, 0x09, 0x09, 0x09, 0x09, 0x09, 0x09, 0x09, 0x09, 0x09, 0x09, 0x09, 0x09, 0x09, 0x09, 0x09, 0x09, 0x09, 0x09, 0x09, 0x09, 0x09, 0x09, 0x09, 0x09, 0x09, 0x09, 0x09, 0x09, 0x09
    .byte 0x09, 0x09, 0x09, 0x09, 0x09, 0x09, 0x09, 0x09, 0x09, 0x09, 0x09, 0x09, 0x09, 0x09, 0x09, 0x09, 0x09, 0x09, 0x09, 0x09, 0x09, 0x09, 0x37, 0x37, 0x37, 0x37, 0x37, 0x37, 0x37, 0x37, 0x37, 0x37
    .byte 0x37, 0x37, 0x09, 0x09, 0x09, 0x09, 0x09, 0x09, 0x09, 0x09, 0x09, 0x09, 0x09, 0x09, 0x09, 0x09, 0x09, 0x09, 0x09, 0x09, 0x09, 0x09, 0x09, 0x09, 0x09, 0x09, 0x09, 0x09, 0x09, 0x09, 0x09, 0x09
    .byte 0x09, 0x09, 0x09, 0x09, 0x09, 0x09, 0x09, 0x09, 0x09, 0x09, 0x09, 0x09, 0x09, 0x09, 0x09, 0x09, 0x09, 0x09, 0x09, 0x09, 0x09, 0x09, 0x09, 0x09, 0x09, 0x09, 0x09, 0x09, 0x09, 0x09, 0x09, 0x09
    .byte 0x09, 0x09, 0x09, 0x09, 0x09, 0x09, 0x09, 0x09, 0x09, 0x09, 0x09, 0x09, 0x09, 0x09, 0x09, 0x09, 0x09, 0x09, 0x09, 0x09, 0x09, 0x09, 0x09, 0x09, 0x09, 0x09, 0x09, 0x09, 0x09, 0x09, 0x09, 0x09
    .byte 0x09, 0x09, 0x09, 0x09, 0x09, 0x09, 0x09, 0x09, 0x09, 0x09, 0x09, 0x09, 0x09, 0x09, 0x09, 0x09, 0x09, 0x09, 0x09, 0x09, 0x09, 0x09, 0x09, 0x09, 0x09, 0x09, 0x09, 0x09, 0x09, 0x09, 0x09, 0x09
    .byte 0x09, 0x09, 0x09, 0x09, 0x09, 0x09, 0x09, 0x09, 0x09, 0x09, 0x09, 0x09, 0x09, 0x09, 0x09, 0x09, 0x09, 0x09, 0x09, 0x09, 0x09, 0x09, 0x09, 0x09, 0x09, 0x09, 0x09, 0x09, 0x09, 0x09, 0x09, 0x09
    .byte 0x09, 0x09, 0x09, 0x09, 0x09, 0x09, 0x09, 0x09, 0x09, 0x09, 0x09, 0x09, 0x09, 0x09, 0x09, 0x09, 0x09, 0x09, 0x09, 0x09, 0x09, 0x09, 0x09, 0x09, 0x09, 0x09, 0x09, 0x09, 0x09, 0x09, 0x09, 0x09
    .byte 0x09, 0x09, 0x09, 0x09, 0x09, 0x09, 0x09, 0x09, 0x09, 0x09, 0x09, 0x09, 0x09, 0x09, 0x09, 0x09, 0x09, 0x09, 0x09, 0x09, 0x09, 0x09, 0x09, 0x09, 0x09, 0x09, 0x09, 0x09, 0x09, 0x09, 0x09, 0x09
    .byte 0x09, 0x09, 0x09, 0x09, 0x09, 0x09, 0x09, 0x09, 0x09, 0x09, 0x09, 0x09, 0x09, 0x09, 0x09, 0x09, 0x09, 0x09, 0x09, 0x09, 0x09, 0x09, 0x08, 0x08, 0x08, 0x08, 0x08, 0x08, 0x08, 0x08, 0x08, 0x08
    .byte 0x09, 0x09, 0x09, 0x09, 0x09, 0x09, 0x09, 0x09, 0x09, 0x09, 0x51, 0x09, 0x51, 0x09, 0x51, 0x09, 0x51, 0x09, 0x51, 0x09, 0x51, 0x09, 0x51, 0x09, 0x51, 0x09, 0x51, 0x09, 0x51, 0x09, 0x51, 0x09
    .byte 0x51, 0x09, 0x51, 0x09, 0x51, 0x09, 0x51, 0x09, 0x51, 0x09, 0x51, 0x09, 0x51, 0x09, 0x51, 0x09, 0x51, 0x09, 0x51, 0x09, 0x51, 0x09, 0x00, 0x00, 0x00, 0x00, 0x00, 0x00, 0x00, 0x00, 0x00, 0x00
    .byte 0x00, 0x00, 0x51, 0x09, 0x51, 0x09, 0x51, 0x09, 0x51, 0x09, 0x51, 0x09, 0x51, 0x09, 0x51, 0x09, 0x51, 0x09, 0x51, 0x09, 0x51, 0x09, 0x51, 0x09, 0x51, 0x09, 0x51, 0x09, 0x51, 0x09, 0x51, 0x09
    .byte 0x51, 0x09, 0x51, 0x09, 0x51, 0x09, 0x51, 0x09, 0x51, 0x09, 0x51, 0x09, 0x51, 0x09, 0x51, 0x09, 0x51, 0x09, 0x51, 0x09, 0x51, 0x09, 0x51, 0x09, 0x51, 0x09, 0x51, 0x09, 0x51, 0x09, 0x51, 0x09
    .byte 0x51, 0x09, 0x51, 0x09, 0x51, 0x09, 0x51, 0x09, 0x51, 0x09, 0x51, 0x09, 0x51, 0x09, 0x51, 0x09, 0x51, 0x09, 0x51, 0x09, 0x51, 0x09, 0x51, 0x09, 0x51, 0x09, 0x51, 0x09, 0x51, 0x09, 0x51, 0x09
    .byte 0x51, 0x09, 0x51, 0x09, 0x51, 0x09, 0x51, 0x09, 0x51, 0x09, 0x51, 0x09, 0x51, 0x09, 0x51, 0x09, 0x51, 0x09, 0x51, 0x09, 0x51, 0x09, 0x51, 0x09, 0x51, 0x09, 0x51, 0x09, 0x51, 0x09, 0x51, 0x09
    .byte 0x51, 0x09, 0x51, 0x09, 0x51, 0x09, 0x51, 0x09, 0x51, 0x09, 0x51, 0x09, 0x51, 0x09, 0x51, 0x09, 0x51, 0x09, 0x51, 0x09, 0x51, 0x09, 0x51, 0x09, 0x51, 0x09, 0x51, 0x09, 0x51, 0x09, 0x51, 0x09
    .byte 0x51, 0x09, 0x51, 0x09, 0x51, 0x09, 0x51, 0x09, 0x51, 0x09, 0x51, 0x09, 0x51, 0x09, 0x51, 0x09, 0x51, 0x09, 0x51, 0x09, 0x51, 0x09, 0x51, 0x09, 0x51, 0x09, 0x51, 0x09, 0x51, 0x09, 0x51, 0x09
    .byte 0x51, 0x09, 0x51, 0x09, 0x51, 0x09, 0x51, 0x09, 0x51, 0x09, 0x51, 0x09, 0x51, 0x09, 0x51, 0x09, 0x51, 0x09, 0x51, 0x09, 0x51, 0x09, 0x51, 0x09, 0x51, 0x09, 0x51, 0x09, 0x51, 0x09, 0x51, 0x09
    .byte 0x51, 0x09, 0x51, 0x09, 0x51, 0x09, 0x51, 0x09, 0x51, 0x09, 0x51, 0x09, 0x51, 0x09, 0x51, 0x09, 0x51, 0x09, 0x51, 0x09, 0x51, 0x09, 0x08, 0x08, 0x08, 0x08, 0x08, 0x08, 0x08, 0x08, 0x08, 0x08
    .byte 0x09, 0x09, 0x09, 0x09, 0x09, 0x09, 0x09, 0x09, 0x09, 0x09, 0x09, 0x09, 0x09, 0x09, 0x09, 0x09, 0x09, 0x09, 0x09, 0x09, 0x09, 0x09, 0x09, 0x09, 0x09, 0x09, 0x09, 0x09, 0x09, 0x09, 0x09, 0x09
    .byte 0x09, 0x09, 0x09, 0x09, 0x09, 0x09, 0x09, 0x09, 0x09, 0x09, 0x09, 0x09, 0x09, 0x09, 0x09, 0x09, 0x09, 0x09, 0x09, 0x09, 0x09, 0x09, 0x00, 0x00, 0x00, 0x00, 0x00, 0x00, 0x00, 0x00, 0x00, 0x00
    .byte 0x00, 0x00, 0x09, 0x09, 0x09, 0x09, 0x09, 0x09, 0x09, 0x09, 0x09, 0x09, 0x09, 0x09, 0x09, 0x09, 0x09, 0x09, 0x09, 0x09, 0x09, 0x09, 0x09, 0x09, 0x09, 0x09, 0x09, 0x09, 0x09, 0x09, 0x09, 0x09
    .byte 0x09, 0x09, 0x09, 0x09, 0x09, 0x09, 0x09, 0x09, 0x09, 0x09, 0x09, 0x09, 0x09, 0x09, 0x09, 0x09, 0x09, 0x09, 0x09, 0x09, 0x09, 0x09, 0x09, 0x09, 0x09, 0x09, 0x09, 0x09, 0x09, 0x09, 0x09, 0x09
    .byte 0x09, 0x09, 0x09, 0x09, 0x09, 0x09, 0x09, 0x09, 0x09, 0x09, 0x09, 0x09, 0x09, 0x09, 0x09, 0x09, 0x09, 0x09, 0x09, 0x09, 0x09, 0x09, 0x09, 0x09, 0x09, 0x09, 0x09, 0x09, 0x09, 0x09, 0x09, 0x09
    .byte 0x09, 0x09, 0x09, 0x09, 0x09, 0x09, 0x09, 0x09, 0x09, 0x09, 0x09, 0x09, 0x09, 0x09, 0x09, 0x09, 0x09, 0x09, 0x09, 0x09, 0x09, 0x09, 0x09, 0x09, 0x09, 0x09, 0x09, 0x09, 0x09, 0x09, 0x09, 0x09
    .byte 0x09, 0x09, 0x09, 0x09, 0x09, 0x09, 0x09, 0x09, 0x09, 0x09, 0x09, 0x09, 0x09, 0x09, 0x09, 0x09, 0x09, 0x09, 0x09, 0x09, 0x09, 0x09, 0x09, 0x09, 0x09, 0x09, 0x09, 0x09, 0x09, 0x09, 0x09, 0x09
    .byte 0x09, 0x09, 0x09, 0x09, 0x09, 0x09, 0x09, 0x09, 0x09, 0x09, 0x09, 0x09, 0x09, 0x09, 0x09, 0x09, 0x09, 0x09, 0x09, 0x09, 0x09, 0x09, 0x09, 0x09, 0x09, 0x09, 0x09, 0x09, 0x09, 0x09, 0x09, 0x09
    .byte 0x09, 0x09, 0x09, 0x09, 0x09, 0x09, 0x09, 0x09, 0x09, 0x09, 0x09, 0x09, 0x09, 0x09, 0x09, 0x09, 0x09, 0x09, 0x09, 0x09, 0x09, 0x09, 0x09, 0x09, 0x09, 0x09, 0x09, 0x09, 0x09, 0x09, 0x09, 0x09
    .byte 0x09, 0x09, 0x09, 0x09, 0x09, 0x09, 0x09, 0x09, 0x09, 0x09, 0x09, 0x09, 0x09, 0x09, 0x09, 0x09, 0x09, 0x09, 0x09, 0x09, 0x09, 0x09, 0x08, 0x08, 0x08, 0x08, 0x08, 0x08, 0x08, 0x08, 0x08, 0x08
    .byte 0x09, 0x09, 0x09, 0x09, 0x09, 0x09, 0x09, 0x09, 0x09, 0x09, 0x51, 0x09, 0x51, 0x09, 0x51, 0x09, 0x51, 0x09, 0x51, 0x09, 0x51, 0x09, 0x51, 0x09, 0x51, 0x09, 0x51, 0x09, 0x51, 0x09, 0x51, 0x09
    .byte 0x51, 0x09, 0x51, 0x09, 0x51, 0x09, 0x51, 0x09, 0x51, 0x09, 0x51, 0x09, 0x51, 0x09, 0x51, 0x09, 0x51, 0x09, 0x51, 0x09, 0x51, 0x09, 0x00, 0x00, 0x00, 0x00, 0x00, 0x00, 0x00, 0x00, 0x00, 0x00
    .byte 0x00, 0x00, 0x51, 0x09, 0x51, 0x09, 0x51, 0x09, 0x51, 0x09, 0x51, 0x09, 0x51, 0x09, 0x51, 0x09, 0x51, 0x09, 0x51, 0x09, 0x51, 0x09, 0x51, 0x09, 0x51, 0x09, 0x51, 0x09, 0x51, 0x09, 0x51, 0x09
    .byte 0x51, 0x09, 0x51, 0x09, 0x51, 0x09, 0x51, 0x09, 0x51, 0x09, 0x51, 0x09, 0x51, 0x09, 0x51, 0x09, 0x51, 0x09, 0x51, 0x09, 0x51, 0x09, 0x51, 0x09, 0x51, 0x09, 0x51, 0x09, 0x51, 0x09, 0x51, 0x09
    .byte 0x51, 0x09, 0x51, 0x09, 0x51, 0x09, 0x51, 0x09, 0x51, 0x09, 0x51, 0x09, 0x51, 0x09, 0x51, 0x09, 0x51, 0x09, 0x51, 0x09, 0x51, 0x09, 0x51, 0x09, 0x51, 0x09, 0x51, 0x09, 0x51, 0x09, 0x51, 0x09
    .byte 0x51, 0x09, 0x51, 0x09, 0x51, 0x09, 0x51, 0x09, 0x51, 0x09, 0x51, 0x09, 0x51, 0x09, 0x51, 0x09, 0x51, 0x09, 0x51, 0x09, 0x51, 0x09, 0x51, 0x09, 0x51, 0x09, 0x51, 0x09, 0x51, 0x09, 0x51, 0x09
    .byte 0x51, 0x09, 0x51, 0x09, 0x51, 0x09, 0x51, 0x09, 0x51, 0x09, 0x51, 0x09, 0x51, 0x09, 0x51, 0x09, 0x51, 0x09, 0x51, 0x09, 0x51, 0x09, 0x51, 0x09, 0x51, 0x09, 0x51, 0x09, 0x51, 0x09, 0x51, 0x09
    .byte 0x51, 0x09, 0x51, 0x09, 0x51, 0x09, 0x51, 0x09, 0x51, 0x09, 0x51, 0x09, 0x51, 0x09, 0x51, 0x09, 0x51, 0x09, 0x51, 0x09, 0x51, 0x09, 0x51, 0x09, 0x51, 0x09, 0x51, 0x09, 0x51, 0x09, 0x51, 0x09
    .byte 0x51, 0x09, 0x51, 0x09, 0x51, 0x09, 0x51, 0x09, 0x51, 0x09, 0x51, 0x09, 0x51, 0x09, 0x51, 0x09, 0x51, 0x09, 0x51, 0x09, 0x51, 0x09, 0x51, 0x09, 0x51, 0x09, 0x51, 0x09, 0x51, 0x09, 0x51, 0x09
    .byte 0x51, 0x09, 0x51, 0x09, 0x51, 0x09, 0x51, 0x09, 0x51, 0x09, 0x51, 0x09, 0x51, 0x09, 0x51, 0x09, 0x51, 0x09, 0x51, 0x09, 0x51, 0x09, 0x08, 0x08, 0x08, 0x08, 0x08, 0x08, 0x08, 0x08, 0x08, 0x08
    .byte 0x09, 0x09, 0x09, 0x09, 0x09, 0x09, 0x09, 0x09, 0x09, 0x09, 0x09, 0x09, 0x09, 0x09, 0x09, 0x09, 0x09, 0x09, 0x09, 0x09, 0x09, 0x09, 0x09, 0x09, 0x09, 0x09, 0x09, 0x09, 0x09, 0x09, 0x09, 0x09
    .byte 0x09, 0x09, 0x09, 0x09, 0x09, 0x09, 0x09, 0x09, 0x09, 0x09, 0x09, 0x09, 0x09, 0x09, 0x09, 0x09, 0x09, 0x09, 0x09, 0x09, 0x09, 0x09, 0x00, 0x00, 0x00, 0x00, 0x00, 0x00, 0x00, 0x00, 0x00, 0x00
    .byte 0x00, 0x00, 0x09, 0x09, 0x09, 0x09, 0x09, 0x09, 0x09, 0x09, 0x09, 0x09, 0x09, 0x09, 0x09, 0x09, 0x09, 0x09, 0x09, 0x09, 0x09, 0x09, 0x09, 0x09, 0x09, 0x09, 0x09, 0x09, 0x09, 0x09, 0x09, 0x09
    .byte 0x09, 0x09, 0x09, 0x09, 0x09, 0x09, 0x09, 0x09, 0x09, 0x09, 0x09, 0x09, 0x09, 0x09, 0x09, 0x09, 0x09, 0x09, 0x09, 0x09, 0x09, 0x09, 0x09, 0x09, 0x09, 0x09, 0x09, 0x09, 0x09, 0x09, 0x09, 0x09
    .byte 0x09, 0x09, 0x09, 0x09, 0x09, 0x09, 0x09, 0x09, 0x09, 0x09, 0x09, 0x09, 0x09, 0x09, 0x09, 0x09, 0x09, 0x09, 0x09, 0x09, 0x09, 0x09, 0x09, 0x09, 0x09, 0x09, 0x09, 0x09, 0x09, 0x09, 0x09, 0x09
    .byte 0x09, 0x09, 0x09, 0x09, 0x09, 0x09, 0x09, 0x09, 0x09, 0x09, 0x09, 0x09, 0x09, 0x09, 0x09, 0x09, 0x09, 0x09, 0x09, 0x09, 0x09, 0x09, 0x09, 0x09, 0x09, 0x09, 0x09, 0x09, 0x09, 0x09, 0x09, 0x09
    .byte 0x09, 0x09, 0x09, 0x09, 0x09, 0x09, 0x09, 0x09, 0x09, 0x09, 0x09, 0x09, 0x09, 0x09, 0x09, 0x09, 0x09, 0x09, 0x09, 0x09, 0x09, 0x09, 0x09, 0x09, 0x09, 0x09, 0x09, 0x09, 0x09, 0x09, 0x09, 0x09
    .byte 0x09, 0x09, 0x09, 0x09, 0x09, 0x09, 0x09, 0x09, 0x09, 0x09, 0x09, 0x09, 0x09, 0x09, 0x09, 0x09, 0x09, 0x09, 0x09, 0x09, 0x09, 0x09, 0x09, 0x09, 0x09, 0x09, 0x09, 0x09, 0x09, 0x09, 0x09, 0x09
    .byte 0x09, 0x09, 0x09, 0x09, 0x09, 0x09, 0x09, 0x09, 0x09, 0x09, 0x09, 0x09, 0x09, 0x09, 0x09, 0x09, 0x09, 0x09, 0x09, 0x09, 0x09, 0x09, 0x09, 0x09, 0x09, 0x09, 0x09, 0x09, 0x09, 0x09, 0x09, 0x09
    .byte 0x09, 0x09, 0x09, 0x09, 0x09, 0x09, 0x09, 0x09, 0x09, 0x09, 0x09, 0x09, 0x09, 0x09, 0x09, 0x09, 0x09, 0x09, 0x09, 0x09, 0x09, 0x09, 0x08, 0x08, 0x08, 0x08, 0x08, 0x08, 0x08, 0x08, 0x08, 0x08
    .byte 0x09, 0x09, 0x51, 0x09, 0x51, 0x09, 0x51, 0x09, 0x51, 0x09, 0x51, 0x09, 0x51, 0x09, 0x51, 0x09, 0x51, 0x09, 0x51, 0x09, 0x51, 0x09, 0x51, 0x09, 0x51, 0x09, 0x51, 0x09, 0x51, 0x09, 0x51, 0x09
    .byte 0x51, 0x09, 0x51, 0x09, 0x51, 0x09, 0x51, 0x09, 0x51, 0x09, 0x51, 0x09, 0x51, 0x09, 0x51, 0x09, 0x51, 0x09, 0x51, 0x09, 0x51, 0x09, 0x00, 0x00, 0x00, 0x00, 0x00, 0x00, 0x00, 0x00, 0x00, 0x00
    .byte 0x00, 0x00, 0x51, 0x09, 0x51, 0x09, 0x51, 0x09, 0x51, 0x09, 0x51, 0x09, 0x51, 0x09, 0x51, 0x09, 0x51, 0x09, 0x51, 0x09, 0x51, 0x09, 0x51, 0x09, 0x51, 0x09, 0x51, 0x09, 0x51, 0x09, 0x51, 0x09
    .byte 0x51, 0x09, 0x51, 0x09, 0x51, 0x09, 0x51, 0x09, 0x51, 0x09, 0x51, 0x09, 0x51, 0x09, 0x51, 0x09, 0x51, 0x09, 0x51, 0x09, 0x51, 0x09, 0x51, 0x09, 0x51, 0x09, 0x51, 0x09, 0x51, 0x09, 0x51, 0x09
    .byte 0x51, 0x09, 0x51, 0x09, 0x51, 0x09, 0x51, 0x09, 0x51, 0x09, 0x51, 0x09, 0x51, 0x09, 0x51, 0x09, 0x51, 0x09, 0x51, 0x09, 0x51, 0x09, 0x51, 0x09, 0x51, 0x09, 0x51, 0x09, 0x51, 0x09, 0x51, 0x09
    .byte 0x51, 0x09, 0x51, 0x09, 0x51, 0x09, 0x51, 0x09, 0x51, 0x09, 0x51, 0x09, 0x51, 0x09, 0x51, 0x09, 0x51, 0x09, 0x51, 0x09, 0x51, 0x09, 0x51, 0x09, 0x51, 0x09, 0x51, 0x09, 0x51, 0x09, 0x51, 0x09
    .byte 0x51, 0x09, 0x51, 0x09, 0x51, 0x09, 0x51, 0x09, 0x51, 0x09, 0x51, 0x09, 0x51, 0x09, 0x51, 0x09, 0x51, 0x09, 0x51, 0x09, 0x51, 0x09, 0x51, 0x09, 0x51, 0x09, 0x51, 0x09, 0x51, 0x09, 0x51, 0x09
    .byte 0x51, 0x09, 0x51, 0x09, 0x51, 0x09, 0x51, 0x09, 0x51, 0x09, 0x51, 0x09, 0x51, 0x09, 0x51, 0x09, 0x51, 0x09, 0x51, 0x09, 0x51, 0x09, 0x51, 0x09, 0x51, 0x09, 0x51, 0x09, 0x51, 0x09, 0x51, 0x09
    .byte 0x51, 0x09, 0x51, 0x09, 0x51, 0x09, 0x51, 0x09, 0x51, 0x09, 0x51, 0x09, 0x51, 0x09, 0x51, 0x09, 0x51, 0x09, 0x51, 0x09, 0x51, 0x09, 0x51, 0x09, 0x51, 0x09, 0x51, 0x09, 0x51, 0x09, 0x51, 0x09
    .byte 0x51, 0x09, 0x51, 0x09, 0x51, 0x09, 0x51, 0x09, 0x51, 0x09, 0x51, 0x09, 0x51, 0x09, 0x51, 0x09, 0x51, 0x09, 0x51, 0x09, 0x51, 0x09, 0x08, 0x08, 0x08, 0x08, 0x08, 0x08, 0x08, 0x08, 0x08, 0x08
    .byte 0x09, 0x09, 0x09, 0x09, 0x09, 0x09, 0x09, 0x09, 0x09, 0x09, 0x09, 0x09, 0x09, 0x09, 0x09, 0x09, 0x09, 0x09, 0x09, 0x09, 0x09, 0x09, 0x09, 0x09, 0x09, 0x09, 0x09, 0x09, 0x09, 0x09, 0x09, 0x09
    .byte 0x09, 0x09, 0x09, 0x09, 0x09, 0x09, 0x09, 0x09, 0x09, 0x09, 0x09, 0x09, 0x09, 0x09, 0x09, 0x09, 0x09, 0x09, 0x09, 0x09, 0x09, 0x09, 0x00, 0x00, 0x00, 0x00, 0x00, 0x00, 0x00, 0x00, 0x00, 0x00
    .byte 0x00, 0x00, 0x09, 0x09, 0x09, 0x09, 0x09, 0x09, 0x09, 0x09, 0x09, 0x09, 0x09, 0x09, 0x09, 0x09, 0x09, 0x09, 0x09, 0x09, 0x09, 0x09, 0x09, 0x09, 0x09, 0x09, 0x09, 0x09, 0x09, 0x09, 0x09, 0x09
    .byte 0x09, 0x09, 0x09, 0x09, 0x09, 0x09, 0x09, 0x09, 0x09, 0x09, 0x09, 0x09, 0x09, 0x09, 0x09, 0x09, 0x09, 0x09, 0x09, 0x09, 0x09, 0x09, 0x09, 0x09, 0x09, 0x09, 0x09, 0x09, 0x09, 0x09, 0x09, 0x09
    .byte 0x09, 0x09, 0x09, 0x09, 0x09, 0x09, 0x09, 0x09, 0x09, 0x09, 0x09, 0x09, 0x09, 0x09, 0x09, 0x09, 0x09, 0x09, 0x09, 0x09, 0x09, 0x09, 0x09, 0x09, 0x09, 0x09, 0x09, 0x09, 0x09, 0x09, 0x09, 0x09
    .byte 0x09, 0x09, 0x09, 0x09, 0x09, 0x09, 0x09, 0x09, 0x09, 0x09, 0x09, 0x09, 0x09, 0x09, 0x09, 0x09, 0x09, 0x09, 0x09, 0x09, 0x09, 0x09, 0x09, 0x09, 0x09, 0x09, 0x09, 0x09, 0x09, 0x09, 0x09, 0x09
    .byte 0x09, 0x09, 0x09, 0x09, 0x09, 0x09, 0x09, 0x09, 0x09, 0x09, 0x09, 0x09, 0x09, 0x09, 0x09, 0x09, 0x09, 0x09, 0x09, 0x09, 0x09, 0x09, 0x09, 0x09, 0x09, 0x09, 0x09, 0x09, 0x09, 0x09, 0x09, 0x09
    .byte 0x09, 0x09, 0x09, 0x09, 0x09, 0x09, 0x09, 0x09, 0x09, 0x09, 0x09, 0x09, 0x09, 0x09, 0x09, 0x09, 0x09, 0x09, 0x09, 0x09, 0x09, 0x09, 0x09, 0x09, 0x09, 0x09, 0x09, 0x09, 0x09, 0x09, 0x09, 0x09
    .byte 0x09, 0x09, 0x09, 0x09, 0x09, 0x09, 0x09, 0x09, 0x09, 0x09, 0x09, 0x09, 0x09, 0x09, 0x09, 0x09, 0x09, 0x09, 0x09, 0x09, 0x09, 0x09, 0x09, 0x09, 0x09, 0x09, 0x09, 0x09, 0x09, 0x09, 0x09, 0x09
    .byte 0x09, 0x09, 0x09, 0x09, 0x09, 0x09, 0x09, 0x09, 0x09, 0x09, 0x09, 0x09, 0x09, 0x09, 0x09, 0x09, 0x09, 0x09, 0x09, 0x09, 0x09, 0x09, 0x08, 0x08, 0x08, 0x08, 0x08, 0x08, 0x08, 0x08, 0x08, 0x08
    .byte 0x09, 0x09, 0x51, 0x09, 0x51, 0x09, 0x51, 0x09, 0x51, 0x09, 0x51, 0x09, 0x51, 0x09, 0x51, 0x09, 0x51, 0x09, 0x51, 0x09, 0x51, 0x09, 0x51, 0x09, 0x51, 0x09, 0x51, 0x09, 0x51, 0x09, 0x51, 0x09
    .byte 0x51, 0x09, 0x51, 0x09, 0x51, 0x09, 0x51, 0x09, 0x51, 0x09, 0x51, 0x09, 0x51, 0x09, 0x51, 0x09, 0x51, 0x09, 0x51, 0x09, 0x51, 0x09, 0x37, 0x37, 0x37, 0x37, 0x37, 0x37, 0x37, 0x37, 0x37, 0x37
    .byte 0x37, 0x37, 0x51, 0x09, 0x51, 0x09, 0x51, 0x09, 0x51, 0x09, 0x51, 0x09, 0x51, 0x09, 0x51, 0x09, 0x51, 0x09, 0x51, 0x09, 0x51, 0x09, 0x51, 0x09, 0x51, 0x09, 0x51, 0x09, 0x51, 0x09, 0x51, 0x09
    .byte 0x51, 0x09, 0x51, 0x09, 0x51, 0x09, 0x51, 0x09, 0x51, 0x09, 0x51, 0x09, 0x51, 0x09, 0x51, 0x09, 0x51, 0x09, 0x51, 0x09, 0x51, 0x09, 0x51, 0x09, 0x51, 0x09, 0x51, 0x09, 0x51, 0x09, 0x51, 0x09
    .byte 0x51, 0x09, 0x51, 0x09, 0x51, 0x09, 0x51, 0x09, 0x51, 0x09, 0x51, 0x09, 0x51, 0x09, 0x51, 0x09, 0x51, 0x09, 0x51, 0x09, 0x51, 0x09, 0x51, 0x09, 0x51, 0x09, 0x51, 0x09, 0x51, 0x09, 0x51, 0x09
    .byte 0x51, 0x09, 0x51, 0x09, 0x51, 0x09, 0x51, 0x09, 0x51, 0x09, 0x51, 0x09, 0x51, 0x09, 0x51, 0x09, 0x51, 0x09, 0x51, 0x09, 0x51, 0x09, 0x51, 0x09, 0x51, 0x09, 0x51, 0x09, 0x51, 0x09, 0x51, 0x09
    .byte 0x51, 0x09, 0x51, 0x09, 0x51, 0x09, 0x51, 0x09, 0x51, 0x09, 0x51, 0x09, 0x51, 0x09, 0x51, 0x09, 0x51, 0x09, 0x51, 0x09, 0x51, 0x09, 0x51, 0x09, 0x51, 0x09, 0x51, 0x09, 0x51, 0x09, 0x51, 0x09
    .byte 0x51, 0x09, 0x51, 0x09, 0x51, 0x09, 0x51, 0x09, 0x51, 0x09, 0x51, 0x09, 0x51, 0x09, 0x51, 0x09, 0x51, 0x09, 0x51, 0x09, 0x51, 0x09, 0x51, 0x09, 0x51, 0x09, 0x51, 0x09, 0x51, 0x09, 0x51, 0x09
    .byte 0x51, 0x09, 0x51, 0x09, 0x51, 0x09, 0x51, 0x09, 0x51, 0x09, 0x51, 0x09, 0x51, 0x09, 0x51, 0x09, 0x51, 0x09, 0x51, 0x09, 0x51, 0x09, 0x51, 0x09, 0x51, 0x09, 0x51, 0x09, 0x51, 0x09, 0x51, 0x09
    .byte 0x51, 0x09, 0x51, 0x09, 0x51, 0x09, 0x51, 0x09, 0x51, 0x09, 0x51, 0x09, 0x51, 0x09, 0x51, 0x09, 0x51, 0x09, 0x51, 0x09, 0x51, 0x09, 0x09, 0x09, 0x09, 0x09, 0x09, 0x09, 0x09, 0x09, 0x09, 0x09
    .byte 0x09, 0x09, 0x09, 0x09, 0x09, 0x09, 0x09, 0x09, 0x09, 0x09, 0x09, 0x09, 0x09, 0x09, 0x09, 0x09, 0x09, 0x09, 0x09, 0x09, 0x09, 0x09, 0x09, 0x09, 0x09, 0x09, 0x09, 0x09, 0x09, 0x09, 0x09, 0x09
    .byte 0x09, 0x09, 0x09, 0x09, 0x09, 0x09, 0x09, 0x09, 0x09, 0x09, 0x09, 0x09, 0x09, 0x09, 0x09, 0x09, 0x09, 0x09, 0x09, 0x09, 0x09, 0x09, 0x37, 0x37, 0x37, 0x37, 0x37, 0x37, 0x37, 0x37, 0x37, 0x37
    .byte 0x37, 0x37, 0x09, 0x09, 0x09, 0x09, 0x09, 0x09, 0x09, 0x09, 0x09, 0x09, 0x09, 0x09, 0x09, 0x09, 0x09, 0x09, 0x09, 0x09, 0x09, 0x09, 0x09, 0x09, 0x09, 0x09, 0x09, 0x09, 0x09, 0x09, 0x09, 0x09
    .byte 0x09, 0x09, 0x09, 0x09, 0x09, 0x09, 0x09, 0x09, 0x09, 0x09, 0x09, 0x09, 0x09, 0x09, 0x09, 0x09, 0x09, 0x09, 0x09, 0x09, 0x09, 0x09, 0x09, 0x09, 0x09, 0x09, 0x09, 0x09, 0x09, 0x09, 0x09, 0x09
    .byte 0x09, 0x09, 0x09, 0x09, 0x09, 0x09, 0x09, 0x09, 0x09, 0x09, 0x09, 0x09, 0x09, 0x09, 0x09, 0x09, 0x09, 0x09, 0x09, 0x09, 0x09, 0x09, 0x09, 0x09, 0x09, 0x09, 0x09, 0x09, 0x09, 0x09, 0x09, 0x09
    .byte 0x09, 0x09, 0x09, 0x09, 0x09, 0x09, 0x09, 0x09, 0x09, 0x09, 0x09, 0x09, 0x09, 0x09, 0x09, 0x09, 0x09, 0x09, 0x09, 0x09, 0x09, 0x09, 0x09, 0x09, 0x09, 0x09, 0x09, 0x09, 0x09, 0x09, 0x09, 0x09
    .byte 0x09, 0x09, 0x09, 0x09, 0x09, 0x09, 0x09, 0x09, 0x09, 0x09, 0x09, 0x09, 0x09, 0x09, 0x09, 0x09, 0x09, 0x09, 0x09, 0x09, 0x09, 0x09, 0x09, 0x09, 0x09, 0x09, 0x09, 0x09, 0x09, 0x09, 0x09, 0x09
    .byte 0x09, 0x09, 0x09, 0x09, 0x09, 0x09, 0x09, 0x09, 0x09, 0x09, 0x09, 0x09, 0x09, 0x09, 0x09, 0x09, 0x09, 0x09, 0x09, 0x09, 0x09, 0x09, 0x09, 0x09, 0x09, 0x09, 0x09, 0x09, 0x09, 0x09, 0x09, 0x09
    .byte 0x09, 0x09, 0x09, 0x09, 0x09, 0x09, 0x09, 0x09, 0x09, 0x09, 0x09, 0x09, 0x09, 0x09, 0x09, 0x09, 0x09, 0x09, 0x09, 0x09, 0x09, 0x09, 0x09, 0x09, 0x09, 0x09, 0x09, 0x09, 0x09, 0x09, 0x09, 0x09
    .byte 0x09, 0x09, 0x09, 0x09, 0x09, 0x09, 0x09, 0x09, 0x09, 0x09, 0x09, 0x09, 0x09, 0x09, 0x09, 0x09, 0x09, 0x09, 0x09, 0x09, 0x09, 0x09, 0x09, 0x09, 0x09, 0x09, 0x09, 0x09, 0x09, 0x09, 0x09, 0x09
    .byte 0x09, 0x09, 0x51, 0x09, 0x51, 0x09, 0x51, 0x09, 0x51, 0x09, 0x51, 0x09, 0x51, 0x09, 0x51, 0x09, 0x51, 0x09, 0x51, 0x09, 0x51, 0x09, 0x51, 0x09, 0x51, 0x09, 0x51, 0x09, 0x51, 0x09, 0x51, 0x09
    .byte 0x51, 0x09, 0x51, 0x09, 0x51, 0x09, 0x51, 0x09, 0x51, 0x09, 0x51, 0x09, 0x51, 0x09, 0x51, 0x09, 0x51, 0x09, 0x51, 0x09, 0x51, 0x09, 0x37, 0x37, 0x37, 0x37, 0x37, 0x37, 0x37, 0x37, 0x37, 0x37
    .byte 0x37, 0x37, 0x51, 0x09, 0x51, 0x09, 0x51, 0x09, 0x51, 0x09, 0x51, 0x09, 0x51, 0x09, 0x51, 0x09, 0x51, 0x09, 0x51, 0x09, 0x51, 0x09, 0x51, 0x09, 0x51, 0x09, 0x51, 0x09, 0x51, 0x09, 0x51, 0x09
    .byte 0x51, 0x09, 0x51, 0x09, 0x51, 0x09, 0x51, 0x09, 0x51, 0x09, 0x51, 0x09, 0x51, 0x09, 0x51, 0x09, 0x51, 0x09, 0x51, 0x09, 0x51, 0x09, 0x51, 0x09, 0x51, 0x09, 0x51, 0x09, 0x51, 0x09, 0x51, 0x09
    .byte 0x51, 0x09, 0x51, 0x09, 0x51, 0x09, 0x51, 0x09, 0x51, 0x09, 0x51, 0x09, 0x51, 0x09, 0x51, 0x09, 0x51, 0x09, 0x51, 0x09, 0x51, 0x09, 0x51, 0x09, 0x51, 0x09, 0x51, 0x09, 0x51, 0x09, 0x51, 0x09
    .byte 0x51, 0x09, 0x51, 0x09, 0x51, 0x09, 0x51, 0x09, 0x51, 0x09, 0x51, 0x09, 0x51, 0x09, 0x51, 0x09, 0x51, 0x09, 0x51, 0x09, 0x51, 0x09, 0x51, 0x09, 0x51, 0x09, 0x51, 0x09, 0x51, 0x09, 0x51, 0x09
    .byte 0x51, 0x09, 0x51, 0x09, 0x51, 0x09, 0x51, 0x09, 0x51, 0x09, 0x51, 0x09, 0x51, 0x09, 0x51, 0x09, 0x51, 0x09, 0x51, 0x09, 0x51, 0x09, 0x51, 0x09, 0x51, 0x09, 0x51, 0x09, 0x51, 0x09, 0x51, 0x09
    .byte 0x51, 0x09, 0x51, 0x09, 0x51, 0x09, 0x51, 0x09, 0x51, 0x09, 0x51, 0x09, 0x51, 0x09, 0x51, 0x09, 0x51, 0x09, 0x51, 0x09, 0x51, 0x09, 0x51, 0x09, 0x51, 0x09, 0x51, 0x09, 0x51, 0x09, 0x51, 0x09
    .byte 0x51, 0x09, 0x51, 0x09, 0x51, 0x09, 0x51, 0x09, 0x51, 0x09, 0x51, 0x09, 0x51, 0x09, 0x51, 0x09, 0x51, 0x09, 0x51, 0x09, 0x51, 0x09, 0x51, 0x09, 0x51, 0x09, 0x51, 0x09, 0x51, 0x09, 0x51, 0x09
    .byte 0x51, 0x09, 0x51, 0x09, 0x51, 0x09, 0x51, 0x09, 0x51, 0x09, 0x51, 0x09, 0x51, 0x09, 0x51, 0x09, 0x51, 0x09, 0x51, 0x09, 0x51, 0x09, 0x09, 0x09, 0x09, 0x09, 0x09, 0x09, 0x09, 0x09, 0x09, 0x09
    .byte 0x09, 0x09, 0x09, 0x09, 0x09, 0x09, 0x09, 0x09, 0x09, 0x09, 0x09, 0x09, 0x09, 0x09, 0x09, 0x09, 0x09, 0x09, 0x09, 0x09, 0x09, 0x09, 0x09, 0x09, 0x09, 0x09, 0x09, 0x09, 0x09, 0x09, 0x09, 0x09
    .byte 0x09, 0x09, 0x09, 0x09, 0x09, 0x09, 0x09, 0x09, 0x09, 0x09, 0x09, 0x09, 0x09, 0x09, 0x09, 0x09, 0x09, 0x09, 0x09, 0x09, 0x09, 0x09, 0x37, 0x37, 0x37, 0x37, 0x37, 0x37, 0x37, 0x37, 0x37, 0x37
    .byte 0x37, 0x37, 0x09, 0x09, 0x09, 0x09, 0x09, 0x09, 0x09, 0x09, 0x09, 0x09, 0x09, 0x09, 0x09, 0x09, 0x09, 0x09, 0x09, 0x09, 0x09, 0x09, 0x09, 0x09, 0x09, 0x09, 0x09, 0x09, 0x09, 0x09, 0x09, 0x09
    .byte 0x09, 0x09, 0x09, 0x09, 0x09, 0x09, 0x09, 0x09, 0x09, 0x09, 0x09, 0x09, 0x09, 0x09, 0x09, 0x09, 0x09, 0x09, 0x09, 0x09, 0x09, 0x09, 0x09, 0x09, 0x09, 0x09, 0x09, 0x09, 0x09, 0x09, 0x09, 0x09
    .byte 0x09, 0x09, 0x09, 0x09, 0x09, 0x09, 0x09, 0x09, 0x09, 0x09, 0x09, 0x09, 0x09, 0x09, 0x09, 0x09, 0x09, 0x09, 0x09, 0x09, 0x09, 0x09, 0x09, 0x09, 0x09, 0x09, 0x09, 0x09, 0x09, 0x09, 0x09, 0x09
    .byte 0x11, 0x09, 0x09, 0x09, 0x09, 0x09, 0x09, 0x09, 0x09, 0x09, 0x09, 0x09, 0x09, 0x09, 0x09, 0x09, 0x09, 0x09, 0x09, 0x09, 0x09, 0x09, 0x09, 0x09, 0x09, 0x09, 0x09, 0x09, 0x09, 0x09, 0x09, 0x09
    .byte 0x09, 0x09, 0x09, 0x09, 0x09, 0x09, 0x09, 0x09, 0x09, 0x09, 0x09, 0x09, 0x09, 0x09, 0x09, 0x09, 0x09, 0x09, 0x09, 0x09, 0x09, 0x09, 0x09, 0x09, 0x09, 0x09, 0x09, 0x09, 0x09, 0x09, 0x09, 0x09
    .byte 0x09, 0x09, 0x09, 0x09, 0x09, 0x09, 0x09, 0x09, 0x09, 0x09, 0x09, 0x09, 0x09, 0x09, 0x09, 0x09, 0x09, 0x09, 0x09, 0x09, 0x09, 0x09, 0x09, 0x09, 0x09, 0x09, 0x09, 0x09, 0x09, 0x09, 0x09, 0x09
    .byte 0x09, 0x09, 0x09, 0x09, 0x09, 0x09, 0x09, 0x09, 0x09, 0x09, 0x09, 0x09, 0x09, 0x09, 0x09, 0x09, 0x09, 0x09, 0x09, 0x09, 0x09, 0x09, 0x09, 0x09, 0x09, 0x09, 0x09, 0x09, 0x09, 0x09, 0x09, 0x09
    .byte 0x09, 0x09, 0x09, 0x09, 0x09, 0x09, 0x09, 0x09, 0x09, 0x09, 0x09, 0x09, 0x09, 0x09, 0x09, 0x09, 0x09, 0x09, 0x09, 0x09, 0x09, 0x09, 0x09, 0x09, 0x09, 0x09, 0x09, 0x09, 0x09, 0x09, 0x09, 0x09
    .byte 0x09, 0x09, 0x51, 0x09, 0x51, 0x09, 0x51, 0x09, 0x51, 0x09, 0x51, 0x09, 0x51, 0x09, 0x51, 0x09, 0x51, 0x09, 0x51, 0x09, 0x51, 0x09, 0x51, 0x09, 0x51, 0x09, 0x51, 0x09, 0x51, 0x09, 0x51, 0x09
    .byte 0x51, 0x09, 0x51, 0x09, 0x51, 0x09, 0x51, 0x09, 0x51, 0x09, 0x51, 0x09, 0x51, 0x09, 0x51, 0x09, 0x51, 0x09, 0x51, 0x09, 0x51, 0x09, 0x00, 0x00, 0x00, 0x00, 0x00, 0x00, 0x00, 0x00, 0x00, 0x00
    .byte 0x00, 0x00, 0x51, 0x09, 0x51, 0x09, 0x51, 0x09, 0x51, 0x09, 0x51, 0x09, 0x51, 0x09, 0x51, 0x09, 0x51, 0x09, 0x51, 0x09, 0x51, 0x09, 0x51, 0x09, 0x51, 0x09, 0x51, 0x09, 0x51, 0x09, 0x51, 0x09
    .byte 0x51, 0x09, 0x51, 0x09, 0x51, 0x09, 0x51, 0x09, 0x51, 0x09, 0x51, 0x09, 0x51, 0x09, 0x51, 0x09, 0x51, 0x09, 0x51, 0x09, 0x51, 0x09, 0x51, 0x09, 0x51, 0x09, 0x51, 0x09, 0x51, 0x09, 0x51, 0x09
    .byte 0x51, 0x09, 0x51, 0x09, 0x51, 0x09, 0x51, 0x09, 0x51, 0x09, 0x51, 0x09, 0x51, 0x09, 0x51, 0x09, 0x51, 0x09, 0x51, 0x09, 0x51, 0x11, 0x11, 0x09, 0x51, 0x09, 0x51, 0x09, 0x51, 0x09, 0x51, 0x09
    .byte 0x51, 0x09, 0x11, 0x09, 0x51, 0x09, 0x51, 0x09, 0x51, 0x09, 0x51, 0x09, 0x11, 0x11, 0x51, 0x09, 0x51, 0x09, 0x51, 0x09, 0x51, 0x09, 0x51, 0x09, 0x51, 0x09, 0x51, 0x09, 0x51, 0x09, 0x51, 0x09
    .byte 0x51, 0x09, 0x51, 0x09, 0x51, 0x09, 0x51, 0x09, 0x51, 0x09, 0x51, 0x09, 0x51, 0x09, 0x51, 0x09, 0x51, 0x09, 0x51, 0x09, 0x51, 0x09, 0x51, 0x09, 0x51, 0x09, 0x51, 0x09, 0x51, 0x09, 0x51, 0x09
    .byte 0x51, 0x09, 0x51, 0x09, 0x51, 0x09, 0x51, 0x09, 0x51, 0x09, 0x51, 0x09, 0x51, 0x09, 0x51, 0x09, 0x51, 0x09, 0x51, 0x09, 0x51, 0x09, 0x51, 0x09, 0x51, 0x09, 0x51, 0x09, 0x51, 0x09, 0x51, 0x09
    .byte 0x51, 0x09, 0x51, 0x09, 0x51, 0x09, 0x51, 0x09, 0x51, 0x09, 0x51, 0x09, 0x51, 0x09, 0x51, 0x09, 0x51, 0x09, 0x51, 0x09, 0x51, 0x09, 0x51, 0x09, 0x51, 0x09, 0x51, 0x09, 0x51, 0x09, 0x51, 0x09
    .byte 0x51, 0x09, 0x51, 0x09, 0x51, 0x09, 0x51, 0x09, 0x51, 0x09, 0x51, 0x09, 0x51, 0x09, 0x51, 0x09, 0x51, 0x09, 0x51, 0x09, 0x51, 0x09, 0x09, 0x09, 0x09, 0x09, 0x09, 0x09, 0x09, 0x09, 0x09, 0x09
    .byte 0x09, 0x09, 0x09, 0x09, 0x09, 0x09, 0x09, 0x09, 0x09, 0x09, 0x09, 0x09, 0x09, 0x09, 0x09, 0x09, 0x09, 0x09, 0x09, 0x09, 0x09, 0x09, 0x09, 0x09, 0x09, 0x09, 0x09, 0x09, 0x09, 0x09, 0x09, 0x09
    .byte 0x09, 0x09, 0x09, 0x09, 0x09, 0x09, 0x09, 0x09, 0x09, 0x09, 0x09, 0x09, 0x09, 0x09, 0x09, 0x09, 0x09, 0x09, 0x09, 0x09, 0x09, 0x09, 0x00, 0x00, 0x00, 0x00, 0x00, 0x00, 0x00, 0x00, 0x00, 0x00
    .byte 0x00, 0x00, 0x09, 0x09, 0x09, 0x09, 0x09, 0x09, 0x09, 0x09, 0x09, 0x09, 0x09, 0x09, 0x09, 0x09, 0x09, 0x09, 0x09, 0x09, 0x09, 0x09, 0x09, 0x09, 0x09, 0x09, 0x09, 0x09, 0x09, 0x09, 0x09, 0x09
    .byte 0x09, 0x09, 0x09, 0x09, 0x09, 0x09, 0x09, 0x09, 0x09, 0x09, 0x09, 0x09, 0x09, 0x09, 0x09, 0x09, 0x09, 0x09, 0x09, 0x09, 0x09, 0x09, 0x09, 0x09, 0x09, 0x09, 0x09, 0x09, 0x09, 0x09, 0x09, 0x09
    .byte 0x09, 0x09, 0x09, 0x09, 0x09, 0x09, 0x09, 0x09, 0x09, 0x09, 0x09, 0x09, 0x09, 0x09, 0x09, 0x11, 0x09, 0x09, 0x09, 0x09, 0x11, 0x11, 0x11, 0x11, 0x09, 0x09, 0x09, 0x11, 0x09, 0x09, 0x09, 0x09
    .byte 0x09, 0x11, 0x11, 0x09, 0x09, 0x09, 0x11, 0x11, 0x09, 0x09, 0x09, 0x09, 0x09, 0x11, 0x09, 0x09, 0x09, 0x09, 0x09, 0x09, 0x09, 0x09, 0x09, 0x09, 0x09, 0x09, 0x09, 0x09, 0x09, 0x09, 0x09, 0x09
    .byte 0x09, 0x09, 0x09, 0x09, 0x09, 0x09, 0x09, 0x09, 0x09, 0x09, 0x09, 0x09, 0x09, 0x09, 0x09, 0x09, 0x09, 0x09, 0x09, 0x09, 0x09, 0x09, 0x09, 0x09, 0x09, 0x09, 0x09, 0x09, 0x09, 0x09, 0x09, 0x09
    .byte 0x09, 0x09, 0x09, 0x09, 0x09, 0x09, 0x09, 0x09, 0x09, 0x09, 0x09, 0x09, 0x09, 0x09, 0x09, 0x09, 0x09, 0x09, 0x09, 0x09, 0x09, 0x09, 0x09, 0x09, 0x09, 0x09, 0x09, 0x09, 0x09, 0x09, 0x09, 0x09
    .byte 0x09, 0x09, 0x09, 0x09, 0x09, 0x09, 0x09, 0x09, 0x09, 0x09, 0x09, 0x09, 0x09, 0x09, 0x09, 0x09, 0x09, 0x09, 0x09, 0x09, 0x09, 0x09, 0x09, 0x09, 0x09, 0x09, 0x09, 0x09, 0x09, 0x09, 0x09, 0x09
    .byte 0x09, 0x09, 0x09, 0x09, 0x09, 0x09, 0x09, 0x09, 0x09, 0x09, 0x09, 0x09, 0x09, 0x09, 0x09, 0x09, 0x09, 0x09, 0x09, 0x09, 0x09, 0x09, 0x09, 0x09, 0x09, 0x09, 0x09, 0x09, 0x09, 0x09, 0x09, 0x09
    .byte 0x09, 0x09, 0x51, 0x09, 0x51, 0x09, 0x51, 0x09, 0x51, 0x09, 0x51, 0x09, 0x51, 0x09, 0x51, 0x09, 0x51, 0x09, 0x51, 0x09, 0x51, 0x09, 0x51, 0x09, 0x51, 0x09, 0x51, 0x09, 0x51, 0x09, 0x51, 0x09
    .byte 0x51, 0x09, 0x51, 0x09, 0x51, 0x09, 0x51, 0x09, 0x51, 0x09, 0x51, 0x09, 0x51, 0x09, 0x51, 0x09, 0x51, 0x09, 0x51, 0x09, 0x51, 0x09, 0x00, 0x00, 0x00, 0x00, 0x00, 0x00, 0x00, 0x00, 0x00, 0x00
    .byte 0x00, 0x00, 0x51, 0x09, 0x51, 0x09, 0x51, 0x09, 0x51, 0x09, 0x51, 0x09, 0x51, 0x09, 0x51, 0x09, 0x51, 0x09, 0x51, 0x09, 0x51, 0x09, 0x51, 0x09, 0x51, 0x09, 0x51, 0x09, 0x51, 0x09, 0x51, 0x09
    .byte 0x51, 0x09, 0x51, 0x09, 0x51, 0x09, 0x51, 0x09, 0x51, 0x09, 0x51, 0x09, 0x51, 0x09, 0x51, 0x09, 0x51, 0x09, 0x51, 0x09, 0x51, 0x09, 0x51, 0x09, 0x51, 0x09, 0x51, 0x09, 0x51, 0x09, 0x51, 0x09
    .byte 0x51, 0x09, 0x51, 0x09, 0x51, 0x09, 0x51, 0x09, 0x51, 0x09, 0x51, 0x09, 0x51, 0x09, 0x51, 0x11, 0x51, 0x09, 0x51, 0x11, 0x11, 0x09, 0x51, 0x11, 0x11, 0x09, 0x51, 0x09, 0x11, 0x11, 0x11, 0x09
    .byte 0x51, 0x11, 0x11, 0x11, 0x11, 0x11, 0x51, 0x11, 0x11, 0x11, 0x51, 0x09, 0x51, 0x09, 0x11, 0x09, 0x51, 0x09, 0x51, 0x09, 0x51, 0x09, 0x51, 0x09, 0x51, 0x09, 0x51, 0x09, 0x51, 0x09, 0x51, 0x09
    .byte 0x51, 0x09, 0x51, 0x09, 0x51, 0x09, 0x51, 0x09, 0x51, 0x09, 0x51, 0x09, 0x51, 0x09, 0x51, 0x09, 0x51, 0x09, 0x51, 0x09, 0x51, 0x09, 0x51, 0x09, 0x51, 0x09, 0x51, 0x09, 0x51, 0x09, 0x51, 0x09
    .byte 0x51, 0x09, 0x51, 0x09, 0x51, 0x09, 0x51, 0x09, 0x51, 0x09, 0x51, 0x09, 0x51, 0x09, 0x51, 0x09, 0x51, 0x09, 0x51, 0x09, 0x51, 0x09, 0x51, 0x09, 0x51, 0x09, 0x51, 0x09, 0x51, 0x09, 0x51, 0x09
    .byte 0x51, 0x09, 0x51, 0x09, 0x51, 0x09, 0x51, 0x09, 0x51, 0x09, 0x51, 0x09, 0x51, 0x09, 0x51, 0x09, 0x51, 0x09, 0x51, 0x09, 0x51, 0x09, 0x51, 0x09, 0x51, 0x09, 0x51, 0x09, 0x51, 0x09, 0x51, 0x09
    .byte 0x51, 0x09, 0x51, 0x09, 0x51, 0x09, 0x51, 0x09, 0x51, 0x09, 0x51, 0x09, 0x51, 0x09, 0x51, 0x09, 0x51, 0x09, 0x51, 0x09, 0x51, 0x09, 0x09, 0x09, 0x09, 0x09, 0x09, 0x09, 0x09, 0x09, 0x09, 0x09
    .byte 0x09, 0x09, 0x09, 0x09, 0x09, 0x09, 0x09, 0x09, 0x09, 0x09, 0x09, 0x09, 0x09, 0x09, 0x09, 0x09, 0x09, 0x09, 0x09, 0x09, 0x09, 0x09, 0x09, 0x09, 0x09, 0x09, 0x09, 0x09, 0x09, 0x09, 0x09, 0x09
    .byte 0x09, 0x09, 0x09, 0x09, 0x09, 0x09, 0x09, 0x09, 0x09, 0x09, 0x09, 0x09, 0x09, 0x09, 0x09, 0x09, 0x09, 0x09, 0x09, 0x09, 0x09, 0x09, 0x00, 0x00, 0x00, 0x00, 0x00, 0x00, 0x00, 0x00, 0x00, 0x00
    .byte 0x00, 0x00, 0x09, 0x09, 0x09, 0x09, 0x09, 0x09, 0x09, 0x09, 0x09, 0x09, 0x09, 0x09, 0x09, 0x09, 0x09, 0x09, 0x09, 0x09, 0x09, 0x09, 0x09, 0x09, 0x09, 0x09, 0x09, 0x09, 0x09, 0x09, 0x09, 0x09
    .byte 0x09, 0x09, 0x09, 0x09, 0x09, 0x09, 0x09, 0x09, 0x09, 0x09, 0x09, 0x09, 0x09, 0x09, 0x09, 0x09, 0x09, 0x09, 0x09, 0x09, 0x09, 0x09, 0x09, 0x09, 0x09, 0x09, 0x09, 0x09, 0x09, 0x09, 0x09, 0x09
    .byte 0x09, 0x09, 0x09, 0x09, 0x09, 0x09, 0x09, 0x09, 0x09, 0x09, 0x09, 0x09, 0x09, 0x09, 0x09, 0x11, 0x11, 0x09, 0x11, 0x11, 0x09, 0x11, 0x11, 0x09, 0x11, 0x09, 0x11, 0x11, 0x09, 0x09, 0x11, 0x11
    .byte 0x11, 0x09, 0x11, 0x11, 0x09, 0x11, 0x11, 0x11, 0x11, 0x09, 0x09, 0x11, 0x09, 0x11, 0x11, 0x11, 0x09, 0x09, 0x09, 0x09, 0x09, 0x09, 0x09, 0x09, 0x09, 0x09, 0x09, 0x09, 0x09, 0x09, 0x09, 0x09
    .byte 0x09, 0x09, 0x09, 0x09, 0x09, 0x09, 0x09, 0x09, 0x09, 0x09, 0x09, 0x09, 0x09, 0x09, 0x09, 0x09, 0x09, 0x09, 0x09, 0x09, 0x09, 0x09, 0x09, 0x09, 0x09, 0x09, 0x09, 0x09, 0x09, 0x09, 0x09, 0x09
    .byte 0x09, 0x09, 0x09, 0x09, 0x09, 0x09, 0x09, 0x09, 0x09, 0x09, 0x09, 0x09, 0x09, 0x09, 0x09, 0x09, 0x09, 0x09, 0x09, 0x09, 0x09, 0x09, 0x09, 0x09, 0x09, 0x09, 0x09, 0x09, 0x09, 0x09, 0x09, 0x09
    .byte 0x09, 0x09, 0x09, 0x09, 0x09, 0x09, 0x09, 0x09, 0x09, 0x09, 0x09, 0x09, 0x09, 0x09, 0x09, 0x09, 0x09, 0x09, 0x09, 0x09, 0x09, 0x09, 0x09, 0x09, 0x09, 0x09, 0x09, 0x09, 0x09, 0x09, 0x09, 0x09
    .byte 0x09, 0x09, 0x09, 0x09, 0x09, 0x09, 0x09, 0x09, 0x09, 0x09, 0x09, 0x09, 0x09, 0x09, 0x09, 0x09, 0x09, 0x09, 0x09, 0x09, 0x09, 0x09, 0x09, 0x09, 0x09, 0x09, 0x09, 0x09, 0x09, 0x09, 0x09, 0x09
    .byte 0x09, 0x09, 0x51, 0x09, 0x51, 0x09, 0x51, 0x09, 0x51, 0x09, 0x51, 0x09, 0x51, 0x09, 0x51, 0x09, 0x51, 0x09, 0x51, 0x09, 0x51, 0x09, 0x51, 0x09, 0x51, 0x09, 0x51, 0x09, 0x51, 0x09, 0x51, 0x09
    .byte 0x51, 0x09, 0x51, 0x09, 0x51, 0x09, 0x51, 0x09, 0x51, 0x09, 0x51, 0x09, 0x51, 0x09, 0x51, 0x09, 0x51, 0x09, 0x51, 0x09, 0x51, 0x09, 0x00, 0x00, 0x00, 0x00, 0x00, 0x00, 0x00, 0x00, 0x00, 0x00
    .byte 0x00, 0x00, 0x51, 0x09, 0x51, 0x09, 0x51, 0x09, 0x51, 0x09, 0x51, 0x09, 0x51, 0x09, 0x51, 0x09, 0x51, 0x09, 0x51, 0x09, 0x51, 0x09, 0x51, 0x09, 0x51, 0x09, 0x51, 0x09, 0x51, 0x09, 0x51, 0x09
    .byte 0x51, 0x09, 0x51, 0x09, 0x51, 0x09, 0x51, 0x09, 0x51, 0x09, 0x51, 0x09, 0x51, 0x09, 0x51, 0x09, 0x51, 0x09, 0x51, 0x09, 0x51, 0x09, 0x51, 0x09, 0x51, 0x09, 0x51, 0x09, 0x51, 0x09, 0x51, 0x09
    .byte 0x51, 0x09, 0x51, 0x09, 0x51, 0x09, 0x51, 0x09, 0x51, 0x09, 0x51, 0x09, 0x51, 0x11, 0x11, 0x09, 0x11, 0x09, 0x11, 0x11, 0x11, 0x11, 0x11, 0x11, 0x11, 0x11, 0x51, 0x11, 0x11, 0x11, 0x11, 0x09
    .byte 0x51, 0x09, 0x11, 0x09, 0x11, 0x11, 0x51, 0x11, 0x51, 0x11, 0x11, 0x11, 0x11, 0x11, 0x11, 0x09, 0x51, 0x09, 0x11, 0x09, 0x51, 0x09, 0x51, 0x09, 0x51, 0x09, 0x51, 0x09, 0x51, 0x09, 0x51, 0x09
    .byte 0x51, 0x09, 0x51, 0x09, 0x51, 0x09, 0x51, 0x09, 0x51, 0x09, 0x51, 0x09, 0x51, 0x09, 0x51, 0x09, 0x51, 0x09, 0x51, 0x09, 0x51, 0x09, 0x51, 0x09, 0x51, 0x09, 0x51, 0x09, 0x51, 0x09, 0x51, 0x09
    .byte 0x51, 0x09, 0x51, 0x09, 0x51, 0x09, 0x51, 0x09, 0x51, 0x09, 0x51, 0x09, 0x51, 0x09, 0x51, 0x09, 0x51, 0x09, 0x51, 0x09, 0x51, 0x09, 0x51, 0x09, 0x51, 0x09, 0x51, 0x09, 0x51, 0x09, 0x51, 0x09
    .byte 0x51, 0x09, 0x51, 0x09, 0x51, 0x09, 0x51, 0x09, 0x51, 0x09, 0x51, 0x09, 0x51, 0x09, 0x51, 0x09, 0x51, 0x09, 0x51, 0x09, 0x51, 0x09, 0x51, 0x09, 0x51, 0x09, 0x51, 0x09, 0x51, 0x09, 0x51, 0x09
    .byte 0x51, 0x09, 0x51, 0x09, 0x51, 0x09, 0x51, 0x09, 0x51, 0x09, 0x51, 0x09, 0x51, 0x09, 0x51, 0x09, 0x51, 0x09, 0x51, 0x09, 0x51, 0x09, 0x09, 0x09, 0x09, 0x09, 0x09, 0x09, 0x09, 0x09, 0x09, 0x09
    .byte 0x09, 0x09, 0x09, 0x09, 0x09, 0x09, 0x09, 0x09, 0x09, 0x09, 0x09, 0x09, 0x09, 0x09, 0x09, 0x09, 0x09, 0x09, 0x09, 0x09, 0x09, 0x09, 0x09, 0x09, 0x09, 0x09, 0x09, 0x09, 0x09, 0x09, 0x09, 0x09
    .byte 0x09, 0x09, 0x09, 0x09, 0x09, 0x09, 0x09, 0x09, 0x09, 0x09, 0x09, 0x09, 0x09, 0x09, 0x09, 0x09, 0x09, 0x09, 0x09, 0x09, 0x09, 0x09, 0x00, 0x00, 0x00, 0x00, 0x00, 0x00, 0x00, 0x00, 0x00, 0x00
    .byte 0x00, 0x00, 0x09, 0x09, 0x09, 0x09, 0x09, 0x09, 0x09, 0x09, 0x09, 0x09, 0x09, 0x09, 0x09, 0x09, 0x09, 0x09, 0x09, 0x09, 0x09, 0x09, 0x09, 0x09, 0x09, 0x09, 0x09, 0x09, 0x09, 0x09, 0x09, 0x09
    .byte 0x09, 0x09, 0x09, 0x09, 0x09, 0x09, 0x09, 0x09, 0x09, 0x09, 0x09, 0x09, 0x09, 0x09, 0x09, 0x09, 0x09, 0x09, 0x09, 0x09, 0x09, 0x09, 0x09, 0x09, 0x09, 0x09, 0x09, 0x09, 0x09, 0x09, 0x09, 0x09
    .byte 0x09, 0x09, 0x09, 0x09, 0x09, 0x09, 0x09, 0x09, 0x09, 0x09, 0x09, 0x11, 0x11, 0x11, 0x11, 0x11, 0x11, 0x11, 0x11, 0x11, 0x09, 0x11, 0x09, 0x11, 0x11, 0x11, 0x11, 0x11, 0x11, 0x09, 0x11, 0x09
    .byte 0x11, 0x11, 0x11, 0x09, 0x11, 0x11, 0x11, 0x11, 0x09, 0x11, 0x11, 0x11, 0x09, 0x11, 0x11, 0x09, 0x11, 0x09, 0x11, 0x09, 0x09, 0x09, 0x09, 0x09, 0x09, 0x09, 0x09, 0x09, 0x09, 0x09, 0x09, 0x09
    .byte 0x09, 0x09, 0x09, 0x09, 0x09, 0x09, 0x09, 0x09, 0x09, 0x09, 0x09, 0x09, 0x09, 0x09, 0x09, 0x09, 0x09, 0x09, 0x09, 0x09, 0x09, 0x09, 0x09, 0x09, 0x09, 0x09, 0x09, 0x09, 0x09, 0x09, 0x09, 0x09
    .byte 0x09, 0x09, 0x09, 0x09, 0x09, 0x09, 0x09, 0x09, 0x09, 0x09, 0x09, 0x09, 0x09, 0x09, 0x09, 0x09, 0x09, 0x09, 0x09, 0x09, 0x09, 0x09, 0x09, 0x09, 0x09, 0x09, 0x09, 0x09, 0x09, 0x09, 0x09, 0x09
    .byte 0x09, 0x09, 0x09, 0x09, 0x09, 0x09, 0x09, 0x09, 0x09, 0x09, 0x09, 0x09, 0x09, 0x09, 0x09, 0x09, 0x09, 0x09, 0x09, 0x09, 0x09, 0x09, 0x09, 0x09, 0x09, 0x09, 0x09, 0x09, 0x09, 0x09, 0x09, 0x09
    .byte 0x09, 0x09, 0x09, 0x09, 0x09, 0x09, 0x09, 0x09, 0x09, 0x09, 0x09, 0x09, 0x09, 0x09, 0x09, 0x09, 0x09, 0x09, 0x09, 0x09, 0x09, 0x09, 0x09, 0x09, 0x09, 0x09, 0x09, 0x09, 0x09, 0x09, 0x09, 0x09
    .byte 0x09, 0x09, 0x51, 0x09, 0x51, 0x09, 0x51, 0x09, 0x51, 0x09, 0x51, 0x09, 0x51, 0x09, 0x51, 0x09, 0x51, 0x09, 0x51, 0x09, 0x51, 0x09, 0x51, 0x09, 0x51, 0x09, 0x51, 0x09, 0x51, 0x09, 0x51, 0x09
    .byte 0x51, 0x09, 0x51, 0x09, 0x51, 0x09, 0x51, 0x09, 0x51, 0x09, 0x51, 0x09, 0x51, 0x09, 0x51, 0x09, 0x51, 0x09, 0x51, 0x09, 0x51, 0x09, 0x51, 0x09, 0x51, 0x09, 0x51, 0x09, 0x51, 0x09, 0x51, 0x09
    .byte 0x51, 0x09, 0x51, 0x09, 0x51, 0x09, 0x51, 0x09, 0x51, 0x09, 0x51, 0x09, 0x51, 0x09, 0x51, 0x09, 0x51, 0x09, 0x51, 0x09, 0x51, 0x09, 0x51, 0x09, 0x51, 0x09, 0x51, 0x09, 0x51, 0x09, 0x51, 0x09
    .byte 0x51, 0x09, 0x51, 0x09, 0x51, 0x09, 0x51, 0x09, 0x51, 0x09, 0x51, 0x09, 0x51, 0x09, 0x51, 0x09, 0x51, 0x09, 0x51, 0x09, 0x51, 0x09, 0x51, 0x09, 0x51, 0x09, 0x51, 0x09, 0x51, 0x09, 0x51, 0x09
    .byte 0x51, 0x09, 0x51, 0x09, 0x51, 0x09, 0x51, 0x09, 0x51, 0x09, 0x51, 0x11, 0x51, 0x09, 0x11, 0x09, 0x11, 0x11, 0x11, 0x11, 0x11, 0x09, 0x51, 0x11, 0x11, 0x11, 0x11, 0x11, 0x11, 0x09, 0x11, 0x09
    .byte 0x11, 0x11, 0x11, 0x11, 0x51, 0x11, 0x51, 0x11, 0x11, 0x11, 0x11, 0x11, 0x11, 0x1A, 0x11, 0x11, 0x11, 0x11, 0x51, 0x09, 0x51, 0x09, 0x51, 0x09, 0x51, 0x09, 0x51, 0x09, 0x51, 0x09, 0x51, 0x09
    .byte 0x51, 0x09, 0x51, 0x09, 0x51, 0x09, 0x51, 0x09, 0x51, 0x09, 0x51, 0x09, 0x51, 0x09, 0x51, 0x09, 0x51, 0x09, 0x51, 0x09, 0x51, 0x09, 0x51, 0x09, 0x51, 0x09, 0x51, 0x09, 0x51, 0x09, 0x51, 0x09
    .byte 0x51, 0x09, 0x51, 0x09, 0x51, 0x09, 0x51, 0x09, 0x51, 0x09, 0x51, 0x09, 0x51, 0x09, 0x51, 0x09, 0x51, 0x09, 0x51, 0x09, 0x51, 0x09, 0x51, 0x09, 0x51, 0x09, 0x51, 0x09, 0x51, 0x09, 0x51, 0x09
    .byte 0x51, 0x09, 0x51, 0x09, 0x51, 0x09, 0x51, 0x09, 0x51, 0x09, 0x51, 0x09, 0x51, 0x09, 0x51, 0x09, 0x51, 0x09, 0x51, 0x09, 0x51, 0x09, 0x51, 0x09, 0x51, 0x09, 0x51, 0x09, 0x51, 0x09, 0x51, 0x09
    .byte 0x51, 0x09, 0x51, 0x09, 0x51, 0x09, 0x51, 0x09, 0x51, 0x09, 0x51, 0x09, 0x51, 0x09, 0x51, 0x09, 0x51, 0x09, 0x51, 0x09, 0x51, 0x09, 0x08, 0x08, 0x08, 0x08, 0x08, 0x08, 0x08, 0x08, 0x08, 0x08
    .byte 0x09, 0x09, 0x09, 0x09, 0x09, 0x09, 0x09, 0x09, 0x09, 0x09, 0x09, 0x09, 0x09, 0x09, 0x09, 0x09, 0x09, 0x09, 0x09, 0x09, 0x09, 0x09, 0x09, 0x09, 0x09, 0x09, 0x09, 0x09, 0x09, 0x09, 0x09, 0x09
    .byte 0x09, 0x09, 0x09, 0x09, 0x09, 0x09, 0x09, 0x09, 0x09, 0x09, 0x09, 0x09, 0x09, 0x09, 0x09, 0x09, 0x09, 0x09, 0x09, 0x09, 0x09, 0x09, 0x09, 0x09, 0x09, 0x09, 0x09, 0x09, 0x09, 0x09, 0x09, 0x09
    .byte 0x09, 0x09, 0x09, 0x09, 0x09, 0x09, 0x09, 0x09, 0x09, 0x09, 0x09, 0x09, 0x09, 0x09, 0x09, 0x09, 0x09, 0x09, 0x09, 0x09, 0x09, 0x09, 0x09, 0x09, 0x09, 0x09, 0x09, 0x09, 0x09, 0x09, 0x09, 0x09
    .byte 0x09, 0x09, 0x09, 0x09, 0x09, 0x09, 0x09, 0x09, 0x09, 0x09, 0x09, 0x09, 0x09, 0x09, 0x09, 0x09, 0x09, 0x09, 0x09, 0x09, 0x09, 0x09, 0x09, 0x09, 0x09, 0x09, 0x09, 0x09, 0x09, 0x09, 0x09, 0x09
    .byte 0x09, 0x09, 0x09, 0x09, 0x09, 0x09, 0x09, 0x09, 0x09, 0x09, 0x09, 0x09, 0x09, 0x09, 0x11, 0x11, 0x09, 0x11, 0x11, 0x09, 0x11, 0x11, 0x11, 0x11, 0x09, 0x11, 0x11, 0x11, 0x09, 0x11, 0x11, 0x11
    .byte 0x11, 0x11, 0x11, 0x11, 0x11, 0x11, 0x11, 0x09, 0x11, 0x11, 0x09, 0x11, 0x11, 0x11, 0x1A, 0x11, 0x1A, 0x09, 0x09, 0x09, 0x09, 0x09, 0x09, 0x09, 0x09, 0x09, 0x09, 0x09, 0x09, 0x09, 0x09, 0x09
    .byte 0x09, 0x09, 0x09, 0x09, 0x09, 0x09, 0x09, 0x09, 0x09, 0x09, 0x09, 0x09, 0x09, 0x09, 0x09, 0x09, 0x09, 0x09, 0x09, 0x09, 0x09, 0x09, 0x09, 0x09, 0x09, 0x09, 0x09, 0x09, 0x09, 0x09, 0x09, 0x09
    .byte 0x09, 0x09, 0x09, 0x09, 0x09, 0x09, 0x09, 0x09, 0x09, 0x09, 0x09, 0x09, 0x09, 0x09, 0x09, 0x09, 0x09, 0x09, 0x09, 0x09, 0x09, 0x09, 0x09, 0x09, 0x09, 0x09, 0x09, 0x09, 0x09, 0x09, 0x09, 0x09
    .byte 0x09, 0x09, 0x09, 0x09, 0x09, 0x09, 0x09, 0x09, 0x09, 0x09, 0x09, 0x09, 0x09, 0x09, 0x09, 0x09, 0x09, 0x09, 0x09, 0x09, 0x09, 0x09, 0x09, 0x09, 0x09, 0x09, 0x09, 0x09, 0x09, 0x09, 0x09, 0x09
    .byte 0x09, 0x09, 0x09, 0x09, 0x09, 0x09, 0x09, 0x09, 0x09, 0x09, 0x09, 0x09, 0x09, 0x09, 0x09, 0x09, 0x09, 0x09, 0x09, 0x09, 0x09, 0x09, 0x08, 0x08, 0x08, 0x08, 0x08, 0x08, 0x08, 0x08, 0x08, 0x08
    .byte 0x09, 0x09, 0x51, 0x09, 0x51, 0x09, 0x51, 0x09, 0x51, 0x09, 0x51, 0x09, 0x51, 0x09, 0x51, 0x09, 0x51, 0x09, 0x51, 0x09, 0x51, 0x09, 0x51, 0x09, 0x51, 0x09, 0x51, 0x09, 0x51, 0x09, 0x51, 0x09
    .byte 0x51, 0x09, 0x51, 0x09, 0x51, 0x09, 0x51, 0x09, 0x51, 0x09, 0x51, 0x09, 0x51, 0x09, 0x51, 0x09, 0x51, 0x09, 0x51, 0x09, 0x51, 0x09, 0x51, 0x09, 0x51, 0x09, 0x51, 0x09, 0x51, 0x09, 0x51, 0x09
    .byte 0x51, 0x09, 0x51, 0x09, 0x51, 0x09, 0x51, 0x09, 0x51, 0x09, 0x51, 0x09, 0x51, 0x09, 0x51, 0x09, 0x51, 0x09, 0x51, 0x09, 0x51, 0x09, 0x51, 0x09, 0x51, 0x09, 0x51, 0x09, 0x51, 0x09, 0x51, 0x09
    .byte 0x51, 0x09, 0x51, 0x09, 0x51, 0x09, 0x51, 0x09, 0x51, 0x09, 0x51, 0x09, 0x51, 0x09, 0x51, 0x09, 0x51, 0x09, 0x51, 0x09, 0x51, 0x09, 0x51, 0x09, 0x51, 0x09, 0x51, 0x09, 0x51, 0x09, 0x51, 0x09
    .byte 0x51, 0x09, 0x51, 0x09, 0x51, 0x09, 0x51, 0x09, 0x51, 0x09, 0x51, 0x09, 0x51, 0x09, 0x11, 0x11, 0x51, 0x11, 0x11, 0x11, 0x11, 0x11, 0x51, 0x11, 0x11, 0x11, 0x11, 0x11, 0x11, 0x11, 0x11, 0x11
    .byte 0x11, 0x11, 0x51, 0x1A, 0x51, 0x11, 0x11, 0x09, 0x11, 0x11, 0x11, 0x11, 0x11, 0x09, 0x11, 0x11, 0x51, 0x11, 0x51, 0x09, 0x51, 0x09, 0x51, 0x09, 0x51, 0x09, 0x51, 0x09, 0x51, 0x09, 0x51, 0x09
    .byte 0x51, 0x09, 0x51, 0x09, 0x51, 0x09, 0x51, 0x09, 0x51, 0x09, 0x51, 0x09, 0x51, 0x09, 0x51, 0x09, 0x51, 0x09, 0x51, 0x09, 0x51, 0x09, 0x51, 0x09, 0x51, 0x09, 0x51, 0x09, 0x51, 0x09, 0x51, 0x09
    .byte 0x51, 0x09, 0x51, 0x09, 0x51, 0x09, 0x51, 0x09, 0x51, 0x09, 0x51, 0x09, 0x51, 0x09, 0x51, 0x09, 0x51, 0x09, 0x51, 0x09, 0x51, 0x09, 0x51, 0x09, 0x51, 0x09, 0x51, 0x09, 0x51, 0x09, 0x51, 0x09
    .byte 0x51, 0x09, 0x51, 0x09, 0x51, 0x09, 0x51, 0x09, 0x51, 0x09, 0x51, 0x09, 0x51, 0x09, 0x51, 0x09, 0x51, 0x09, 0x51, 0x09, 0x51, 0x09, 0x51, 0x09, 0x51, 0x09, 0x51, 0x09, 0x51, 0x09, 0x51, 0x09
    .byte 0x51, 0x09, 0x51, 0x09, 0x51, 0x09, 0x51, 0x09, 0x51, 0x09, 0x51, 0x09, 0x51, 0x09, 0x51, 0x09, 0x51, 0x09, 0x51, 0x09, 0x51, 0x09, 0x08, 0x08, 0x08, 0x08, 0x08, 0x08, 0x08, 0x08, 0x08, 0x08
    .byte 0x09, 0x09, 0x09, 0x09, 0x09, 0x09, 0x09, 0x09, 0x09, 0x09, 0x09, 0x09, 0x09, 0x09, 0x09, 0x09, 0x09, 0x09, 0x09, 0x09, 0x09, 0x09, 0x09, 0x09, 0x09, 0x09, 0x09, 0x09, 0x09, 0x09, 0x09, 0x09
    .byte 0x09, 0x09, 0x09, 0x09, 0x09, 0x09, 0x09, 0x09, 0x09, 0x09, 0x09, 0x09, 0x09, 0x09, 0x09, 0x09, 0x09, 0x09, 0x09, 0x09, 0x09, 0x09, 0x09, 0x09, 0x09, 0x09, 0x09, 0x09, 0x09, 0x09, 0x09, 0x09
    .byte 0x09, 0x09, 0x09, 0x09, 0x09, 0x09, 0x09, 0x09, 0x09, 0x09, 0x09, 0x09, 0x09, 0x09, 0x09, 0x09, 0x09, 0x09, 0x09, 0x09, 0x09, 0x09, 0x09, 0x09, 0x09, 0x09, 0x09, 0x09, 0x09, 0x09, 0x09, 0x09
    .byte 0x09, 0x09, 0x09, 0x09, 0x09, 0x09, 0x09, 0x09, 0x09, 0x09, 0x09, 0x09, 0x09, 0x09, 0x09, 0x09, 0x09, 0x09, 0x09, 0x09, 0x09, 0x09, 0x09, 0x09, 0x09, 0x09, 0x09, 0x09, 0x09, 0x09, 0x09, 0x09
    .byte 0x09, 0x09, 0x09, 0x09, 0x09, 0x09, 0x09, 0x09, 0x09, 0x09, 0x09, 0x11, 0x11, 0x09, 0x11, 0x11, 0x11, 0x11, 0x09, 0x11, 0x09, 0x11, 0x11, 0x11, 0x11, 0x11, 0x11, 0x11, 0x1A, 0x1A, 0x11, 0x09
    .byte 0x11, 0x11, 0x11, 0x11, 0x11, 0x09, 0x11, 0x09, 0x09, 0x11, 0x11, 0x09, 0x11, 0x11, 0x11, 0x11, 0x11, 0x11, 0x09, 0x09, 0x11, 0x09, 0x09, 0x09, 0x09, 0x09, 0x09, 0x09, 0x09, 0x09, 0x09, 0x09
    .byte 0x09, 0x09, 0x09, 0x09, 0x09, 0x09, 0x09, 0x09, 0x09, 0x09, 0x09, 0x09, 0x09, 0x09, 0x09, 0x09, 0x09, 0x09, 0x09, 0x09, 0x09, 0x09, 0x09, 0x09, 0x09, 0x09, 0x09, 0x09, 0x09, 0x09, 0x09, 0x09
    .byte 0x09, 0x09, 0x09, 0x09, 0x09, 0x09, 0x09, 0x09, 0x09, 0x09, 0x09, 0x09, 0x09, 0x09, 0x09, 0x09, 0x09, 0x09, 0x09, 0x09, 0x09, 0x09, 0x09, 0x09, 0x09, 0x09, 0x09, 0x09, 0x09, 0x09, 0x09, 0x09
    .byte 0x09, 0x09, 0x09, 0x09, 0x09, 0x09, 0x09, 0x09, 0x09, 0x09, 0x09, 0x09, 0x09, 0x09, 0x09, 0x09, 0x09, 0x09, 0x09, 0x09, 0x09, 0x09, 0x09, 0x09, 0x09, 0x09, 0x09, 0x09, 0x09, 0x09, 0x09, 0x09
    .byte 0x09, 0x09, 0x09, 0x09, 0x09, 0x09, 0x09, 0x09, 0x09, 0x09, 0x09, 0x09, 0x09, 0x09, 0x09, 0x09, 0x09, 0x09, 0x09, 0x09, 0x09, 0x09, 0x08, 0x08, 0x08, 0x08, 0x08, 0x08, 0x08, 0x08, 0x08, 0x08
    .byte 0x09, 0x09, 0x51, 0x09, 0x51, 0x09, 0x51, 0x09, 0x51, 0x09, 0x51, 0x09, 0x51, 0x09, 0x51, 0x09, 0x51, 0x09, 0x51, 0x09, 0x51, 0x09, 0x51, 0x09, 0x51, 0x09, 0x51, 0x09, 0x51, 0x09, 0x51, 0x09
    .byte 0x51, 0x09, 0x51, 0x09, 0x51, 0x09, 0x51, 0x09, 0x51, 0x09, 0x51, 0x09, 0x51, 0x09, 0x51, 0x09, 0x51, 0x09, 0x51, 0x09, 0x51, 0x09, 0x51, 0x09, 0x51, 0x09, 0x51, 0x09, 0x51, 0x09, 0x51, 0x09
    .byte 0x51, 0x09, 0x51, 0x09, 0x51, 0x09, 0x51, 0x09, 0x51, 0x09, 0x51, 0x09, 0x51, 0x09, 0x51, 0x09, 0x51, 0x09, 0x51, 0x09, 0x51, 0x09, 0x51, 0x09, 0x51, 0x09, 0x51, 0x09, 0x51, 0x09, 0x51, 0x09
    .byte 0x51, 0x09, 0x51, 0x09, 0x51, 0x09, 0x51, 0x09, 0x51, 0x09, 0x51, 0x09, 0x51, 0x09, 0x51, 0x09, 0x51, 0x09, 0x51, 0x09, 0x51, 0x09, 0x51, 0x09, 0x51, 0x09, 0x51, 0x09, 0x51, 0x09, 0x51, 0x09
    .byte 0x51, 0x09, 0x51, 0x09, 0x51, 0x09, 0x51, 0x09, 0x51, 0x09, 0x51, 0x11, 0x11, 0x09, 0x11, 0x09, 0x11, 0x11, 0x11, 0x11, 0x11, 0x09, 0x11, 0x11, 0x11, 0x11, 0x11, 0x11, 0x11, 0x09, 0x11, 0x11
    .byte 0x11, 0x09, 0x11, 0x09, 0x11, 0x11, 0x11, 0x11, 0x11, 0x11, 0x11, 0x09, 0x51, 0x11, 0x11, 0x11, 0x51, 0x11, 0x51, 0x09, 0x51, 0x09, 0x51, 0x09, 0x51, 0x09, 0x51, 0x09, 0x51, 0x09, 0x51, 0x09
    .byte 0x51, 0x09, 0x51, 0x09, 0x51, 0x09, 0x51, 0x09, 0x51, 0x09, 0x51, 0x09, 0x51, 0x09, 0x51, 0x09, 0x51, 0x09, 0x51, 0x09, 0x51, 0x09, 0x51, 0x09, 0x51, 0x09, 0x51, 0x09, 0x51, 0x09, 0x51, 0x09
    .byte 0x51, 0x09, 0x51, 0x09, 0x51, 0x09, 0x51, 0x09, 0x51, 0x09, 0x51, 0x09, 0x51, 0x09, 0x51, 0x09, 0x51, 0x09, 0x51, 0x09, 0x51, 0x09, 0x51, 0x09, 0x51, 0x09, 0x51, 0x09, 0x51, 0x09, 0x51, 0x09
    .byte 0x51, 0x09, 0x51, 0x09, 0x51, 0x09, 0x51, 0x09, 0x51, 0x09, 0x51, 0x09, 0x51, 0x09, 0x51, 0x09, 0x51, 0x09, 0x51, 0x09, 0x51, 0x09, 0x51, 0x09, 0x51, 0x09, 0x51, 0x09, 0x51, 0x09, 0x51, 0x09
    .byte 0x51, 0x09, 0x51, 0x09, 0x51, 0x09, 0x51, 0x09, 0x51, 0x09, 0x51, 0x09, 0x51, 0x09, 0x51, 0x09, 0x51, 0x09, 0x51, 0x09, 0x51, 0x09, 0x08, 0x08, 0x08, 0x08, 0x08, 0x08, 0x08, 0x08, 0x08, 0x08
    .byte 0x09, 0x09, 0x09, 0x09, 0x09, 0x09, 0x09, 0x09, 0x09, 0x09, 0x09, 0x09, 0x09, 0x09, 0x09, 0x09, 0x09, 0x09, 0x09, 0x09, 0x09, 0x09, 0x09, 0x09, 0x09, 0x09, 0x09, 0x09, 0x09, 0x09, 0x09, 0x09
    .byte 0x09, 0x09, 0x09, 0x09, 0x09, 0x09, 0x09, 0x09, 0x09, 0x09, 0x09, 0x09, 0x09, 0x09, 0x09, 0x09, 0x09, 0x09, 0x09, 0x09, 0x09, 0x09, 0x09, 0x09, 0x09, 0x09, 0x09, 0x09, 0x09, 0x09, 0x09, 0x09
    .byte 0x09, 0x09, 0x09, 0x09, 0x09, 0x09, 0x09, 0x09, 0x09, 0x09, 0x09, 0x09, 0x09, 0x09, 0x09, 0x09, 0x09, 0x09, 0x09, 0x09, 0x09, 0x09, 0x09, 0x09, 0x09, 0x09, 0x09, 0x09, 0x09, 0x09, 0x09, 0x09
    .byte 0x09, 0x09, 0x09, 0x09, 0x09, 0x09, 0x09, 0x09, 0x09, 0x09, 0x09, 0x09, 0x09, 0x09, 0x09, 0x09, 0x09, 0x09, 0x09, 0x09, 0x09, 0x09, 0x09, 0x09, 0x09, 0x09, 0x09, 0x09, 0x09, 0x09, 0x09, 0x09
    .byte 0x09, 0x09, 0x09, 0x09, 0x09, 0x09, 0x09, 0x09, 0x09, 0x09, 0x09, 0x11, 0x09, 0x09, 0x11, 0x11, 0x11, 0x11, 0x11, 0x09, 0x11, 0x09, 0x09, 0x11, 0x09, 0x11, 0x1A, 0x11, 0x09, 0x11, 0x09, 0x09
    .byte 0x11, 0x11, 0x11, 0x11, 0x11, 0x11, 0x11, 0x11, 0x11, 0x11, 0x11, 0x11, 0x11, 0x11, 0x11, 0x11, 0x09, 0x11, 0x09, 0x09, 0x11, 0x09, 0x09, 0x09, 0x09, 0x09, 0x09, 0x09, 0x09, 0x09, 0x09, 0x09
    .byte 0x09, 0x09, 0x09, 0x09, 0x09, 0x09, 0x09, 0x09, 0x09, 0x09, 0x09, 0x09, 0x09, 0x09, 0x09, 0x09, 0x09, 0x09, 0x09, 0x09, 0x09, 0x09, 0x09, 0x09, 0x09, 0x09, 0x09, 0x09, 0x09, 0x09, 0x09, 0x09
    .byte 0x09, 0x09, 0x09, 0x09, 0x09, 0x09, 0x09, 0x09, 0x09, 0x09, 0x09, 0x09, 0x09, 0x09, 0x09, 0x09, 0x09, 0x09, 0x09, 0x09, 0x09, 0x09, 0x09, 0x09, 0x09, 0x09, 0x09, 0x09, 0x09, 0x09, 0x09, 0x09
    .byte 0x09, 0x09, 0x09, 0x09, 0x09, 0x09, 0x09, 0x09, 0x09, 0x09, 0x09, 0x09, 0x09, 0x09, 0x09, 0x09, 0x09, 0x09, 0x09, 0x09, 0x09, 0x09, 0x09, 0x09, 0x09, 0x09, 0x09, 0x09, 0x09, 0x09, 0x09, 0x09
    .byte 0x09, 0x09, 0x09, 0x09, 0x09, 0x09, 0x09, 0x09, 0x09, 0x09, 0x09, 0x09, 0x09, 0x09, 0x09, 0x09, 0x09, 0x09, 0x09, 0x09, 0x09, 0x09, 0x08, 0x08, 0x08, 0x08, 0x08, 0x08, 0x08, 0x08, 0x08, 0x08
    .byte 0x09, 0x09, 0x51, 0x09, 0x51, 0x09, 0x51, 0x09, 0x51, 0x09, 0x51, 0x09, 0x51, 0x09, 0x51, 0x09, 0x51, 0x09, 0x51, 0x09, 0x51, 0x09, 0x51, 0x09, 0x51, 0x09, 0x51, 0x09, 0x51, 0x09, 0x51, 0x09
    .byte 0x51, 0x09, 0x51, 0x09, 0x51, 0x09, 0x51, 0x09, 0x51, 0x09, 0x51, 0x09, 0x51, 0x09, 0x51, 0x09, 0x51, 0x09, 0x51, 0x09, 0x51, 0x09, 0x51, 0x09, 0x51, 0x09, 0x51, 0x09, 0x51, 0x09, 0x51, 0x09
    .byte 0x51, 0x09, 0x51, 0x09, 0x51, 0x09, 0x51, 0x09, 0x51, 0x09, 0x51, 0x09, 0x51, 0x09, 0x51, 0x09, 0x51, 0x09, 0x51, 0x09, 0x51, 0x09, 0x51, 0x09, 0x51, 0x09, 0x51, 0x09, 0x51, 0x09, 0x51, 0x09
    .byte 0x51, 0x09, 0x51, 0x09, 0x51, 0x09, 0x51, 0x09, 0x51, 0x09, 0x51, 0x09, 0x51, 0x09, 0x51, 0x09, 0x51, 0x09, 0x51, 0x09, 0x51, 0x09, 0x51, 0x09, 0x51, 0x09, 0x51, 0x09, 0x51, 0x09, 0x51, 0x09
    .byte 0x51, 0x09, 0x51, 0x09, 0x51, 0x09, 0x51, 0x09, 0x51, 0x09, 0x51, 0x09, 0x51, 0x11, 0x51, 0x11, 0x11, 0x11, 0x11, 0x11, 0x51, 0x11, 0x11, 0x11, 0x11, 0x11, 0x11, 0x11, 0x51, 0x09, 0x11, 0x11
    .byte 0x51, 0x11, 0x51, 0x09, 0x11, 0x09, 0x11, 0x09, 0x11, 0x11, 0x11, 0x11, 0x11, 0x11, 0x11, 0x11, 0x51, 0x11, 0x11, 0x09, 0x11, 0x09, 0x51, 0x09, 0x51, 0x09, 0x51, 0x09, 0x51, 0x09, 0x51, 0x09
    .byte 0x51, 0x09, 0x51, 0x09, 0x51, 0x09, 0x51, 0x09, 0x51, 0x09, 0x51, 0x09, 0x51, 0x09, 0x51, 0x09, 0x51, 0x09, 0x51, 0x09, 0x51, 0x09, 0x51, 0x09, 0x51, 0x09, 0x51, 0x09, 0x51, 0x09, 0x51, 0x09
    .byte 0x51, 0x09, 0x51, 0x09, 0x51, 0x09, 0x51, 0x09, 0x51, 0x09, 0x51, 0x09, 0x51, 0x09, 0x51, 0x09, 0x51, 0x09, 0x51, 0x09, 0x51, 0x09, 0x51, 0x09, 0x51, 0x09, 0x51, 0x09, 0x51, 0x09, 0x51, 0x09
    .byte 0x51, 0x09, 0x51, 0x09, 0x51, 0x09, 0x51, 0x09, 0x51, 0x09, 0x51, 0x09, 0x51, 0x09, 0x51, 0x09, 0x51, 0x09, 0x51, 0x09, 0x51, 0x09, 0x51, 0x09, 0x51, 0x09, 0x51, 0x09, 0x51, 0x09, 0x51, 0x09
    .byte 0x51, 0x09, 0x51, 0x09, 0x51, 0x09, 0x51, 0x09, 0x51, 0x09, 0x51, 0x09, 0x51, 0x09, 0x51, 0x09, 0x51, 0x09, 0x51, 0x09, 0x51, 0x09, 0x08, 0x08, 0x08, 0x08, 0x08, 0x08, 0x08, 0x08, 0x08, 0x08
    .byte 0x09, 0x09, 0x09, 0x09, 0x09, 0x09, 0x09, 0x09, 0x09, 0x09, 0x09, 0x09, 0x09, 0x09, 0x09, 0x09, 0x09, 0x09, 0x09, 0x09, 0x09, 0x09, 0x09, 0x09, 0x09, 0x09, 0x09, 0x09, 0x09, 0x09, 0x09, 0x09
    .byte 0x09, 0x09, 0x09, 0x09, 0x09, 0x09, 0x09, 0x09, 0x09, 0x09, 0x09, 0x09, 0x09, 0x09, 0x09, 0x09, 0x09, 0x09, 0x09, 0x09, 0x09, 0x09, 0x09, 0x09, 0x09, 0x09, 0x09, 0x09, 0x09, 0x09, 0x09, 0x09
    .byte 0x09, 0x09, 0x09, 0x09, 0x09, 0x09, 0x09, 0x09, 0x09, 0x09, 0x09, 0x09, 0x09, 0x09, 0x09, 0x09, 0x09, 0x09, 0x09, 0x09, 0x09, 0x09, 0x09, 0x09, 0x09, 0x09, 0x09, 0x09, 0x09, 0x09, 0x09, 0x09
    .byte 0x09, 0x09, 0x09, 0x09, 0x09, 0x09, 0x09, 0x09, 0x09, 0x09, 0x09, 0x09, 0x09, 0x09, 0x09, 0x09, 0x09, 0x09, 0x09, 0x09, 0x09, 0x09, 0x09, 0x09, 0x09, 0x09, 0x09, 0x09, 0x09, 0x09, 0x09, 0x09
    .byte 0x09, 0x09, 0x09, 0x09, 0x09, 0x09, 0x09, 0x09, 0x09, 0x11, 0x11, 0x09, 0x09, 0x09, 0x11, 0x11, 0x11, 0x09, 0x11, 0x11, 0x09, 0x11, 0x11, 0x09, 0x11, 0x11, 0x09, 0x11, 0x11, 0x11, 0x09, 0x11
    .byte 0x11, 0x09, 0x11, 0x11, 0x11, 0x11, 0x11, 0x11, 0x11, 0x11, 0x11, 0x11, 0x11, 0x11, 0x11, 0x11, 0x11, 0x11, 0x09, 0x09, 0x09, 0x09, 0x09, 0x09, 0x09, 0x09, 0x09, 0x09, 0x09, 0x09, 0x09, 0x09
    .byte 0x09, 0x09, 0x09, 0x09, 0x09, 0x09, 0x09, 0x09, 0x09, 0x09, 0x09, 0x09, 0x09, 0x09, 0x09, 0x09, 0x09, 0x09, 0x09, 0x09, 0x09, 0x09, 0x09, 0x09, 0x09, 0x09, 0x09, 0x09, 0x09, 0x09, 0x09, 0x09
    .byte 0x09, 0x09, 0x09, 0x09, 0x09, 0x09, 0x09, 0x09, 0x09, 0x09, 0x09, 0x09, 0x09, 0x09, 0x09, 0x09, 0x09, 0x09, 0x09, 0x09, 0x09, 0x09, 0x09, 0x09, 0x09, 0x09, 0x09, 0x09, 0x09, 0x09, 0x09, 0x09
    .byte 0x09, 0x09, 0x09, 0x09, 0x09, 0x09, 0x09, 0x09, 0x09, 0x09, 0x09, 0x09, 0x09, 0x09, 0x09, 0x09, 0x09, 0x09, 0x09, 0x09, 0x09, 0x09, 0x09, 0x09, 0x09, 0x09, 0x09, 0x09, 0x09, 0x09, 0x09, 0x09
    .byte 0x09, 0x09, 0x09, 0x09, 0x09, 0x09, 0x09, 0x09, 0x09, 0x09, 0x09, 0x09, 0x09, 0x09, 0x09, 0x09, 0x09, 0x09, 0x09, 0x09, 0x09, 0x09, 0x08, 0x08, 0x08, 0x08, 0x08, 0x08, 0x08, 0x08, 0x08, 0x08
    .byte 0x09, 0x09, 0x51, 0x09, 0x51, 0x09, 0x51, 0x09, 0x51, 0x09, 0x51, 0x09, 0x51, 0x09, 0x51, 0x09, 0x51, 0x09, 0x51, 0x09, 0x51, 0x09, 0x51, 0x09, 0x51, 0x09, 0x51, 0x09, 0x51, 0x09, 0x51, 0x09
    .byte 0x51, 0x09, 0x51, 0x09, 0x51, 0x09, 0x51, 0x09, 0x51, 0x09, 0x51, 0x09, 0x51, 0x09, 0x51, 0x09, 0x51, 0x09, 0x51, 0x09, 0x51, 0x09, 0x51, 0x09, 0x51, 0x09, 0x51, 0x09, 0x51, 0x09, 0x51, 0x09
    .byte 0x51, 0x09, 0x51, 0x09, 0x51, 0x09, 0x51, 0x09, 0x51, 0x09, 0x51, 0x09, 0x51, 0x09, 0x51, 0x09, 0x51, 0x09, 0x51, 0x09, 0x51, 0x09, 0x51, 0x09, 0x51, 0x09, 0x51, 0x09, 0x51, 0x09, 0x51, 0x09
    .byte 0x51, 0x09, 0x51, 0x09, 0x51, 0x09, 0x51, 0x09, 0x51, 0x09, 0x51, 0x09, 0x51, 0x09, 0x51, 0x09, 0x51, 0x09, 0x51, 0x09, 0x51, 0x09, 0x51, 0x09, 0x51, 0x09, 0x51, 0x09, 0x51, 0x09, 0x51, 0x09
    .byte 0x51, 0x09, 0x51, 0x09, 0x51, 0x09, 0x51, 0x09, 0x51, 0x09, 0x51, 0x09, 0x51, 0x11, 0x51, 0x11, 0x51, 0x11, 0x51, 0x11, 0x11, 0x11, 0x51, 0x11, 0x11, 0x11, 0x11, 0x11, 0x11, 0x11, 0x11, 0x11
    .byte 0x11, 0x11, 0x11, 0x09, 0x11, 0x11, 0x51, 0x09, 0x11, 0x11, 0x11, 0x11, 0x11, 0x11, 0x51, 0x09, 0x11, 0x09, 0x51, 0x09, 0x51, 0x09, 0x51, 0x09, 0x51, 0x09, 0x51, 0x09, 0x51, 0x09, 0x51, 0x09
    .byte 0x51, 0x09, 0x51, 0x09, 0x51, 0x09, 0x51, 0x09, 0x51, 0x09, 0x51, 0x09, 0x51, 0x09, 0x51, 0x09, 0x51, 0x09, 0x51, 0x09, 0x51, 0x09, 0x51, 0x09, 0x51, 0x09, 0x51, 0x09, 0x51, 0x09, 0x51, 0x09
    .byte 0x51, 0x09, 0x51, 0x09, 0x51, 0x09, 0x51, 0x09, 0x51, 0x09, 0x51, 0x09, 0x51, 0x09, 0x51, 0x09, 0x51, 0x09, 0x51, 0x09, 0x51, 0x09, 0x51, 0x09, 0x51, 0x09, 0x51, 0x09, 0x51, 0x09, 0x51, 0x09
    .byte 0x51, 0x09, 0x51, 0x09, 0x51, 0x09, 0x51, 0x09, 0x51, 0x09, 0x51, 0x09, 0x51, 0x09, 0x51, 0x09, 0x51, 0x09, 0x51, 0x09, 0x51, 0x09, 0x51, 0x09, 0x51, 0x09, 0x51, 0x09, 0x51, 0x09, 0x51, 0x09
    .byte 0x51, 0x09, 0x51, 0x09, 0x51, 0x09, 0x51, 0x09, 0x51, 0x09, 0x51, 0x09, 0x51, 0x09, 0x51, 0x09, 0x51, 0x09, 0x51, 0x09, 0x51, 0x09, 0x08, 0x08, 0x08, 0x08, 0x08, 0x08, 0x08, 0x08, 0x08, 0x08
    .byte 0x09, 0x09, 0x09, 0x09, 0x09, 0x09, 0x09, 0x09, 0x09, 0x09, 0x09, 0x09, 0x09, 0x09, 0x09, 0x09, 0x09, 0x09, 0x09, 0x09, 0x09, 0x09, 0x09, 0x09, 0x09, 0x09, 0x09, 0x09, 0x09, 0x09, 0x09, 0x09
    .byte 0x09, 0x09, 0x09, 0x09, 0x09, 0x09, 0x09, 0x09, 0x09, 0x09, 0x09, 0x09, 0x09, 0x09, 0x09, 0x09, 0x09, 0x09, 0x09, 0x09, 0x09, 0x09, 0x09, 0x09, 0x09, 0x09, 0x09, 0x09, 0x09, 0x09, 0x09, 0x09
    .byte 0x09, 0x09, 0x09, 0x09, 0x09, 0x09, 0x09, 0x09, 0x09, 0x09, 0x09, 0x09, 0x09, 0x09, 0x09, 0x09, 0x09, 0x09, 0x09, 0x09, 0x09, 0x09, 0x09, 0x09, 0x09, 0x09, 0x09, 0x09, 0x09, 0x09, 0x09, 0x09
    .byte 0x09, 0x09, 0x09, 0x09, 0x09, 0x09, 0x09, 0x09, 0x09, 0x09, 0x09, 0x09, 0x09, 0x09, 0x09, 0x09, 0x09, 0x09, 0x09, 0x09, 0x09, 0x09, 0x09, 0x09, 0x09, 0x09, 0x09, 0x09, 0x09, 0x09, 0x09, 0x09
    .byte 0x09, 0x09, 0x09, 0x09, 0x09, 0x09, 0x09, 0x09, 0x09, 0x09, 0x09, 0x09, 0x11, 0x09, 0x11, 0x11, 0x11, 0x09, 0x11, 0x11, 0x11, 0x09, 0x11, 0x09, 0x11, 0x11, 0x11, 0x11, 0x09, 0x11, 0x11, 0x11
    .byte 0x11, 0x11, 0x11, 0x11, 0x11, 0x09, 0x11, 0x11, 0x11, 0x11, 0x11, 0x09, 0x11, 0x11, 0x09, 0x09, 0x09, 0x11, 0x11, 0x09, 0x09, 0x09, 0x09, 0x09, 0x09, 0x09, 0x09, 0x09, 0x09, 0x09, 0x09, 0x09
    .byte 0x09, 0x09, 0x09, 0x09, 0x09, 0x09, 0x09, 0x09, 0x09, 0x09, 0x09, 0x09, 0x09, 0x09, 0x09, 0x09, 0x09, 0x09, 0x09, 0x09, 0x09, 0x09, 0x09, 0x09, 0x09, 0x09, 0x09, 0x09, 0x09, 0x09, 0x09, 0x09
    .byte 0x09, 0x09, 0x09, 0x09, 0x09, 0x09, 0x09, 0x09, 0x09, 0x09, 0x09, 0x09, 0x09, 0x09, 0x09, 0x09, 0x09, 0x09, 0x09, 0x09, 0x09, 0x09, 0x09, 0x09, 0x09, 0x09, 0x09, 0x09, 0x09, 0x09, 0x09, 0x09
    .byte 0x09, 0x09, 0x09, 0x09, 0x09, 0x09, 0x09, 0x09, 0x09, 0x09, 0x09, 0x09, 0x09, 0x09, 0x09, 0x09, 0x09, 0x09, 0x09, 0x09, 0x09, 0x09, 0x09, 0x09, 0x09, 0x09, 0x09, 0x09, 0x09, 0x09, 0x09, 0x09
    .byte 0x09, 0x09, 0x09, 0x09, 0x09, 0x09, 0x09, 0x09, 0x09, 0x09, 0x09, 0x09, 0x09, 0x09, 0x09, 0x09, 0x09, 0x09, 0x09, 0x09, 0x09, 0x09, 0x09, 0x09, 0x09, 0x09, 0x09, 0x09, 0x09, 0x09, 0x09, 0x09
    .byte 0x09, 0x09, 0x51, 0x09, 0x51, 0x09, 0x51, 0x09, 0x51, 0x09, 0x51, 0x09, 0x51, 0x09, 0x51, 0x09, 0x51, 0x09, 0x51, 0x09, 0x51, 0x09, 0x51, 0x09, 0x51, 0x09, 0x51, 0x09, 0x51, 0x09, 0x51, 0x09
    .byte 0x51, 0x09, 0x51, 0x09, 0x51, 0x09, 0x51, 0x09, 0x51, 0x09, 0x51, 0x09, 0x51, 0x09, 0x51, 0x09, 0x51, 0x09, 0x51, 0x09, 0x51, 0x09, 0x51, 0x09, 0x51, 0x09, 0x51, 0x09, 0x51, 0x09, 0x51, 0x09
    .byte 0x51, 0x09, 0x51, 0x09, 0x51, 0x09, 0x51, 0x09, 0x51, 0x09, 0x51, 0x09, 0x51, 0x09, 0x51, 0x09, 0x51, 0x09, 0x51, 0x09, 0x51, 0x09, 0x51, 0x09, 0x51, 0x09, 0x51, 0x09, 0x51, 0x09, 0x51, 0x09
    .byte 0x51, 0x09, 0x51, 0x09, 0x51, 0x09, 0x51, 0x09, 0x51, 0x09, 0x51, 0x09, 0x51, 0x09, 0x51, 0x09, 0x51, 0x09, 0x51, 0x09, 0x51, 0x09, 0x51, 0x09, 0x51, 0x09, 0x51, 0x09, 0x51, 0x09, 0x51, 0x09
    .byte 0x51, 0x09, 0x51, 0x09, 0x51, 0x09, 0x51, 0x09, 0x51, 0x09, 0x51, 0x09, 0x51, 0x09, 0x51, 0x11, 0x11, 0x11, 0x11, 0x11, 0x11, 0x11, 0x51, 0x09, 0x11, 0x11, 0x11, 0x11, 0x51, 0x11, 0x11, 0x11
    .byte 0x11, 0x09, 0x11, 0x11, 0x11, 0x11, 0x51, 0x09, 0x11, 0x11, 0x51, 0x11, 0x11, 0x11, 0x11, 0x11, 0x51, 0x11, 0x51, 0x09, 0x51, 0x09, 0x51, 0x09, 0x51, 0x09, 0x51, 0x09, 0x51, 0x09, 0x51, 0x09
    .byte 0x51, 0x09, 0x51, 0x09, 0x51, 0x09, 0x51, 0x09, 0x51, 0x09, 0x51, 0x09, 0x51, 0x09, 0x51, 0x09, 0x51, 0x09, 0x51, 0x09, 0x51, 0x09, 0x51, 0x09, 0x51, 0x09, 0x51, 0x09, 0x51, 0x09, 0x51, 0x09
    .byte 0x51, 0x09, 0x51, 0x09, 0x51, 0x09, 0x51, 0x09, 0x51, 0x09, 0x51, 0x09, 0x51, 0x09, 0x51, 0x09, 0x51, 0x09, 0x51, 0x09, 0x51, 0x09, 0x51, 0x09, 0x51, 0x09, 0x51, 0x09, 0x51, 0x09, 0x51, 0x09
    .byte 0x51, 0x09, 0x51, 0x09, 0x51, 0x09, 0x51, 0x09, 0x51, 0x09, 0x51, 0x09, 0x51, 0x09, 0x51, 0x09, 0x51, 0x09, 0x51, 0x09, 0x51, 0x09, 0x51, 0x09, 0x51, 0x09, 0x51, 0x09, 0x51, 0x09, 0x51, 0x09
    .byte 0x51, 0x09, 0x51, 0x09, 0x51, 0x09, 0x51, 0x09, 0x51, 0x09, 0x51, 0x09, 0x51, 0x09, 0x51, 0x09, 0x51, 0x09, 0x51, 0x09, 0x51, 0x09, 0x09, 0x09, 0x09, 0x09, 0x09, 0x09, 0x09, 0x09, 0x09, 0x09
    .byte 0x09, 0x09, 0x09, 0x09, 0x09, 0x09, 0x09, 0x09, 0x09, 0x09, 0x09, 0x09, 0x09, 0x09, 0x09, 0x09, 0x09, 0x09, 0x09, 0x09, 0x09, 0x09, 0x09, 0x09, 0x09, 0x09, 0x09, 0x09, 0x09, 0x09, 0x09, 0x09
    .byte 0x09, 0x09, 0x09, 0x09, 0x09, 0x09, 0x09, 0x09, 0x09, 0x09, 0x09, 0x09, 0x09, 0x09, 0x09, 0x09, 0x09, 0x09, 0x09, 0x09, 0x09, 0x09, 0x09, 0x09, 0x09, 0x09, 0x09, 0x09, 0x09, 0x09, 0x09, 0x09
    .byte 0x09, 0x09, 0x09, 0x09, 0x09, 0x09, 0x09, 0x09, 0x09, 0x09, 0x09, 0x09, 0x09, 0x09, 0x09, 0x09, 0x09, 0x09, 0x09, 0x09, 0x09, 0x09, 0x09, 0x09, 0x09, 0x09, 0x09, 0x09, 0x09, 0x09, 0x09, 0x09
    .byte 0x09, 0x09, 0x09, 0x09, 0x09, 0x09, 0x09, 0x09, 0x09, 0x09, 0x09, 0x09, 0x09, 0x09, 0x09, 0x09, 0x09, 0x09, 0x09, 0x09, 0x09, 0x09, 0x09, 0x09, 0x09, 0x09, 0x09, 0x09, 0x09, 0x09, 0x09, 0x09
    .byte 0x09, 0x09, 0x09, 0x09, 0x09, 0x09, 0x09, 0x09, 0x09, 0x09, 0x09, 0x09, 0x09, 0x09, 0x09, 0x09, 0x11, 0x09, 0x11, 0x09, 0x09, 0x11, 0x11, 0x11, 0x11, 0x09, 0x09, 0x11, 0x11, 0x11, 0x09, 0x09
    .byte 0x11, 0x09, 0x11, 0x11, 0x11, 0x09, 0x11, 0x09, 0x09, 0x09, 0x11, 0x11, 0x09, 0x09, 0x11, 0x09, 0x09, 0x09, 0x09, 0x09, 0x09, 0x09, 0x09, 0x09, 0x09, 0x09, 0x09, 0x09, 0x09, 0x09, 0x09, 0x09
    .byte 0x09, 0x09, 0x09, 0x09, 0x09, 0x09, 0x09, 0x09, 0x09, 0x09, 0x09, 0x09, 0x09, 0x09, 0x09, 0x09, 0x09, 0x09, 0x09, 0x09, 0x09, 0x09, 0x09, 0x09, 0x09, 0x09, 0x09, 0x09, 0x09, 0x09, 0x09, 0x09
    .byte 0x09, 0x09, 0x09, 0x09, 0x09, 0x09, 0x09, 0x09, 0x09, 0x09, 0x09, 0x09, 0x09, 0x09, 0x09, 0x09, 0x09, 0x09, 0x09, 0x09, 0x09, 0x09, 0x09, 0x09, 0x09, 0x09, 0x09, 0x09, 0x09, 0x09, 0x09, 0x09
    .byte 0x09, 0x09, 0x09, 0x09, 0x09, 0x09, 0x09, 0x09, 0x09, 0x09, 0x09, 0x09, 0x09, 0x09, 0x09, 0x09, 0x09, 0x09, 0x09, 0x09, 0x09, 0x09, 0x09, 0x09, 0x09, 0x09, 0x09, 0x09, 0x09, 0x09, 0x09, 0x09
    .byte 0x09, 0x09, 0x09, 0x09, 0x09, 0x09, 0x09, 0x09, 0x09, 0x09, 0x09, 0x09, 0x09, 0x09, 0x09, 0x09, 0x09, 0x09, 0x09, 0x09, 0x09, 0x09, 0x09, 0x09, 0x09, 0x09, 0x09, 0x09, 0x09, 0x09, 0x09, 0x09
    .byte 0x09, 0x09, 0x51, 0x09, 0x51, 0x09, 0x51, 0x09, 0x51, 0x09, 0x51, 0x09, 0x51, 0x09, 0x51, 0x09, 0x51, 0x09, 0x51, 0x09, 0x51, 0x09, 0x51, 0x09, 0x51, 0x09, 0x51, 0x09, 0x51, 0x09, 0x51, 0x09
    .byte 0x51, 0x09, 0x51, 0x09, 0x51, 0x09, 0x51, 0x09, 0x51, 0x09, 0x51, 0x09, 0x51, 0x09, 0x51, 0x09, 0x51, 0x09, 0x51, 0x09, 0x51, 0x09, 0x51, 0x09, 0x51, 0x09, 0x51, 0x09, 0x51, 0x09, 0x51, 0x09
    .byte 0x51, 0x09, 0x51, 0x09, 0x51, 0x09, 0x51, 0x09, 0x51, 0x09, 0x51, 0x09, 0x51, 0x09, 0x51, 0x09, 0x51, 0x09, 0x51, 0x09, 0x51, 0x09, 0x51, 0x09, 0x51, 0x09, 0x51, 0x09, 0x51, 0x09, 0x51, 0x09
    .byte 0x51, 0x09, 0x51, 0x09, 0x51, 0x09, 0x51, 0x09, 0x51, 0x09, 0x51, 0x09, 0x51, 0x09, 0x51, 0x09, 0x51, 0x09, 0x51, 0x09, 0x51, 0x09, 0x51, 0x09, 0x51, 0x09, 0x51, 0x09, 0x51, 0x09, 0x51, 0x09
    .byte 0x51, 0x09, 0x51, 0x09, 0x51, 0x09, 0x51, 0x09, 0x51, 0x09, 0x51, 0x09, 0x51, 0x09, 0x51, 0x09, 0x51, 0x09, 0x51, 0x09, 0x51, 0x09, 0x51, 0x11, 0x51, 0x09, 0x51, 0x09, 0x51, 0x11, 0x11, 0x09
    .byte 0x51, 0x11, 0x51, 0x09, 0x11, 0x11, 0x51, 0x09, 0x51, 0x09, 0x51, 0x09, 0x11, 0x11, 0x11, 0x11, 0x51, 0x09, 0x51, 0x09, 0x51, 0x09, 0x51, 0x09, 0x51, 0x09, 0x51, 0x09, 0x51, 0x09, 0x51, 0x09
    .byte 0x51, 0x09, 0x51, 0x09, 0x51, 0x09, 0x51, 0x09, 0x51, 0x09, 0x51, 0x09, 0x51, 0x09, 0x51, 0x09, 0x51, 0x09, 0x51, 0x09, 0x51, 0x09, 0x51, 0x09, 0x51, 0x09, 0x51, 0x09, 0x51, 0x09, 0x51, 0x09
    .byte 0x51, 0x09, 0x51, 0x09, 0x51, 0x09, 0x51, 0x09, 0x51, 0x09, 0x51, 0x09, 0x51, 0x09, 0x51, 0x09, 0x51, 0x09, 0x51, 0x09, 0x51, 0x09, 0x51, 0x09, 0x51, 0x09, 0x51, 0x09, 0x51, 0x09, 0x51, 0x09
    .byte 0x51, 0x09, 0x51, 0x09, 0x51, 0x09, 0x51, 0x09, 0x51, 0x09, 0x51, 0x09, 0x51, 0x09, 0x51, 0x09, 0x51, 0x09, 0x51, 0x09, 0x51, 0x09, 0x51, 0x09, 0x51, 0x09, 0x51, 0x09, 0x51, 0x09, 0x51, 0x09
    .byte 0x51, 0x09, 0x51, 0x09, 0x51, 0x09, 0x51, 0x09, 0x51, 0x09, 0x51, 0x09, 0x51, 0x09, 0x51, 0x09, 0x51, 0x09, 0x51, 0x09, 0x51, 0x09, 0x09, 0x09, 0x09, 0x09, 0x09, 0x09, 0x09, 0x09, 0x09, 0x09
    .byte 0x09, 0x09, 0x09, 0x09, 0x09, 0x09, 0x09, 0x09, 0x09, 0x09, 0x09, 0x09, 0x09, 0x09, 0x09, 0x09, 0x09, 0x09, 0x09, 0x09, 0x09, 0x09, 0x09, 0x09, 0x09, 0x09, 0x09, 0x09, 0x09, 0x09, 0x09, 0x09
    .byte 0x09, 0x09, 0x09, 0x09, 0x09, 0x09, 0x09, 0x09, 0x09, 0x09, 0x09, 0x09, 0x09, 0x09, 0x09, 0x09, 0x09, 0x09, 0x09, 0x09, 0x09, 0x09, 0x09, 0x09, 0x09, 0x09, 0x09, 0x09, 0x09, 0x09, 0x09, 0x09
    .byte 0x09, 0x09, 0x09, 0x09, 0x09, 0x09, 0x09, 0x09, 0x09, 0x09, 0x09, 0x09, 0x09, 0x09, 0x09, 0x09, 0x09, 0x09, 0x09, 0x09, 0x09, 0x09, 0x09, 0x09, 0x09, 0x09, 0x09, 0x09, 0x09, 0x09, 0x09, 0x09
    .byte 0x09, 0x09, 0x09, 0x09, 0x09, 0x09, 0x09, 0x09, 0x09, 0x09, 0x09, 0x09, 0x09, 0x09, 0x09, 0x09, 0x09, 0x09, 0x09, 0x09, 0x09, 0x09, 0x09, 0x09, 0x09, 0x09, 0x09, 0x09, 0x09, 0x09, 0x09, 0x09
    .byte 0x09, 0x09, 0x09, 0x09, 0x09, 0x09, 0x09, 0x09, 0x09, 0x09, 0x09, 0x09, 0x09, 0x09, 0x09, 0x11, 0x11, 0x09, 0x09, 0x09, 0x09, 0x09, 0x09, 0x11, 0x11, 0x09, 0x09, 0x09, 0x09, 0x09, 0x09, 0x11
    .byte 0x09, 0x09, 0x09, 0x09, 0x09, 0x09, 0x09, 0x11, 0x09, 0x09, 0x09, 0x09, 0x09, 0x09, 0x09, 0x09, 0x09, 0x09, 0x09, 0x09, 0x09, 0x09, 0x09, 0x09, 0x09, 0x09, 0x09, 0x09, 0x09, 0x09, 0x09, 0x09
    .byte 0x09, 0x09, 0x09, 0x09, 0x09, 0x09, 0x09, 0x09, 0x09, 0x09, 0x09, 0x09, 0x09, 0x09, 0x09, 0x09, 0x09, 0x09, 0x09, 0x09, 0x09, 0x09, 0x09, 0x09, 0x09, 0x09, 0x09, 0x09, 0x09, 0x09, 0x09, 0x09
    .byte 0x09, 0x09, 0x09, 0x09, 0x09, 0x09, 0x09, 0x09, 0x09, 0x09, 0x09, 0x09, 0x09, 0x09, 0x09, 0x09, 0x09, 0x09, 0x09, 0x09, 0x09, 0x09, 0x09, 0x09, 0x09, 0x09, 0x09, 0x09, 0x09, 0x09, 0x09, 0x09
    .byte 0x09, 0x09, 0x09, 0x09, 0x09, 0x09, 0x09, 0x09, 0x09, 0x09, 0x09, 0x09, 0x09, 0x09, 0x09, 0x09, 0x09, 0x09, 0x09, 0x09, 0x09, 0x09, 0x09, 0x09, 0x09, 0x09, 0x09, 0x09, 0x09, 0x09, 0x09, 0x09
    .byte 0x09, 0x09, 0x09, 0x09, 0x09, 0x09, 0x09, 0x09, 0x09, 0x09, 0x09, 0x09, 0x09, 0x09, 0x09, 0x09, 0x09, 0x09, 0x09, 0x09, 0x09, 0x09, 0x09, 0x09, 0x09, 0x09, 0x09, 0x09, 0x09, 0x09, 0x09, 0x09
    .byte 0x09, 0x09, 0x51, 0x09, 0x51, 0x09, 0x51, 0x09, 0x51, 0x09, 0x51, 0x09, 0x51, 0x09, 0x51, 0x09, 0x51, 0x09, 0x51, 0x09, 0x51, 0x09, 0x51, 0x09, 0x51, 0x09, 0x51, 0x09, 0x51, 0x09, 0x51, 0x09
    .byte 0x51, 0x09, 0x51, 0x09, 0x51, 0x09, 0x51, 0x09, 0x51, 0x09, 0x51, 0x09, 0x51, 0x09, 0x51, 0x09, 0x51, 0x09, 0x51, 0x09, 0x51, 0x09, 0x51, 0x09, 0x51, 0x09, 0x51, 0x09, 0x51, 0x09, 0x51, 0x09
    .byte 0x51, 0x09, 0x51, 0x09, 0x51, 0x09, 0x51, 0x09, 0x51, 0x09, 0x51, 0x09, 0x51, 0x09, 0x51, 0x09, 0x51, 0x09, 0x51, 0x09, 0x51, 0x09, 0x51, 0x09, 0x51, 0x09, 0x51, 0x09, 0x51, 0x09, 0x51, 0x09
    .byte 0x51, 0x09, 0x51, 0x09, 0x51, 0x09, 0x51, 0x09, 0x51, 0x09, 0x51, 0x09, 0x51, 0x09, 0x51, 0x09, 0x51, 0x09, 0x51, 0x09, 0x51, 0x09, 0x51, 0x09, 0x51, 0x09, 0x51, 0x09, 0x51, 0x09, 0x51, 0x09
    .byte 0x51, 0x09, 0x51, 0x09, 0x51, 0x09, 0x51, 0x09, 0x51, 0x09, 0x51, 0x09, 0x51, 0x09, 0x51, 0x09, 0x51, 0x09, 0x51, 0x09, 0x51, 0x09, 0x51, 0x11, 0x51, 0x09, 0x51, 0x09, 0x51, 0x09, 0x51, 0x09
    .byte 0x51, 0x09, 0x51, 0x09, 0x51, 0x09, 0x51, 0x09, 0x11, 0x11, 0x51, 0x09, 0x51, 0x09, 0x51, 0x09, 0x51, 0x09, 0x51, 0x09, 0x51, 0x09, 0x51, 0x09, 0x51, 0x09, 0x51, 0x09, 0x51, 0x09, 0x51, 0x09
    .byte 0x51, 0x09, 0x51, 0x09, 0x51, 0x09, 0x51, 0x09, 0x51, 0x09, 0x51, 0x09, 0x51, 0x09, 0x51, 0x09, 0x51, 0x09, 0x51, 0x09, 0x51, 0x09, 0x51, 0x09, 0x51, 0x09, 0x51, 0x09, 0x51, 0x09, 0x51, 0x09
    .byte 0x51, 0x09, 0x51, 0x09, 0x51, 0x09, 0x51, 0x09, 0x51, 0x09, 0x51, 0x09, 0x51, 0x09, 0x51, 0x09, 0x51, 0x09, 0x51, 0x09, 0x51, 0x09, 0x51, 0x09, 0x51, 0x09, 0x51, 0x09, 0x51, 0x09, 0x51, 0x09
    .byte 0x51, 0x09, 0x51, 0x09, 0x51, 0x09, 0x51, 0x09, 0x51, 0x09, 0x51, 0x09, 0x51, 0x09, 0x51, 0x09, 0x51, 0x09, 0x51, 0x09, 0x51, 0x09, 0x51, 0x09, 0x51, 0x09, 0x51, 0x09, 0x51, 0x09, 0x51, 0x09
    .byte 0x51, 0x09, 0x51, 0x09, 0x51, 0x09, 0x51, 0x09, 0x51, 0x09, 0x51, 0x09, 0x51, 0x09, 0x51, 0x09, 0x51, 0x09, 0x51, 0x09, 0x51, 0x09, 0x09, 0x09, 0x09, 0x09, 0x09, 0x09, 0x09, 0x09, 0x09, 0x09
    .byte 0x09, 0x09, 0x09, 0x09, 0x09, 0x09, 0x09, 0x09, 0x09, 0x09, 0x09, 0x09, 0x09, 0x09, 0x09, 0x09, 0x09, 0x09, 0x09, 0x09, 0x09, 0x09, 0x09, 0x09, 0x09, 0x09, 0x09, 0x09, 0x09, 0x09, 0x09, 0x09
    .byte 0x09, 0x09, 0x09, 0x09, 0x09, 0x09, 0x09, 0x09, 0x09, 0x09, 0x09, 0x09, 0x09, 0x09, 0x09, 0x09, 0x09, 0x09, 0x09, 0x09, 0x09, 0x09, 0x09, 0x09, 0x09, 0x09, 0x09, 0x09, 0x09, 0x09, 0x09, 0x09
    .byte 0x09, 0x09, 0x09, 0x09, 0x09, 0x09, 0x09, 0x09, 0x09, 0x09, 0x09, 0x09, 0x09, 0x09, 0x09, 0x09, 0x09, 0x09, 0x09, 0x09, 0x09, 0x09, 0x09, 0x09, 0x09, 0x09, 0x09, 0x09, 0x09, 0x09, 0x09, 0x09
    .byte 0x09, 0x09, 0x09, 0x09, 0x09, 0x09, 0x09, 0x09, 0x09, 0x09, 0x09, 0x09, 0x09, 0x09, 0x09, 0x09, 0x09, 0x09, 0x09, 0x09, 0x09, 0x09, 0x09, 0x09, 0x09, 0x09, 0x09, 0x09, 0x09, 0x09, 0x09, 0x09
    .byte 0x09, 0x09, 0x09, 0x09, 0x09, 0x09, 0x09, 0x09, 0x09, 0x09, 0x09, 0x09, 0x09, 0x09, 0x09, 0x09, 0x09, 0x09, 0x09, 0x09, 0x09, 0x09, 0x09, 0x09, 0x09, 0x09, 0x09, 0x09, 0x09, 0x09, 0x09, 0x09
    .byte 0x09, 0x09, 0x09, 0x09, 0x09, 0x09, 0x09, 0x09, 0x09, 0x09, 0x09, 0x09, 0x09, 0x09, 0x09, 0x09, 0x09, 0x09, 0x09, 0x09, 0x09, 0x09, 0x09, 0x09, 0x09, 0x09, 0x09, 0x09, 0x09, 0x09, 0x09, 0x09
    .byte 0x09, 0x09, 0x09, 0x09, 0x09, 0x09, 0x09, 0x09, 0x09, 0x09, 0x09, 0x09, 0x09, 0x09, 0x09, 0x09, 0x09, 0x09, 0x09, 0x09, 0x09, 0x09, 0x09, 0x09, 0x09, 0x09, 0x09, 0x09, 0x09, 0x09, 0x09, 0x09
    .byte 0x09, 0x09, 0x09, 0x09, 0x09, 0x09, 0x09, 0x09, 0x09, 0x09, 0x09, 0x09, 0x09, 0x09, 0x09, 0x09, 0x09, 0x09, 0x09, 0x09, 0x09, 0x09, 0x09, 0x09, 0x09, 0x09, 0x09, 0x09, 0x09, 0x09, 0x09, 0x09
    .byte 0x09, 0x09, 0x09, 0x09, 0x09, 0x09, 0x09, 0x09, 0x09, 0x09, 0x09, 0x09, 0x09, 0x09, 0x09, 0x09, 0x09, 0x09, 0x09, 0x09, 0x09, 0x09, 0x09, 0x09, 0x09, 0x09, 0x09, 0x09, 0x09, 0x09, 0x09, 0x09
    .byte 0x09, 0x09, 0x09, 0x09, 0x09, 0x09, 0x09, 0x09, 0x09, 0x09, 0x09, 0x09, 0x09, 0x09, 0x09, 0x09, 0x09, 0x09, 0x09, 0x09, 0x09, 0x09, 0x09, 0x09, 0x09, 0x09, 0x09, 0x09, 0x09, 0x09, 0x09, 0x09
    .byte 0x09, 0x09, 0x51, 0x09, 0x51, 0x09, 0x51, 0x09, 0x51, 0x09, 0x51, 0x09, 0x51, 0x09, 0x51, 0x09, 0x51, 0x09, 0x51, 0x09, 0x51, 0x09, 0x51, 0x09, 0x51, 0x09, 0x51, 0x09, 0x51, 0x09, 0x51, 0x09
    .byte 0x51, 0x09, 0x51, 0x09, 0x51, 0x09, 0x51, 0x09, 0x51, 0x09, 0x51, 0x09, 0x51, 0x09, 0x51, 0x09, 0x51, 0x09, 0x51, 0x09, 0x51, 0x09, 0x51, 0x09, 0x51, 0x09, 0x51, 0x09, 0x51, 0x09, 0x51, 0x09
    .byte 0x51, 0x09, 0x51, 0x09, 0x51, 0x09, 0x51, 0x09, 0x51, 0x09, 0x51, 0x09, 0x51, 0x09, 0x51, 0x09, 0x51, 0x09, 0x51, 0x09, 0x51, 0x09, 0x51, 0x09, 0x51, 0x09, 0x51, 0x09, 0x51, 0x09, 0x51, 0x09
    .byte 0x51, 0x09, 0x51, 0x09, 0x51, 0x09, 0x51, 0x09, 0x51, 0x09, 0x51, 0x09, 0x51, 0x09, 0x51, 0x09, 0x51, 0x09, 0x51, 0x09, 0x51, 0x09, 0x51, 0x09, 0x51, 0x09, 0x51, 0x09, 0x51, 0x09, 0x51, 0x09
    .byte 0x51, 0x09, 0x51, 0x09, 0x51, 0x09, 0x51, 0x09, 0x51, 0x09, 0x51, 0x09, 0x51, 0x09, 0x51, 0x09, 0x51, 0x09, 0x51, 0x09, 0x51, 0x09, 0x51, 0x09, 0x51, 0x09, 0x51, 0x09, 0x51, 0x09, 0x51, 0x09
    .byte 0x51, 0x09, 0x51, 0x09, 0x51, 0x09, 0x51, 0x09, 0x51, 0x09, 0x51, 0x09, 0x51, 0x09, 0x51, 0x09, 0x51, 0x09, 0x51, 0x09, 0x51, 0x09, 0x51, 0x09, 0x51, 0x09, 0x51, 0x09, 0x51, 0x09, 0x51, 0x09
    .byte 0x51, 0x09, 0x51, 0x09, 0x51, 0x09, 0x51, 0x09, 0x51, 0x09, 0x51, 0x09, 0x51, 0x09, 0x51, 0x09, 0x51, 0x09, 0x51, 0x09, 0x51, 0x09, 0x51, 0x09, 0x51, 0x09, 0x51, 0x09, 0x51, 0x09, 0x51, 0x09
    .byte 0x51, 0x09, 0x51, 0x09, 0x51, 0x09, 0x51, 0x09, 0x51, 0x09, 0x51, 0x09, 0x51, 0x09, 0x51, 0x09, 0x51, 0x09, 0x51, 0x09, 0x51, 0x09, 0x51, 0x09, 0x51, 0x09, 0x51, 0x09, 0x51, 0x09, 0x51, 0x09
    .byte 0x51, 0x09, 0x51, 0x09, 0x51, 0x09, 0x51, 0x09, 0x51, 0x09, 0x51, 0x09, 0x51, 0x09, 0x51, 0x09, 0x51, 0x09, 0x51, 0x09, 0x51, 0x09, 0x51, 0x09, 0x51, 0x09, 0x51, 0x09, 0x51, 0x09, 0x51, 0x09
    .byte 0x51, 0x09, 0x51, 0x09, 0x51, 0x09, 0x51, 0x09, 0x51, 0x09, 0x51, 0x09, 0x51, 0x09, 0x51, 0x09, 0x51, 0x09, 0x51, 0x09, 0x51, 0x09, 0x09, 0x09, 0x09, 0x09, 0x09, 0x09, 0x09, 0x09, 0x09, 0x09
    .byte 0x09, 0x09, 0x09, 0x09, 0x09, 0x09, 0x09, 0x09, 0x09, 0x09, 0x09, 0x09, 0x09, 0x09, 0x09, 0x09, 0x09, 0x09, 0x09, 0x09, 0x09, 0x09, 0x09, 0x09, 0x09, 0x09, 0x09, 0x09, 0x09, 0x09, 0x09, 0x09
    .byte 0x09, 0x09, 0x09, 0x09, 0x09, 0x09, 0x09, 0x09, 0x09, 0x09, 0x09, 0x09, 0x09, 0x09, 0x09, 0x09, 0x09, 0x09, 0x09, 0x09, 0x09, 0x09, 0x09, 0x09, 0x09, 0x09, 0x09, 0x09, 0x09, 0x09, 0x09, 0x09
    .byte 0x09, 0x09, 0x09, 0x09, 0x09, 0x09, 0x09, 0x09, 0x09, 0x09, 0x09, 0x09, 0x09, 0x09, 0x09, 0x09, 0x09, 0x09, 0x09, 0x09, 0x09, 0x09, 0x09, 0x09, 0x09, 0x09, 0x09, 0x09, 0x09, 0x09, 0x09, 0x09
    .byte 0x09, 0x09, 0x09, 0x09, 0x09, 0x09, 0x09, 0x09, 0x09, 0x09, 0x09, 0x09, 0x09, 0x09, 0x09, 0x09, 0x09, 0x09, 0x09, 0x09, 0x09, 0x09, 0x09, 0x09, 0x09, 0x09, 0x09, 0x09, 0x09, 0x09, 0x09, 0x09
    .byte 0x09, 0x09, 0x09, 0x09, 0x09, 0x09, 0x09, 0x09, 0x09, 0x09, 0x09, 0x09, 0x09, 0x09, 0x09, 0x09, 0x09, 0x09, 0x09, 0x09, 0x09, 0x09, 0x09, 0x09, 0x09, 0x09, 0x09, 0x09, 0x09, 0x09, 0x09, 0x09
    .byte 0x09, 0x09, 0x09, 0x09, 0x09, 0x09, 0x09, 0x09, 0x09, 0x09, 0x09, 0x09, 0x09, 0x09, 0x09, 0x09, 0x09, 0x09, 0x09, 0x09, 0x09, 0x09, 0x09, 0x09, 0x09, 0x09, 0x09, 0x09, 0x09, 0x09, 0x09, 0x09
    .byte 0x09, 0x09, 0x09, 0x09, 0x09, 0x09, 0x09, 0x09, 0x09, 0x09, 0x09, 0x09, 0x09, 0x09, 0x09, 0x09, 0x09, 0x09, 0x09, 0x09, 0x09, 0x09, 0x09, 0x09, 0x09, 0x09, 0x09, 0x09, 0x09, 0x09, 0x09, 0x09
    .byte 0x09, 0x09, 0x09, 0x09, 0x09, 0x09, 0x09, 0x09, 0x09, 0x09, 0x09, 0x09, 0x09, 0x09, 0x09, 0x09, 0x09, 0x09, 0x09, 0x09, 0x09, 0x09, 0x09, 0x09, 0x09, 0x09, 0x09, 0x09, 0x09, 0x09, 0x09, 0x09
    .byte 0x09, 0x09, 0x09, 0x09, 0x09, 0x09, 0x09, 0x09, 0x09, 0x09, 0x09, 0x09, 0x09, 0x09, 0x09, 0x09, 0x09, 0x09, 0x09, 0x09, 0x09, 0x09, 0x09, 0x09, 0x09, 0x09, 0x09, 0x09, 0x09, 0x09, 0x09, 0x09
    .byte 0x09, 0x09, 0x09, 0x09, 0x09, 0x09, 0x09, 0x09, 0x09, 0x09, 0x09, 0x09, 0x09, 0x09, 0x09, 0x09, 0x09, 0x09, 0x09, 0x09, 0x09, 0x09, 0x09, 0x09, 0x09, 0x09, 0x09, 0x09, 0x09, 0x09, 0x09, 0x09
    .byte 0x09, 0x09, 0x51, 0x09, 0x51, 0x09, 0x51, 0x09, 0x51, 0x09, 0x51, 0x09, 0x51, 0x09, 0x51, 0x09, 0x51, 0x09, 0x51, 0x09, 0x51, 0x09, 0x51, 0x09, 0x51, 0x09, 0x51, 0x09, 0x51, 0x09, 0x51, 0x09
    .byte 0x51, 0x09, 0x51, 0x09, 0x51, 0x09, 0x51, 0x09, 0x51, 0x09, 0x51, 0x09, 0x51, 0x09, 0x51, 0x09, 0x51, 0x09, 0x51, 0x09, 0x51, 0x09, 0x51, 0x09, 0x51, 0x09, 0x51, 0x09, 0x51, 0x09, 0x51, 0x09
    .byte 0x51, 0x09, 0x51, 0x09, 0x51, 0x09, 0x51, 0x09, 0x51, 0x09, 0x51, 0x09, 0x51, 0x09, 0x51, 0x09, 0x51, 0x09, 0x51, 0x09, 0x51, 0x09, 0x51, 0x09, 0x51, 0x09, 0x51, 0x09, 0x51, 0x09, 0x51, 0x09
    .byte 0x51, 0x09, 0x51, 0x09, 0x51, 0x09, 0x51, 0x09, 0x51, 0x09, 0x51, 0x09, 0x51, 0x09, 0x51, 0x09, 0x51, 0x09, 0x51, 0x09, 0x51, 0x09, 0x51, 0x09, 0x51, 0x09, 0x51, 0x09, 0x51, 0x09, 0x51, 0x09
    .byte 0x51, 0x09, 0x51, 0x09, 0x51, 0x09, 0x51, 0x09, 0x51, 0x09, 0x51, 0x09, 0x51, 0x09, 0x51, 0x09, 0x51, 0x09, 0x51, 0x09, 0x51, 0x09, 0x51, 0x09, 0x51, 0x09, 0x51, 0x09, 0x51, 0x09, 0x51, 0x09
    .byte 0x51, 0x09, 0x51, 0x09, 0x51, 0x09, 0x51, 0x09, 0x51, 0x09, 0x51, 0x09, 0x51, 0x09, 0x51, 0x09, 0x51, 0x09, 0x51, 0x09, 0x51, 0x09, 0x51, 0x09, 0x51, 0x09, 0x51, 0x09, 0x51, 0x09, 0x51, 0x09
    .byte 0x51, 0x09, 0x51, 0x09, 0x51, 0x09, 0x51, 0x09, 0x51, 0x09, 0x51, 0x09, 0x51, 0x09, 0x51, 0x09, 0x51, 0x09, 0x51, 0x09, 0x51, 0x09, 0x51, 0x09, 0x51, 0x09, 0x51, 0x09, 0x51, 0x09, 0x51, 0x09
    .byte 0x51, 0x09, 0x51, 0x09, 0x51, 0x09, 0x51, 0x09, 0x51, 0x09, 0x51, 0x09, 0x51, 0x09, 0x51, 0x09, 0x51, 0x09, 0x51, 0x09, 0x51, 0x09, 0x51, 0x09, 0x51, 0x09, 0x51, 0x09, 0x51, 0x09, 0x51, 0x09
    .byte 0x51, 0x09, 0x51, 0x09, 0x51, 0x09, 0x51, 0x09, 0x51, 0x09, 0x51, 0x09, 0x51, 0x09, 0x51, 0x09, 0x51, 0x09, 0x51, 0x09, 0x51, 0x09, 0x51, 0x09, 0x51, 0x09, 0x51, 0x09, 0x51, 0x09, 0x51, 0x09
    .byte 0x51, 0x09, 0x51, 0x09, 0x51, 0x09, 0x51, 0x09, 0x51, 0x09, 0x51, 0x09, 0x51, 0x09, 0x51, 0x09, 0x51, 0x09, 0x51, 0x09, 0x51, 0x09, 0x09, 0x09, 0x09, 0x09, 0x09, 0x09, 0x09, 0x09, 0x09, 0x09
    .byte 0x09, 0x09, 0x09, 0x09, 0x09, 0x09, 0x09, 0x09, 0x09, 0x09, 0x09, 0x09, 0x09, 0x09, 0x09, 0x09, 0x09, 0x09, 0x09, 0x09, 0x09, 0x09, 0x09, 0x09, 0x09, 0x09, 0x09, 0x09, 0x09, 0x09, 0x09, 0x09
    .byte 0x09, 0x09, 0x09, 0x09, 0x09, 0x09, 0x09, 0x09, 0x09, 0x09, 0x09, 0x09, 0x09, 0x09, 0x09, 0x09, 0x09, 0x09, 0x09, 0x09, 0x09, 0x09, 0x09, 0x09, 0x09, 0x09, 0x09, 0x09, 0x09, 0x09, 0x09, 0x09
    .byte 0x09, 0x09, 0x09, 0x09, 0x09, 0x09, 0x09, 0x09, 0x09, 0x09, 0x09, 0x09, 0x09, 0x09, 0x09, 0x09, 0x09, 0x09, 0x09, 0x09, 0x09, 0x09, 0x09, 0x09, 0x09, 0x09, 0x09, 0x09, 0x09, 0x09, 0x09, 0x09
    .byte 0x09, 0x09, 0x09, 0x09, 0x09, 0x09, 0x09, 0x09, 0x09, 0x09, 0x09, 0x09, 0x09, 0x09, 0x09, 0x09, 0x09, 0x09, 0x09, 0x09, 0x09, 0x09, 0x09, 0x09, 0x09, 0x09, 0x09, 0x09, 0x09, 0x09, 0x09, 0x09
    .byte 0x09, 0x09, 0x09, 0x09, 0x09, 0x09, 0x09, 0x09, 0x09, 0x09, 0x09, 0x09, 0x09, 0x09, 0x09, 0x09, 0x09, 0x09, 0x09, 0x09, 0x09, 0x09, 0x09, 0x09, 0x09, 0x09, 0x09, 0x09, 0x09, 0x09, 0x09, 0x09
    .byte 0x09, 0x09, 0x09, 0x09, 0x09, 0x09, 0x09, 0x09, 0x09, 0x09, 0x09, 0x09, 0x09, 0x09, 0x09, 0x09, 0x09, 0x09, 0x09, 0x09, 0x09, 0x09, 0x09, 0x09, 0x09, 0x09, 0x09, 0x09, 0x09, 0x09, 0x09, 0x09
    .byte 0x09, 0x09, 0x09, 0x09, 0x09, 0x09, 0x09, 0x09, 0x09, 0x09, 0x09, 0x09, 0x09, 0x09, 0x09, 0x09, 0x09, 0x09, 0x09, 0x09, 0x09, 0x09, 0x09, 0x09, 0x09, 0x09, 0x09, 0x09, 0x09, 0x09, 0x09, 0x09
    .byte 0x09, 0x09, 0x09, 0x09, 0x09, 0x09, 0x09, 0x09, 0x09, 0x09, 0x09, 0x09, 0x09, 0x09, 0x09, 0x09, 0x09, 0x09, 0x09, 0x09, 0x09, 0x09, 0x09, 0x09, 0x09, 0x09, 0x09, 0x09, 0x09, 0x09, 0x09, 0x09
    .byte 0x09, 0x09, 0x09, 0x09, 0x09, 0x09, 0x09, 0x09, 0x09, 0x09, 0x09, 0x09, 0x09, 0x09, 0x09, 0x09, 0x09, 0x09, 0x09, 0x09, 0x09, 0x09, 0x09, 0x09, 0x09, 0x09, 0x09, 0x09, 0x09, 0x09, 0x09, 0x09
    .byte 0x09, 0x09, 0x09, 0x09, 0x09, 0x09, 0x09, 0x09, 0x09, 0x09, 0x09, 0x09, 0x09, 0x09, 0x09, 0x09, 0x09, 0x09, 0x09, 0x09, 0x09, 0x09, 0x08, 0x08, 0x08, 0x08, 0x08, 0x08, 0x08, 0x08, 0x08, 0x08
    .byte 0x09, 0x09, 0x51, 0x09, 0x51, 0x09, 0x51, 0x09, 0x51, 0x09, 0x51, 0x09, 0x51, 0x09, 0x51, 0x09, 0x51, 0x09, 0x51, 0x09, 0x51, 0x09, 0x51, 0x09, 0x51, 0x09, 0x51, 0x09, 0x51, 0x09, 0x51, 0x09
    .byte 0x51, 0x09, 0x51, 0x09, 0x51, 0x09, 0x51, 0x09, 0x51, 0x09, 0x51, 0x09, 0x51, 0x09, 0x51, 0x09, 0x51, 0x09, 0x51, 0x09, 0x51, 0x09, 0x51, 0x09, 0x51, 0x09, 0x51, 0x09, 0x51, 0x09, 0x51, 0x09
    .byte 0x51, 0x09, 0x51, 0x09, 0x51, 0x09, 0x51, 0x09, 0x51, 0x09, 0x51, 0x09, 0x51, 0x09, 0x51, 0x09, 0x51, 0x09, 0x51, 0x09, 0x51, 0x09, 0x51, 0x09, 0x51, 0x09, 0x51, 0x09, 0x51, 0x09, 0x51, 0x09
    .byte 0x51, 0x09, 0x51, 0x09, 0x51, 0x09, 0x51, 0x09, 0x51, 0x09, 0x51, 0x09, 0x51, 0x09, 0x51, 0x09, 0x51, 0x09, 0x51, 0x09, 0x51, 0x09, 0x51, 0x09, 0x51, 0x09, 0x51, 0x09, 0x51, 0x09, 0x51, 0x09
    .byte 0x51, 0x09, 0x51, 0x09, 0x51, 0x09, 0x51, 0x09, 0x51, 0x09, 0x51, 0x09, 0x51, 0x09, 0x51, 0x09, 0x51, 0x09, 0x51, 0x09, 0x51, 0x09, 0x51, 0x09, 0x51, 0x09, 0x51, 0x09, 0x51, 0x09, 0x51, 0x09
    .byte 0x51, 0x09, 0x51, 0x09, 0x51, 0x09, 0x51, 0x09, 0x51, 0x09, 0x51, 0x09, 0x51, 0x09, 0x51, 0x09, 0x51, 0x09, 0x51, 0x09, 0x51, 0x09, 0x51, 0x09, 0x51, 0x09, 0x51, 0x09, 0x51, 0x09, 0x51, 0x09
    .byte 0x51, 0x09, 0x51, 0x09, 0x51, 0x09, 0x51, 0x09, 0x51, 0x09, 0x51, 0x09, 0x51, 0x09, 0x51, 0x09, 0x51, 0x09, 0x51, 0x09, 0x51, 0x09, 0x51, 0x09, 0x51, 0x09, 0x51, 0x09, 0x51, 0x09, 0x51, 0x09
    .byte 0x51, 0x09, 0x51, 0x09, 0x51, 0x09, 0x51, 0x09, 0x51, 0x09, 0x51, 0x09, 0x51, 0x09, 0x51, 0x09, 0x51, 0x09, 0x51, 0x09, 0x51, 0x09, 0x51, 0x09, 0x51, 0x09, 0x51, 0x09, 0x51, 0x09, 0x51, 0x09
    .byte 0x51, 0x09, 0x51, 0x09, 0x51, 0x09, 0x51, 0x09, 0x51, 0x09, 0x51, 0x09, 0x51, 0x09, 0x51, 0x09, 0x51, 0x09, 0x51, 0x09, 0x51, 0x09, 0x51, 0x09, 0x51, 0x09, 0x51, 0x09, 0x51, 0x09, 0x51, 0x09
    .byte 0x51, 0x09, 0x51, 0x09, 0x51, 0x09, 0x51, 0x09, 0x51, 0x09, 0x51, 0x09, 0x51, 0x09, 0x51, 0x09, 0x51, 0x09, 0x51, 0x09, 0x51, 0x09, 0x08, 0x08, 0x08, 0x08, 0x08, 0x08, 0x08, 0x08, 0x08, 0x08
    .byte 0x09, 0x09, 0x09, 0x09, 0x09, 0x09, 0x09, 0x09, 0x09, 0x09, 0x09, 0x09, 0x09, 0x09, 0x09, 0x09, 0x09, 0x09, 0x09, 0x09, 0x09, 0x09, 0x09, 0x09, 0x09, 0x09, 0x09, 0x09, 0x09, 0x09, 0x09, 0x09
    .byte 0x09, 0x09, 0x09, 0x09, 0x09, 0x09, 0x09, 0x09, 0x09, 0x09, 0x09, 0x09, 0x09, 0x09, 0x09, 0x09, 0x09, 0x09, 0x09, 0x09, 0x09, 0x09, 0x09, 0x09, 0x09, 0x09, 0x09, 0x09, 0x09, 0x09, 0x09, 0x09
    .byte 0x09, 0x09, 0x09, 0x09, 0x09, 0x09, 0x09, 0x09, 0x09, 0x09, 0x09, 0x09, 0x09, 0x09, 0x09, 0x09, 0x09, 0x09, 0x09, 0x09, 0x09, 0x09, 0x09, 0x09, 0x09, 0x09, 0x09, 0x09, 0x09, 0x09, 0x09, 0x09
    .byte 0x09, 0x09, 0x09, 0x09, 0x09, 0x09, 0x09, 0x09, 0x09, 0x09, 0x09, 0x09, 0x09, 0x09, 0x09, 0x09, 0x09, 0x09, 0x09, 0x09, 0x09, 0x09, 0x09, 0x09, 0x09, 0x09, 0x09, 0x09, 0x09, 0x09, 0x09, 0x09
    .byte 0x09, 0x09, 0x09, 0x09, 0x09, 0x09, 0x09, 0x09, 0x09, 0x09, 0x09, 0x09, 0x09, 0x09, 0x09, 0x09, 0x09, 0x09, 0x09, 0x09, 0x09, 0x09, 0x09, 0x09, 0x09, 0x09, 0x09, 0x09, 0x09, 0x09, 0x09, 0x09
    .byte 0x09, 0x09, 0x09, 0x09, 0x09, 0x09, 0x09, 0x09, 0x09, 0x09, 0x09, 0x09, 0x09, 0x09, 0x09, 0x09, 0x09, 0x09, 0x09, 0x09, 0x09, 0x09, 0x09, 0x09, 0x09, 0x09, 0x09, 0x09, 0x09, 0x09, 0x09, 0x09
    .byte 0x09, 0x09, 0x09, 0x09, 0x09, 0x09, 0x09, 0x09, 0x09, 0x09, 0x09, 0x09, 0x09, 0x09, 0x09, 0x09, 0x09, 0x09, 0x09, 0x09, 0x09, 0x09, 0x09, 0x09, 0x09, 0x09, 0x09, 0x09, 0x09, 0x09, 0x09, 0x09
    .byte 0x09, 0x09, 0x09, 0x09, 0x09, 0x09, 0x09, 0x09, 0x09, 0x09, 0x09, 0x09, 0x09, 0x09, 0x09, 0x09, 0x09, 0x09, 0x09, 0x09, 0x09, 0x09, 0x09, 0x09, 0x09, 0x09, 0x09, 0x09, 0x09, 0x09, 0x09, 0x09
    .byte 0x09, 0x09, 0x09, 0x09, 0x09, 0x09, 0x09, 0x09, 0x09, 0x09, 0x09, 0x09, 0x09, 0x09, 0x09, 0x09, 0x09, 0x09, 0x09, 0x09, 0x09, 0x09, 0x09, 0x09, 0x09, 0x09, 0x09, 0x09, 0x09, 0x09, 0x09, 0x09
    .byte 0x09, 0x09, 0x09, 0x09, 0x09, 0x09, 0x09, 0x09, 0x09, 0x09, 0x09, 0x09, 0x09, 0x09, 0x09, 0x09, 0x09, 0x09, 0x09, 0x09, 0x09, 0x09, 0x08, 0x08, 0x08, 0x08, 0x08, 0x08, 0x08, 0x08, 0x08, 0x08
    .byte 0x09, 0x09, 0x51, 0x09, 0x51, 0x09, 0x51, 0x09, 0x51, 0x09, 0x51, 0x09, 0x51, 0x09, 0x51, 0x09, 0x51, 0x09, 0x51, 0x09, 0x51, 0x09, 0x51, 0x09, 0x51, 0x09, 0x51, 0x09, 0x51, 0x09, 0x51, 0x09
    .byte 0x51, 0x09, 0x51, 0x09, 0x51, 0x09, 0x51, 0x09, 0x51, 0x09, 0x51, 0x09, 0x51, 0x09, 0x51, 0x09, 0x51, 0x09, 0x51, 0x09, 0x51, 0x09, 0x51, 0x09, 0x51, 0x09, 0x51, 0x09, 0x51, 0x09, 0x51, 0x09
    .byte 0x51, 0x09, 0x51, 0x09, 0x51, 0x09, 0x51, 0x09, 0x51, 0x09, 0x51, 0x09, 0x51, 0x09, 0x51, 0x09, 0x51, 0x09, 0x51, 0x09, 0x51, 0x09, 0x51, 0x09, 0x51, 0x09, 0x51, 0x09, 0x51, 0x09, 0x51, 0x09
    .byte 0x51, 0x09, 0x51, 0x09, 0x51, 0x09, 0x51, 0x09, 0x51, 0x09, 0x51, 0x09, 0x51, 0x09, 0x51, 0x09, 0x51, 0x09, 0x51, 0x09, 0x51, 0x09, 0x51, 0x09, 0x51, 0x09, 0x51, 0x09, 0x51, 0x09, 0x51, 0x09
    .byte 0x51, 0x09, 0x51, 0x09, 0x51, 0x09, 0x51, 0x09, 0x51, 0x09, 0x51, 0x09, 0x51, 0x09, 0x51, 0x09, 0x51, 0x09, 0x51, 0x09, 0x51, 0x09, 0x51, 0x09, 0x51, 0x09, 0x51, 0x09, 0x51, 0x09, 0x51, 0x09
    .byte 0x51, 0x09, 0x51, 0x09, 0x51, 0x09, 0x51, 0x09, 0x51, 0x09, 0x51, 0x09, 0x51, 0x09, 0x51, 0x09, 0x51, 0x09, 0x51, 0x09, 0x51, 0x09, 0x51, 0x09, 0x51, 0x09, 0x51, 0x09, 0x51, 0x09, 0x51, 0x09
    .byte 0x51, 0x09, 0x51, 0x09, 0x51, 0x09, 0x51, 0x09, 0x51, 0x09, 0x51, 0x09, 0x51, 0x09, 0x51, 0x09, 0x51, 0x09, 0x51, 0x09, 0x51, 0x09, 0x51, 0x09, 0x51, 0x09, 0x51, 0x09, 0x51, 0x09, 0x51, 0x09
    .byte 0x51, 0x09, 0x51, 0x09, 0x51, 0x09, 0x51, 0x09, 0x51, 0x09, 0x51, 0x09, 0x51, 0x09, 0x51, 0x09, 0x51, 0x09, 0x51, 0x09, 0x51, 0x09, 0x51, 0x09, 0x51, 0x09, 0x51, 0x09, 0x51, 0x09, 0x51, 0x09
    .byte 0x51, 0x09, 0x51, 0x09, 0x51, 0x09, 0x51, 0x09, 0x51, 0x09, 0x51, 0x09, 0x51, 0x09, 0x51, 0x09, 0x51, 0x09, 0x51, 0x09, 0x51, 0x09, 0x51, 0x09, 0x51, 0x09, 0x51, 0x09, 0x51, 0x09, 0x51, 0x09
    .byte 0x51, 0x09, 0x51, 0x09, 0x51, 0x09, 0x51, 0x09, 0x51, 0x09, 0x51, 0x09, 0x51, 0x09, 0x51, 0x09, 0x51, 0x09, 0x51, 0x09, 0x51, 0x09, 0x08, 0x08, 0x08, 0x08, 0x08, 0x08, 0x08, 0x08, 0x08, 0x08
    .byte 0x09, 0x09, 0x09, 0x09, 0x09, 0x09, 0x09, 0x09, 0x09, 0x09, 0x09, 0x09, 0x09, 0x09, 0x09, 0x09, 0x09, 0x09, 0x09, 0x09, 0x09, 0x09, 0x09, 0x09, 0x09, 0x09, 0x09, 0x09, 0x09, 0x09, 0x09, 0x09
    .byte 0x09, 0x09, 0x09, 0x09, 0x09, 0x09, 0x09, 0x09, 0x09, 0x09, 0x09, 0x09, 0x09, 0x09, 0x09, 0x09, 0x09, 0x09, 0x09, 0x09, 0x09, 0x09, 0x09, 0x09, 0x09, 0x09, 0x09, 0x09, 0x09, 0x09, 0x09, 0x09
    .byte 0x09, 0x09, 0x09, 0x09, 0x09, 0x09, 0x09, 0x09, 0x09, 0x09, 0x09, 0x09, 0x09, 0x09, 0x09, 0x09, 0x09, 0x09, 0x09, 0x09, 0x09, 0x09, 0x09, 0x09, 0x09, 0x09, 0x09, 0x09, 0x09, 0x09, 0x09, 0x09
    .byte 0x09, 0x09, 0x09, 0x09, 0x09, 0x09, 0x09, 0x09, 0x09, 0x09, 0x09, 0x09, 0x09, 0x09, 0x09, 0x09, 0x09, 0x09, 0x09, 0x09, 0x09, 0x09, 0x09, 0x09, 0x09, 0x09, 0x09, 0x09, 0x09, 0x09, 0x09, 0x09
    .byte 0x09, 0x09, 0x09, 0x09, 0x09, 0x09, 0x09, 0x09, 0x09, 0x09, 0x09, 0x09, 0x09, 0x09, 0x09, 0x09, 0x09, 0x09, 0x09, 0x09, 0x09, 0x09, 0x09, 0x09, 0x09, 0x09, 0x09, 0x09, 0x09, 0x09, 0x09, 0x09
    .byte 0x09, 0x09, 0x09, 0x09, 0x09, 0x09, 0x09, 0x09, 0x09, 0x09, 0x09, 0x09, 0x09, 0x09, 0x09, 0x09, 0x09, 0x09, 0x09, 0x09, 0x09, 0x09, 0x09, 0x09, 0x09, 0x09, 0x09, 0x09, 0x09, 0x09, 0x09, 0x09
    .byte 0x09, 0x09, 0x09, 0x09, 0x09, 0x09, 0x09, 0x09, 0x09, 0x09, 0x09, 0x09, 0x09, 0x09, 0x09, 0x09, 0x09, 0x09, 0x09, 0x09, 0x09, 0x09, 0x09, 0x09, 0x09, 0x09, 0x09, 0x09, 0x09, 0x09, 0x09, 0x09
    .byte 0x09, 0x09, 0x09, 0x09, 0x09, 0x09, 0x09, 0x09, 0x09, 0x09, 0x09, 0x09, 0x09, 0x09, 0x09, 0x09, 0x09, 0x09, 0x09, 0x09, 0x09, 0x09, 0x09, 0x09, 0x09, 0x09, 0x09, 0x09, 0x09, 0x09, 0x09, 0x09
    .byte 0x09, 0x09, 0x09, 0x09, 0x09, 0x09, 0x09, 0x09, 0x09, 0x09, 0x09, 0x09, 0x09, 0x09, 0x09, 0x09, 0x09, 0x09, 0x09, 0x09, 0x09, 0x09, 0x09, 0x09, 0x09, 0x09, 0x09, 0x09, 0x09, 0x09, 0x09, 0x09
    .byte 0x09, 0x09, 0x09, 0x09, 0x09, 0x09, 0x09, 0x09, 0x09, 0x09, 0x09, 0x09, 0x09, 0x09, 0x09, 0x09, 0x09, 0x09, 0x09, 0x09, 0x09, 0x09, 0x08, 0x08, 0x08, 0x08, 0x08, 0x08, 0x08, 0x08, 0x08, 0x08
    .byte 0x09, 0x09, 0x51, 0x09, 0x51, 0x09, 0x51, 0x09, 0x51, 0x09, 0x51, 0x09, 0x51, 0x09, 0x51, 0x09, 0x51, 0x09, 0x51, 0x09, 0x51, 0x09, 0x51, 0x09, 0x51, 0x09, 0x51, 0x09, 0x51, 0x09, 0x51, 0x09
    .byte 0x51, 0x09, 0x51, 0x09, 0x51, 0x09, 0x51, 0x09, 0x51, 0x09, 0x51, 0x09, 0x51, 0x09, 0x51, 0x09, 0x51, 0x09, 0x51, 0x09, 0x51, 0x09, 0x51, 0x09, 0x51, 0x09, 0x51, 0x09, 0x51, 0x09, 0x51, 0x09
    .byte 0x51, 0x09, 0x51, 0x09, 0x51, 0x09, 0x51, 0x09, 0x51, 0x09, 0x51, 0x09, 0x51, 0x09, 0x51, 0x09, 0x51, 0x09, 0x51, 0x09, 0x51, 0x09, 0x51, 0x09, 0x51, 0x09, 0x51, 0x09, 0x51, 0x09, 0x51, 0x09
    .byte 0x51, 0x09, 0x51, 0x09, 0x51, 0x09, 0x51, 0x09, 0x51, 0x09, 0x51, 0x09, 0x51, 0x09, 0x51, 0x09, 0x51, 0x09, 0x51, 0x09, 0x51, 0x09, 0x51, 0x09, 0x51, 0x09, 0x51, 0x09, 0x51, 0x09, 0x51, 0x09
    .byte 0x51, 0x09, 0x51, 0x09, 0x51, 0x09, 0x51, 0x09, 0x51, 0x09, 0x51, 0x09, 0x51, 0x09, 0x51, 0x09, 0x51, 0x09, 0x51, 0x09, 0x51, 0x09, 0x51, 0x09, 0x51, 0x09, 0x51, 0x09, 0x51, 0x09, 0x51, 0x09
    .byte 0x51, 0x09, 0x51, 0x09, 0x51, 0x09, 0x51, 0x09, 0x51, 0x09, 0x51, 0x09, 0x51, 0x09, 0x51, 0x09, 0x51, 0x09, 0x51, 0x09, 0x51, 0x09, 0x51, 0x09, 0x51, 0x09, 0x51, 0x09, 0x51, 0x09, 0x51, 0x09
    .byte 0x51, 0x09, 0x51, 0x09, 0x51, 0x09, 0x51, 0x09, 0x51, 0x09, 0x51, 0x09, 0x51, 0x09, 0x51, 0x09, 0x51, 0x09, 0x51, 0x09, 0x51, 0x09, 0x51, 0x09, 0x51, 0x09, 0x51, 0x09, 0x51, 0x09, 0x51, 0x09
    .byte 0x51, 0x09, 0x51, 0x09, 0x51, 0x09, 0x51, 0x09, 0x51, 0x09, 0x51, 0x09, 0x51, 0x09, 0x51, 0x09, 0x51, 0x09, 0x51, 0x09, 0x51, 0x09, 0x51, 0x09, 0x51, 0x09, 0x51, 0x09, 0x51, 0x09, 0x51, 0x09
    .byte 0x51, 0x09, 0x51, 0x09, 0x51, 0x09, 0x51, 0x09, 0x51, 0x09, 0x51, 0x09, 0x51, 0x09, 0x51, 0x09, 0x51, 0x09, 0x51, 0x09, 0x51, 0x09, 0x51, 0x09, 0x51, 0x09, 0x51, 0x09, 0x51, 0x09, 0x51, 0x09
    .byte 0x51, 0x09, 0x51, 0x09, 0x51, 0x09, 0x51, 0x09, 0x51, 0x09, 0x51, 0x09, 0x51, 0x09, 0x51, 0x09, 0x51, 0x09, 0x51, 0x09, 0x51, 0x09, 0x08, 0x08, 0x08, 0x08, 0x08, 0x08, 0x08, 0x08, 0x08, 0x08
    .byte 0x09, 0x09, 0x09, 0x09, 0x09, 0x09, 0x09, 0x09, 0x09, 0x09, 0x09, 0x09, 0x09, 0x09, 0x09, 0x09, 0x09, 0x09, 0x09, 0x09, 0x09, 0x09, 0x09, 0x09, 0x09, 0x09, 0x09, 0x09, 0x09, 0x09, 0x09, 0x09
    .byte 0x09, 0x09, 0x09, 0x09, 0x09, 0x09, 0x09, 0x09, 0x09, 0x09, 0x09, 0x09, 0x09, 0x09, 0x09, 0x09, 0x09, 0x09, 0x09, 0x09, 0x09, 0x09, 0x09, 0x09, 0x09, 0x09, 0x09, 0x09, 0x09, 0x09, 0x09, 0x09
    .byte 0x09, 0x09, 0x09, 0x09, 0x09, 0x09, 0x09, 0x09, 0x09, 0x09, 0x09, 0x09, 0x09, 0x09, 0x09, 0x09, 0x09, 0x09, 0x09, 0x09, 0x09, 0x09, 0x09, 0x09, 0x09, 0x09, 0x09, 0x09, 0x09, 0x09, 0x09, 0x09
    .byte 0x09, 0x09, 0x09, 0x09, 0x09, 0x09, 0x09, 0x09, 0x09, 0x09, 0x09, 0x09, 0x09, 0x09, 0x09, 0x09, 0x09, 0x09, 0x09, 0x09, 0x09, 0x09, 0x09, 0x09, 0x09, 0x09, 0x09, 0x09, 0x09, 0x09, 0x09, 0x09
    .byte 0x09, 0x09, 0x09, 0x09, 0x09, 0x09, 0x09, 0x09, 0x09, 0x09, 0x09, 0x09, 0x09, 0x09, 0x09, 0x09, 0x09, 0x09, 0x09, 0x09, 0x09, 0x09, 0x09, 0x09, 0x09, 0x09, 0x09, 0x09, 0x09, 0x09, 0x09, 0x09
    .byte 0x09, 0x09, 0x09, 0x09, 0x09, 0x09, 0x09, 0x09, 0x09, 0x09, 0x09, 0x09, 0x09, 0x09, 0x09, 0x09, 0x09, 0x09, 0x09, 0x09, 0x09, 0x09, 0x09, 0x09, 0x09, 0x09, 0x09, 0x09, 0x09, 0x09, 0x09, 0x09
    .byte 0x09, 0x09, 0x09, 0x09, 0x09, 0x09, 0x09, 0x09, 0x09, 0x09, 0x09, 0x09, 0x09, 0x09, 0x09, 0x09, 0x09, 0x09, 0x09, 0x09, 0x09, 0x09, 0x09, 0x09, 0x09, 0x09, 0x09, 0x09, 0x09, 0x09, 0x09, 0x09
    .byte 0x09, 0x09, 0x09, 0x09, 0x09, 0x09, 0x09, 0x09, 0x09, 0x09, 0x09, 0x09, 0x09, 0x09, 0x09, 0x09, 0x09, 0x09, 0x09, 0x09, 0x09, 0x09, 0x09, 0x09, 0x09, 0x09, 0x09, 0x09, 0x09, 0x09, 0x09, 0x09
    .byte 0x09, 0x09, 0x09, 0x09, 0x09, 0x09, 0x09, 0x09, 0x09, 0x09, 0x09, 0x09, 0x09, 0x09, 0x09, 0x09, 0x09, 0x09, 0x09, 0x09, 0x09, 0x09, 0x09, 0x09, 0x09, 0x09, 0x09, 0x09, 0x09, 0x09, 0x09, 0x09
    .byte 0x09, 0x09, 0x09, 0x09, 0x09, 0x09, 0x09, 0x09, 0x09, 0x09, 0x09, 0x09, 0x09, 0x09, 0x09, 0x09, 0x09, 0x09, 0x09, 0x09, 0x09, 0x09, 0x08, 0x08, 0x08, 0x08, 0x08, 0x08, 0x08, 0x08, 0x08, 0x08
    .byte 0x09, 0x09, 0x51, 0x09, 0x51, 0x09, 0x51, 0x09, 0x51, 0x09, 0x51, 0x09, 0x51, 0x09, 0x51, 0x09, 0x51, 0x09, 0x51, 0x09, 0x51, 0x09, 0x51, 0x09, 0x51, 0x09, 0x51, 0x09, 0x51, 0x09, 0x51, 0x09
    .byte 0x51, 0x09, 0x51, 0x09, 0x51, 0x09, 0x51, 0x09, 0x51, 0x09, 0x51, 0x09, 0x51, 0x09, 0x51, 0x09, 0x51, 0x09, 0x51, 0x09, 0x51, 0x09, 0x51, 0x09, 0x51, 0x09, 0x51, 0x09, 0x51, 0x09, 0x51, 0x09
    .byte 0x51, 0x09, 0x51, 0x09, 0x51, 0x09, 0x51, 0x09, 0x51, 0x09, 0x51, 0x09, 0x51, 0x09, 0x51, 0x09, 0x51, 0x09, 0x51, 0x09, 0x51, 0x09, 0x51, 0x09, 0x51, 0x09, 0x51, 0x09, 0x51, 0x09, 0x51, 0x09
    .byte 0x51, 0x09, 0x51, 0x09, 0x51, 0x09, 0x51, 0x09, 0x51, 0x09, 0x51, 0x09, 0x51, 0x09, 0x51, 0x09, 0x51, 0x09, 0x51, 0x09, 0x51, 0x09, 0x51, 0x09, 0x51, 0x09, 0x51, 0x09, 0x51, 0x09, 0x51, 0x09
    .byte 0x51, 0x09, 0x51, 0x09, 0x51, 0x09, 0x51, 0x09, 0x51, 0x09, 0x51, 0x09, 0x51, 0x09, 0x51, 0x09, 0x51, 0x09, 0x51, 0x09, 0x51, 0x09, 0x51, 0x09, 0x51, 0x09, 0x51, 0x09, 0x51, 0x09, 0x51, 0x09
    .byte 0x51, 0x09, 0x51, 0x09, 0x51, 0x09, 0x51, 0x09, 0x51, 0x09, 0x51, 0x09, 0x51, 0x09, 0x51, 0x09, 0x51, 0x09, 0x51, 0x09, 0x51, 0x09, 0x51, 0x09, 0x51, 0x09, 0x51, 0x09, 0x51, 0x09, 0x51, 0x09
    .byte 0x51, 0x09, 0x51, 0x09, 0x51, 0x09, 0x51, 0x09, 0x51, 0x09, 0x51, 0x09, 0x51, 0x09, 0x51, 0x09, 0x51, 0x09, 0x51, 0x09, 0x51, 0x09, 0x51, 0x09, 0x51, 0x09, 0x51, 0x09, 0x51, 0x09, 0x51, 0x09
    .byte 0x51, 0x09, 0x51, 0x09, 0x51, 0x09, 0x51, 0x09, 0x51, 0x09, 0x51, 0x09, 0x51, 0x09, 0x51, 0x09, 0x51, 0x09, 0x51, 0x09, 0x51, 0x09, 0x51, 0x09, 0x51, 0x09, 0x51, 0x09, 0x51, 0x09, 0x51, 0x09
    .byte 0x51, 0x09, 0x51, 0x09, 0x51, 0x09, 0x51, 0x09, 0x51, 0x09, 0x51, 0x09, 0x51, 0x09, 0x51, 0x09, 0x51, 0x09, 0x51, 0x09, 0x51, 0x09, 0x51, 0x09, 0x51, 0x09, 0x51, 0x09, 0x51, 0x09, 0x51, 0x09
    .byte 0x51, 0x09, 0x51, 0x09, 0x51, 0x09, 0x51, 0x09, 0x51, 0x09, 0x51, 0x09, 0x51, 0x09, 0x51, 0x09, 0x51, 0x09, 0x51, 0x09, 0x51, 0x09, 0x08, 0x08, 0x08, 0x08, 0x08, 0x08, 0x08, 0x08, 0x08, 0x08
    .byte 0x09, 0x09, 0x09, 0x09, 0x09, 0x09, 0x09, 0x09, 0x09, 0x09, 0x09, 0x09, 0x09, 0x09, 0x09, 0x09, 0x09, 0x09, 0x09, 0x09, 0x09, 0x09, 0x09, 0x09, 0x09, 0x09, 0x09, 0x09, 0x09, 0x09, 0x09, 0x09
    .byte 0x09, 0x09, 0x09, 0x09, 0x09, 0x09, 0x09, 0x09, 0x09, 0x09, 0x09, 0x09, 0x09, 0x09, 0x09, 0x09, 0x09, 0x09, 0x09, 0x09, 0x09, 0x09, 0x09, 0x09, 0x09, 0x09, 0x09, 0x09, 0x09, 0x09, 0x09, 0x09
    .byte 0x09, 0x09, 0x09, 0x09, 0x09, 0x09, 0x09, 0x09, 0x09, 0x09, 0x09, 0x09, 0x09, 0x09, 0x09, 0x09, 0x09, 0x09, 0x09, 0x09, 0x09, 0x09, 0x09, 0x09, 0x09, 0x09, 0x09, 0x09, 0x09, 0x09, 0x09, 0x09
    .byte 0x09, 0x09, 0x09, 0x09, 0x09, 0x09, 0x09, 0x09, 0x09, 0x09, 0x09, 0x09, 0x09, 0x09, 0x09, 0x09, 0x09, 0x09, 0x09, 0x09, 0x09, 0x09, 0x09, 0x09, 0x09, 0x09, 0x09, 0x09, 0x09, 0x09, 0x09, 0x09
    .byte 0x09, 0x09, 0x09, 0x09, 0x09, 0x09, 0x09, 0x09, 0x09, 0x09, 0x09, 0x09, 0x09, 0x09, 0x09, 0x09, 0x09, 0x09, 0x09, 0x09, 0x09, 0x09, 0x09, 0x09, 0x09, 0x09, 0x09, 0x09, 0x09, 0x09, 0x09, 0x09
    .byte 0x09, 0x09, 0x09, 0x09, 0x09, 0x09, 0x09, 0x09, 0x09, 0x09, 0x09, 0x09, 0x09, 0x09, 0x09, 0x09, 0x09, 0x09, 0x09, 0x09, 0x09, 0x09, 0x09, 0x09, 0x09, 0x09, 0x09, 0x09, 0x09, 0x09, 0x09, 0x09
    .byte 0x09, 0x09, 0x09, 0x09, 0x09, 0x09, 0x09, 0x09, 0x09, 0x09, 0x09, 0x09, 0x09, 0x09, 0x09, 0x09, 0x09, 0x09, 0x09, 0x09, 0x09, 0x09, 0x09, 0x09, 0x09, 0x09, 0x09, 0x09, 0x09, 0x09, 0x09, 0x09
    .byte 0x09, 0x09, 0x09, 0x09, 0x09, 0x09, 0x09, 0x09, 0x09, 0x09, 0x09, 0x09, 0x09, 0x09, 0x09, 0x09, 0x09, 0x09, 0x09, 0x09, 0x09, 0x09, 0x09, 0x09, 0x09, 0x09, 0x09, 0x09, 0x09, 0x09, 0x09, 0x09
    .byte 0x09, 0x09, 0x09, 0x09, 0x09, 0x09, 0x09, 0x09, 0x09, 0x09, 0x09, 0x09, 0x09, 0x09, 0x09, 0x09, 0x09, 0x09, 0x09, 0x09, 0x09, 0x09, 0x09, 0x09, 0x09, 0x09, 0x09, 0x09, 0x09, 0x09, 0x09, 0x09
    .byte 0x09, 0x09, 0x09, 0x09, 0x09, 0x09, 0x09, 0x09, 0x09, 0x09, 0x09, 0x09, 0x09, 0x09, 0x09, 0x09, 0x09, 0x09, 0x09, 0x09, 0x09, 0x09, 0x08, 0x08, 0x08, 0x08, 0x08, 0x08, 0x08, 0x08, 0x08, 0x08
    .byte 0x08, 0x08, 0x08, 0x08, 0x08, 0x08, 0x08, 0x08, 0x08, 0x08, 0x08, 0x08, 0x08, 0x08, 0x08, 0x08, 0x08, 0x08, 0x08, 0x08, 0x08, 0x08, 0x09, 0x09, 0x09, 0x09, 0x09, 0x09, 0x09, 0x09, 0x09, 0x09
    .byte 0x51, 0x51, 0x51, 0x51, 0x51, 0x51, 0x51, 0x51, 0x51, 0x51, 0x51, 0x51, 0x51, 0x51, 0x51, 0x09, 0x09, 0x09, 0x09, 0x09, 0x09, 0x09, 0x09, 0x09, 0x09, 0x51, 0x51, 0x51, 0x51, 0x51, 0x51, 0x51
    .byte 0x51, 0x51, 0x51, 0x09, 0x09, 0x09, 0x09, 0x09, 0x09, 0x09, 0x09, 0x09, 0x09, 0x51, 0x51, 0x51, 0x51, 0x51, 0x51, 0x08, 0x08, 0x08, 0x08, 0x08, 0x08, 0x08, 0x08, 0x08, 0x08, 0x08, 0x08, 0x08
    .byte 0x08, 0x08, 0x08, 0x08, 0x08, 0x08, 0x08, 0x08, 0x08, 0x09, 0x09, 0x09, 0x09, 0x09, 0x09, 0x09, 0x09, 0x09, 0x09, 0x09, 0x09, 0x09, 0x09, 0x09, 0x09, 0x09, 0x09, 0x09, 0x09, 0x09, 0x09, 0x09
    .byte 0x09, 0x09, 0x09, 0x09, 0x09, 0x09, 0x09, 0x09, 0x09, 0x09, 0x08, 0x08, 0x08, 0x08, 0x08, 0x08, 0x08, 0x08, 0x08, 0x08, 0x08, 0x09, 0x09, 0x09, 0x09, 0x09, 0x09, 0x09, 0x09, 0x09, 0x09, 0x08
    .byte 0x08, 0x08, 0x08, 0x08, 0x08, 0x08, 0x08, 0x08, 0x08, 0x08, 0x08, 0x08, 0x08, 0x08, 0x08, 0x51, 0x51, 0x51, 0x51, 0x51, 0x51, 0x51, 0x51, 0x51, 0x51, 0x51, 0x09, 0x09, 0x09, 0x09, 0x09, 0x09
    .byte 0x09, 0x09, 0x09, 0x09, 0x09, 0x09, 0x09, 0x09, 0x09, 0x09, 0x09, 0x09, 0x09, 0x09, 0x09, 0x09, 0x09, 0x09, 0x09, 0x09, 0x09, 0x09, 0x09, 0x09, 0x09, 0x09, 0x09, 0x09, 0x09, 0x09, 0x51, 0x51
    .byte 0x51, 0x51, 0x51, 0x51, 0x51, 0x51, 0x51, 0x51, 0x51, 0x51, 0x51, 0x51, 0x51, 0x51, 0x51, 0x51, 0x51, 0x51, 0x09, 0x09, 0x09, 0x09, 0x09, 0x09, 0x09, 0x09, 0x09, 0x09, 0x09, 0x09, 0x09, 0x09
    .byte 0x09, 0x09, 0x09, 0x09, 0x09, 0x09, 0x51, 0x51, 0x51, 0x51, 0x51, 0x51, 0x51, 0x51, 0x51, 0x09, 0x51, 0x09, 0x51, 0x09, 0x51, 0x09, 0x51, 0x09, 0x51, 0x09, 0x51, 0x09, 0x51, 0x09, 0x51, 0x09
    .byte 0x51, 0x09, 0x51, 0x09, 0x51, 0x09, 0x51, 0x09, 0x51, 0x09, 0x51, 0x09, 0x51, 0x09, 0x51, 0x09, 0x51, 0x09, 0x51, 0x09, 0x51, 0x09, 0x09, 0x09, 0x09, 0x09, 0x09, 0x09, 0x09, 0x09, 0x09, 0x09
    .byte 0x08, 0x08, 0x08, 0x08, 0x08, 0x08, 0x08, 0x08, 0x08, 0x08, 0x08, 0x08, 0x08, 0x08, 0x08, 0x08, 0x08, 0x08, 0x08, 0x08, 0x08, 0x08, 0x09, 0x09, 0x09, 0x09, 0x09, 0x09, 0x09, 0x09, 0x09, 0x09
    .byte 0x51, 0x51, 0x51, 0x51, 0x51, 0x51, 0x51, 0x51, 0x51, 0x51, 0x51, 0x51, 0x51, 0x51, 0x51, 0x09, 0x09, 0x09, 0x09, 0x09, 0x09, 0x09, 0x09, 0x09, 0x09, 0x51, 0x51, 0x51, 0x51, 0x51, 0x51, 0x51
    .byte 0x51, 0x51, 0x51, 0x09, 0x09, 0x09, 0x09, 0x09, 0x09, 0x09, 0x09, 0x09, 0x09, 0x51, 0x51, 0x51, 0x51, 0x51, 0x51, 0x08, 0x08, 0x08, 0x08, 0x08, 0x08, 0x08, 0x08, 0x08, 0x08, 0x08, 0x08, 0x08
    .byte 0x08, 0x08, 0x08, 0x08, 0x08, 0x08, 0x08, 0x08, 0x08, 0x09, 0x09, 0x09, 0x09, 0x09, 0x09, 0x09, 0x09, 0x09, 0x09, 0x09, 0x09, 0x09, 0x09, 0x09, 0x09, 0x09, 0x09, 0x09, 0x09, 0x09, 0x09, 0x09
    .byte 0x09, 0x09, 0x09, 0x09, 0x09, 0x09, 0x09, 0x09, 0x09, 0x09, 0x08, 0x08, 0x08, 0x08, 0x08, 0x08, 0x08, 0x08, 0x08, 0x08, 0x08, 0x09, 0x09, 0x09, 0x09, 0x09, 0x09, 0x09, 0x09, 0x09, 0x09, 0x08
    .byte 0x08, 0x08, 0x08, 0x08, 0x08, 0x08, 0x08, 0x08, 0x08, 0x08, 0x08, 0x08, 0x08, 0x08, 0x08, 0x51, 0x51, 0x51, 0x51, 0x51, 0x51, 0x51, 0x51, 0x51, 0x51, 0x51, 0x09, 0x09, 0x09, 0x09, 0x09, 0x09
    .byte 0x09, 0x09, 0x09, 0x09, 0x09, 0x09, 0x09, 0x09, 0x09, 0x09, 0x09, 0x09, 0x09, 0x09, 0x09, 0x09, 0x09, 0x09, 0x09, 0x09, 0x09, 0x09, 0x09, 0x09, 0x09, 0x09, 0x09, 0x09, 0x09, 0x09, 0x51, 0x51
    .byte 0x51, 0x51, 0x51, 0x51, 0x51, 0x51, 0x51, 0x51, 0x51, 0x51, 0x51, 0x51, 0x51, 0x51, 0x51, 0x51, 0x51, 0x51, 0x09, 0x09, 0x09, 0x09, 0x09, 0x09, 0x09, 0x09, 0x09, 0x09, 0x09, 0x09, 0x09, 0x09
    .byte 0x09, 0x09, 0x09, 0x09, 0x09, 0x09, 0x51, 0x51, 0x51, 0x51, 0x51, 0x51, 0x51, 0x51, 0x09, 0x09, 0x09, 0x09, 0x09, 0x09, 0x09, 0x09, 0x09, 0x09, 0x09, 0x09, 0x09, 0x09, 0x09, 0x09, 0x09, 0x09
    .byte 0x09, 0x09, 0x09, 0x09, 0x09, 0x09, 0x09, 0x09, 0x09, 0x09, 0x09, 0x09, 0x09, 0x09, 0x09, 0x09, 0x09, 0x09, 0x09, 0x09, 0x09, 0x09, 0x09, 0x09, 0x09, 0x09, 0x09, 0x09, 0x09, 0x09, 0x09, 0x09
    .byte 0x08, 0x08, 0x08, 0x08, 0x08, 0x08, 0x08, 0x08, 0x08, 0x08, 0x08, 0x08, 0x08, 0x08, 0x08, 0x08, 0x08, 0x08, 0x08, 0x08, 0x08, 0x08, 0x09, 0x09, 0x09, 0x09, 0x09, 0x09, 0x09, 0x09, 0x09, 0x09
    .byte 0x51, 0x51, 0x51, 0x51, 0x51, 0x51, 0x51, 0x51, 0x51, 0x51, 0x51, 0x51, 0x51, 0x51, 0x51, 0x09, 0x09, 0x09, 0x09, 0x09, 0x09, 0x09, 0x09, 0x09, 0x09, 0x51, 0x51, 0x51, 0x51, 0x51, 0x51, 0x51
    .byte 0x51, 0x51, 0x51, 0x09, 0x09, 0x09, 0x09, 0x09, 0x09, 0x09, 0x09, 0x09, 0x09, 0x51, 0x51, 0x51, 0x51, 0x51, 0x51, 0x08, 0x08, 0x08, 0x08, 0x08, 0x08, 0x08, 0x08, 0x08, 0x08, 0x08, 0x08, 0x08
    .byte 0x08, 0x08, 0x08, 0x08, 0x08, 0x08, 0x08, 0x08, 0x08, 0x09, 0x09, 0x09, 0x09, 0x09, 0x09, 0x09, 0x09, 0x09, 0x09, 0x09, 0x09, 0x09, 0x09, 0x09, 0x09, 0x09, 0x09, 0x09, 0x09, 0x09, 0x09, 0x09
    .byte 0x09, 0x09, 0x09, 0x09, 0x09, 0x09, 0x09, 0x09, 0x09, 0x09, 0x08, 0x08, 0x08, 0x08, 0x08, 0x08, 0x08, 0x08, 0x08, 0x08, 0x08, 0x09, 0x09, 0x09, 0x09, 0x09, 0x09, 0x09, 0x09, 0x09, 0x09, 0x08
    .byte 0x08, 0x08, 0x08, 0x08, 0x08, 0x08, 0x08, 0x08, 0x08, 0x08, 0x08, 0x08, 0x08, 0x08, 0x08, 0x51, 0x51, 0x51, 0x51, 0x51, 0x51, 0x51, 0x51, 0x51, 0x51, 0x51, 0x09, 0x09, 0x09, 0x09, 0x09, 0x09
    .byte 0x09, 0x09, 0x09, 0x09, 0x09, 0x09, 0x09, 0x09, 0x09, 0x09, 0x09, 0x09, 0x09, 0x09, 0x09, 0x09, 0x09, 0x09, 0x09, 0x09, 0x09, 0x09, 0x09, 0x09, 0x09, 0x09, 0x09, 0x09, 0x09, 0x09, 0x51, 0x51
    .byte 0x51, 0x51, 0x51, 0x51, 0x51, 0x51, 0x51, 0x51, 0x51, 0x51, 0x51, 0x51, 0x51, 0x51, 0x51, 0x51, 0x51, 0x51, 0x09, 0x09, 0x09, 0x09, 0x09, 0x09, 0x09, 0x09, 0x09, 0x09, 0x09, 0x09, 0x09, 0x09
    .byte 0x09, 0x09, 0x09, 0x09, 0x09, 0x09, 0x51, 0x51, 0x51, 0x51, 0x51, 0x51, 0x51, 0x51, 0x51, 0x09, 0x51, 0x09, 0x51, 0x09, 0x51, 0x09, 0x51, 0x09, 0x51, 0x09, 0x51, 0x09, 0x51, 0x09, 0x51, 0x09
    .byte 0x51, 0x09, 0x51, 0x09, 0x51, 0x09, 0x51, 0x09, 0x51, 0x09, 0x51, 0x09, 0x51, 0x09, 0x51, 0x09, 0x51, 0x09, 0x51, 0x09, 0x51, 0x09, 0x09, 0x09, 0x09, 0x09, 0x09, 0x09, 0x09, 0x09, 0x09, 0x09
    .byte 0x08, 0x08, 0x08, 0x08, 0x08, 0x08, 0x08, 0x08, 0x08, 0x08, 0x08, 0x08, 0x08, 0x08, 0x08, 0x08, 0x08, 0x08, 0x08, 0x08, 0x08, 0x08, 0x09, 0x09, 0x09, 0x09, 0x09, 0x09, 0x09, 0x09, 0x09, 0x09
    .byte 0x51, 0x51, 0x51, 0x51, 0x51, 0x51, 0x51, 0x51, 0x51, 0x51, 0x51, 0x51, 0x51, 0x51, 0x51, 0x09, 0x09, 0x09, 0x09, 0x09, 0x09, 0x09, 0x09, 0x09, 0x09, 0x51, 0x51, 0x51, 0x51, 0x51, 0x51, 0x51
    .byte 0x51, 0x51, 0x51, 0x09, 0x09, 0x09, 0x09, 0x09, 0x09, 0x09, 0x09, 0x09, 0x09, 0x51, 0x51, 0x51, 0x51, 0x51, 0x51, 0x08, 0x08, 0x08, 0x08, 0x08, 0x08, 0x08, 0x08, 0x08, 0x08, 0x08, 0x08, 0x08
    .byte 0x08, 0x08, 0x08, 0x08, 0x08, 0x08, 0x08, 0x08, 0x08, 0x09, 0x09, 0x09, 0x09, 0x09, 0x09, 0x09, 0x09, 0x09, 0x09, 0x09, 0x09, 0x09, 0x09, 0x09, 0x09, 0x09, 0x09, 0x09, 0x09, 0x09, 0x09, 0x09
    .byte 0x09, 0x09, 0x09, 0x09, 0x09, 0x09, 0x09, 0x09, 0x09, 0x09, 0x08, 0x08, 0x08, 0x08, 0x08, 0x08, 0x08, 0x08, 0x08, 0x08, 0x08, 0x09, 0x09, 0x09, 0x09, 0x09, 0x09, 0x09, 0x09, 0x09, 0x09, 0x08
    .byte 0x08, 0x08, 0x08, 0x08, 0x08, 0x08, 0x08, 0x08, 0x08, 0x08, 0x08, 0x08, 0x08, 0x08, 0x08, 0x51, 0x51, 0x51, 0x51, 0x51, 0x51, 0x51, 0x51, 0x51, 0x51, 0x51, 0x09, 0x09, 0x09, 0x09, 0x09, 0x09
    .byte 0x09, 0x09, 0x09, 0x09, 0x09, 0x09, 0x09, 0x09, 0x09, 0x09, 0x09, 0x09, 0x09, 0x09, 0x09, 0x09, 0x09, 0x09, 0x09, 0x09, 0x09, 0x09, 0x09, 0x09, 0x09, 0x09, 0x09, 0x09, 0x09, 0x09, 0x51, 0x51
    .byte 0x51, 0x51, 0x51, 0x51, 0x51, 0x51, 0x51, 0x51, 0x51, 0x51, 0x51, 0x51, 0x51, 0x51, 0x51, 0x51, 0x51, 0x51, 0x09, 0x09, 0x09, 0x09, 0x09, 0x09, 0x09, 0x09, 0x09, 0x09, 0x09, 0x09, 0x09, 0x09
    .byte 0x09, 0x09, 0x09, 0x09, 0x09, 0x09, 0x51, 0x51, 0x51, 0x51, 0x51, 0x51, 0x51, 0x51, 0x09, 0x09, 0x09, 0x09, 0x09, 0x09, 0x09, 0x09, 0x09, 0x09, 0x09, 0x09, 0x09, 0x09, 0x09, 0x09, 0x09, 0x09
    .byte 0x09, 0x09, 0x09, 0x09, 0x09, 0x09, 0x09, 0x09, 0x09, 0x09, 0x09, 0x09, 0x09, 0x09, 0x09, 0x09, 0x09, 0x09, 0x09, 0x09, 0x09, 0x09, 0x09, 0x09, 0x09, 0x09, 0x09, 0x09, 0x09, 0x09, 0x09, 0x09
    .byte 0x08, 0x08, 0x08, 0x08, 0x08, 0x08, 0x08, 0x08, 0x08, 0x08, 0x08, 0x08, 0x08, 0x08, 0x08, 0x08, 0x08, 0x08, 0x08, 0x08, 0x08, 0x08, 0x09, 0x09, 0x09, 0x09, 0x09, 0x09, 0x09, 0x09, 0x09, 0x09
    .byte 0x51, 0x51, 0x51, 0x51, 0x51, 0x51, 0x51, 0x51, 0x51, 0x51, 0x51, 0x51, 0x51, 0x51, 0x51, 0x09, 0x09, 0x09, 0x09, 0x09, 0x09, 0x09, 0x09, 0x09, 0x09, 0x51, 0x51, 0x51, 0x51, 0x51, 0x51, 0x51
    .byte 0x51, 0x51, 0x51, 0x09, 0x09, 0x09, 0x09, 0x09, 0x09, 0x09, 0x09, 0x09, 0x09, 0x51, 0x51, 0x51, 0x51, 0x51, 0x51, 0x08, 0x08, 0x08, 0x08, 0x08, 0x08, 0x08, 0x08, 0x08, 0x08, 0x08, 0x08, 0x08
    .byte 0x08, 0x08, 0x08, 0x08, 0x08, 0x08, 0x08, 0x08, 0x08, 0x09, 0x09, 0x09, 0x09, 0x09, 0x09, 0x09, 0x09, 0x09, 0x09, 0x09, 0x09, 0x09, 0x09, 0x09, 0x09, 0x09, 0x09, 0x09, 0x09, 0x09, 0x09, 0x09
    .byte 0x09, 0x09, 0x09, 0x09, 0x09, 0x09, 0x09, 0x09, 0x09, 0x09, 0x08, 0x08, 0x08, 0x08, 0x08, 0x08, 0x08, 0x08, 0x08, 0x08, 0x08, 0x09, 0x09, 0x09, 0x09, 0x09, 0x09, 0x09, 0x09, 0x09, 0x09, 0x08
    .byte 0x08, 0x08, 0x08, 0x08, 0x08, 0x08, 0x08, 0x08, 0x08, 0x08, 0x08, 0x08, 0x08, 0x08, 0x08, 0x51, 0x51, 0x51, 0x51, 0x51, 0x51, 0x51, 0x51, 0x51, 0x51, 0x51, 0x09, 0x09, 0x09, 0x09, 0x09, 0x09
    .byte 0x09, 0x09, 0x09, 0x09, 0x09, 0x09, 0x09, 0x09, 0x09, 0x09, 0x09, 0x09, 0x09, 0x09, 0x09, 0x09, 0x09, 0x09, 0x09, 0x09, 0x09, 0x09, 0x09, 0x09, 0x09, 0x09, 0x09, 0x09, 0x09, 0x09, 0x51, 0x51
    .byte 0x51, 0x51, 0x51, 0x51, 0x51, 0x51, 0x51, 0x51, 0x51, 0x51, 0x51, 0x51, 0x51, 0x51, 0x51, 0x51, 0x51, 0x51, 0x09, 0x09, 0x09, 0x09, 0x09, 0x09, 0x09, 0x09, 0x09, 0x09, 0x09, 0x09, 0x09, 0x09
    .byte 0x09, 0x09, 0x09, 0x09, 0x09, 0x09, 0x51, 0x51, 0x51, 0x51, 0x51, 0x51, 0x51, 0x51, 0x51, 0x09, 0x51, 0x09, 0x51, 0x09, 0x51, 0x09, 0x51, 0x09, 0x51, 0x09, 0x51, 0x09, 0x51, 0x09, 0x51, 0x09
    .byte 0x51, 0x09, 0x51, 0x09, 0x51, 0x09, 0x51, 0x09, 0x51, 0x09, 0x51, 0x09, 0x51, 0x09, 0x51, 0x09, 0x51, 0x09, 0x51, 0x09, 0x51, 0x09, 0x09, 0x09, 0x09, 0x09, 0x09, 0x09, 0x09, 0x09, 0x09, 0x09
    .byte 0x08, 0x08, 0x08, 0x08, 0x08, 0x08, 0x08, 0x08, 0x08, 0x08, 0x08, 0x08, 0x08, 0x08, 0x08, 0x08, 0x08, 0x08, 0x08, 0x08, 0x08, 0x08, 0x09, 0x09, 0x09, 0x09, 0x09, 0x09, 0x09, 0x09, 0x09, 0x09
    .byte 0x51, 0x51, 0x51, 0x51, 0x51, 0x51, 0x51, 0x51, 0x51, 0x51, 0x51, 0x51, 0x51, 0x51, 0x51, 0x09, 0x09, 0x09, 0x09, 0x09, 0x09, 0x09, 0x09, 0x09, 0x09, 0x51, 0x51, 0x51, 0x51, 0x51, 0x51, 0x51
    .byte 0x51, 0x51, 0x51, 0x09, 0x09, 0x09, 0x09, 0x09, 0x09, 0x09, 0x09, 0x09, 0x09, 0x51, 0x51, 0x51, 0x51, 0x51, 0x51, 0x08, 0x08, 0x08, 0x08, 0x08, 0x08, 0x08, 0x08, 0x08, 0x08, 0x08, 0x08, 0x08
    .byte 0x08, 0x08, 0x08, 0x08, 0x08, 0x08, 0x08, 0x08, 0x08, 0x09, 0x09, 0x09, 0x09, 0x09, 0x09, 0x09, 0x09, 0x09, 0x09, 0x09, 0x09, 0x09, 0x09, 0x09, 0x09, 0x09, 0x09, 0x09, 0x09, 0x09, 0x09, 0x09
    .byte 0x09, 0x09, 0x09, 0x09, 0x09, 0x09, 0x09, 0x09, 0x09, 0x09, 0x08, 0x08, 0x08, 0x08, 0x08, 0x08, 0x08, 0x08, 0x08, 0x08, 0x08, 0x09, 0x09, 0x09, 0x09, 0x09, 0x09, 0x09, 0x09, 0x09, 0x09, 0x08
    .byte 0x08, 0x08, 0x08, 0x08, 0x08, 0x08, 0x08, 0x08, 0x08, 0x08, 0x08, 0x08, 0x08, 0x08, 0x08, 0x51, 0x51, 0x51, 0x51, 0x51, 0x51, 0x51, 0x51, 0x51, 0x51, 0x51, 0x09, 0x09, 0x09, 0x09, 0x09, 0x09
    .byte 0x09, 0x09, 0x09, 0x09, 0x09, 0x09, 0x09, 0x09, 0x09, 0x09, 0x09, 0x09, 0x09, 0x09, 0x09, 0x09, 0x09, 0x09, 0x09, 0x09, 0x09, 0x09, 0x09, 0x09, 0x09, 0x09, 0x09, 0x09, 0x09, 0x09, 0x51, 0x51
    .byte 0x51, 0x51, 0x51, 0x51, 0x51, 0x51, 0x51, 0x51, 0x51, 0x51, 0x51, 0x51, 0x51, 0x51, 0x51, 0x51, 0x51, 0x51, 0x09, 0x09, 0x09, 0x09, 0x09, 0x09, 0x09, 0x09, 0x09, 0x09, 0x09, 0x09, 0x09, 0x09
    .byte 0x09, 0x09, 0x09, 0x09, 0x09, 0x09, 0x51, 0x51, 0x51, 0x51, 0x51, 0x51, 0x51, 0x51, 0x09, 0x09, 0x09, 0x09, 0x09, 0x09, 0x09, 0x09, 0x09, 0x09, 0x09, 0x09, 0x09, 0x09, 0x09, 0x09, 0x09, 0x09
    .byte 0x09, 0x09, 0x09, 0x09, 0x09, 0x09, 0x09, 0x09, 0x09, 0x09, 0x09, 0x09, 0x09, 0x09, 0x09, 0x09, 0x09, 0x09, 0x09, 0x09, 0x09, 0x09, 0x09, 0x09, 0x09, 0x09, 0x09, 0x09, 0x09, 0x09, 0x09, 0x09
    .byte 0x08, 0x08, 0x08, 0x08, 0x08, 0x08, 0x08, 0x08, 0x08, 0x08, 0x08, 0x08, 0x08, 0x08, 0x08, 0x08, 0x08, 0x08, 0x08, 0x08, 0x08, 0x08, 0x09, 0x09, 0x09, 0x09, 0x09, 0x09, 0x09, 0x09, 0x09, 0x09
    .byte 0x51, 0x51, 0x51, 0x51, 0x51, 0x51, 0x51, 0x51, 0x51, 0x51, 0x51, 0x51, 0x51, 0x51, 0x51, 0x09, 0x09, 0x09, 0x09, 0x09, 0x09, 0x09, 0x09, 0x09, 0x09, 0x51, 0x51, 0x51, 0x51, 0x51, 0x51, 0x51
    .byte 0x51, 0x51, 0x51, 0x09, 0x09, 0x09, 0x09, 0x09, 0x09, 0x09, 0x09, 0x09, 0x09, 0x51, 0x51, 0x51, 0x51, 0x51, 0x51, 0x08, 0x08, 0x08, 0x08, 0x08, 0x08, 0x08, 0x08, 0x08, 0x08, 0x08, 0x08, 0x08
    .byte 0x08, 0x08, 0x08, 0x08, 0x08, 0x08, 0x08, 0x08, 0x08, 0x09, 0x09, 0x09, 0x09, 0x09, 0x09, 0x09, 0x09, 0x09, 0x09, 0x09, 0x09, 0x09, 0x09, 0x09, 0x09, 0x09, 0x09, 0x09, 0x09, 0x09, 0x09, 0x09
    .byte 0x09, 0x09, 0x09, 0x09, 0x09, 0x09, 0x09, 0x09, 0x09, 0x09, 0x08, 0x08, 0x08, 0x08, 0x08, 0x08, 0x08, 0x08, 0x08, 0x08, 0x08, 0x09, 0x09, 0x09, 0x09, 0x09, 0x09, 0x09, 0x09, 0x09, 0x09, 0x08
    .byte 0x08, 0x08, 0x08, 0x08, 0x08, 0x08, 0x08, 0x08, 0x08, 0x08, 0x08, 0x08, 0x08, 0x08, 0x08, 0x51, 0x51, 0x51, 0x51, 0x51, 0x51, 0x51, 0x51, 0x51, 0x51, 0x51, 0x09, 0x09, 0x09, 0x09, 0x09, 0x09
    .byte 0x09, 0x09, 0x09, 0x09, 0x09, 0x09, 0x09, 0x09, 0x09, 0x09, 0x09, 0x09, 0x09, 0x09, 0x09, 0x09, 0x09, 0x09, 0x09, 0x09, 0x09, 0x09, 0x09, 0x09, 0x09, 0x09, 0x09, 0x09, 0x09, 0x09, 0x51, 0x51
    .byte 0x51, 0x51, 0x51, 0x51, 0x51, 0x51, 0x51, 0x51, 0x51, 0x51, 0x51, 0x51, 0x51, 0x51, 0x51, 0x51, 0x51, 0x51, 0x09, 0x09, 0x09, 0x09, 0x09, 0x09, 0x09, 0x09, 0x09, 0x09, 0x09, 0x09, 0x09, 0x09
    .byte 0x09, 0x09, 0x09, 0x09, 0x09, 0x09, 0x51, 0x51, 0x51, 0x51, 0x51, 0x51, 0x51, 0x51, 0x51, 0x09, 0x51, 0x09, 0x51, 0x09, 0x51, 0x09, 0x51, 0x09, 0x51, 0x09, 0x51, 0x09, 0x51, 0x09, 0x51, 0x09
    .byte 0x51, 0x09, 0x51, 0x09, 0x51, 0x09, 0x51, 0x09, 0x51, 0x09, 0x51, 0x09, 0x51, 0x09, 0x51, 0x09, 0x51, 0x09, 0x51, 0x09, 0x51, 0x09, 0x09, 0x09, 0x09, 0x09, 0x09, 0x09, 0x09, 0x09, 0x09, 0x09
    .byte 0x08, 0x08, 0x08, 0x08, 0x08, 0x08, 0x08, 0x08, 0x08, 0x08, 0x08, 0x08, 0x08, 0x08, 0x08, 0x08, 0x08, 0x08, 0x08, 0x08, 0x08, 0x08, 0x09, 0x09, 0x09, 0x09, 0x09, 0x09, 0x09, 0x09, 0x09, 0x09
    .byte 0x51, 0x51, 0x51, 0x51, 0x51, 0x51, 0x51, 0x51, 0x51, 0x51, 0x51, 0x51, 0x51, 0x51, 0x51, 0x09, 0x09, 0x09, 0x09, 0x09, 0x09, 0x09, 0x09, 0x09, 0x09, 0x51, 0x51, 0x51, 0x51, 0x51, 0x51, 0x51
    .byte 0x51, 0x51, 0x51, 0x09, 0x09, 0x09, 0x09, 0x09, 0x09, 0x09, 0x09, 0x09, 0x09, 0x51, 0x51, 0x51, 0x51, 0x51, 0x51, 0x08, 0x08, 0x08, 0x08, 0x08, 0x08, 0x08, 0x08, 0x08, 0x08, 0x08, 0x08, 0x08
    .byte 0x08, 0x08, 0x08, 0x08, 0x08, 0x08, 0x08, 0x08, 0x08, 0x09, 0x09, 0x09, 0x09, 0x09, 0x09, 0x09, 0x09, 0x09, 0x09, 0x09, 0x09, 0x09, 0x09, 0x09, 0x09, 0x09, 0x09, 0x09, 0x09, 0x09, 0x09, 0x09
    .byte 0x09, 0x09, 0x09, 0x09, 0x09, 0x09, 0x09, 0x09, 0x09, 0x09, 0x08, 0x08, 0x08, 0x08, 0x08, 0x08, 0x08, 0x08, 0x08, 0x08, 0x08, 0x09, 0x09, 0x09, 0x09, 0x09, 0x09, 0x09, 0x09, 0x09, 0x09, 0x08
    .byte 0x08, 0x08, 0x08, 0x08, 0x08, 0x08, 0x08, 0x08, 0x08, 0x08, 0x08, 0x08, 0x08, 0x08, 0x08, 0x51, 0x51, 0x51, 0x51, 0x51, 0x51, 0x51, 0x51, 0x51, 0x51, 0x51, 0x09, 0x09, 0x09, 0x09, 0x09, 0x09
    .byte 0x09, 0x09, 0x09, 0x09, 0x09, 0x09, 0x09, 0x09, 0x09, 0x09, 0x09, 0x09, 0x09, 0x09, 0x09, 0x09, 0x09, 0x09, 0x09, 0x09, 0x09, 0x09, 0x09, 0x09, 0x09, 0x09, 0x09, 0x09, 0x09, 0x09, 0x51, 0x51
    .byte 0x51, 0x51, 0x51, 0x51, 0x51, 0x51, 0x51, 0x51, 0x51, 0x51, 0x51, 0x51, 0x51, 0x51, 0x51, 0x51, 0x51, 0x51, 0x09, 0x09, 0x09, 0x09, 0x09, 0x09, 0x09, 0x09, 0x09, 0x09, 0x09, 0x09, 0x09, 0x09
    .byte 0x09, 0x09, 0x09, 0x09, 0x09, 0x09, 0x51, 0x51, 0x51, 0x51, 0x51, 0x51, 0x51, 0x51, 0x09, 0x09, 0x09, 0x09, 0x09, 0x09, 0x09, 0x09, 0x09, 0x09, 0x09, 0x09, 0x09, 0x09, 0x09, 0x09, 0x09, 0x09
    .byte 0x09, 0x09, 0x09, 0x09, 0x09, 0x09, 0x09, 0x09, 0x09, 0x09, 0x09, 0x09, 0x09, 0x09, 0x09, 0x09, 0x09, 0x09, 0x09, 0x09, 0x09, 0x09, 0x09, 0x09, 0x09, 0x09, 0x09, 0x09, 0x09, 0x09, 0x09, 0x09
    .byte 0x08, 0x08, 0x08, 0x08, 0x08, 0x08, 0x08, 0x08, 0x08, 0x08, 0x08, 0x08, 0x08, 0x08, 0x08, 0x08, 0x08, 0x08, 0x08, 0x08, 0x08, 0x08, 0x09, 0x09, 0x09, 0x09, 0x09, 0x09, 0x09, 0x09, 0x09, 0x09
    .byte 0x51, 0x51, 0x51, 0x51, 0x51, 0x51, 0x51, 0x51, 0x51, 0x51, 0x51, 0x51, 0x51, 0x51, 0x51, 0x09, 0x09, 0x09, 0x09, 0x09, 0x09, 0x09, 0x09, 0x09, 0x09, 0x51, 0x51, 0x51, 0x51, 0x51, 0x51, 0x51
    .byte 0x51, 0x51, 0x51, 0x09, 0x09, 0x09, 0x09, 0x09, 0x09, 0x09, 0x09, 0x09, 0x09, 0x51, 0x51, 0x51, 0x51, 0x51, 0x51, 0x08, 0x08, 0x08, 0x08, 0x08, 0x08, 0x08, 0x08, 0x08, 0x08, 0x08, 0x08, 0x08
    .byte 0x08, 0x08, 0x08, 0x08, 0x08, 0x08, 0x08, 0x08, 0x08, 0x09, 0x09, 0x09, 0x09, 0x09, 0x09, 0x09, 0x09, 0x09, 0x09, 0x09, 0x09, 0x09, 0x09, 0x09, 0x09, 0x09, 0x09, 0x09, 0x09, 0x09, 0x09, 0x09
    .byte 0x09, 0x09, 0x09, 0x09, 0x09, 0x09, 0x09, 0x09, 0x09, 0x09, 0x08, 0x08, 0x08, 0x08, 0x08, 0x08, 0x08, 0x08, 0x08, 0x08, 0x08, 0x09, 0x09, 0x09, 0x09, 0x09, 0x09, 0x09, 0x09, 0x09, 0x09, 0x08
    .byte 0x08, 0x08, 0x08, 0x08, 0x08, 0x08, 0x08, 0x08, 0x08, 0x08, 0x08, 0x08, 0x08, 0x08, 0x08, 0x51, 0x51, 0x51, 0x51, 0x51, 0x51, 0x51, 0x51, 0x51, 0x51, 0x51, 0x09, 0x09, 0x09, 0x09, 0x09, 0x09
    .byte 0x09, 0x09, 0x09, 0x09, 0x09, 0x09, 0x09, 0x09, 0x09, 0x09, 0x09, 0x09, 0x09, 0x09, 0x09, 0x09, 0x09, 0x09, 0x09, 0x09, 0x09, 0x09, 0x09, 0x09, 0x09, 0x09, 0x09, 0x09, 0x09, 0x09, 0x51, 0x51
    .byte 0x51, 0x51, 0x51, 0x51, 0x51, 0x51, 0x51, 0x51, 0x51, 0x51, 0x51, 0x51, 0x51, 0x51, 0x51, 0x51, 0x51, 0x51, 0x09, 0x09, 0x09, 0x09, 0x09, 0x09, 0x09, 0x09, 0x09, 0x09, 0x09, 0x09, 0x09, 0x09
    .byte 0x09, 0x09, 0x09, 0x09, 0x09, 0x09, 0x51, 0x51, 0x51, 0x51, 0x51, 0x51, 0x51, 0x51, 0x09, 0x09, 0x09, 0x09, 0x09, 0x09, 0x09, 0x09, 0x09, 0x09, 0x09, 0x09, 0x09, 0x09, 0x09, 0x09, 0x09, 0x09
    .byte 0x09, 0x09, 0x09, 0x09, 0x09, 0x09, 0x09, 0x09, 0x09, 0x09, 0x09, 0x09, 0x09, 0x09, 0x09, 0x09, 0x09, 0x09, 0x09, 0x09, 0x09, 0x09, 0x09, 0x09, 0x09, 0x09, 0x09, 0x09, 0x09, 0x09, 0x09, 0x09
    .byte 0x08, 0x08, 0x08, 0x08, 0x08, 0x08, 0x08, 0x08, 0x08, 0x08, 0x08, 0x08, 0x08, 0x08, 0x08, 0x08, 0x08, 0x08, 0x08, 0x08, 0x08, 0x08, 0x09, 0x09, 0x09, 0x09, 0x09, 0x09, 0x09, 0x09, 0x09, 0x09
    .byte 0x51, 0x51, 0x51, 0x51, 0x51, 0x51, 0x51, 0x51, 0x51, 0x51, 0x51, 0x51, 0x51, 0x51, 0x51, 0x09, 0x09, 0x09, 0x09, 0x09, 0x09, 0x09, 0x09, 0x09, 0x09, 0x51, 0x51, 0x51, 0x51, 0x51, 0x51, 0x51
    .byte 0x51, 0x51, 0x51, 0x09, 0x09, 0x09, 0x09, 0x09, 0x09, 0x09, 0x09, 0x09, 0x09, 0x51, 0x51, 0x51, 0x51, 0x51, 0x51, 0x08, 0x08, 0x08, 0x08, 0x08, 0x08, 0x08, 0x08, 0x08, 0x08, 0x08, 0x08, 0x08
    .byte 0x08, 0x08, 0x08, 0x08, 0x08, 0x08, 0x08, 0x08, 0x08, 0x09, 0x09, 0x09, 0x09, 0x09, 0x09, 0x09, 0x09, 0x09, 0x09, 0x09, 0x09, 0x09, 0x09, 0x09, 0x09, 0x09, 0x09, 0x09, 0x09, 0x09, 0x09, 0x09
    .byte 0x09, 0x09, 0x09, 0x09, 0x09, 0x09, 0x09, 0x09, 0x09, 0x09, 0x08, 0x08, 0x08, 0x08, 0x08, 0x08, 0x08, 0x08, 0x08, 0x08, 0x08, 0x09, 0x09, 0x09, 0x09, 0x09, 0x09, 0x09, 0x09, 0x09, 0x09, 0x08
    .byte 0x08, 0x08, 0x08, 0x08, 0x08, 0x08, 0x08, 0x08, 0x08, 0x08, 0x08, 0x08, 0x08, 0x08, 0x08, 0x51, 0x51, 0x51, 0x51, 0x51, 0x51, 0x51, 0x51, 0x51, 0x51, 0x51, 0x09, 0x09, 0x09, 0x09, 0x09, 0x09
    .byte 0x09, 0x09, 0x09, 0x09, 0x09, 0x09, 0x09, 0x09, 0x09, 0x09, 0x09, 0x09, 0x09, 0x09, 0x09, 0x09, 0x09, 0x09, 0x09, 0x09, 0x09, 0x09, 0x09, 0x09, 0x09, 0x09, 0x09, 0x09, 0x09, 0x09, 0x51, 0x51
    .byte 0x51, 0x51, 0x51, 0x51, 0x51, 0x51, 0x51, 0x51, 0x51, 0x51, 0x51, 0x51, 0x51, 0x51, 0x51, 0x51, 0x51, 0x51, 0x09, 0x09, 0x09, 0x09, 0x09, 0x09, 0x09, 0x09, 0x09, 0x09, 0x09, 0x09, 0x09, 0x09
    .byte 0x09, 0x09, 0x09, 0x09, 0x09, 0x09, 0x51, 0x51, 0x51, 0x51, 0x51, 0x51, 0x51, 0x51, 0x09, 0x09, 0x09, 0x09, 0x09, 0x09, 0x09, 0x09, 0x09, 0x09, 0x09, 0x09, 0x09, 0x09, 0x09, 0x09, 0x09, 0x09
    .byte 0x09, 0x09, 0x09, 0x09, 0x09, 0x09, 0x09, 0x09, 0x09, 0x09, 0x09, 0x09, 0x09, 0x09, 0x09, 0x09, 0x09, 0x09, 0x09, 0x09, 0x09, 0x09, 0x09, 0x09, 0x09, 0x09, 0x09, 0x09, 0x09, 0x09, 0x09, 0x09

# overlay-pixels: 42
sewer_bgr233_exit_overlay_pixels:
    .word 0x00001437, 0x00003537, 0x00015437, 0x00017537, 0x00029477, 0x0002B537, 0x0003D477, 0x0003F537
    .word 0x00051477, 0x00053577, 0x00065477, 0x00067577, 0x00079437, 0x0007B577, 0x0008D437, 0x0008F577
    .word 0x000A1437, 0x000A3577, 0x000B5477, 0x000B7577, 0x000C9477, 0x000C9537, 0x000CA237, 0x000CA337
    .word 0x000CA477, 0x000CA577, 0x000CA677, 0x000CA777, 0x000CA877, 0x000CA977, 0x000CAA77, 0x000CAB77
    .word 0x000CAC77, 0x000CAD77, 0x000CAE37, 0x000CAF37, 0x000CB037, 0x000CB177, 0x000CB277, 0x000CB377
    .word 0x000CB477, 0x000CB577
