# Generated by tools/convert_sprites.py; do not edit.
# Format: RARS16 Custom1 BGR233 direct 8bpp (BBGGGRRR)
# Formula: alpha == 0 ? 0 : max(1, ((blue >> 6) << 6) | ((green >> 5) << 3) | (red >> 5))
.data

# _armas/sprite_0.png
.align 2
asset__armas_sprite_0:
    .byte 0x00, 0x00, 0x00, 0xAD, 0xAD, 0xAD, 0xAD, 0xAD, 0x5B, 0x5B, 0x5B, 0x5B, 0x5B, 0x5B, 0x5B, 0x5B
    .byte 0x00, 0x00, 0x00, 0xAD, 0xAD, 0xAD, 0xAD, 0xAD, 0x5B, 0x5B, 0x5B, 0x5B, 0x5B, 0x5B, 0x5B, 0x5B
    .byte 0x00, 0x00, 0x00, 0xAD, 0xAD, 0xAD, 0xAD, 0xAD, 0x5B, 0x5B, 0x5B, 0x5B, 0x5B, 0x5B, 0x5B, 0x5B
    .byte 0xF6, 0xF6, 0xF6, 0xF6, 0xF6, 0xF6, 0xF6, 0xF6, 0xAD, 0xAD, 0xAD, 0xAD, 0xAD, 0xAD, 0xAD, 0xAD
    .byte 0xF6, 0xF6, 0xF6, 0xF6, 0xF6, 0xF6, 0xF6, 0xF6, 0xAD, 0xAD, 0xAD, 0xAD, 0xAD, 0xAD, 0xAD, 0xAD
    .byte 0xF6, 0xF6, 0xF6, 0xAD, 0xAD, 0xAD, 0xAD, 0xAD, 0x00, 0x00, 0x00, 0x00, 0x00, 0x00, 0x00, 0x00
    .byte 0xF6, 0xF6, 0xF6, 0xAD, 0xAD, 0xAD, 0xAD, 0xAD, 0x00, 0x00, 0x00, 0x00, 0x00, 0x00, 0x00, 0x00
    .byte 0xF6, 0xF6, 0xF6, 0xAD, 0xAD, 0xAD, 0xAD, 0xAD, 0x00, 0x00, 0x00, 0x00, 0x00, 0x00, 0x00, 0x00
    .byte 0x0B, 0x0B, 0x0B, 0x0B, 0x0B, 0x00, 0x00, 0x00, 0x00, 0x00, 0x00, 0x00, 0x00, 0x00, 0x00, 0x00
    .byte 0x0B, 0x0B, 0x0B, 0x0B, 0x0B, 0x00, 0x00, 0x00, 0x00, 0x00, 0x00, 0x00, 0x00, 0x00, 0x00, 0x00
    .byte 0x0B, 0x0B, 0x0B, 0x0B, 0x0B, 0x00, 0x00, 0x00, 0x00, 0x00, 0x00, 0x00, 0x00, 0x00, 0x00, 0x00
    .byte 0x0A, 0x0A, 0x0A, 0x0A, 0x0A, 0x00, 0x00, 0x00, 0x00, 0x00, 0x00, 0x00, 0x00, 0x00, 0x00, 0x00
    .byte 0x0A, 0x0A, 0x0A, 0x0A, 0x0A, 0x00, 0x00, 0x00, 0x00, 0x00, 0x00, 0x00, 0x00, 0x00, 0x00, 0x00
    .byte 0x0A, 0x0A, 0x0A, 0x0A, 0x0A, 0x00, 0x00, 0x00, 0x00, 0x00, 0x00, 0x00, 0x00, 0x00, 0x00, 0x00
    .byte 0x0A, 0x0A, 0x0A, 0x0A, 0x0A, 0x00, 0x00, 0x00, 0x00, 0x00, 0x00, 0x00, 0x00, 0x00, 0x00, 0x00
    .byte 0x0A, 0x0A, 0x0A, 0x0A, 0x0A, 0x00, 0x00, 0x00, 0x00, 0x00, 0x00, 0x00, 0x00, 0x00, 0x00, 0x00
.eqv ASSET__ARMAS_SPRITE_0_WIDTH 16
.eqv ASSET__ARMAS_SPRITE_0_HEIGHT 16

# _armas/sprite_1.png
.align 2
asset__armas_sprite_1:
    .byte 0x00, 0x00, 0x00, 0x00, 0x00, 0x00, 0x00, 0x00, 0x00, 0x00, 0x00, 0x00, 0x00, 0x00, 0x00, 0x00
    .byte 0x00, 0x00, 0x00, 0x00, 0x00, 0x00, 0x00, 0x00, 0x00, 0x00, 0x00, 0x00, 0x00, 0x00, 0x00, 0x00
    .byte 0x00, 0x00, 0x00, 0x2F, 0x2F, 0x2F, 0x2F, 0x2F, 0x2F, 0x2F, 0x2F, 0x2F, 0x2F, 0x00, 0x00, 0x00
    .byte 0x00, 0x00, 0x00, 0x2F, 0x2F, 0x2F, 0x2F, 0x2F, 0x2F, 0x2F, 0x2F, 0x2F, 0x2F, 0x00, 0x00, 0x00
    .byte 0x00, 0x00, 0x00, 0x2F, 0x2F, 0x2F, 0x2F, 0x2F, 0x2F, 0x2F, 0x2F, 0x2F, 0x2F, 0x00, 0x00, 0x00
    .byte 0x10, 0x10, 0x10, 0x77, 0x77, 0x77, 0x77, 0x77, 0x77, 0x77, 0x77, 0x77, 0x77, 0x21, 0x21, 0x21
    .byte 0x10, 0x10, 0x10, 0x77, 0x77, 0x77, 0x77, 0x77, 0x77, 0x77, 0x77, 0x77, 0x77, 0x21, 0x21, 0x21
    .byte 0x21, 0x21, 0x21, 0x37, 0x37, 0x37, 0x37, 0x37, 0x37, 0x37, 0x37, 0x37, 0x37, 0x10, 0x10, 0x10
    .byte 0x21, 0x21, 0x21, 0x37, 0x37, 0x37, 0x37, 0x37, 0x37, 0x37, 0x37, 0x37, 0x37, 0x10, 0x10, 0x10
    .byte 0x21, 0x21, 0x21, 0x37, 0x37, 0x37, 0x37, 0x37, 0x37, 0x37, 0x37, 0x37, 0x37, 0x10, 0x10, 0x10
    .byte 0x21, 0x21, 0x21, 0x21, 0x21, 0x10, 0x10, 0x10, 0x10, 0x10, 0x10, 0x21, 0x21, 0x10, 0x10, 0x10
    .byte 0x21, 0x21, 0x21, 0x21, 0x21, 0x10, 0x10, 0x10, 0x10, 0x10, 0x10, 0x21, 0x21, 0x10, 0x10, 0x10
    .byte 0x21, 0x21, 0x21, 0x21, 0x21, 0x10, 0x10, 0x10, 0x10, 0x10, 0x10, 0x21, 0x21, 0x10, 0x10, 0x10
    .byte 0x00, 0x00, 0x00, 0x00, 0x00, 0x00, 0x00, 0x00, 0x00, 0x00, 0x00, 0x00, 0x00, 0x00, 0x00, 0x00
    .byte 0x00, 0x00, 0x00, 0x00, 0x00, 0x00, 0x00, 0x00, 0x00, 0x00, 0x00, 0x00, 0x00, 0x00, 0x00, 0x00
    .byte 0x00, 0x00, 0x00, 0x00, 0x00, 0x00, 0x00, 0x00, 0x00, 0x00, 0x00, 0x00, 0x00, 0x00, 0x00, 0x00
.eqv ASSET__ARMAS_SPRITE_1_WIDTH 16
.eqv ASSET__ARMAS_SPRITE_1_HEIGHT 16

# _armas/sprite_2.png
.align 2
asset__armas_sprite_2:
    .byte 0x00, 0x00, 0x00, 0x00, 0x00, 0x00, 0x00, 0x00, 0x00, 0x00, 0x00, 0x00, 0x00, 0x00, 0x00, 0x00
    .byte 0x00, 0x00, 0x00, 0x00, 0x00, 0x00, 0x00, 0x00, 0x00, 0x00, 0x00, 0x00, 0x00, 0x00, 0x00, 0x00
    .byte 0x00, 0x00, 0x00, 0x09, 0x09, 0x09, 0x09, 0x09, 0x09, 0x09, 0x09, 0x09, 0x09, 0x09, 0x09, 0x09
    .byte 0x00, 0x00, 0x00, 0x09, 0x09, 0x09, 0x09, 0x09, 0x09, 0x09, 0x09, 0x09, 0x09, 0x09, 0x09, 0x09
    .byte 0x00, 0x00, 0x00, 0x09, 0x09, 0x09, 0x09, 0x09, 0x09, 0x09, 0x09, 0x09, 0x09, 0x09, 0x09, 0x09
    .byte 0x09, 0x09, 0x09, 0x0A, 0x0A, 0x09, 0x09, 0x09, 0x0A, 0x0A, 0x0A, 0x0A, 0x0A, 0x00, 0x00, 0x00
    .byte 0x09, 0x09, 0x09, 0x0A, 0x0A, 0x09, 0x09, 0x09, 0x0A, 0x0A, 0x0A, 0x0A, 0x0A, 0x00, 0x00, 0x00
    .byte 0x0A, 0x0A, 0x0A, 0x0A, 0x0A, 0x00, 0x00, 0x00, 0x00, 0x00, 0x00, 0x00, 0x00, 0x00, 0x00, 0x00
    .byte 0x0A, 0x0A, 0x0A, 0x0A, 0x0A, 0x00, 0x00, 0x00, 0x00, 0x00, 0x00, 0x00, 0x00, 0x00, 0x00, 0x00
    .byte 0x0A, 0x0A, 0x0A, 0x0A, 0x0A, 0x00, 0x00, 0x00, 0x00, 0x00, 0x00, 0x00, 0x00, 0x00, 0x00, 0x00
    .byte 0x0A, 0x0A, 0x0A, 0x00, 0x00, 0x00, 0x00, 0x00, 0x00, 0x00, 0x00, 0x00, 0x00, 0x00, 0x00, 0x00
    .byte 0x0A, 0x0A, 0x0A, 0x00, 0x00, 0x00, 0x00, 0x00, 0x00, 0x00, 0x00, 0x00, 0x00, 0x00, 0x00, 0x00
    .byte 0x0A, 0x0A, 0x0A, 0x00, 0x00, 0x00, 0x00, 0x00, 0x00, 0x00, 0x00, 0x00, 0x00, 0x00, 0x00, 0x00
    .byte 0x00, 0x00, 0x00, 0x00, 0x00, 0x00, 0x00, 0x00, 0x00, 0x00, 0x00, 0x00, 0x00, 0x00, 0x00, 0x00
    .byte 0x00, 0x00, 0x00, 0x00, 0x00, 0x00, 0x00, 0x00, 0x00, 0x00, 0x00, 0x00, 0x00, 0x00, 0x00, 0x00
    .byte 0x00, 0x00, 0x00, 0x00, 0x00, 0x00, 0x00, 0x00, 0x00, 0x00, 0x00, 0x00, 0x00, 0x00, 0x00, 0x00
.eqv ASSET__ARMAS_SPRITE_2_WIDTH 16
.eqv ASSET__ARMAS_SPRITE_2_HEIGHT 16

# _armas/sprite_3.png
.align 2
asset__armas_sprite_3:
    .byte 0x00, 0x00, 0x00, 0x00, 0x00, 0x00, 0x00, 0x00, 0x00, 0x00, 0x00, 0x00, 0x00, 0x00, 0x00, 0x00
    .byte 0x00, 0x00, 0x00, 0x00, 0x00, 0x00, 0x00, 0x00, 0x00, 0x00, 0x00, 0x00, 0x00, 0x00, 0x00, 0x00
    .byte 0x00, 0x00, 0x00, 0x2F, 0x2F, 0x2F, 0x2F, 0x2F, 0x2F, 0x2F, 0x2F, 0x2F, 0x2F, 0x00, 0x00, 0x00
    .byte 0x00, 0x00, 0x00, 0x2F, 0x2F, 0x2F, 0x2F, 0x2F, 0x2F, 0x2F, 0x2F, 0x2F, 0x2F, 0x00, 0x00, 0x00
    .byte 0x00, 0x00, 0x00, 0x2F, 0x2F, 0x2F, 0x2F, 0x2F, 0x2F, 0x2F, 0x2F, 0x2F, 0x2F, 0x00, 0x00, 0x00
    .byte 0x01, 0x01, 0x01, 0x0F, 0x0F, 0x0F, 0x0F, 0x0F, 0x0F, 0x0F, 0x0F, 0x0F, 0x0F, 0x09, 0x09, 0x09
    .byte 0x01, 0x01, 0x01, 0x0F, 0x0F, 0x0F, 0x0F, 0x0F, 0x0F, 0x0F, 0x0F, 0x0F, 0x0F, 0x09, 0x09, 0x09
    .byte 0x09, 0x09, 0x09, 0x06, 0x06, 0x06, 0x06, 0x06, 0x06, 0x06, 0x06, 0x06, 0x06, 0x01, 0x01, 0x01
    .byte 0x09, 0x09, 0x09, 0x06, 0x06, 0x06, 0x06, 0x06, 0x06, 0x06, 0x06, 0x06, 0x06, 0x01, 0x01, 0x01
    .byte 0x09, 0x09, 0x09, 0x06, 0x06, 0x06, 0x06, 0x06, 0x06, 0x06, 0x06, 0x06, 0x06, 0x01, 0x01, 0x01
    .byte 0x09, 0x09, 0x09, 0x09, 0x09, 0x01, 0x01, 0x01, 0x01, 0x01, 0x01, 0x09, 0x09, 0x01, 0x01, 0x01
    .byte 0x09, 0x09, 0x09, 0x09, 0x09, 0x01, 0x01, 0x01, 0x01, 0x01, 0x01, 0x09, 0x09, 0x01, 0x01, 0x01
    .byte 0x09, 0x09, 0x09, 0x09, 0x09, 0x01, 0x01, 0x01, 0x01, 0x01, 0x01, 0x09, 0x09, 0x01, 0x01, 0x01
    .byte 0x00, 0x00, 0x00, 0x00, 0x00, 0x00, 0x00, 0x00, 0x00, 0x00, 0x00, 0x00, 0x00, 0x00, 0x00, 0x00
    .byte 0x00, 0x00, 0x00, 0x00, 0x00, 0x00, 0x00, 0x00, 0x00, 0x00, 0x00, 0x00, 0x00, 0x00, 0x00, 0x00
    .byte 0x00, 0x00, 0x00, 0x00, 0x00, 0x00, 0x00, 0x00, 0x00, 0x00, 0x00, 0x00, 0x00, 0x00, 0x00, 0x00
.eqv ASSET__ARMAS_SPRITE_3_WIDTH 16
.eqv ASSET__ARMAS_SPRITE_3_HEIGHT 16

# _armas/sprite_4.png
.align 2
asset__armas_sprite_4:
    .byte 0x00, 0x00, 0x00, 0x00, 0x00, 0x00, 0x00, 0x00, 0x00, 0x00, 0x00, 0x00, 0x00, 0x00, 0x00, 0x00
    .byte 0x00, 0x00, 0x00, 0x00, 0x00, 0x00, 0x00, 0x00, 0x00, 0x00, 0x00, 0x00, 0x00, 0x00, 0x00, 0x00
    .byte 0x00, 0x00, 0x00, 0x09, 0x09, 0x09, 0x09, 0x09, 0x09, 0x09, 0x09, 0x09, 0x09, 0x09, 0x09, 0x09
    .byte 0x00, 0x00, 0x00, 0x09, 0x09, 0x09, 0x09, 0x09, 0x09, 0x09, 0x09, 0x09, 0x09, 0x09, 0x09, 0x09
    .byte 0x00, 0x00, 0x00, 0x09, 0x09, 0x09, 0x09, 0x09, 0x09, 0x09, 0x09, 0x09, 0x09, 0x09, 0x09, 0x09
    .byte 0x09, 0x09, 0x09, 0x09, 0x09, 0x09, 0x09, 0x09, 0x09, 0x09, 0x09, 0x09, 0x09, 0x00, 0x00, 0x00
    .byte 0x09, 0x09, 0x09, 0x09, 0x09, 0x09, 0x09, 0x09, 0x09, 0x09, 0x09, 0x09, 0x09, 0x00, 0x00, 0x00
    .byte 0x09, 0x09, 0x09, 0x00, 0x00, 0x09, 0x09, 0x09, 0x00, 0x00, 0x00, 0x00, 0x00, 0x00, 0x00, 0x00
    .byte 0x09, 0x09, 0x09, 0x00, 0x00, 0x09, 0x09, 0x09, 0x00, 0x00, 0x00, 0x00, 0x00, 0x00, 0x00, 0x00
    .byte 0x09, 0x09, 0x09, 0x00, 0x00, 0x09, 0x09, 0x09, 0x00, 0x00, 0x00, 0x00, 0x00, 0x00, 0x00, 0x00
    .byte 0x00, 0x00, 0x00, 0x00, 0x00, 0x09, 0x09, 0x09, 0x00, 0x00, 0x00, 0x00, 0x00, 0x00, 0x00, 0x00
    .byte 0x00, 0x00, 0x00, 0x00, 0x00, 0x09, 0x09, 0x09, 0x00, 0x00, 0x00, 0x00, 0x00, 0x00, 0x00, 0x00
    .byte 0x00, 0x00, 0x00, 0x00, 0x00, 0x09, 0x09, 0x09, 0x00, 0x00, 0x00, 0x00, 0x00, 0x00, 0x00, 0x00
    .byte 0x00, 0x00, 0x00, 0x00, 0x00, 0x00, 0x00, 0x00, 0x00, 0x00, 0x00, 0x00, 0x00, 0x00, 0x00, 0x00
    .byte 0x00, 0x00, 0x00, 0x00, 0x00, 0x00, 0x00, 0x00, 0x00, 0x00, 0x00, 0x00, 0x00, 0x00, 0x00, 0x00
    .byte 0x00, 0x00, 0x00, 0x00, 0x00, 0x00, 0x00, 0x00, 0x00, 0x00, 0x00, 0x00, 0x00, 0x00, 0x00, 0x00
.eqv ASSET__ARMAS_SPRITE_4_WIDTH 16
.eqv ASSET__ARMAS_SPRITE_4_HEIGHT 16

# _armas/sprite_5.png
.align 2
asset__armas_sprite_5:
    .byte 0x00, 0x00, 0x00, 0x00, 0x27, 0x27, 0x27, 0x27, 0x00, 0x00, 0x00, 0x00, 0x00, 0x00, 0x00, 0x00
    .byte 0x00, 0x00, 0x00, 0x00, 0x27, 0x27, 0x27, 0x27, 0x00, 0x00, 0x00, 0x00, 0x00, 0x00, 0x00, 0x00
    .byte 0x00, 0x00, 0x00, 0x00, 0x27, 0x27, 0x27, 0x27, 0x00, 0x00, 0x00, 0x00, 0x00, 0x00, 0x00, 0x00
    .byte 0x00, 0x00, 0x00, 0x00, 0x27, 0x27, 0x27, 0x27, 0x00, 0x00, 0x00, 0x00, 0x00, 0x00, 0x00, 0x00
    .byte 0x00, 0x00, 0x00, 0x00, 0x09, 0x09, 0x09, 0x09, 0x27, 0x27, 0x27, 0x27, 0x00, 0x00, 0x00, 0x00
    .byte 0x00, 0x00, 0x00, 0x00, 0x09, 0x09, 0x09, 0x09, 0x27, 0x27, 0x27, 0x27, 0x00, 0x00, 0x00, 0x00
    .byte 0x00, 0x00, 0x00, 0x00, 0x09, 0x09, 0x09, 0x09, 0x27, 0x27, 0x27, 0x27, 0x00, 0x00, 0x00, 0x00
    .byte 0x00, 0x00, 0x00, 0x00, 0x09, 0x09, 0x09, 0x09, 0x27, 0x27, 0x27, 0x27, 0x00, 0x00, 0x00, 0x00
    .byte 0x00, 0x00, 0x00, 0x00, 0x09, 0x09, 0x09, 0x09, 0x09, 0x09, 0x09, 0x09, 0x00, 0x00, 0x00, 0x00
    .byte 0x00, 0x00, 0x00, 0x00, 0x09, 0x09, 0x09, 0x09, 0x09, 0x09, 0x09, 0x09, 0x00, 0x00, 0x00, 0x00
    .byte 0x00, 0x00, 0x00, 0x00, 0x09, 0x09, 0x09, 0x09, 0x09, 0x09, 0x09, 0x09, 0x00, 0x00, 0x00, 0x00
    .byte 0x00, 0x00, 0x00, 0x00, 0x09, 0x09, 0x09, 0x09, 0x09, 0x09, 0x09, 0x09, 0x00, 0x00, 0x00, 0x00
    .byte 0x00, 0x00, 0x00, 0x00, 0x00, 0x00, 0x00, 0x00, 0x09, 0x09, 0x09, 0x09, 0x00, 0x00, 0x00, 0x00
    .byte 0x00, 0x00, 0x00, 0x00, 0x00, 0x00, 0x00, 0x00, 0x09, 0x09, 0x09, 0x09, 0x00, 0x00, 0x00, 0x00
    .byte 0x00, 0x00, 0x00, 0x00, 0x00, 0x00, 0x00, 0x00, 0x09, 0x09, 0x09, 0x09, 0x00, 0x00, 0x00, 0x00
    .byte 0x00, 0x00, 0x00, 0x00, 0x00, 0x00, 0x00, 0x00, 0x09, 0x09, 0x09, 0x09, 0x00, 0x00, 0x00, 0x00
.eqv ASSET__ARMAS_SPRITE_5_WIDTH 16
.eqv ASSET__ARMAS_SPRITE_5_HEIGHT 16

# _backgrounds/laboratory_base.png
.align 2
asset__backgrounds_laboratory_base:
    .byte 0x00, 0x00, 0x00, 0x00, 0x00, 0x00, 0x00, 0x00, 0x00, 0x00, 0x00, 0x00, 0x00, 0x00, 0x00, 0x00
    .byte 0x00, 0x00, 0x00, 0x00, 0x00, 0x00, 0x00, 0x00, 0x00, 0x00, 0x00, 0x00, 0x00, 0x00, 0x00, 0x00
    .byte 0x03, 0xF6, 0xF6, 0xF6, 0xF6, 0xF6, 0xF6, 0xF6, 0xF6, 0xF6, 0xF6, 0xF6, 0xF6, 0xF6, 0xF6, 0xF6
    .byte 0xF6, 0xF6, 0xF6, 0xF6, 0xF6, 0xF6, 0x03, 0x5A, 0xF6, 0xF6, 0xF6, 0xF6, 0xF6, 0xF6, 0xF6, 0xF6
    .byte 0xF6, 0xF6, 0xF6, 0xF6, 0xF6, 0xF6, 0xF6, 0xF6, 0xF6, 0xF6, 0x03, 0xF6, 0xF6, 0xAD, 0xF6, 0xF6
    .byte 0xF6, 0xF6, 0xF6, 0xF6, 0xF6, 0xF6, 0xF6, 0xF6, 0xF6, 0xF6, 0xF6, 0xF6, 0xF6, 0xF6, 0xF6, 0xF6
    .byte 0xF6, 0xF6, 0xF6, 0xF6, 0xF6, 0xF6, 0xF6, 0xF6, 0xF6, 0xF6, 0xF6, 0xF6, 0xF6, 0xF6, 0x03, 0x5A
    .byte 0xF6, 0x5B, 0x5B, 0xF6, 0xF6, 0xF6, 0xF6, 0xF6, 0x2A, 0xF6, 0xF6, 0xF6, 0xF6, 0xF6, 0x03, 0x5A
    .byte 0xF6, 0x5B, 0x5B, 0xF6, 0xF6, 0xF6, 0xF6, 0x74, 0x74, 0xF6, 0xF6, 0xF6, 0xF6, 0xF6, 0xF6, 0xF6
    .byte 0xF6, 0xF6, 0xF6, 0xF6, 0xF6, 0xF6, 0xF6, 0xF6, 0xF6, 0xF6, 0xF6, 0xF6, 0xF6, 0xF6, 0xF6, 0xF6
    .byte 0xF6, 0xF6, 0x51, 0x51, 0x49, 0x5A, 0x51, 0x49, 0x03, 0xF6, 0xF6, 0xF6, 0xF6, 0xF6, 0xF6, 0xF6
    .byte 0xF6, 0x2A, 0x52, 0x52, 0x49, 0x49, 0x49, 0x49, 0xA5, 0x03, 0xF6, 0xF6, 0x52, 0x03, 0xF6, 0xF6
    .byte 0xF6, 0x2A, 0xF6, 0xF6, 0xF6, 0xF6, 0xF6, 0xF6, 0x01, 0xF6, 0xF6, 0xF6, 0xF6, 0x03, 0xF6, 0xF6
    .byte 0xAD, 0xF6, 0xF6, 0xF6, 0xF6, 0xF6, 0xAD, 0xF6, 0xF6, 0xF6, 0xF6, 0xF6, 0xF6, 0xF6, 0xF6, 0xF6
    .byte 0x00, 0x00, 0x00, 0x00, 0x00, 0x00, 0x00, 0x00, 0x00, 0x00, 0x00, 0x00, 0x00, 0x00, 0x00, 0x00
    .byte 0x00, 0x00, 0x00, 0x00, 0x00, 0x00, 0x00, 0x00, 0x00, 0x00, 0x00, 0x00, 0x00, 0x00, 0x00, 0x00
.eqv ASSET__BACKGROUNDS_LABORATORY_BASE_WIDTH 16
.eqv ASSET__BACKGROUNDS_LABORATORY_BASE_HEIGHT 16

# _backgrounds/laboratory_exit_highlight.png
.align 2
asset__backgrounds_laboratory_exit_highlight:
    .byte 0x00, 0x00, 0x00, 0x00, 0x00, 0x00, 0x00, 0x00, 0x00, 0x00, 0x00, 0x00, 0x00, 0x00, 0x00, 0x00
    .byte 0x00, 0x00, 0x00, 0x00, 0x00, 0x00, 0x00, 0x00, 0x00, 0x00, 0x00, 0x00, 0x00, 0x00, 0x00, 0x00
    .byte 0x03, 0xF6, 0xF6, 0xF6, 0xF6, 0xF6, 0xF6, 0xF6, 0xF6, 0xF6, 0xF6, 0xF6, 0xF6, 0xF6, 0xF6, 0xF6
    .byte 0xF6, 0xF6, 0xF6, 0xF6, 0xF6, 0xF6, 0x03, 0x5A, 0xF6, 0xF6, 0xF6, 0xF6, 0xF6, 0xF6, 0xF6, 0xF6
    .byte 0xF6, 0xF6, 0xF6, 0xF6, 0xF6, 0xF6, 0xF6, 0xF6, 0xF6, 0xF6, 0x03, 0xF6, 0xF6, 0xAD, 0xF6, 0xF6
    .byte 0xF6, 0xF6, 0xF6, 0xF6, 0xF6, 0xF6, 0xF6, 0xF6, 0xF6, 0xF6, 0xF6, 0xF6, 0xF6, 0xF6, 0xF6, 0xF6
    .byte 0xF6, 0xF6, 0xF6, 0xF6, 0xF6, 0xF6, 0xF6, 0xF6, 0xF6, 0xF6, 0xF6, 0xF6, 0xF6, 0xF6, 0x03, 0x5A
    .byte 0xF6, 0x5B, 0x5B, 0xF6, 0xF6, 0xF6, 0xF6, 0xF6, 0x2A, 0xF6, 0xF6, 0xF6, 0xF6, 0xF6, 0x03, 0x5A
    .byte 0xF6, 0x5B, 0x5B, 0xF6, 0xF6, 0xF6, 0xF6, 0x74, 0x74, 0xF6, 0xF6, 0xF6, 0xF6, 0xF6, 0xF6, 0xF6
    .byte 0xF6, 0xF6, 0xF6, 0xF6, 0xF6, 0xF6, 0xF6, 0xF6, 0xF6, 0xF6, 0xF6, 0xF6, 0xF6, 0xF6, 0xF6, 0xF6
    .byte 0xF6, 0xF6, 0x51, 0x51, 0x49, 0x5A, 0x51, 0x49, 0x03, 0xF6, 0xF6, 0xF6, 0xF6, 0xF6, 0xF6, 0xF6
    .byte 0xF6, 0x2A, 0x52, 0x52, 0x49, 0x49, 0x49, 0x49, 0xA5, 0x03, 0xF6, 0xF6, 0x52, 0x03, 0xF6, 0xF6
    .byte 0xF6, 0x2A, 0xF6, 0xF6, 0xF6, 0xF6, 0xF6, 0xF6, 0x01, 0xF6, 0xF6, 0xF6, 0xF6, 0x03, 0xF6, 0xF6
    .byte 0xAD, 0xF6, 0xF6, 0xF6, 0xF6, 0xF6, 0xAD, 0xF6, 0xF6, 0xF6, 0xF6, 0xF6, 0xF6, 0xF6, 0xF6, 0xF6
    .byte 0x00, 0x00, 0x00, 0x00, 0x00, 0x00, 0x00, 0x00, 0x00, 0x00, 0x00, 0x00, 0x00, 0x00, 0x00, 0x00
    .byte 0x00, 0x00, 0x00, 0x00, 0x00, 0x00, 0x00, 0x00, 0x00, 0x00, 0x00, 0x00, 0x00, 0x00, 0x00, 0x00
.eqv ASSET__BACKGROUNDS_LABORATORY_EXIT_HIGHLIGHT_WIDTH 16
.eqv ASSET__BACKGROUNDS_LABORATORY_EXIT_HIGHLIGHT_HEIGHT 16

# _backgrounds/sewer_base.png
.align 2
asset__backgrounds_sewer_base:
    .byte 0x00, 0x00, 0x00, 0x00, 0x00, 0x00, 0x00, 0x00, 0x00, 0x00, 0x00, 0x00, 0x00, 0x00, 0x00, 0x00
    .byte 0x00, 0x00, 0x00, 0x00, 0x00, 0x00, 0x00, 0x00, 0x00, 0x00, 0x00, 0x00, 0x00, 0x00, 0x00, 0x00
    .byte 0x09, 0x23, 0x09, 0x09, 0x09, 0x09, 0x09, 0x09, 0x09, 0x09, 0x09, 0x09, 0x09, 0x09, 0x09, 0x09
    .byte 0x09, 0x09, 0x09, 0x09, 0x09, 0x09, 0x09, 0x09, 0x09, 0x09, 0x09, 0x09, 0x09, 0x09, 0x09, 0x01
    .byte 0x1A, 0x09, 0x09, 0x09, 0x01, 0x09, 0x09, 0x09, 0x01, 0x01, 0x01, 0x01, 0x01, 0x01, 0x01, 0x09
    .byte 0x09, 0x09, 0x09, 0x09, 0x01, 0x09, 0x09, 0x09, 0x09, 0x09, 0x09, 0x09, 0x09, 0x09, 0x09, 0x09
    .byte 0x09, 0x12, 0x09, 0x09, 0x09, 0x09, 0x09, 0x09, 0x09, 0x09, 0x09, 0x09, 0x09, 0x09, 0x09, 0x09
    .byte 0x09, 0x09, 0x09, 0x09, 0x09, 0x09, 0x09, 0x09, 0x09, 0x09, 0x09, 0x09, 0x09, 0x09, 0x09, 0x09
    .byte 0x09, 0x09, 0x09, 0x09, 0x09, 0x09, 0x09, 0x09, 0x09, 0x09, 0x09, 0x09, 0x09, 0x12, 0x09, 0x01
    .byte 0x09, 0x09, 0x09, 0x09, 0x09, 0x09, 0x09, 0x09, 0x09, 0x09, 0x09, 0x09, 0x09, 0x12, 0x09, 0x09
    .byte 0x09, 0x09, 0x09, 0x09, 0x09, 0x09, 0x09, 0x09, 0x09, 0x09, 0x09, 0x09, 0x09, 0x09, 0x09, 0x01
    .byte 0x09, 0x09, 0x09, 0x09, 0x09, 0x09, 0x09, 0x09, 0x09, 0x09, 0x09, 0x09, 0x09, 0x09, 0x09, 0x01
    .byte 0x09, 0x09, 0x09, 0x09, 0x09, 0x09, 0x09, 0x09, 0x11, 0x09, 0x09, 0x09, 0x09, 0x09, 0x09, 0x01
    .byte 0x01, 0x09, 0x01, 0x01, 0x01, 0x09, 0x09, 0x09, 0x01, 0x01, 0x09, 0x09, 0x09, 0x09, 0x09, 0x09
    .byte 0x00, 0x00, 0x00, 0x00, 0x00, 0x00, 0x00, 0x00, 0x00, 0x00, 0x00, 0x00, 0x00, 0x00, 0x00, 0x00
    .byte 0x00, 0x00, 0x00, 0x00, 0x00, 0x00, 0x00, 0x00, 0x00, 0x00, 0x00, 0x00, 0x00, 0x00, 0x00, 0x00
.eqv ASSET__BACKGROUNDS_SEWER_BASE_WIDTH 16
.eqv ASSET__BACKGROUNDS_SEWER_BASE_HEIGHT 16

# _backgrounds/sewer_exit_highlight.png
.align 2
asset__backgrounds_sewer_exit_highlight:
    .byte 0x00, 0x00, 0x00, 0x00, 0x00, 0x00, 0x00, 0x00, 0x00, 0x00, 0x00, 0x00, 0x00, 0x00, 0x00, 0x00
    .byte 0x00, 0x00, 0x00, 0x00, 0x00, 0x00, 0x00, 0x00, 0x00, 0x00, 0x00, 0x00, 0x00, 0x00, 0x00, 0x00
    .byte 0x09, 0x23, 0x7F, 0x09, 0x09, 0x09, 0x09, 0x09, 0x09, 0x09, 0x09, 0x09, 0x09, 0x09, 0x09, 0x09
    .byte 0x09, 0x09, 0x09, 0x09, 0x09, 0x09, 0x09, 0x09, 0x09, 0x09, 0x09, 0x09, 0x09, 0x09, 0x09, 0x01
    .byte 0x1A, 0x09, 0x09, 0x09, 0x01, 0x09, 0x09, 0x09, 0x01, 0x01, 0x01, 0x01, 0x01, 0x01, 0x01, 0x09
    .byte 0x09, 0x09, 0x09, 0x09, 0x01, 0x09, 0x09, 0x09, 0x09, 0x09, 0x09, 0x09, 0x09, 0x09, 0x09, 0x09
    .byte 0x09, 0x12, 0x09, 0x09, 0x09, 0x09, 0x09, 0x09, 0x09, 0x09, 0x09, 0x09, 0x09, 0x09, 0x09, 0x09
    .byte 0x09, 0x09, 0x09, 0x09, 0x09, 0x09, 0x09, 0x09, 0x09, 0x09, 0x09, 0x09, 0x09, 0x09, 0x09, 0x09
    .byte 0x09, 0x09, 0x09, 0x09, 0x09, 0x09, 0x09, 0x09, 0x09, 0x09, 0x09, 0x09, 0x09, 0x12, 0x09, 0x01
    .byte 0x09, 0x09, 0x09, 0x09, 0x09, 0x09, 0x09, 0x09, 0x09, 0x09, 0x09, 0x09, 0x09, 0x12, 0x09, 0x09
    .byte 0x09, 0x09, 0x09, 0x09, 0x09, 0x09, 0x09, 0x09, 0x09, 0x09, 0x09, 0x09, 0x09, 0x09, 0x09, 0x01
    .byte 0x09, 0x09, 0x09, 0x09, 0x09, 0x09, 0x09, 0x09, 0x09, 0x09, 0x09, 0x09, 0x09, 0x09, 0x09, 0x01
    .byte 0x09, 0x09, 0x09, 0x09, 0x09, 0x09, 0x09, 0x09, 0x11, 0x09, 0x09, 0x09, 0x09, 0x09, 0x09, 0x01
    .byte 0x01, 0x09, 0x01, 0x01, 0x01, 0x09, 0x09, 0x09, 0x01, 0x01, 0x09, 0x09, 0x09, 0x09, 0x09, 0x09
    .byte 0x00, 0x00, 0x00, 0x00, 0x00, 0x00, 0x00, 0x00, 0x00, 0x00, 0x00, 0x00, 0x00, 0x00, 0x00, 0x00
    .byte 0x00, 0x00, 0x00, 0x00, 0x00, 0x00, 0x00, 0x00, 0x00, 0x00, 0x00, 0x00, 0x00, 0x00, 0x00, 0x00
.eqv ASSET__BACKGROUNDS_SEWER_EXIT_HIGHLIGHT_WIDTH 16
.eqv ASSET__BACKGROUNDS_SEWER_EXIT_HIGHLIGHT_HEIGHT 16

# _backgrounds/town_base.png
.align 2
asset__backgrounds_town_base:
    .byte 0x00, 0x00, 0x00, 0x00, 0x00, 0x00, 0x00, 0x00, 0x00, 0x00, 0x00, 0x00, 0x00, 0x00, 0x00, 0x00
    .byte 0x00, 0x00, 0x00, 0x00, 0x00, 0x00, 0x00, 0x00, 0x00, 0x00, 0x00, 0x00, 0x00, 0x00, 0x00, 0x00
    .byte 0x5C, 0x5C, 0x01, 0x01, 0x01, 0x01, 0x01, 0x25, 0x01, 0x01, 0x01, 0x01, 0x01, 0x01, 0x01, 0x01
    .byte 0x01, 0x01, 0x01, 0x09, 0x01, 0x59, 0x01, 0x13, 0x01, 0x5C, 0x01, 0x01, 0x02, 0x01, 0x01, 0x0A
    .byte 0x01, 0x01, 0x01, 0x01, 0x01, 0x01, 0x01, 0x01, 0x01, 0x01, 0x01, 0x01, 0x02, 0x64, 0x01, 0x0A
    .byte 0x01, 0x01, 0x01, 0x01, 0x01, 0x01, 0x01, 0x25, 0x01, 0x01, 0x01, 0x01, 0x01, 0x01, 0x01, 0x09
    .byte 0x01, 0x01, 0x01, 0x01, 0x01, 0x01, 0x01, 0x01, 0x01, 0x5C, 0x01, 0x01, 0x01, 0x01, 0x01, 0x0A
    .byte 0x5A, 0x01, 0x01, 0x01, 0x03, 0x03, 0x01, 0x13, 0x01, 0x01, 0x01, 0x01, 0x01, 0x01, 0x01, 0x0A
    .byte 0x01, 0x01, 0x01, 0x01, 0x01, 0x03, 0x01, 0x01, 0x01, 0x64, 0x01, 0x01, 0x01, 0x01, 0x01, 0x01
    .byte 0x01, 0x01, 0x08, 0x08, 0x01, 0x01, 0x01, 0x25, 0x01, 0x01, 0x01, 0x01, 0x01, 0x01, 0x01, 0x01
    .byte 0x01, 0x01, 0x08, 0x08, 0x01, 0x01, 0x01, 0x01, 0x01, 0x01, 0x01, 0x01, 0x01, 0x01, 0x01, 0x0A
    .byte 0x01, 0x01, 0x01, 0x01, 0x01, 0x01, 0x01, 0x13, 0x01, 0x01, 0x01, 0x01, 0x01, 0x01, 0x01, 0x0A
    .byte 0x01, 0x10, 0x62, 0x01, 0x01, 0x01, 0x01, 0x01, 0x01, 0x01, 0x01, 0x01, 0x01, 0x01, 0x01, 0x01
    .byte 0x01, 0x01, 0x0A, 0x0A, 0x0A, 0x0A, 0x01, 0x13, 0x01, 0x0A, 0x0A, 0x0A, 0x0A, 0x02, 0x02, 0x0A
    .byte 0x00, 0x00, 0x00, 0x00, 0x00, 0x00, 0x00, 0x00, 0x00, 0x00, 0x00, 0x00, 0x00, 0x00, 0x00, 0x00
    .byte 0x00, 0x00, 0x00, 0x00, 0x00, 0x00, 0x00, 0x00, 0x00, 0x00, 0x00, 0x00, 0x00, 0x00, 0x00, 0x00
.eqv ASSET__BACKGROUNDS_TOWN_BASE_WIDTH 16
.eqv ASSET__BACKGROUNDS_TOWN_BASE_HEIGHT 16

# _backgrounds/town_exit_highlight.png
.align 2
asset__backgrounds_town_exit_highlight:
    .byte 0x00, 0x00, 0x00, 0x00, 0x00, 0x00, 0x00, 0x00, 0x00, 0x00, 0x00, 0x00, 0x00, 0x00, 0x00, 0x00
    .byte 0x00, 0x00, 0x00, 0x00, 0x00, 0x00, 0x00, 0x00, 0x00, 0x00, 0x00, 0x00, 0x00, 0x00, 0x00, 0x00
    .byte 0x5C, 0x5C, 0x01, 0x01, 0x01, 0x01, 0x01, 0x25, 0x01, 0x01, 0x01, 0x01, 0x01, 0x01, 0x01, 0x01
    .byte 0x01, 0x01, 0x01, 0x09, 0x01, 0x59, 0x01, 0x13, 0x01, 0x5C, 0x01, 0x01, 0x02, 0x01, 0x01, 0x0A
    .byte 0x01, 0x01, 0x01, 0x01, 0x01, 0x01, 0x01, 0x01, 0x01, 0x01, 0x01, 0x01, 0x02, 0x64, 0x01, 0x0A
    .byte 0x01, 0x01, 0x01, 0x01, 0x01, 0x01, 0x01, 0x25, 0x01, 0x01, 0x01, 0x01, 0x01, 0x01, 0x01, 0x09
    .byte 0x01, 0x01, 0x01, 0x01, 0x01, 0x01, 0x01, 0x01, 0x01, 0x5C, 0x01, 0x01, 0x01, 0x01, 0x01, 0x0A
    .byte 0x5A, 0x01, 0x01, 0x01, 0x03, 0x03, 0x01, 0x13, 0x01, 0x01, 0x01, 0x01, 0x01, 0x01, 0x01, 0x0A
    .byte 0x01, 0x01, 0x01, 0x01, 0x01, 0x03, 0x01, 0x01, 0x01, 0x64, 0x01, 0x01, 0x01, 0x01, 0x01, 0x01
    .byte 0x01, 0x01, 0x08, 0x08, 0x01, 0x01, 0x01, 0x25, 0x01, 0x01, 0x01, 0x01, 0x01, 0x01, 0x01, 0x01
    .byte 0x01, 0x01, 0x08, 0x08, 0x01, 0x01, 0x01, 0x01, 0x01, 0x01, 0x01, 0x01, 0x01, 0x01, 0x01, 0x0A
    .byte 0x01, 0x01, 0x01, 0x01, 0x01, 0x01, 0x01, 0x13, 0x01, 0x01, 0x01, 0x01, 0x01, 0x01, 0x01, 0x0A
    .byte 0x01, 0x10, 0x62, 0x01, 0x01, 0x01, 0x01, 0x01, 0x01, 0x01, 0x01, 0x01, 0x01, 0x01, 0x01, 0x01
    .byte 0x01, 0x01, 0x0A, 0x0A, 0x0A, 0x0A, 0x01, 0x13, 0x01, 0x0A, 0x0A, 0x0A, 0x0A, 0x02, 0x02, 0x0A
    .byte 0x00, 0x00, 0x00, 0x00, 0x00, 0x00, 0x00, 0x00, 0x00, 0x00, 0x00, 0x00, 0x00, 0x00, 0x00, 0x00
    .byte 0x00, 0x00, 0x00, 0x00, 0x00, 0x00, 0x00, 0x00, 0x00, 0x00, 0x00, 0x00, 0x00, 0x00, 0x00, 0x00
.eqv ASSET__BACKGROUNDS_TOWN_EXIT_HIGHLIGHT_WIDTH 16
.eqv ASSET__BACKGROUNDS_TOWN_EXIT_HIGHLIGHT_HEIGHT 16

# _cutscenes_text/pixil-frame-0.png
.align 2
asset__cutscenes_text_pixil_frame_0:
    .byte 0x00, 0x00, 0x00, 0x00, 0x00, 0x00, 0x00, 0x00, 0x00, 0x00, 0x00, 0x00, 0x00, 0x00, 0x00, 0x00
    .byte 0x00, 0x00, 0x00, 0x00, 0x00, 0x00, 0x00, 0x00, 0x00, 0x00, 0x00, 0x00, 0x00, 0x00, 0x00, 0x00
    .byte 0x01, 0x01, 0x01, 0x01, 0x01, 0x01, 0x01, 0x01, 0x01, 0x01, 0x01, 0x01, 0x01, 0x01, 0x01, 0x01
    .byte 0x01, 0xF6, 0xF6, 0x01, 0xF6, 0xF6, 0x01, 0x01, 0x01, 0xF6, 0x01, 0x01, 0xF6, 0x01, 0x01, 0x01
    .byte 0x01, 0x01, 0x01, 0x01, 0x01, 0x01, 0x01, 0x01, 0x01, 0x01, 0x01, 0x01, 0x01, 0x01, 0x01, 0x01
    .byte 0x01, 0x01, 0x01, 0x01, 0x01, 0x01, 0x01, 0x01, 0x01, 0x01, 0x01, 0x01, 0x01, 0x01, 0x01, 0x01
    .byte 0x01, 0xF6, 0xF6, 0x01, 0x01, 0x01, 0x01, 0xF6, 0x01, 0x01, 0x01, 0x01, 0x01, 0x01, 0x01, 0x01
    .byte 0x01, 0x01, 0x01, 0x01, 0x01, 0x01, 0x01, 0x01, 0x01, 0x01, 0x01, 0x01, 0x01, 0x01, 0x01, 0x01
    .byte 0x01, 0x01, 0x01, 0x01, 0x01, 0x01, 0x01, 0x01, 0x01, 0x01, 0x01, 0x01, 0x01, 0x01, 0x01, 0x01
    .byte 0x01, 0xF6, 0x01, 0x01, 0x01, 0x01, 0x01, 0x01, 0x01, 0xF6, 0x01, 0x01, 0x01, 0x01, 0x01, 0x01
    .byte 0x01, 0x01, 0x01, 0x01, 0x01, 0x01, 0x01, 0x01, 0x01, 0x01, 0x01, 0x01, 0x01, 0x01, 0x01, 0x01
    .byte 0x01, 0x01, 0x01, 0x01, 0x01, 0x01, 0x01, 0x01, 0x01, 0x01, 0x01, 0x01, 0x01, 0x01, 0x01, 0x01
    .byte 0x01, 0x01, 0x01, 0x01, 0x01, 0x01, 0x01, 0x01, 0x01, 0x01, 0x01, 0x01, 0x01, 0x01, 0x01, 0x01
    .byte 0x01, 0x01, 0x01, 0x01, 0x01, 0x01, 0x01, 0x01, 0x01, 0x01, 0x01, 0x01, 0x01, 0x01, 0x01, 0x01
    .byte 0x00, 0x00, 0x00, 0x00, 0x00, 0x00, 0x00, 0x00, 0x00, 0x00, 0x00, 0x00, 0x00, 0x00, 0x00, 0x00
    .byte 0x00, 0x00, 0x00, 0x00, 0x00, 0x00, 0x00, 0x00, 0x00, 0x00, 0x00, 0x00, 0x00, 0x00, 0x00, 0x00
.eqv ASSET__CUTSCENES_TEXT_PIXIL_FRAME_0_WIDTH 16
.eqv ASSET__CUTSCENES_TEXT_PIXIL_FRAME_0_HEIGHT 16

# _cutscenes_text/pixil-frame-1.png
.align 2
asset__cutscenes_text_pixil_frame_1:
    .byte 0x00, 0x00, 0x00, 0x00, 0x00, 0x00, 0x00, 0x00, 0x00, 0x00, 0x00, 0x00, 0x00, 0x00, 0x00, 0x00
    .byte 0x00, 0x00, 0x00, 0x00, 0x00, 0x00, 0x00, 0x00, 0x00, 0x00, 0x00, 0x00, 0x00, 0x00, 0x00, 0x00
    .byte 0x01, 0x01, 0x01, 0x01, 0x01, 0x01, 0x01, 0x01, 0x01, 0x01, 0x01, 0x01, 0x01, 0x01, 0x01, 0x01
    .byte 0x01, 0x01, 0x01, 0xF6, 0xF6, 0xF6, 0xF6, 0xF6, 0xF6, 0x01, 0xF6, 0xF6, 0xF6, 0xF6, 0x01, 0x01
    .byte 0x01, 0x01, 0x01, 0xF6, 0xF6, 0x01, 0x01, 0x01, 0x01, 0x01, 0x01, 0x01, 0x01, 0x01, 0x01, 0x01
    .byte 0x01, 0x01, 0x01, 0x01, 0x01, 0x01, 0x01, 0x01, 0x01, 0x01, 0x01, 0x01, 0x01, 0x01, 0x01, 0x01
    .byte 0x01, 0x01, 0x01, 0x01, 0xF6, 0x01, 0x01, 0x01, 0x01, 0x01, 0x01, 0x01, 0x01, 0xF6, 0x01, 0x01
    .byte 0x01, 0x01, 0xF6, 0xF6, 0xF6, 0x01, 0x01, 0x01, 0xF6, 0x01, 0x01, 0x01, 0x01, 0x01, 0x01, 0x01
    .byte 0x01, 0x01, 0x01, 0x01, 0x01, 0x01, 0x01, 0x01, 0x01, 0x01, 0x01, 0x01, 0x01, 0x01, 0x01, 0x01
    .byte 0x01, 0x01, 0xF6, 0xF6, 0xF6, 0x01, 0xF6, 0xF6, 0xF6, 0x01, 0x01, 0xF6, 0xF6, 0x01, 0x01, 0x01
    .byte 0x01, 0xF6, 0x01, 0x01, 0x01, 0x01, 0xF6, 0xF6, 0x01, 0x01, 0x01, 0x01, 0x01, 0x01, 0x01, 0x01
    .byte 0x01, 0x01, 0x01, 0x01, 0x01, 0x01, 0x01, 0x01, 0x01, 0x01, 0x01, 0x01, 0x01, 0x01, 0x01, 0x01
    .byte 0x01, 0x01, 0x01, 0x01, 0x01, 0x01, 0x01, 0x01, 0x01, 0x01, 0x01, 0x01, 0x01, 0x01, 0x01, 0x01
    .byte 0x01, 0x01, 0x01, 0x01, 0x01, 0x01, 0x01, 0x01, 0x01, 0x01, 0x01, 0x01, 0x01, 0x01, 0x01, 0x01
    .byte 0x00, 0x00, 0x00, 0x00, 0x00, 0x00, 0x00, 0x00, 0x00, 0x00, 0x00, 0x00, 0x00, 0x00, 0x00, 0x00
    .byte 0x00, 0x00, 0x00, 0x00, 0x00, 0x00, 0x00, 0x00, 0x00, 0x00, 0x00, 0x00, 0x00, 0x00, 0x00, 0x00
.eqv ASSET__CUTSCENES_TEXT_PIXIL_FRAME_1_WIDTH 16
.eqv ASSET__CUTSCENES_TEXT_PIXIL_FRAME_1_HEIGHT 16

# _cutscenes_text/pixil-frame-2.png
.align 2
asset__cutscenes_text_pixil_frame_2:
    .byte 0x00, 0x00, 0x00, 0x00, 0x00, 0x00, 0x00, 0x00, 0x00, 0x00, 0x00, 0x00, 0x00, 0x00, 0x00, 0x00
    .byte 0x00, 0x00, 0x00, 0x00, 0x00, 0x00, 0x00, 0x00, 0x00, 0x00, 0x00, 0x00, 0x00, 0x00, 0x00, 0x00
    .byte 0x01, 0x01, 0x01, 0x01, 0x01, 0x01, 0x01, 0x01, 0x01, 0x01, 0x01, 0x01, 0x01, 0x01, 0x01, 0x01
    .byte 0x01, 0x01, 0x01, 0x01, 0xF6, 0x01, 0x01, 0x01, 0xF6, 0xF6, 0x01, 0x01, 0xF6, 0x01, 0x01, 0x01
    .byte 0x01, 0x01, 0x01, 0x01, 0xF6, 0xF6, 0xF6, 0xF6, 0xF6, 0x01, 0x01, 0x01, 0x01, 0x01, 0x01, 0x01
    .byte 0x01, 0x01, 0x01, 0x01, 0x01, 0x01, 0x01, 0x01, 0x01, 0x01, 0x01, 0x01, 0x01, 0x01, 0x01, 0x01
    .byte 0x01, 0x01, 0x01, 0x01, 0x01, 0x01, 0x01, 0x01, 0x01, 0x01, 0x01, 0x01, 0x01, 0x01, 0x01, 0x01
    .byte 0x01, 0x01, 0x01, 0x01, 0x01, 0xF6, 0x01, 0x01, 0x01, 0x01, 0xF6, 0x01, 0x01, 0x01, 0x01, 0x01
    .byte 0x01, 0x01, 0x01, 0x01, 0x01, 0x01, 0x01, 0x01, 0x01, 0x01, 0x01, 0x01, 0x01, 0x01, 0x01, 0x01
    .byte 0x01, 0x01, 0x01, 0x01, 0x01, 0x01, 0x01, 0x01, 0xF6, 0x01, 0xF6, 0x01, 0x01, 0xF6, 0x01, 0x01
    .byte 0x01, 0x01, 0x01, 0x01, 0x01, 0x01, 0x01, 0x01, 0x01, 0x01, 0x01, 0x01, 0x01, 0x01, 0x01, 0x01
    .byte 0x01, 0x01, 0x01, 0x01, 0x01, 0x01, 0x01, 0x01, 0x01, 0x01, 0x01, 0x01, 0x01, 0x01, 0x01, 0x01
    .byte 0x01, 0x01, 0x01, 0x01, 0x01, 0x01, 0x01, 0x01, 0x01, 0x01, 0x01, 0x01, 0x01, 0x01, 0x01, 0x01
    .byte 0x01, 0x01, 0x01, 0x01, 0x01, 0x01, 0x01, 0x01, 0x01, 0x01, 0x01, 0x01, 0x01, 0x01, 0x01, 0x01
    .byte 0x00, 0x00, 0x00, 0x00, 0x00, 0x00, 0x00, 0x00, 0x00, 0x00, 0x00, 0x00, 0x00, 0x00, 0x00, 0x00
    .byte 0x00, 0x00, 0x00, 0x00, 0x00, 0x00, 0x00, 0x00, 0x00, 0x00, 0x00, 0x00, 0x00, 0x00, 0x00, 0x00
.eqv ASSET__CUTSCENES_TEXT_PIXIL_FRAME_2_WIDTH 16
.eqv ASSET__CUTSCENES_TEXT_PIXIL_FRAME_2_HEIGHT 16

# _cutscenes_text/pixil-frame-3.png
.align 2
asset__cutscenes_text_pixil_frame_3:
    .byte 0x00, 0x00, 0x00, 0x00, 0x00, 0x00, 0x00, 0x00, 0x00, 0x00, 0x00, 0x00, 0x00, 0x00, 0x00, 0x00
    .byte 0x00, 0x00, 0x00, 0x00, 0x00, 0x00, 0x00, 0x00, 0x00, 0x00, 0x00, 0x00, 0x00, 0x00, 0x00, 0x00
    .byte 0x01, 0x01, 0x01, 0x01, 0x01, 0x01, 0x01, 0x01, 0x01, 0x01, 0x01, 0x01, 0x01, 0x01, 0x01, 0x01
    .byte 0x01, 0x01, 0x01, 0x01, 0x01, 0x01, 0xF6, 0x01, 0x01, 0x01, 0x01, 0x01, 0x01, 0x01, 0xF6, 0x01
    .byte 0x01, 0x01, 0x01, 0x01, 0x01, 0x01, 0x01, 0x01, 0x01, 0x01, 0x01, 0x01, 0x01, 0x01, 0x01, 0x01
    .byte 0x01, 0x01, 0x01, 0x01, 0xF6, 0x01, 0x01, 0x01, 0x01, 0x01, 0x01, 0x01, 0xF6, 0x01, 0x01, 0x01
    .byte 0x01, 0x01, 0x01, 0x01, 0x01, 0x01, 0x01, 0x01, 0x01, 0x01, 0x01, 0x01, 0x01, 0x01, 0x01, 0x01
    .byte 0x01, 0x01, 0x01, 0x01, 0x01, 0x01, 0x01, 0x01, 0x01, 0x01, 0x01, 0x01, 0x01, 0x01, 0x01, 0x01
    .byte 0x01, 0x01, 0xF6, 0x01, 0xF6, 0xF6, 0xF6, 0x01, 0x01, 0x01, 0xF6, 0xF6, 0x01, 0x01, 0x01, 0x01
    .byte 0x01, 0x01, 0x01, 0x01, 0x01, 0x01, 0x01, 0xF6, 0xF6, 0x01, 0x01, 0x01, 0x01, 0x01, 0x01, 0x01
    .byte 0x01, 0x01, 0x01, 0x01, 0x01, 0x01, 0x01, 0x01, 0x01, 0x01, 0x01, 0x01, 0x01, 0x01, 0x01, 0x01
    .byte 0x01, 0x01, 0x01, 0x01, 0x01, 0x01, 0x01, 0x01, 0x01, 0x01, 0x01, 0x01, 0x01, 0x01, 0x01, 0x01
    .byte 0x01, 0xF6, 0x01, 0x01, 0x01, 0x01, 0x01, 0x01, 0x01, 0x01, 0x01, 0x01, 0x01, 0x01, 0x01, 0x01
    .byte 0x01, 0x01, 0x01, 0x01, 0x01, 0x01, 0x01, 0x01, 0x01, 0x01, 0x01, 0x01, 0x01, 0x01, 0x01, 0x01
    .byte 0x00, 0x00, 0x00, 0x00, 0x00, 0x00, 0x00, 0x00, 0x00, 0x00, 0x00, 0x00, 0x00, 0x00, 0x00, 0x00
    .byte 0x00, 0x00, 0x00, 0x00, 0x00, 0x00, 0x00, 0x00, 0x00, 0x00, 0x00, 0x00, 0x00, 0x00, 0x00, 0x00
.eqv ASSET__CUTSCENES_TEXT_PIXIL_FRAME_3_WIDTH 16
.eqv ASSET__CUTSCENES_TEXT_PIXIL_FRAME_3_HEIGHT 16

# _med_kit/Med-Kit.png
.align 2
asset__med_kit_med_kit:
    .byte 0x00, 0x00, 0x00, 0x00, 0x00, 0x02, 0x02, 0x02, 0x02, 0x02, 0x02, 0x00, 0x00, 0x00, 0x00, 0x00
    .byte 0x00, 0x00, 0x00, 0x00, 0x00, 0x02, 0x02, 0x02, 0x02, 0x02, 0x02, 0x00, 0x00, 0x00, 0x00, 0x00
    .byte 0x00, 0x00, 0x02, 0x02, 0x02, 0x04, 0x04, 0x04, 0x04, 0x04, 0x04, 0x02, 0x02, 0x02, 0x00, 0x00
    .byte 0x00, 0x00, 0x02, 0x02, 0x02, 0x04, 0x04, 0x04, 0x04, 0x04, 0x04, 0x02, 0x02, 0x02, 0x00, 0x00
    .byte 0x00, 0x00, 0x02, 0x02, 0x02, 0x04, 0x04, 0x04, 0x04, 0x04, 0x04, 0x02, 0x02, 0x02, 0x00, 0x00
    .byte 0x02, 0x02, 0x0D, 0x0D, 0x0D, 0x0D, 0x0D, 0xFF, 0xFF, 0x0D, 0x0D, 0x0D, 0x0D, 0x0D, 0x02, 0x02
    .byte 0x02, 0x02, 0x0D, 0x0D, 0x0D, 0x0D, 0x0D, 0xFF, 0xFF, 0x0D, 0x0D, 0x0D, 0x0D, 0x0D, 0x02, 0x02
    .byte 0x04, 0x04, 0x0D, 0x0D, 0x0D, 0xFF, 0xFF, 0xFF, 0xFF, 0xFF, 0xFF, 0x0D, 0x0D, 0x0D, 0x04, 0x04
    .byte 0x04, 0x04, 0x0D, 0x0D, 0x0D, 0xFF, 0xFF, 0xFF, 0xFF, 0xFF, 0xFF, 0x0D, 0x0D, 0x0D, 0x04, 0x04
    .byte 0x02, 0x02, 0x0D, 0x0D, 0x0D, 0x0D, 0x0D, 0xFF, 0xFF, 0x0D, 0x0D, 0x0D, 0x0D, 0x0D, 0x02, 0x02
    .byte 0x02, 0x02, 0x0D, 0x0D, 0x0D, 0x0D, 0x0D, 0xFF, 0xFF, 0x0D, 0x0D, 0x0D, 0x0D, 0x0D, 0x02, 0x02
    .byte 0x00, 0x00, 0x02, 0x02, 0x02, 0x04, 0x04, 0x04, 0x04, 0x04, 0x04, 0x02, 0x02, 0x02, 0x00, 0x00
    .byte 0x00, 0x00, 0x02, 0x02, 0x02, 0x04, 0x04, 0x04, 0x04, 0x04, 0x04, 0x02, 0x02, 0x02, 0x00, 0x00
    .byte 0x00, 0x00, 0x02, 0x02, 0x02, 0x04, 0x04, 0x04, 0x04, 0x04, 0x04, 0x02, 0x02, 0x02, 0x00, 0x00
    .byte 0x00, 0x00, 0x00, 0x00, 0x00, 0x02, 0x02, 0x02, 0x02, 0x02, 0x02, 0x00, 0x00, 0x00, 0x00, 0x00
    .byte 0x00, 0x00, 0x00, 0x00, 0x00, 0x02, 0x02, 0x02, 0x02, 0x02, 0x02, 0x00, 0x00, 0x00, 0x00, 0x00
.eqv ASSET__MED_KIT_MED_KIT_WIDTH 16
.eqv ASSET__MED_KIT_MED_KIT_HEIGHT 16

# _protagonista/sprite_00.png
.align 2
asset__protagonista_sprite_00:
    .byte 0x00, 0x00, 0x00, 0x00, 0x00, 0x00, 0x05, 0x0E, 0x05, 0x0E, 0x00, 0x00, 0x00, 0x00, 0x00, 0x00
    .byte 0x00, 0x00, 0x00, 0x00, 0x0E, 0x0E, 0x07, 0x07, 0x07, 0x0E, 0x0E, 0x0E, 0x00, 0x00, 0x00, 0x00
    .byte 0x00, 0x00, 0x00, 0x00, 0x27, 0x27, 0x0E, 0x0E, 0x27, 0x6F, 0x0E, 0x0E, 0x00, 0x00, 0x00, 0x00
    .byte 0x00, 0x00, 0x00, 0x00, 0x27, 0x27, 0x0E, 0x0E, 0x27, 0x6F, 0x0E, 0x0E, 0x00, 0x00, 0x00, 0x00
    .byte 0x00, 0x00, 0x00, 0x6F, 0xAF, 0xAF, 0x01, 0xAF, 0xAF, 0x01, 0xAF, 0xAF, 0x6F, 0x00, 0x00, 0x00
    .byte 0x00, 0x00, 0x00, 0x6F, 0xAF, 0xAF, 0x01, 0xAF, 0xAF, 0x01, 0x15, 0x15, 0x6F, 0x00, 0x00, 0x00
    .byte 0x00, 0x00, 0x00, 0x00, 0x1E, 0x1E, 0xAF, 0xAF, 0xAF, 0x6F, 0x66, 0x66, 0x00, 0x00, 0x00, 0x00
    .byte 0x00, 0x00, 0x00, 0xAF, 0xFF, 0xFF, 0x01, 0x66, 0x66, 0x01, 0xFF, 0xFF, 0xAF, 0x00, 0x00, 0x00
    .byte 0x00, 0x00, 0x00, 0xAF, 0xFF, 0xFF, 0x01, 0x66, 0x66, 0x01, 0xFF, 0xFF, 0xAF, 0x00, 0x00, 0x00
    .byte 0x00, 0x00, 0x66, 0x66, 0xFF, 0xFF, 0xFF, 0xA5, 0xA5, 0xFF, 0xFF, 0xFF, 0x66, 0x66, 0x00, 0x00
    .byte 0x00, 0x00, 0x6F, 0xAF, 0x01, 0x01, 0xFF, 0xFF, 0xFF, 0xFF, 0x01, 0x01, 0xAF, 0x6F, 0x00, 0x00
    .byte 0x00, 0x00, 0x1E, 0x6F, 0x01, 0x01, 0xFF, 0xFF, 0xFF, 0xFF, 0x01, 0x01, 0x6F, 0x1E, 0x00, 0x00
    .byte 0x00, 0x00, 0x1E, 0x27, 0x01, 0x01, 0x01, 0x0A, 0xA4, 0x01, 0x01, 0x01, 0x27, 0x1E, 0x00, 0x00
    .byte 0x00, 0x00, 0x1E, 0x27, 0x01, 0x01, 0x01, 0x0A, 0xA4, 0x01, 0x01, 0x01, 0x27, 0x1E, 0x00, 0x00
    .byte 0x00, 0x00, 0x00, 0x00, 0x18, 0x18, 0x20, 0x00, 0x00, 0x20, 0x18, 0x18, 0x00, 0x00, 0x00, 0x00
    .byte 0x00, 0x00, 0x00, 0x00, 0x01, 0x01, 0x01, 0x00, 0x00, 0x01, 0x01, 0x01, 0x00, 0x00, 0x00, 0x00
.eqv ASSET__PROTAGONISTA_SPRITE_00_WIDTH 16
.eqv ASSET__PROTAGONISTA_SPRITE_00_HEIGHT 16

# _protagonista/sprite_01.png
.align 2
asset__protagonista_sprite_01:
    .byte 0x00, 0x00, 0x00, 0x00, 0x00, 0x00, 0x05, 0x0E, 0x0E, 0x05, 0x0E, 0x00, 0x00, 0x00, 0x00, 0x00
    .byte 0x00, 0x00, 0x00, 0x00, 0x00, 0x0E, 0x07, 0x07, 0x07, 0x07, 0x0E, 0x0E, 0x00, 0x00, 0x00, 0x00
    .byte 0x00, 0x00, 0x00, 0x00, 0x00, 0x27, 0x0E, 0x0E, 0x0E, 0x27, 0x6F, 0x0E, 0x00, 0x00, 0x00, 0x00
    .byte 0x00, 0x00, 0x00, 0x00, 0x00, 0x27, 0x0E, 0x0E, 0x0E, 0x27, 0x6F, 0x0E, 0x00, 0x00, 0x00, 0x00
    .byte 0x00, 0x00, 0x00, 0x00, 0x6F, 0xAF, 0x01, 0xAF, 0xAF, 0xAF, 0x01, 0xAF, 0x6F, 0x6F, 0x00, 0x00
    .byte 0x00, 0x00, 0x00, 0x00, 0x6F, 0xAF, 0x01, 0xAF, 0xAF, 0xAF, 0x01, 0x15, 0x6F, 0x6F, 0x00, 0x00
    .byte 0x00, 0x00, 0x00, 0x00, 0x00, 0x1E, 0xAF, 0xAF, 0xAF, 0xAF, 0x6F, 0x66, 0x00, 0x00, 0x00, 0x00
    .byte 0x00, 0x00, 0xF6, 0xF6, 0xAF, 0xFF, 0x01, 0x66, 0x66, 0x66, 0x01, 0xFF, 0xAF, 0xAF, 0x00, 0x00
    .byte 0x00, 0x00, 0xF6, 0xF6, 0xAF, 0xFF, 0x01, 0x66, 0x66, 0x66, 0x01, 0xFF, 0xAF, 0xAF, 0x00, 0x00
    .byte 0x00, 0x27, 0x0B, 0x0B, 0x1E, 0xFF, 0xFF, 0xA5, 0xA5, 0xA5, 0xFF, 0xFF, 0x66, 0x66, 0x66, 0x00
    .byte 0x00, 0x27, 0x0A, 0x0A, 0x1E, 0x01, 0xFF, 0xFF, 0xFF, 0xFF, 0xFF, 0x01, 0xAF, 0xAF, 0x6F, 0x00
    .byte 0x00, 0x00, 0x00, 0x00, 0x00, 0x01, 0xFF, 0xFF, 0xFF, 0xFF, 0xFF, 0x01, 0x6F, 0x6F, 0x1E, 0x00
    .byte 0x00, 0x00, 0x00, 0x00, 0x00, 0x01, 0x01, 0x0A, 0x0A, 0xA4, 0x01, 0x01, 0x27, 0x27, 0x1E, 0x00
    .byte 0x00, 0x00, 0x00, 0x00, 0x00, 0x01, 0x01, 0x0A, 0x0A, 0xA4, 0x01, 0x01, 0x27, 0x27, 0x1E, 0x00
    .byte 0x00, 0x00, 0x00, 0x00, 0x00, 0x18, 0x20, 0x00, 0x00, 0x00, 0x20, 0x18, 0x00, 0x00, 0x00, 0x00
    .byte 0x00, 0x00, 0x00, 0x00, 0x00, 0x01, 0x01, 0x00, 0x00, 0x00, 0x01, 0x01, 0x00, 0x00, 0x00, 0x00
.eqv ASSET__PROTAGONISTA_SPRITE_01_WIDTH 16
.eqv ASSET__PROTAGONISTA_SPRITE_01_HEIGHT 16

# _protagonista/sprite_02.png
.align 2
asset__protagonista_sprite_02:
    .byte 0x00, 0x00, 0x00, 0x00, 0x00, 0x00, 0x05, 0x0E, 0x0E, 0x05, 0x0E, 0x00, 0x00, 0x00, 0x00, 0x00
    .byte 0x00, 0x00, 0x00, 0x00, 0x00, 0x0E, 0x07, 0x07, 0x07, 0x07, 0x0E, 0x0E, 0x00, 0x00, 0x00, 0x00
    .byte 0x00, 0x00, 0x00, 0x00, 0x00, 0x27, 0x0E, 0x0E, 0x0E, 0x27, 0x6F, 0x0E, 0x00, 0x00, 0x00, 0x00
    .byte 0x00, 0x00, 0x00, 0x00, 0x00, 0x27, 0x0E, 0x0E, 0x0E, 0x27, 0x6F, 0x0E, 0x00, 0x00, 0x00, 0x00
    .byte 0x00, 0x00, 0x00, 0x00, 0x6F, 0xAF, 0x01, 0xAF, 0xAF, 0xAF, 0x01, 0xAF, 0x6F, 0x6F, 0x00, 0x00
    .byte 0x00, 0x00, 0x00, 0x00, 0x6F, 0xAF, 0x01, 0xAF, 0xAF, 0xAF, 0x01, 0x15, 0x6F, 0x6F, 0x00, 0x00
    .byte 0x00, 0x00, 0x00, 0x00, 0x00, 0x1E, 0xAF, 0xAF, 0xAF, 0xAF, 0x6F, 0x66, 0x00, 0x00, 0x00, 0x00
    .byte 0x00, 0x00, 0x09, 0x09, 0xAF, 0xFF, 0x01, 0x66, 0x66, 0x66, 0x01, 0xFF, 0xAF, 0xAF, 0x00, 0x00
    .byte 0x00, 0x00, 0x09, 0x09, 0xAF, 0xFF, 0x01, 0x66, 0x66, 0x66, 0x01, 0xFF, 0xAF, 0xAF, 0x00, 0x00
    .byte 0x00, 0x27, 0x09, 0x09, 0x1E, 0xFF, 0xFF, 0xA5, 0xA5, 0xA5, 0xFF, 0xFF, 0x66, 0x66, 0x66, 0x00
    .byte 0x00, 0x27, 0x09, 0x09, 0x1E, 0x01, 0xFF, 0xFF, 0xFF, 0xFF, 0xFF, 0x01, 0xAF, 0xAF, 0x6F, 0x00
    .byte 0x00, 0x00, 0x09, 0x09, 0x00, 0x01, 0xFF, 0xFF, 0xFF, 0xFF, 0xFF, 0x01, 0x6F, 0x6F, 0x1E, 0x00
    .byte 0x00, 0x00, 0x00, 0x00, 0x00, 0x01, 0x01, 0x0A, 0x0A, 0xA4, 0x01, 0x01, 0x27, 0x27, 0x1E, 0x00
    .byte 0x00, 0x00, 0x00, 0x00, 0x00, 0x01, 0x01, 0x0A, 0x0A, 0xA4, 0x01, 0x01, 0x27, 0x27, 0x1E, 0x00
    .byte 0x00, 0x00, 0x00, 0x00, 0x00, 0x18, 0x20, 0x00, 0x00, 0x00, 0x20, 0x18, 0x00, 0x00, 0x00, 0x00
    .byte 0x00, 0x00, 0x00, 0x00, 0x00, 0x01, 0x01, 0x00, 0x00, 0x00, 0x01, 0x01, 0x00, 0x00, 0x00, 0x00
.eqv ASSET__PROTAGONISTA_SPRITE_02_WIDTH 16
.eqv ASSET__PROTAGONISTA_SPRITE_02_HEIGHT 16

# _protagonista/sprite_03.png
.align 2
asset__protagonista_sprite_03:
    .byte 0x00, 0x00, 0x00, 0x00, 0x00, 0x00, 0x05, 0x0E, 0x0E, 0x05, 0x0E, 0x00, 0x00, 0x00, 0x00, 0x00
    .byte 0x00, 0x00, 0x00, 0x00, 0x00, 0x0E, 0x07, 0x07, 0x07, 0x07, 0x0E, 0x0E, 0x00, 0x00, 0x00, 0x00
    .byte 0x00, 0x00, 0x00, 0x00, 0x00, 0x27, 0x0E, 0x0E, 0x0E, 0x27, 0x6F, 0x0E, 0x00, 0x00, 0x00, 0x00
    .byte 0x00, 0x00, 0x00, 0x00, 0x00, 0x27, 0x0E, 0x0E, 0x0E, 0x27, 0x6F, 0x0E, 0x00, 0x00, 0x00, 0x00
    .byte 0x00, 0x00, 0x00, 0x00, 0x6F, 0xAF, 0x01, 0xAF, 0xAF, 0xAF, 0x01, 0xAF, 0x6F, 0x6F, 0x00, 0x00
    .byte 0x00, 0x00, 0x00, 0x00, 0x6F, 0xAF, 0x01, 0xAF, 0xAF, 0xAF, 0x01, 0x15, 0x6F, 0x6F, 0x00, 0x00
    .byte 0x00, 0x00, 0x00, 0x00, 0x00, 0x1E, 0xAF, 0xAF, 0xAF, 0xAF, 0x6F, 0x66, 0x00, 0x00, 0x00, 0x00
    .byte 0x00, 0x00, 0x09, 0x09, 0xAF, 0xFF, 0x01, 0x66, 0x66, 0x66, 0x01, 0xFF, 0xAF, 0xAF, 0x00, 0x00
    .byte 0x00, 0x00, 0x09, 0x09, 0xAF, 0xFF, 0x01, 0x66, 0x66, 0x66, 0x01, 0xFF, 0xAF, 0xAF, 0x00, 0x00
    .byte 0x00, 0x27, 0x0A, 0x0A, 0x1E, 0xFF, 0xFF, 0xA5, 0xA5, 0xA5, 0xFF, 0xFF, 0x66, 0x66, 0x66, 0x00
    .byte 0x00, 0x27, 0x09, 0x09, 0x1E, 0x01, 0xFF, 0xFF, 0xFF, 0xFF, 0xFF, 0x01, 0xAF, 0xAF, 0x6F, 0x00
    .byte 0x00, 0x00, 0x0A, 0x0A, 0x00, 0x01, 0xFF, 0xFF, 0xFF, 0xFF, 0xFF, 0x01, 0x6F, 0x6F, 0x1E, 0x00
    .byte 0x00, 0x00, 0x00, 0x00, 0x00, 0x01, 0x01, 0x0A, 0x0A, 0xA4, 0x01, 0x01, 0x27, 0x27, 0x1E, 0x00
    .byte 0x00, 0x00, 0x00, 0x00, 0x00, 0x01, 0x01, 0x0A, 0x0A, 0xA4, 0x01, 0x01, 0x27, 0x27, 0x1E, 0x00
    .byte 0x00, 0x00, 0x00, 0x00, 0x00, 0x18, 0x20, 0x00, 0x00, 0x00, 0x20, 0x18, 0x00, 0x00, 0x00, 0x00
    .byte 0x00, 0x00, 0x00, 0x00, 0x00, 0x01, 0x01, 0x00, 0x00, 0x00, 0x01, 0x01, 0x00, 0x00, 0x00, 0x00
.eqv ASSET__PROTAGONISTA_SPRITE_03_WIDTH 16
.eqv ASSET__PROTAGONISTA_SPRITE_03_HEIGHT 16

# _protagonista/sprite_04.png
.align 2
asset__protagonista_sprite_04:
    .byte 0x00, 0x00, 0x00, 0x00, 0x00, 0x00, 0x05, 0x0E, 0x05, 0x0E, 0x00, 0x00, 0x00, 0x00, 0x00, 0x00
    .byte 0x00, 0x00, 0x00, 0x00, 0x0E, 0x0E, 0x07, 0x07, 0x07, 0x0E, 0x0E, 0x0E, 0x00, 0x00, 0x00, 0x00
    .byte 0x00, 0x00, 0x00, 0x00, 0x07, 0x07, 0x0E, 0x0E, 0x0E, 0x0E, 0x0E, 0x0E, 0x00, 0x00, 0x00, 0x00
    .byte 0x00, 0x00, 0x00, 0x00, 0x07, 0x07, 0x0E, 0x0E, 0x0E, 0x0E, 0x0E, 0x0E, 0x00, 0x00, 0x00, 0x00
    .byte 0x00, 0x00, 0x00, 0x6F, 0xAF, 0xAF, 0x07, 0x07, 0x0E, 0x0E, 0x66, 0x66, 0xAF, 0x00, 0x00, 0x00
    .byte 0x00, 0x00, 0x00, 0xAF, 0x67, 0x67, 0x6F, 0x05, 0x0E, 0x66, 0x67, 0x67, 0x6F, 0x00, 0x00, 0x00
    .byte 0x00, 0x00, 0x00, 0x00, 0x1E, 0x1E, 0x0E, 0xAF, 0xAF, 0x0D, 0x6F, 0x6F, 0x00, 0x00, 0x00, 0x00
    .byte 0x00, 0x00, 0x00, 0xAF, 0xFF, 0xFF, 0xFF, 0xFF, 0xF7, 0xFF, 0xFF, 0xFF, 0xAF, 0x00, 0x00, 0x00
    .byte 0x00, 0x00, 0x00, 0xAF, 0xFF, 0xFF, 0xFF, 0xFF, 0xF7, 0xFF, 0xFF, 0xFF, 0xAF, 0x00, 0x00, 0x00
    .byte 0x00, 0x00, 0x66, 0x66, 0xFF, 0xFF, 0xFF, 0xF6, 0xF6, 0xFF, 0xFF, 0xFF, 0x66, 0x66, 0x00, 0x00
    .byte 0x00, 0x00, 0x6F, 0xAF, 0x01, 0x01, 0xFF, 0xFF, 0xFF, 0xFF, 0x01, 0x01, 0xAF, 0x6F, 0x00, 0x00
    .byte 0x00, 0x00, 0x1E, 0x6F, 0x01, 0x01, 0xFF, 0xFF, 0xFF, 0xFF, 0x01, 0x01, 0x6F, 0x1E, 0x00, 0x00
    .byte 0x00, 0x00, 0x1E, 0x27, 0x01, 0x01, 0x01, 0x01, 0x0A, 0x01, 0x01, 0x01, 0x27, 0x1E, 0x00, 0x00
    .byte 0x00, 0x00, 0x1E, 0x27, 0x01, 0x01, 0x01, 0x01, 0x0A, 0x01, 0x01, 0x01, 0x27, 0x1E, 0x00, 0x00
    .byte 0x00, 0x00, 0x00, 0x00, 0x18, 0x18, 0x20, 0x00, 0x00, 0x20, 0x18, 0x18, 0x00, 0x00, 0x00, 0x00
    .byte 0x00, 0x00, 0x00, 0x00, 0x01, 0x01, 0x01, 0x00, 0x00, 0x01, 0x01, 0x01, 0x00, 0x00, 0x00, 0x00
.eqv ASSET__PROTAGONISTA_SPRITE_04_WIDTH 16
.eqv ASSET__PROTAGONISTA_SPRITE_04_HEIGHT 16

# _protagonista/sprite_05.png
.align 2
asset__protagonista_sprite_05:
    .byte 0x00, 0x00, 0x00, 0x00, 0x00, 0x00, 0x05, 0x0E, 0x05, 0x0E, 0x00, 0x00, 0x00, 0x00, 0x00, 0x00
    .byte 0x00, 0x00, 0x00, 0x00, 0x0E, 0x0E, 0x07, 0x07, 0x07, 0x0E, 0x0E, 0x0E, 0x00, 0x00, 0x00, 0x00
    .byte 0x00, 0x00, 0x00, 0x00, 0x07, 0x07, 0x0E, 0x0E, 0x0E, 0x0E, 0x0E, 0x0E, 0x00, 0x00, 0x00, 0x00
    .byte 0x00, 0x00, 0x00, 0x00, 0x07, 0x07, 0x0E, 0x0E, 0x0E, 0x0E, 0x0E, 0x0E, 0x00, 0x00, 0x00, 0x00
    .byte 0x00, 0x00, 0x00, 0x6F, 0xAF, 0xAF, 0x07, 0x07, 0x0E, 0x0E, 0x66, 0x66, 0xAF, 0x00, 0x00, 0x00
    .byte 0x00, 0x00, 0x00, 0xAF, 0x67, 0x67, 0x6F, 0x05, 0x0E, 0x66, 0x67, 0x67, 0x6F, 0x00, 0x00, 0x00
    .byte 0x00, 0x00, 0x00, 0x00, 0x1E, 0x1E, 0x0E, 0xAF, 0xAF, 0x0D, 0x6F, 0x6F, 0x00, 0x00, 0x00, 0x00
    .byte 0x00, 0x00, 0x00, 0xAF, 0xFF, 0xFF, 0xFF, 0xFF, 0xF7, 0xFF, 0xFF, 0xFF, 0xAF, 0x00, 0x00, 0x00
    .byte 0x00, 0x00, 0x00, 0xAF, 0xFF, 0xFF, 0xFF, 0xFF, 0xF7, 0xFF, 0xFF, 0xFF, 0xAF, 0x00, 0x00, 0x00
    .byte 0x00, 0x00, 0x66, 0x66, 0xFF, 0xFF, 0xFF, 0xF6, 0xF6, 0xFF, 0xFF, 0xFF, 0x66, 0x66, 0x00, 0x00
    .byte 0x00, 0x00, 0x6F, 0xAF, 0x01, 0x01, 0xFF, 0xFF, 0xFF, 0xFF, 0x01, 0x01, 0xAF, 0x6F, 0x00, 0x00
    .byte 0x00, 0x00, 0x1E, 0x6F, 0x01, 0x01, 0xFF, 0xFF, 0xFF, 0xFF, 0x01, 0x01, 0x00, 0x00, 0x00, 0x00
    .byte 0x00, 0x00, 0x1E, 0x27, 0x01, 0x01, 0x01, 0x01, 0x0A, 0x01, 0x01, 0x01, 0x00, 0x00, 0x00, 0x00
    .byte 0x00, 0x00, 0x1E, 0x27, 0x01, 0x01, 0x01, 0x01, 0x0A, 0x01, 0x01, 0x01, 0x00, 0x00, 0x00, 0x00
    .byte 0x00, 0x00, 0x00, 0x00, 0x18, 0x18, 0x20, 0x00, 0x00, 0x20, 0x18, 0x18, 0x00, 0x00, 0x00, 0x00
    .byte 0x00, 0x00, 0x00, 0x00, 0x01, 0x01, 0x01, 0x00, 0x00, 0x01, 0x01, 0x01, 0x00, 0x00, 0x00, 0x00
.eqv ASSET__PROTAGONISTA_SPRITE_05_WIDTH 16
.eqv ASSET__PROTAGONISTA_SPRITE_05_HEIGHT 16

# _protagonista/sprite_06.png
.align 2
asset__protagonista_sprite_06:
    .byte 0x00, 0x00, 0x00, 0x00, 0x00, 0x00, 0x05, 0x0E, 0x05, 0x0E, 0x00, 0x00, 0x00, 0x00, 0x00, 0x00
    .byte 0x00, 0x00, 0x00, 0x00, 0x0E, 0x0E, 0x07, 0x07, 0x07, 0x0E, 0x0E, 0x0E, 0x00, 0x00, 0x00, 0x00
    .byte 0x00, 0x00, 0x00, 0x00, 0x07, 0x07, 0x0E, 0x0E, 0x0E, 0x0E, 0x0E, 0x0E, 0x00, 0x00, 0x00, 0x00
    .byte 0x00, 0x00, 0x00, 0x00, 0x07, 0x07, 0x0E, 0x0E, 0x0E, 0x0E, 0x0E, 0x0E, 0x00, 0x00, 0x00, 0x00
    .byte 0x00, 0x00, 0x00, 0x6F, 0xAF, 0xAF, 0x07, 0x07, 0x0E, 0x0E, 0x66, 0x66, 0xAF, 0x00, 0x00, 0x00
    .byte 0x00, 0x00, 0x00, 0xAF, 0x67, 0x67, 0x6F, 0x05, 0x0E, 0x66, 0x67, 0x67, 0x6F, 0x00, 0x00, 0x00
    .byte 0x00, 0x00, 0x00, 0x00, 0x1E, 0x1E, 0x0E, 0xAF, 0xAF, 0x0D, 0x6F, 0x6F, 0x00, 0x00, 0x00, 0x00
    .byte 0x00, 0x00, 0x00, 0xAF, 0xFF, 0xFF, 0xFF, 0xFF, 0xF7, 0xFF, 0xFF, 0xFF, 0xAF, 0x00, 0x00, 0x00
    .byte 0x00, 0x00, 0x00, 0xAF, 0xFF, 0xFF, 0xFF, 0xFF, 0xF7, 0xFF, 0xFF, 0xFF, 0xAF, 0x00, 0x00, 0x00
    .byte 0x00, 0x00, 0x66, 0x66, 0xFF, 0xFF, 0xFF, 0xF6, 0xF6, 0xFF, 0xFF, 0xFF, 0x66, 0x66, 0x00, 0x00
    .byte 0x00, 0x00, 0x6F, 0xAF, 0x01, 0x01, 0xFF, 0xFF, 0xFF, 0xFF, 0x01, 0x01, 0xAF, 0x6F, 0x00, 0x00
    .byte 0x00, 0x00, 0x1E, 0x6F, 0x01, 0x01, 0xFF, 0xFF, 0xFF, 0xFF, 0x01, 0x01, 0x09, 0x00, 0x00, 0x00
    .byte 0x00, 0x00, 0x1E, 0x27, 0x01, 0x01, 0x01, 0x01, 0x0A, 0x01, 0x01, 0x01, 0x00, 0x00, 0x00, 0x00
    .byte 0x00, 0x00, 0x1E, 0x27, 0x01, 0x01, 0x01, 0x01, 0x0A, 0x01, 0x01, 0x01, 0x00, 0x00, 0x00, 0x00
    .byte 0x00, 0x00, 0x00, 0x00, 0x18, 0x18, 0x20, 0x00, 0x00, 0x20, 0x18, 0x18, 0x00, 0x00, 0x00, 0x00
    .byte 0x00, 0x00, 0x00, 0x00, 0x01, 0x01, 0x01, 0x00, 0x00, 0x01, 0x01, 0x01, 0x00, 0x00, 0x00, 0x00
.eqv ASSET__PROTAGONISTA_SPRITE_06_WIDTH 16
.eqv ASSET__PROTAGONISTA_SPRITE_06_HEIGHT 16

# _protagonista/sprite_07.png
.align 2
asset__protagonista_sprite_07:
    .byte 0x00, 0x00, 0x00, 0x00, 0x00, 0x00, 0x05, 0x0E, 0x05, 0x0E, 0x00, 0x00, 0x00, 0x00, 0x00, 0x00
    .byte 0x00, 0x00, 0x00, 0x00, 0x0E, 0x0E, 0x07, 0x07, 0x07, 0x0E, 0x0E, 0x0E, 0x00, 0x00, 0x00, 0x00
    .byte 0x00, 0x00, 0x00, 0x00, 0x07, 0x07, 0x0E, 0x0E, 0x0E, 0x0E, 0x0E, 0x0E, 0x00, 0x00, 0x00, 0x00
    .byte 0x00, 0x00, 0x00, 0x00, 0x07, 0x07, 0x0E, 0x0E, 0x0E, 0x0E, 0x0E, 0x0E, 0x00, 0x00, 0x00, 0x00
    .byte 0x00, 0x00, 0x00, 0x6F, 0xAF, 0xAF, 0x07, 0x07, 0x0E, 0x0E, 0x66, 0x66, 0xAF, 0x00, 0x00, 0x00
    .byte 0x00, 0x00, 0x00, 0xAF, 0x67, 0x67, 0x6F, 0x05, 0x0E, 0x66, 0x67, 0x67, 0x6F, 0x00, 0x00, 0x00
    .byte 0x00, 0x00, 0x00, 0x00, 0x1E, 0x1E, 0x0E, 0xAF, 0xAF, 0x0D, 0x6F, 0x6F, 0x00, 0x00, 0x00, 0x00
    .byte 0x00, 0x00, 0x00, 0xAF, 0xFF, 0xFF, 0xFF, 0xFF, 0xF7, 0xFF, 0xFF, 0xFF, 0xAF, 0x00, 0x00, 0x00
    .byte 0x00, 0x00, 0x00, 0xAF, 0xFF, 0xFF, 0xFF, 0xFF, 0xF7, 0xFF, 0xFF, 0xFF, 0xAF, 0x00, 0x00, 0x00
    .byte 0x00, 0x00, 0x66, 0x66, 0xFF, 0xFF, 0xFF, 0xF6, 0xF6, 0xFF, 0xFF, 0xFF, 0x66, 0x66, 0x00, 0x00
    .byte 0x00, 0x00, 0x6F, 0xAF, 0x01, 0x01, 0xFF, 0xFF, 0xFF, 0xFF, 0x01, 0x01, 0xAF, 0x6F, 0x00, 0x00
    .byte 0x00, 0x00, 0x1E, 0x6F, 0x01, 0x01, 0xFF, 0xFF, 0xFF, 0xFF, 0x01, 0x01, 0x0A, 0x00, 0x00, 0x00
    .byte 0x00, 0x00, 0x1E, 0x27, 0x01, 0x01, 0x01, 0x01, 0x0A, 0x01, 0x01, 0x01, 0x00, 0x00, 0x00, 0x00
    .byte 0x00, 0x00, 0x1E, 0x27, 0x01, 0x01, 0x01, 0x01, 0x0A, 0x01, 0x01, 0x01, 0x00, 0x00, 0x00, 0x00
    .byte 0x00, 0x00, 0x00, 0x00, 0x18, 0x18, 0x20, 0x00, 0x00, 0x20, 0x18, 0x18, 0x00, 0x00, 0x00, 0x00
    .byte 0x00, 0x00, 0x00, 0x00, 0x01, 0x01, 0x01, 0x00, 0x00, 0x01, 0x01, 0x01, 0x00, 0x00, 0x00, 0x00
.eqv ASSET__PROTAGONISTA_SPRITE_07_WIDTH 16
.eqv ASSET__PROTAGONISTA_SPRITE_07_HEIGHT 16

# _protagonista/sprite_08.png
.align 2
asset__protagonista_sprite_08:
    .byte 0x00, 0x00, 0x00, 0x00, 0x07, 0x0D, 0x0D, 0x0D, 0x0E, 0x0E, 0x5F, 0x5F, 0x00, 0x00, 0x00, 0x00
    .byte 0x00, 0x00, 0x00, 0x00, 0x5F, 0x0D, 0x0D, 0x07, 0x0E, 0x0E, 0x05, 0x05, 0x00, 0x00, 0x00, 0x00
    .byte 0x00, 0x00, 0x00, 0x00, 0x0E, 0x07, 0x07, 0x01, 0x27, 0x6F, 0x6F, 0x6F, 0x00, 0x00, 0x00, 0x00
    .byte 0x00, 0x00, 0x00, 0x00, 0x0E, 0x07, 0x07, 0x01, 0x27, 0x6F, 0x6F, 0x6F, 0x00, 0x00, 0x00, 0x00
    .byte 0x00, 0x00, 0x00, 0x00, 0x0E, 0xAF, 0xAF, 0x15, 0x6F, 0x01, 0x66, 0x66, 0x00, 0x00, 0x00, 0x00
    .byte 0x00, 0x00, 0x00, 0x00, 0x0D, 0xB7, 0xB7, 0x67, 0x6F, 0x01, 0x67, 0x67, 0x67, 0x00, 0x00, 0x00
    .byte 0x00, 0x00, 0x00, 0x07, 0x00, 0x00, 0x00, 0xAF, 0x66, 0x67, 0x67, 0x67, 0x00, 0x00, 0x00, 0x00
    .byte 0x00, 0x00, 0x00, 0x00, 0x00, 0xAF, 0xAF, 0x67, 0xAF, 0x00, 0x00, 0x00, 0x00, 0x00, 0x00, 0x00
    .byte 0x00, 0x00, 0x00, 0x00, 0x00, 0xAF, 0xAF, 0x67, 0xAF, 0x00, 0x00, 0x00, 0x00, 0x00, 0x00, 0x00
    .byte 0x00, 0x00, 0x00, 0x00, 0x00, 0x27, 0x27, 0x67, 0xFF, 0xA5, 0x00, 0x00, 0x00, 0x00, 0x00, 0x00
    .byte 0x00, 0x00, 0x00, 0x00, 0x00, 0xAF, 0xAF, 0x27, 0xFF, 0xFF, 0x00, 0x00, 0x00, 0x00, 0x00, 0x00
    .byte 0x00, 0x00, 0x00, 0x00, 0x00, 0x1E, 0x1E, 0x67, 0xF6, 0xF7, 0x00, 0x00, 0x00, 0x00, 0x00, 0x00
    .byte 0x00, 0x00, 0x00, 0x00, 0x00, 0x1E, 0x1E, 0x1E, 0x01, 0x00, 0x00, 0x00, 0x00, 0x00, 0x00, 0x00
    .byte 0x00, 0x00, 0x00, 0x00, 0x00, 0x1E, 0x1E, 0x1E, 0x01, 0x00, 0x00, 0x00, 0x00, 0x00, 0x00, 0x00
    .byte 0x00, 0x00, 0x00, 0x00, 0x00, 0x00, 0x00, 0x18, 0x20, 0x00, 0x00, 0x00, 0x00, 0x00, 0x00, 0x00
    .byte 0x00, 0x00, 0x00, 0x00, 0x00, 0x00, 0x00, 0x01, 0x01, 0x01, 0x00, 0x00, 0x00, 0x00, 0x00, 0x00
.eqv ASSET__PROTAGONISTA_SPRITE_08_WIDTH 16
.eqv ASSET__PROTAGONISTA_SPRITE_08_HEIGHT 16

# _protagonista/sprite_09.png
.align 2
asset__protagonista_sprite_09:
    .byte 0x00, 0x07, 0x0D, 0x0D, 0x0D, 0x0E, 0x0E, 0x5F, 0x5F, 0x00, 0x00, 0x00, 0x00, 0x00, 0x00, 0x00
    .byte 0x00, 0x5F, 0x0D, 0x0D, 0x07, 0x0E, 0x0E, 0x05, 0x05, 0x00, 0x00, 0x00, 0x00, 0x00, 0x00, 0x00
    .byte 0x00, 0x0E, 0x07, 0x07, 0x01, 0x27, 0x6F, 0x6F, 0x6F, 0x00, 0x00, 0x00, 0x00, 0x00, 0x00, 0x00
    .byte 0x00, 0x0E, 0x07, 0x07, 0x01, 0x27, 0x6F, 0x6F, 0x6F, 0x00, 0x00, 0x00, 0x00, 0x00, 0x00, 0x00
    .byte 0x00, 0x0E, 0xAF, 0xAF, 0x15, 0x6F, 0x01, 0x66, 0x66, 0x00, 0x00, 0x00, 0x00, 0x00, 0x00, 0x00
    .byte 0x00, 0x0D, 0xB7, 0xB7, 0x67, 0x6F, 0x01, 0x67, 0x67, 0x67, 0x00, 0x00, 0x00, 0x00, 0x00, 0x00
    .byte 0x07, 0x00, 0x00, 0x00, 0xAF, 0x66, 0x67, 0x67, 0x67, 0x00, 0xAD, 0xAD, 0xF6, 0xF6, 0xF6, 0x00
    .byte 0x00, 0x00, 0xAF, 0xAF, 0x67, 0xAF, 0x67, 0xAF, 0xAF, 0x27, 0x0B, 0x1E, 0x00, 0x00, 0x00, 0x00
    .byte 0x00, 0x00, 0xAF, 0xAF, 0x67, 0xAF, 0x67, 0xAF, 0xAF, 0x27, 0x0B, 0x1E, 0x00, 0x00, 0x00, 0x00
    .byte 0x00, 0x00, 0x27, 0x27, 0x67, 0xFF, 0xA5, 0x67, 0x67, 0xAF, 0x0A, 0x27, 0x00, 0x00, 0x00, 0x00
    .byte 0x00, 0x00, 0xAF, 0xAF, 0x27, 0xFF, 0xFF, 0x00, 0x00, 0x00, 0x00, 0x00, 0x00, 0x00, 0x00, 0x00
    .byte 0x00, 0x00, 0x1E, 0x1E, 0x67, 0xF6, 0xF7, 0x00, 0x00, 0x00, 0x00, 0x00, 0x00, 0x00, 0x00, 0x00
    .byte 0x00, 0x00, 0x1E, 0x1E, 0x1E, 0x01, 0x00, 0x00, 0x00, 0x00, 0x00, 0x00, 0x00, 0x00, 0x00, 0x00
    .byte 0x00, 0x00, 0x1E, 0x1E, 0x1E, 0x01, 0x00, 0x00, 0x00, 0x00, 0x00, 0x00, 0x00, 0x00, 0x00, 0x00
    .byte 0x00, 0x00, 0x00, 0x00, 0x18, 0x20, 0x00, 0x00, 0x00, 0x00, 0x00, 0x00, 0x00, 0x00, 0x00, 0x00
    .byte 0x00, 0x00, 0x00, 0x00, 0x01, 0x01, 0x01, 0x00, 0x00, 0x00, 0x00, 0x00, 0x00, 0x00, 0x00, 0x00
.eqv ASSET__PROTAGONISTA_SPRITE_09_WIDTH 16
.eqv ASSET__PROTAGONISTA_SPRITE_09_HEIGHT 16

# _protagonista/sprite_10.png
.align 2
asset__protagonista_sprite_10:
    .byte 0x00, 0x07, 0x0D, 0x0D, 0x0D, 0x0E, 0x0E, 0x5F, 0x5F, 0x00, 0x00, 0x00, 0x00, 0x00, 0x00, 0x00
    .byte 0x00, 0x5F, 0x0D, 0x0D, 0x07, 0x0E, 0x0E, 0x05, 0x05, 0x00, 0x00, 0x00, 0x00, 0x00, 0x00, 0x00
    .byte 0x00, 0x0E, 0x07, 0x07, 0x01, 0x27, 0x6F, 0x6F, 0x6F, 0x00, 0x00, 0x00, 0x00, 0x00, 0x00, 0x00
    .byte 0x00, 0x0E, 0x07, 0x07, 0x01, 0x27, 0x6F, 0x6F, 0x6F, 0x00, 0x00, 0x00, 0x00, 0x00, 0x00, 0x00
    .byte 0x00, 0x0E, 0xAF, 0xAF, 0x15, 0x6F, 0x01, 0x66, 0x66, 0x00, 0x00, 0x00, 0x00, 0x00, 0x00, 0x00
    .byte 0x00, 0x0D, 0xB7, 0xB7, 0x67, 0x6F, 0x01, 0x67, 0x67, 0x67, 0x00, 0x00, 0x00, 0x00, 0x00, 0x00
    .byte 0x07, 0x00, 0x00, 0x00, 0xAF, 0x66, 0x67, 0x67, 0x67, 0x09, 0x09, 0x09, 0x09, 0x09, 0x09, 0x00
    .byte 0x00, 0x00, 0xAF, 0xAF, 0x67, 0xAF, 0x67, 0xAF, 0xAF, 0x09, 0x09, 0x1E, 0x00, 0x00, 0x00, 0x00
    .byte 0x00, 0x00, 0xAF, 0xAF, 0x67, 0xAF, 0x67, 0xAF, 0xAF, 0x09, 0x09, 0x1E, 0x00, 0x00, 0x00, 0x00
    .byte 0x00, 0x00, 0x27, 0x27, 0x67, 0xFF, 0xA5, 0x67, 0x67, 0xAF, 0x09, 0x27, 0x00, 0x00, 0x00, 0x00
    .byte 0x00, 0x00, 0xAF, 0xAF, 0x27, 0xFF, 0xFF, 0x00, 0x00, 0x00, 0x09, 0x00, 0x00, 0x00, 0x00, 0x00
    .byte 0x00, 0x00, 0x1E, 0x1E, 0x67, 0xF6, 0xF7, 0x00, 0x00, 0x00, 0x00, 0x00, 0x00, 0x00, 0x00, 0x00
    .byte 0x00, 0x00, 0x1E, 0x1E, 0x1E, 0x01, 0x00, 0x00, 0x00, 0x00, 0x00, 0x00, 0x00, 0x00, 0x00, 0x00
    .byte 0x00, 0x00, 0x1E, 0x1E, 0x1E, 0x01, 0x00, 0x00, 0x00, 0x00, 0x00, 0x00, 0x00, 0x00, 0x00, 0x00
    .byte 0x00, 0x00, 0x00, 0x00, 0x18, 0x20, 0x00, 0x00, 0x00, 0x00, 0x00, 0x00, 0x00, 0x00, 0x00, 0x00
    .byte 0x00, 0x00, 0x00, 0x00, 0x01, 0x01, 0x01, 0x00, 0x00, 0x00, 0x00, 0x00, 0x00, 0x00, 0x00, 0x00
.eqv ASSET__PROTAGONISTA_SPRITE_10_WIDTH 16
.eqv ASSET__PROTAGONISTA_SPRITE_10_HEIGHT 16

# _protagonista/sprite_11.png
.align 2
asset__protagonista_sprite_11:
    .byte 0x00, 0x07, 0x0D, 0x0D, 0x0D, 0x0E, 0x0E, 0x5F, 0x5F, 0x00, 0x00, 0x00, 0x00, 0x00, 0x00, 0x00
    .byte 0x00, 0x5F, 0x0D, 0x0D, 0x07, 0x0E, 0x0E, 0x05, 0x05, 0x00, 0x00, 0x00, 0x00, 0x00, 0x00, 0x00
    .byte 0x00, 0x0E, 0x07, 0x07, 0x01, 0x27, 0x6F, 0x6F, 0x6F, 0x00, 0x00, 0x00, 0x00, 0x00, 0x00, 0x00
    .byte 0x00, 0x0E, 0x07, 0x07, 0x01, 0x27, 0x6F, 0x6F, 0x6F, 0x00, 0x00, 0x00, 0x00, 0x00, 0x00, 0x00
    .byte 0x00, 0x0E, 0xAF, 0xAF, 0x15, 0x6F, 0x01, 0x66, 0x66, 0x00, 0x00, 0x00, 0x00, 0x00, 0x00, 0x00
    .byte 0x00, 0x0D, 0xB7, 0xB7, 0x67, 0x6F, 0x01, 0x67, 0x67, 0x67, 0x00, 0x00, 0x00, 0x00, 0x00, 0x00
    .byte 0x07, 0x00, 0x00, 0x00, 0xAF, 0x66, 0x67, 0x67, 0x67, 0x00, 0x09, 0x09, 0x09, 0x09, 0x09, 0x00
    .byte 0x00, 0x00, 0xAF, 0xAF, 0x67, 0xAF, 0x67, 0xAF, 0xAF, 0x27, 0x0A, 0x1E, 0x0A, 0x0A, 0x00, 0x00
    .byte 0x00, 0x00, 0xAF, 0xAF, 0x67, 0xAF, 0x67, 0xAF, 0xAF, 0x27, 0x0A, 0x1E, 0x0A, 0x0A, 0x00, 0x00
    .byte 0x00, 0x00, 0x27, 0x27, 0x67, 0xFF, 0xA5, 0x67, 0x67, 0x0A, 0x67, 0x27, 0x00, 0x00, 0x00, 0x00
    .byte 0x00, 0x00, 0xAF, 0xAF, 0x27, 0xFF, 0xFF, 0x00, 0x00, 0x00, 0x00, 0x00, 0x00, 0x00, 0x00, 0x00
    .byte 0x00, 0x00, 0x1E, 0x1E, 0x67, 0xF6, 0xF7, 0x00, 0x00, 0x00, 0x00, 0x00, 0x00, 0x00, 0x00, 0x00
    .byte 0x00, 0x00, 0x1E, 0x1E, 0x1E, 0x01, 0x00, 0x00, 0x00, 0x00, 0x00, 0x00, 0x00, 0x00, 0x00, 0x00
    .byte 0x00, 0x00, 0x1E, 0x1E, 0x1E, 0x01, 0x00, 0x00, 0x00, 0x00, 0x00, 0x00, 0x00, 0x00, 0x00, 0x00
    .byte 0x00, 0x00, 0x00, 0x00, 0x18, 0x20, 0x00, 0x00, 0x00, 0x00, 0x00, 0x00, 0x00, 0x00, 0x00, 0x00
    .byte 0x00, 0x00, 0x00, 0x00, 0x01, 0x01, 0x01, 0x00, 0x00, 0x00, 0x00, 0x00, 0x00, 0x00, 0x00, 0x00
.eqv ASSET__PROTAGONISTA_SPRITE_11_WIDTH 16
.eqv ASSET__PROTAGONISTA_SPRITE_11_HEIGHT 16

# _protagonista/sprite_12.png
.align 2
asset__protagonista_sprite_12:
    .byte 0x00, 0x00, 0x00, 0x00, 0x07, 0x0D, 0x0D, 0x0D, 0x0E, 0x0E, 0x5F, 0x5F, 0x00, 0x00, 0x00, 0x00
    .byte 0x00, 0x00, 0x00, 0x00, 0x5F, 0x0D, 0x0D, 0x07, 0x0E, 0x0E, 0x05, 0x05, 0x00, 0x00, 0x00, 0x00
    .byte 0x00, 0x00, 0x00, 0x00, 0x0E, 0x07, 0x07, 0x01, 0x27, 0x6F, 0x6F, 0x6F, 0x00, 0x00, 0x00, 0x00
    .byte 0x00, 0x00, 0x00, 0x00, 0x0E, 0x07, 0x07, 0x01, 0x27, 0x6F, 0x6F, 0x6F, 0x00, 0x00, 0x00, 0x00
    .byte 0x00, 0x00, 0x00, 0x00, 0x0E, 0xAF, 0xAF, 0x15, 0x6F, 0x01, 0x66, 0x66, 0x00, 0x00, 0x00, 0x00
    .byte 0x00, 0x00, 0x00, 0x00, 0x0D, 0xB7, 0xB7, 0x67, 0x6F, 0x01, 0x67, 0x67, 0x67, 0x00, 0x00, 0x00
    .byte 0x00, 0x00, 0x00, 0x07, 0x00, 0x00, 0x00, 0xAF, 0x66, 0x67, 0x67, 0x67, 0x00, 0x00, 0x00, 0x00
    .byte 0x00, 0x00, 0x00, 0x00, 0x00, 0xAF, 0xAF, 0xFF, 0xAF, 0x00, 0x00, 0x00, 0x00, 0x00, 0x00, 0x00
    .byte 0x00, 0x00, 0x00, 0x00, 0x00, 0xAF, 0xAF, 0xFF, 0xAF, 0x00, 0x00, 0x00, 0x00, 0x00, 0x00, 0x00
    .byte 0x00, 0x00, 0x00, 0x00, 0x27, 0x67, 0x67, 0xF6, 0xA5, 0xA5, 0x00, 0x00, 0x00, 0x00, 0x00, 0x00
    .byte 0x00, 0x00, 0x00, 0x00, 0xAF, 0x27, 0x27, 0xF6, 0xFF, 0xFF, 0x00, 0x00, 0x00, 0x00, 0x00, 0x00
    .byte 0x00, 0x00, 0x00, 0x1E, 0x67, 0x00, 0x00, 0xFF, 0xF6, 0xF7, 0x00, 0x00, 0x00, 0x00, 0x00, 0x00
    .byte 0x00, 0x00, 0x00, 0x1E, 0x1E, 0x00, 0x00, 0x01, 0x01, 0x18, 0x00, 0x00, 0x00, 0x00, 0x00, 0x00
    .byte 0x00, 0x00, 0x00, 0x1E, 0x1E, 0x00, 0x00, 0x01, 0x01, 0x18, 0x00, 0x00, 0x00, 0x00, 0x00, 0x00
    .byte 0x00, 0x00, 0x00, 0x00, 0x00, 0x01, 0x01, 0x10, 0x18, 0x20, 0x00, 0x00, 0x00, 0x00, 0x00, 0x00
    .byte 0x00, 0x00, 0x00, 0x00, 0x00, 0x01, 0x01, 0x00, 0x01, 0x01, 0x01, 0x01, 0x00, 0x00, 0x00, 0x00
.eqv ASSET__PROTAGONISTA_SPRITE_12_WIDTH 16
.eqv ASSET__PROTAGONISTA_SPRITE_12_HEIGHT 16

# _protagonista/sprite_13.png
.align 2
asset__protagonista_sprite_13:
    .byte 0x00, 0x07, 0x0D, 0x0D, 0x0D, 0x0E, 0x0E, 0x5F, 0x5F, 0x00, 0x00, 0x00, 0x00, 0x00, 0x00, 0x00
    .byte 0x00, 0x5F, 0x0D, 0x0D, 0x07, 0x0E, 0x0E, 0x05, 0x05, 0x00, 0x00, 0x00, 0x00, 0x00, 0x00, 0x00
    .byte 0x00, 0x0E, 0x07, 0x07, 0x01, 0x27, 0x6F, 0x6F, 0x6F, 0x00, 0x00, 0x00, 0x00, 0x00, 0x00, 0x00
    .byte 0x00, 0x0E, 0x07, 0x07, 0x01, 0x27, 0x6F, 0x6F, 0x6F, 0x00, 0x00, 0x00, 0x00, 0x00, 0x00, 0x00
    .byte 0x00, 0x0E, 0xAF, 0xAF, 0x15, 0x6F, 0x01, 0x66, 0x66, 0x00, 0x00, 0x00, 0x00, 0x00, 0x00, 0x00
    .byte 0x00, 0x0D, 0xB7, 0xB7, 0x67, 0x6F, 0x01, 0x67, 0x67, 0x67, 0x00, 0x00, 0x00, 0x00, 0x00, 0x00
    .byte 0x07, 0x00, 0x00, 0x00, 0xAF, 0x66, 0x67, 0x67, 0x67, 0x00, 0xAD, 0xAD, 0xF6, 0xF6, 0xF6, 0x00
    .byte 0x00, 0x00, 0xAF, 0xAF, 0xFF, 0xAF, 0x67, 0xAF, 0xAF, 0x27, 0x0B, 0x1E, 0x00, 0x00, 0x00, 0x00
    .byte 0x00, 0x00, 0xAF, 0xAF, 0xFF, 0xAF, 0x67, 0xAF, 0xAF, 0x27, 0x0B, 0x1E, 0x00, 0x00, 0x00, 0x00
    .byte 0x00, 0x27, 0x67, 0x67, 0xF6, 0xA5, 0xA5, 0x67, 0x67, 0xAF, 0x0A, 0x27, 0x00, 0x00, 0x00, 0x00
    .byte 0x00, 0xAF, 0x27, 0x27, 0xF6, 0xFF, 0xFF, 0x00, 0x00, 0x00, 0x00, 0x00, 0x00, 0x00, 0x00, 0x00
    .byte 0x1E, 0x67, 0x00, 0x00, 0xFF, 0xF6, 0xF7, 0x00, 0x00, 0x00, 0x00, 0x00, 0x00, 0x00, 0x00, 0x00
    .byte 0x1E, 0x1E, 0x00, 0x00, 0x01, 0x01, 0x18, 0x00, 0x00, 0x00, 0x00, 0x00, 0x00, 0x00, 0x00, 0x00
    .byte 0x1E, 0x1E, 0x00, 0x00, 0x01, 0x01, 0x18, 0x00, 0x00, 0x00, 0x00, 0x00, 0x00, 0x00, 0x00, 0x00
    .byte 0x00, 0x00, 0x01, 0x01, 0x10, 0x18, 0x20, 0x00, 0x00, 0x00, 0x00, 0x00, 0x00, 0x00, 0x00, 0x00
    .byte 0x00, 0x00, 0x01, 0x01, 0x00, 0x01, 0x01, 0x01, 0x01, 0x00, 0x00, 0x00, 0x00, 0x00, 0x00, 0x00
.eqv ASSET__PROTAGONISTA_SPRITE_13_WIDTH 16
.eqv ASSET__PROTAGONISTA_SPRITE_13_HEIGHT 16

# _protagonista/sprite_14.png
.align 2
asset__protagonista_sprite_14:
    .byte 0x00, 0x07, 0x0D, 0x0D, 0x0D, 0x0E, 0x0E, 0x5F, 0x5F, 0x00, 0x00, 0x00, 0x00, 0x00, 0x00, 0x00
    .byte 0x00, 0x5F, 0x0D, 0x0D, 0x07, 0x0E, 0x0E, 0x05, 0x05, 0x00, 0x00, 0x00, 0x00, 0x00, 0x00, 0x00
    .byte 0x00, 0x0E, 0x07, 0x07, 0x01, 0x27, 0x6F, 0x6F, 0x6F, 0x00, 0x00, 0x00, 0x00, 0x00, 0x00, 0x00
    .byte 0x00, 0x0E, 0x07, 0x07, 0x01, 0x27, 0x6F, 0x6F, 0x6F, 0x00, 0x00, 0x00, 0x00, 0x00, 0x00, 0x00
    .byte 0x00, 0x0E, 0xAF, 0xAF, 0x15, 0x6F, 0x01, 0x66, 0x66, 0x00, 0x00, 0x00, 0x00, 0x00, 0x00, 0x00
    .byte 0x00, 0x0D, 0xB7, 0xB7, 0x67, 0x6F, 0x01, 0x67, 0x67, 0x67, 0x00, 0x00, 0x00, 0x00, 0x00, 0x00
    .byte 0x07, 0x00, 0x00, 0x00, 0xAF, 0x66, 0x67, 0x67, 0x67, 0x09, 0x09, 0x09, 0x09, 0x09, 0x09, 0x00
    .byte 0x00, 0x00, 0xAF, 0xAF, 0xFF, 0xAF, 0x67, 0xAF, 0xAF, 0x09, 0x09, 0x1E, 0x00, 0x00, 0x00, 0x00
    .byte 0x00, 0x00, 0xAF, 0xAF, 0xFF, 0xAF, 0x67, 0xAF, 0xAF, 0x09, 0x09, 0x1E, 0x00, 0x00, 0x00, 0x00
    .byte 0x00, 0x27, 0x67, 0x67, 0xF6, 0xA5, 0xA5, 0x67, 0x67, 0xAF, 0x09, 0x27, 0x00, 0x00, 0x00, 0x00
    .byte 0x00, 0xAF, 0x27, 0x27, 0xF6, 0xFF, 0xFF, 0x00, 0x00, 0x00, 0x09, 0x00, 0x00, 0x00, 0x00, 0x00
    .byte 0x1E, 0x67, 0x00, 0x00, 0xFF, 0xF6, 0xF7, 0x00, 0x00, 0x00, 0x00, 0x00, 0x00, 0x00, 0x00, 0x00
    .byte 0x1E, 0x1E, 0x00, 0x00, 0x01, 0x01, 0x18, 0x00, 0x00, 0x00, 0x00, 0x00, 0x00, 0x00, 0x00, 0x00
    .byte 0x1E, 0x1E, 0x00, 0x00, 0x01, 0x01, 0x18, 0x00, 0x00, 0x00, 0x00, 0x00, 0x00, 0x00, 0x00, 0x00
    .byte 0x00, 0x00, 0x01, 0x01, 0x10, 0x18, 0x20, 0x00, 0x00, 0x00, 0x00, 0x00, 0x00, 0x00, 0x00, 0x00
    .byte 0x00, 0x00, 0x01, 0x01, 0x00, 0x01, 0x01, 0x01, 0x01, 0x00, 0x00, 0x00, 0x00, 0x00, 0x00, 0x00
.eqv ASSET__PROTAGONISTA_SPRITE_14_WIDTH 16
.eqv ASSET__PROTAGONISTA_SPRITE_14_HEIGHT 16

# _protagonista/sprite_15.png
.align 2
asset__protagonista_sprite_15:
    .byte 0x00, 0x07, 0x0D, 0x0D, 0x0D, 0x0E, 0x0E, 0x5F, 0x5F, 0x00, 0x00, 0x00, 0x00, 0x00, 0x00, 0x00
    .byte 0x00, 0x5F, 0x0D, 0x0D, 0x07, 0x0E, 0x0E, 0x05, 0x05, 0x00, 0x00, 0x00, 0x00, 0x00, 0x00, 0x00
    .byte 0x00, 0x0E, 0x07, 0x07, 0x01, 0x27, 0x6F, 0x6F, 0x6F, 0x00, 0x00, 0x00, 0x00, 0x00, 0x00, 0x00
    .byte 0x00, 0x0E, 0x07, 0x07, 0x01, 0x27, 0x6F, 0x6F, 0x6F, 0x00, 0x00, 0x00, 0x00, 0x00, 0x00, 0x00
    .byte 0x00, 0x0E, 0xAF, 0xAF, 0x15, 0x6F, 0x01, 0x66, 0x66, 0x00, 0x00, 0x00, 0x00, 0x00, 0x00, 0x00
    .byte 0x00, 0x0D, 0xB7, 0xB7, 0x67, 0x6F, 0x01, 0x67, 0x67, 0x67, 0x00, 0x00, 0x00, 0x00, 0x00, 0x00
    .byte 0x07, 0x00, 0x00, 0x00, 0xAF, 0x66, 0x67, 0x67, 0x67, 0x00, 0x09, 0x09, 0x09, 0x09, 0x09, 0x00
    .byte 0x00, 0x00, 0xAF, 0xAF, 0xFF, 0xAF, 0x67, 0xAF, 0xAF, 0x27, 0x0A, 0x1E, 0x0A, 0x0A, 0x00, 0x00
    .byte 0x00, 0x00, 0xAF, 0xAF, 0xFF, 0xAF, 0x67, 0xAF, 0xAF, 0x27, 0x0A, 0x1E, 0x0A, 0x0A, 0x00, 0x00
    .byte 0x00, 0x27, 0x67, 0x67, 0xF6, 0xA5, 0xA5, 0x67, 0x67, 0x0A, 0x67, 0x27, 0x00, 0x00, 0x00, 0x00
    .byte 0x00, 0xAF, 0x27, 0x27, 0xF6, 0xFF, 0xFF, 0x00, 0x00, 0x00, 0x00, 0x00, 0x00, 0x00, 0x00, 0x00
    .byte 0x1E, 0x67, 0x00, 0x00, 0xFF, 0xF6, 0xF7, 0x00, 0x00, 0x00, 0x00, 0x00, 0x00, 0x00, 0x00, 0x00
    .byte 0x1E, 0x1E, 0x00, 0x00, 0x01, 0x01, 0x18, 0x00, 0x00, 0x00, 0x00, 0x00, 0x00, 0x00, 0x00, 0x00
    .byte 0x1E, 0x1E, 0x00, 0x00, 0x01, 0x01, 0x18, 0x00, 0x00, 0x00, 0x00, 0x00, 0x00, 0x00, 0x00, 0x00
    .byte 0x00, 0x00, 0x01, 0x01, 0x10, 0x18, 0x20, 0x00, 0x00, 0x00, 0x00, 0x00, 0x00, 0x00, 0x00, 0x00
    .byte 0x00, 0x00, 0x01, 0x01, 0x00, 0x01, 0x01, 0x01, 0x01, 0x00, 0x00, 0x00, 0x00, 0x00, 0x00, 0x00
.eqv ASSET__PROTAGONISTA_SPRITE_15_WIDTH 16
.eqv ASSET__PROTAGONISTA_SPRITE_15_HEIGHT 16

# _protagonista/sprite_16.png
.align 2
asset__protagonista_sprite_16:
    .byte 0x00, 0x00, 0x00, 0x00, 0x5F, 0x0E, 0x0E, 0x0E, 0x0D, 0x0D, 0x07, 0x07, 0x00, 0x00, 0x00, 0x00
    .byte 0x00, 0x00, 0x00, 0x00, 0x05, 0x0E, 0x0E, 0x0E, 0x07, 0x0D, 0x5F, 0x5F, 0x00, 0x00, 0x00, 0x00
    .byte 0x00, 0x00, 0x00, 0x00, 0x6F, 0x6F, 0x6F, 0x27, 0x01, 0x07, 0x0E, 0x0E, 0x00, 0x00, 0x00, 0x00
    .byte 0x00, 0x00, 0x00, 0x00, 0x6F, 0x6F, 0x6F, 0x27, 0x01, 0x07, 0x0E, 0x0E, 0x00, 0x00, 0x00, 0x00
    .byte 0x00, 0x00, 0x00, 0x00, 0x66, 0x01, 0x01, 0x6F, 0x15, 0xAF, 0x0E, 0x0E, 0x00, 0x00, 0x00, 0x00
    .byte 0x00, 0x00, 0x00, 0x67, 0x67, 0x01, 0x01, 0x6F, 0x67, 0xB7, 0x0D, 0x0D, 0x00, 0x00, 0x00, 0x00
    .byte 0x00, 0x00, 0x00, 0x00, 0x67, 0x67, 0x67, 0x66, 0xAF, 0x00, 0x00, 0x00, 0x07, 0x00, 0x00, 0x00
    .byte 0x00, 0x00, 0x00, 0x00, 0x00, 0x00, 0x00, 0xAF, 0x67, 0xAF, 0x00, 0x00, 0x00, 0x00, 0x00, 0x00
    .byte 0x00, 0x00, 0x00, 0x00, 0x00, 0x00, 0x00, 0xAF, 0x67, 0xAF, 0x00, 0x00, 0x00, 0x00, 0x00, 0x00
    .byte 0x00, 0x00, 0x00, 0x00, 0x00, 0xA5, 0xA5, 0xFF, 0x67, 0x27, 0x00, 0x00, 0x00, 0x00, 0x00, 0x00
    .byte 0x00, 0x00, 0x00, 0x00, 0x00, 0xFF, 0xFF, 0xFF, 0x27, 0xAF, 0x00, 0x00, 0x00, 0x00, 0x00, 0x00
    .byte 0x00, 0x00, 0x00, 0x00, 0x00, 0xF7, 0xF7, 0xF6, 0x67, 0x1E, 0x00, 0x00, 0x00, 0x00, 0x00, 0x00
    .byte 0x00, 0x00, 0x00, 0x00, 0x00, 0x00, 0x00, 0x01, 0x1E, 0x1E, 0x00, 0x00, 0x00, 0x00, 0x00, 0x00
    .byte 0x00, 0x00, 0x00, 0x00, 0x00, 0x00, 0x00, 0x01, 0x1E, 0x1E, 0x00, 0x00, 0x00, 0x00, 0x00, 0x00
    .byte 0x00, 0x00, 0x00, 0x00, 0x00, 0x00, 0x00, 0x20, 0x18, 0x00, 0x00, 0x00, 0x00, 0x00, 0x00, 0x00
    .byte 0x00, 0x00, 0x00, 0x00, 0x00, 0x01, 0x01, 0x01, 0x01, 0x00, 0x00, 0x00, 0x00, 0x00, 0x00, 0x00
.eqv ASSET__PROTAGONISTA_SPRITE_16_WIDTH 16
.eqv ASSET__PROTAGONISTA_SPRITE_16_HEIGHT 16

# _protagonista/sprite_17.png
.align 2
asset__protagonista_sprite_17:
    .byte 0x00, 0x00, 0x00, 0x00, 0x00, 0x00, 0x5F, 0x0E, 0x0E, 0x0E, 0x0D, 0x0D, 0x07, 0x07, 0x00, 0x00
    .byte 0x00, 0x00, 0x00, 0x00, 0x00, 0x00, 0x05, 0x0E, 0x0E, 0x0E, 0x07, 0x0D, 0x5F, 0x5F, 0x00, 0x00
    .byte 0x00, 0x00, 0x00, 0x00, 0x00, 0x00, 0x6F, 0x6F, 0x6F, 0x27, 0x01, 0x07, 0x0E, 0x0E, 0x00, 0x00
    .byte 0x00, 0x00, 0x00, 0x00, 0x00, 0x00, 0x6F, 0x6F, 0x6F, 0x27, 0x01, 0x07, 0x0E, 0x0E, 0x00, 0x00
    .byte 0x00, 0x00, 0x00, 0x00, 0x00, 0x00, 0x66, 0x01, 0x01, 0x6F, 0x15, 0xAF, 0x0E, 0x0E, 0x00, 0x00
    .byte 0x00, 0x00, 0x00, 0x00, 0x00, 0x67, 0x67, 0x01, 0x01, 0x6F, 0x67, 0xB7, 0x0D, 0x0D, 0x00, 0x00
    .byte 0xF6, 0xF6, 0xAD, 0xAD, 0xAD, 0x00, 0x67, 0x67, 0x67, 0x66, 0xAF, 0x00, 0x00, 0x00, 0x07, 0x00
    .byte 0x00, 0x00, 0x1E, 0x1E, 0x0B, 0x27, 0xAF, 0x67, 0x67, 0xAF, 0x67, 0xAF, 0x00, 0x00, 0x00, 0x00
    .byte 0x00, 0x00, 0x1E, 0x1E, 0x0B, 0x27, 0xAF, 0x67, 0x67, 0xAF, 0x67, 0xAF, 0x00, 0x00, 0x00, 0x00
    .byte 0x00, 0x00, 0x27, 0x27, 0x0A, 0xAF, 0x67, 0xA5, 0xA5, 0xFF, 0x67, 0x27, 0x00, 0x00, 0x00, 0x00
    .byte 0x00, 0x00, 0x00, 0x00, 0x00, 0x00, 0x00, 0xFF, 0xFF, 0xFF, 0x27, 0xAF, 0x00, 0x00, 0x00, 0x00
    .byte 0x00, 0x00, 0x00, 0x00, 0x00, 0x00, 0x00, 0xF7, 0xF7, 0xF6, 0x67, 0x1E, 0x00, 0x00, 0x00, 0x00
    .byte 0x00, 0x00, 0x00, 0x00, 0x00, 0x00, 0x00, 0x00, 0x00, 0x01, 0x1E, 0x1E, 0x00, 0x00, 0x00, 0x00
    .byte 0x00, 0x00, 0x00, 0x00, 0x00, 0x00, 0x00, 0x00, 0x00, 0x01, 0x1E, 0x1E, 0x00, 0x00, 0x00, 0x00
    .byte 0x00, 0x00, 0x00, 0x00, 0x00, 0x00, 0x00, 0x00, 0x00, 0x20, 0x18, 0x00, 0x00, 0x00, 0x00, 0x00
    .byte 0x00, 0x00, 0x00, 0x00, 0x00, 0x00, 0x00, 0x01, 0x01, 0x01, 0x01, 0x00, 0x00, 0x00, 0x00, 0x00
.eqv ASSET__PROTAGONISTA_SPRITE_17_WIDTH 16
.eqv ASSET__PROTAGONISTA_SPRITE_17_HEIGHT 16

# _protagonista/sprite_18.png
.align 2
asset__protagonista_sprite_18:
    .byte 0x00, 0x00, 0x00, 0x00, 0x00, 0x00, 0x5F, 0x0E, 0x0E, 0x0E, 0x0D, 0x0D, 0x07, 0x07, 0x00, 0x00
    .byte 0x00, 0x00, 0x00, 0x00, 0x00, 0x00, 0x05, 0x0E, 0x0E, 0x0E, 0x07, 0x0D, 0x5F, 0x5F, 0x00, 0x00
    .byte 0x00, 0x00, 0x00, 0x00, 0x00, 0x00, 0x6F, 0x6F, 0x6F, 0x27, 0x01, 0x07, 0x0E, 0x0E, 0x00, 0x00
    .byte 0x00, 0x00, 0x00, 0x00, 0x00, 0x00, 0x6F, 0x6F, 0x6F, 0x27, 0x01, 0x07, 0x0E, 0x0E, 0x00, 0x00
    .byte 0x00, 0x00, 0x00, 0x00, 0x00, 0x00, 0x66, 0x01, 0x01, 0x6F, 0x15, 0xAF, 0x0E, 0x0E, 0x00, 0x00
    .byte 0x00, 0x00, 0x00, 0x00, 0x00, 0x67, 0x67, 0x01, 0x01, 0x6F, 0x67, 0xB7, 0x0D, 0x0D, 0x00, 0x00
    .byte 0x09, 0x09, 0x09, 0x09, 0x09, 0x09, 0x67, 0x67, 0x67, 0x66, 0xAF, 0x00, 0x00, 0x00, 0x07, 0x00
    .byte 0x00, 0x00, 0x1E, 0x1E, 0x09, 0x09, 0xAF, 0x67, 0x67, 0xAF, 0x67, 0xAF, 0x00, 0x00, 0x00, 0x00
    .byte 0x00, 0x00, 0x1E, 0x1E, 0x09, 0x09, 0xAF, 0x67, 0x67, 0xAF, 0x67, 0xAF, 0x00, 0x00, 0x00, 0x00
    .byte 0x00, 0x00, 0x27, 0x27, 0x09, 0xAF, 0x67, 0xA5, 0xA5, 0xFF, 0x67, 0x27, 0x00, 0x00, 0x00, 0x00
    .byte 0x00, 0x00, 0x00, 0x00, 0x09, 0x00, 0x00, 0xFF, 0xFF, 0xFF, 0x27, 0xAF, 0x00, 0x00, 0x00, 0x00
    .byte 0x00, 0x00, 0x00, 0x00, 0x00, 0x00, 0x00, 0xF7, 0xF7, 0xF6, 0x67, 0x1E, 0x00, 0x00, 0x00, 0x00
    .byte 0x00, 0x00, 0x00, 0x00, 0x00, 0x00, 0x00, 0x00, 0x00, 0x01, 0x1E, 0x1E, 0x00, 0x00, 0x00, 0x00
    .byte 0x00, 0x00, 0x00, 0x00, 0x00, 0x00, 0x00, 0x00, 0x00, 0x01, 0x1E, 0x1E, 0x00, 0x00, 0x00, 0x00
    .byte 0x00, 0x00, 0x00, 0x00, 0x00, 0x00, 0x00, 0x00, 0x00, 0x20, 0x18, 0x00, 0x00, 0x00, 0x00, 0x00
    .byte 0x00, 0x00, 0x00, 0x00, 0x00, 0x00, 0x00, 0x01, 0x01, 0x01, 0x01, 0x00, 0x00, 0x00, 0x00, 0x00
.eqv ASSET__PROTAGONISTA_SPRITE_18_WIDTH 16
.eqv ASSET__PROTAGONISTA_SPRITE_18_HEIGHT 16

# _protagonista/sprite_19.png
.align 2
asset__protagonista_sprite_19:
    .byte 0x00, 0x00, 0x00, 0x00, 0x00, 0x00, 0x5F, 0x0E, 0x0E, 0x0E, 0x0D, 0x0D, 0x07, 0x07, 0x00, 0x00
    .byte 0x00, 0x00, 0x00, 0x00, 0x00, 0x00, 0x05, 0x0E, 0x0E, 0x0E, 0x07, 0x0D, 0x5F, 0x5F, 0x00, 0x00
    .byte 0x00, 0x00, 0x00, 0x00, 0x00, 0x00, 0x6F, 0x6F, 0x6F, 0x27, 0x01, 0x07, 0x0E, 0x0E, 0x00, 0x00
    .byte 0x00, 0x00, 0x00, 0x00, 0x00, 0x00, 0x6F, 0x6F, 0x6F, 0x27, 0x01, 0x07, 0x0E, 0x0E, 0x00, 0x00
    .byte 0x00, 0x00, 0x00, 0x00, 0x00, 0x00, 0x66, 0x01, 0x01, 0x6F, 0x15, 0xAF, 0x0E, 0x0E, 0x00, 0x00
    .byte 0x00, 0x00, 0x00, 0x00, 0x00, 0x67, 0x67, 0x01, 0x01, 0x6F, 0x67, 0xB7, 0x0D, 0x0D, 0x00, 0x00
    .byte 0x09, 0x09, 0x09, 0x09, 0x09, 0x00, 0x67, 0x67, 0x67, 0x66, 0xAF, 0x00, 0x00, 0x00, 0x07, 0x00
    .byte 0x00, 0x0A, 0x1E, 0x1E, 0x0A, 0x27, 0xAF, 0x67, 0x67, 0xAF, 0x67, 0xAF, 0x00, 0x00, 0x00, 0x00
    .byte 0x00, 0x0A, 0x1E, 0x1E, 0x0A, 0x27, 0xAF, 0x67, 0x67, 0xAF, 0x67, 0xAF, 0x00, 0x00, 0x00, 0x00
    .byte 0x00, 0x00, 0x27, 0x27, 0x67, 0x0A, 0x67, 0xA5, 0xA5, 0xFF, 0x67, 0x27, 0x00, 0x00, 0x00, 0x00
    .byte 0x00, 0x00, 0x00, 0x00, 0x00, 0x00, 0x00, 0xFF, 0xFF, 0xFF, 0x27, 0xAF, 0x00, 0x00, 0x00, 0x00
    .byte 0x00, 0x00, 0x00, 0x00, 0x00, 0x00, 0x00, 0xF7, 0xF7, 0xF6, 0x67, 0x1E, 0x00, 0x00, 0x00, 0x00
    .byte 0x00, 0x00, 0x00, 0x00, 0x00, 0x00, 0x00, 0x00, 0x00, 0x01, 0x1E, 0x1E, 0x00, 0x00, 0x00, 0x00
    .byte 0x00, 0x00, 0x00, 0x00, 0x00, 0x00, 0x00, 0x00, 0x00, 0x01, 0x1E, 0x1E, 0x00, 0x00, 0x00, 0x00
    .byte 0x00, 0x00, 0x00, 0x00, 0x00, 0x00, 0x00, 0x00, 0x00, 0x20, 0x18, 0x00, 0x00, 0x00, 0x00, 0x00
    .byte 0x00, 0x00, 0x00, 0x00, 0x00, 0x00, 0x00, 0x01, 0x01, 0x01, 0x01, 0x00, 0x00, 0x00, 0x00, 0x00
.eqv ASSET__PROTAGONISTA_SPRITE_19_WIDTH 16
.eqv ASSET__PROTAGONISTA_SPRITE_19_HEIGHT 16

# _protagonista/sprite_20.png
.align 2
asset__protagonista_sprite_20:
    .byte 0x00, 0x00, 0x00, 0x00, 0x5F, 0x0E, 0x0E, 0x0E, 0x0D, 0x0D, 0x07, 0x07, 0x00, 0x00, 0x00, 0x00
    .byte 0x00, 0x00, 0x00, 0x00, 0x05, 0x0E, 0x0E, 0x0E, 0x07, 0x0D, 0x5F, 0x5F, 0x00, 0x00, 0x00, 0x00
    .byte 0x00, 0x00, 0x00, 0x00, 0x6F, 0x6F, 0x6F, 0x27, 0x01, 0x07, 0x0E, 0x0E, 0x00, 0x00, 0x00, 0x00
    .byte 0x00, 0x00, 0x00, 0x00, 0x6F, 0x6F, 0x6F, 0x27, 0x01, 0x07, 0x0E, 0x0E, 0x00, 0x00, 0x00, 0x00
    .byte 0x00, 0x00, 0x00, 0x00, 0x66, 0x01, 0x01, 0x6F, 0x15, 0xAF, 0x0E, 0x0E, 0x00, 0x00, 0x00, 0x00
    .byte 0x00, 0x00, 0x00, 0x67, 0x67, 0x01, 0x01, 0x6F, 0x67, 0xB7, 0x0D, 0x0D, 0x00, 0x00, 0x00, 0x00
    .byte 0x00, 0x00, 0x00, 0x00, 0x67, 0x67, 0x67, 0x66, 0xAF, 0x00, 0x00, 0x00, 0x07, 0x00, 0x00, 0x00
    .byte 0x00, 0x00, 0x00, 0x00, 0x00, 0x00, 0x00, 0xAF, 0xFF, 0xAF, 0x00, 0x00, 0x00, 0x00, 0x00, 0x00
    .byte 0x00, 0x00, 0x00, 0x00, 0x00, 0x00, 0x00, 0xAF, 0xFF, 0xAF, 0x00, 0x00, 0x00, 0x00, 0x00, 0x00
    .byte 0x00, 0x00, 0x00, 0x00, 0x00, 0xA5, 0xA5, 0xA5, 0xF6, 0x67, 0x27, 0x27, 0x00, 0x00, 0x00, 0x00
    .byte 0x00, 0x00, 0x00, 0x00, 0x00, 0xFF, 0xFF, 0xFF, 0xF6, 0x27, 0xAF, 0xAF, 0x00, 0x00, 0x00, 0x00
    .byte 0x00, 0x00, 0x00, 0x00, 0x00, 0xF7, 0xF7, 0xF6, 0xFF, 0x00, 0x67, 0x67, 0x1E, 0x00, 0x00, 0x00
    .byte 0x00, 0x00, 0x00, 0x00, 0x00, 0x18, 0x18, 0x01, 0x01, 0x00, 0x1E, 0x1E, 0x1E, 0x00, 0x00, 0x00
    .byte 0x00, 0x00, 0x00, 0x00, 0x00, 0x18, 0x18, 0x01, 0x01, 0x00, 0x1E, 0x1E, 0x1E, 0x00, 0x00, 0x00
    .byte 0x00, 0x00, 0x00, 0x00, 0x00, 0x20, 0x20, 0x18, 0x10, 0x01, 0x00, 0x00, 0x00, 0x00, 0x00, 0x00
    .byte 0x00, 0x00, 0x00, 0x00, 0x01, 0x01, 0x01, 0x01, 0x00, 0x01, 0x00, 0x00, 0x00, 0x00, 0x00, 0x00
.eqv ASSET__PROTAGONISTA_SPRITE_20_WIDTH 16
.eqv ASSET__PROTAGONISTA_SPRITE_20_HEIGHT 16

# _protagonista/sprite_21.png
.align 2
asset__protagonista_sprite_21:
    .byte 0x00, 0x00, 0x00, 0x00, 0x00, 0x00, 0x5F, 0x0E, 0x0E, 0x0E, 0x0D, 0x0D, 0x07, 0x07, 0x00, 0x00
    .byte 0x00, 0x00, 0x00, 0x00, 0x00, 0x00, 0x05, 0x0E, 0x0E, 0x0E, 0x07, 0x0D, 0x5F, 0x5F, 0x00, 0x00
    .byte 0x00, 0x00, 0x00, 0x00, 0x00, 0x00, 0x6F, 0x6F, 0x6F, 0x27, 0x01, 0x07, 0x0E, 0x0E, 0x00, 0x00
    .byte 0x00, 0x00, 0x00, 0x00, 0x00, 0x00, 0x6F, 0x6F, 0x6F, 0x27, 0x01, 0x07, 0x0E, 0x0E, 0x00, 0x00
    .byte 0x00, 0x00, 0x00, 0x00, 0x00, 0x00, 0x66, 0x01, 0x01, 0x6F, 0x15, 0xAF, 0x0E, 0x0E, 0x00, 0x00
    .byte 0x00, 0x00, 0x00, 0x00, 0x00, 0x67, 0x67, 0x01, 0x01, 0x6F, 0x67, 0xB7, 0x0D, 0x0D, 0x00, 0x00
    .byte 0xF6, 0xF6, 0xAD, 0xAD, 0xAD, 0x00, 0x67, 0x67, 0x67, 0x66, 0xAF, 0x00, 0x00, 0x00, 0x07, 0x00
    .byte 0x00, 0x00, 0x1E, 0x1E, 0x0B, 0x27, 0xAF, 0x67, 0x67, 0xAF, 0xFF, 0xAF, 0x00, 0x00, 0x00, 0x00
    .byte 0x00, 0x00, 0x1E, 0x1E, 0x0B, 0x27, 0xAF, 0x67, 0x67, 0xAF, 0xFF, 0xAF, 0x00, 0x00, 0x00, 0x00
    .byte 0x00, 0x00, 0x27, 0x27, 0x0A, 0xAF, 0x67, 0xA5, 0xA5, 0xA5, 0xF6, 0x67, 0x27, 0x27, 0x00, 0x00
    .byte 0x00, 0x00, 0x00, 0x00, 0x00, 0x00, 0x00, 0xFF, 0xFF, 0xFF, 0xF6, 0x27, 0xAF, 0xAF, 0x00, 0x00
    .byte 0x00, 0x00, 0x00, 0x00, 0x00, 0x00, 0x00, 0xF7, 0xF7, 0xF6, 0xFF, 0x00, 0x67, 0x67, 0x1E, 0x00
    .byte 0x00, 0x00, 0x00, 0x00, 0x00, 0x00, 0x00, 0x18, 0x18, 0x01, 0x01, 0x00, 0x1E, 0x1E, 0x1E, 0x00
    .byte 0x00, 0x00, 0x00, 0x00, 0x00, 0x00, 0x00, 0x18, 0x18, 0x01, 0x01, 0x00, 0x1E, 0x1E, 0x1E, 0x00
    .byte 0x00, 0x00, 0x00, 0x00, 0x00, 0x00, 0x00, 0x20, 0x20, 0x18, 0x10, 0x01, 0x00, 0x00, 0x00, 0x00
    .byte 0x00, 0x00, 0x00, 0x00, 0x00, 0x00, 0x01, 0x01, 0x01, 0x01, 0x00, 0x01, 0x00, 0x00, 0x00, 0x00
.eqv ASSET__PROTAGONISTA_SPRITE_21_WIDTH 16
.eqv ASSET__PROTAGONISTA_SPRITE_21_HEIGHT 16

# _protagonista/sprite_22.png
.align 2
asset__protagonista_sprite_22:
    .byte 0x00, 0x00, 0x00, 0x00, 0x00, 0x00, 0x5F, 0x0E, 0x0E, 0x0E, 0x0D, 0x0D, 0x07, 0x07, 0x00, 0x00
    .byte 0x00, 0x00, 0x00, 0x00, 0x00, 0x00, 0x05, 0x0E, 0x0E, 0x0E, 0x07, 0x0D, 0x5F, 0x5F, 0x00, 0x00
    .byte 0x00, 0x00, 0x00, 0x00, 0x00, 0x00, 0x6F, 0x6F, 0x6F, 0x27, 0x01, 0x07, 0x0E, 0x0E, 0x00, 0x00
    .byte 0x00, 0x00, 0x00, 0x00, 0x00, 0x00, 0x6F, 0x6F, 0x6F, 0x27, 0x01, 0x07, 0x0E, 0x0E, 0x00, 0x00
    .byte 0x00, 0x00, 0x00, 0x00, 0x00, 0x00, 0x66, 0x01, 0x01, 0x6F, 0x15, 0xAF, 0x0E, 0x0E, 0x00, 0x00
    .byte 0x00, 0x00, 0x00, 0x00, 0x00, 0x67, 0x67, 0x01, 0x01, 0x6F, 0x67, 0xB7, 0x0D, 0x0D, 0x00, 0x00
    .byte 0x09, 0x09, 0x09, 0x09, 0x09, 0x09, 0x67, 0x67, 0x67, 0x66, 0xAF, 0x00, 0x00, 0x00, 0x07, 0x00
    .byte 0x00, 0x00, 0x1E, 0x1E, 0x09, 0x09, 0xAF, 0x67, 0x67, 0xAF, 0xFF, 0xAF, 0x00, 0x00, 0x00, 0x00
    .byte 0x00, 0x00, 0x1E, 0x1E, 0x09, 0x09, 0xAF, 0x67, 0x67, 0xAF, 0xFF, 0xAF, 0x00, 0x00, 0x00, 0x00
    .byte 0x00, 0x00, 0x27, 0x27, 0x09, 0xAF, 0x67, 0xA5, 0xA5, 0xA5, 0xF6, 0x67, 0x27, 0x27, 0x00, 0x00
    .byte 0x00, 0x00, 0x00, 0x00, 0x09, 0x00, 0x00, 0xFF, 0xFF, 0xFF, 0xF6, 0x27, 0xAF, 0xAF, 0x00, 0x00
    .byte 0x00, 0x00, 0x00, 0x00, 0x00, 0x00, 0x00, 0xF7, 0xF7, 0xF6, 0xFF, 0x00, 0x67, 0x67, 0x1E, 0x00
    .byte 0x00, 0x00, 0x00, 0x00, 0x00, 0x00, 0x00, 0x18, 0x18, 0x01, 0x01, 0x00, 0x1E, 0x1E, 0x1E, 0x00
    .byte 0x00, 0x00, 0x00, 0x00, 0x00, 0x00, 0x00, 0x18, 0x18, 0x01, 0x01, 0x00, 0x1E, 0x1E, 0x1E, 0x00
    .byte 0x00, 0x00, 0x00, 0x00, 0x00, 0x00, 0x00, 0x20, 0x20, 0x18, 0x10, 0x01, 0x00, 0x00, 0x00, 0x00
    .byte 0x00, 0x00, 0x00, 0x00, 0x00, 0x00, 0x01, 0x01, 0x01, 0x01, 0x00, 0x01, 0x00, 0x00, 0x00, 0x00
.eqv ASSET__PROTAGONISTA_SPRITE_22_WIDTH 16
.eqv ASSET__PROTAGONISTA_SPRITE_22_HEIGHT 16

# _protagonista/sprite_23.png
.align 2
asset__protagonista_sprite_23:
    .byte 0x00, 0x00, 0x00, 0x00, 0x00, 0x00, 0x5F, 0x0E, 0x0E, 0x0E, 0x0D, 0x0D, 0x07, 0x07, 0x00, 0x00
    .byte 0x00, 0x00, 0x00, 0x00, 0x00, 0x00, 0x05, 0x0E, 0x0E, 0x0E, 0x07, 0x0D, 0x5F, 0x5F, 0x00, 0x00
    .byte 0x00, 0x00, 0x00, 0x00, 0x00, 0x00, 0x6F, 0x6F, 0x6F, 0x27, 0x01, 0x07, 0x0E, 0x0E, 0x00, 0x00
    .byte 0x00, 0x00, 0x00, 0x00, 0x00, 0x00, 0x6F, 0x6F, 0x6F, 0x27, 0x01, 0x07, 0x0E, 0x0E, 0x00, 0x00
    .byte 0x00, 0x00, 0x00, 0x00, 0x00, 0x00, 0x66, 0x01, 0x01, 0x6F, 0x15, 0xAF, 0x0E, 0x0E, 0x00, 0x00
    .byte 0x00, 0x00, 0x00, 0x00, 0x00, 0x67, 0x67, 0x01, 0x01, 0x6F, 0x67, 0xB7, 0x0D, 0x0D, 0x00, 0x00
    .byte 0x09, 0x09, 0x09, 0x09, 0x09, 0x00, 0x67, 0x67, 0x67, 0x66, 0xAF, 0x00, 0x00, 0x00, 0x07, 0x00
    .byte 0x00, 0x0A, 0x1E, 0x1E, 0x0A, 0x27, 0xAF, 0x67, 0x67, 0xAF, 0xFF, 0xAF, 0x00, 0x00, 0x00, 0x00
    .byte 0x00, 0x0A, 0x1E, 0x1E, 0x0A, 0x27, 0xAF, 0x67, 0x67, 0xAF, 0xFF, 0xAF, 0x00, 0x00, 0x00, 0x00
    .byte 0x00, 0x00, 0x27, 0x27, 0x67, 0x0A, 0x67, 0xA5, 0xA5, 0xA5, 0xF6, 0x67, 0x27, 0x27, 0x00, 0x00
    .byte 0x00, 0x00, 0x00, 0x00, 0x00, 0x00, 0x00, 0xFF, 0xFF, 0xFF, 0xF6, 0x27, 0xAF, 0xAF, 0x00, 0x00
    .byte 0x00, 0x00, 0x00, 0x00, 0x00, 0x00, 0x00, 0xF7, 0xF7, 0xF6, 0xFF, 0x00, 0x67, 0x67, 0x1E, 0x00
    .byte 0x00, 0x00, 0x00, 0x00, 0x00, 0x00, 0x00, 0x18, 0x18, 0x01, 0x01, 0x00, 0x1E, 0x1E, 0x1E, 0x00
    .byte 0x00, 0x00, 0x00, 0x00, 0x00, 0x00, 0x00, 0x18, 0x18, 0x01, 0x01, 0x00, 0x1E, 0x1E, 0x1E, 0x00
    .byte 0x00, 0x00, 0x00, 0x00, 0x00, 0x00, 0x00, 0x20, 0x20, 0x18, 0x10, 0x01, 0x00, 0x00, 0x00, 0x00
    .byte 0x00, 0x00, 0x00, 0x00, 0x00, 0x00, 0x01, 0x01, 0x01, 0x01, 0x00, 0x01, 0x00, 0x00, 0x00, 0x00
.eqv ASSET__PROTAGONISTA_SPRITE_23_WIDTH 16
.eqv ASSET__PROTAGONISTA_SPRITE_23_HEIGHT 16

# _sprites_1/sprites/image-1.png (1).png
.align 2
asset__sprites_1_sprites_image_1_png_1:
    .byte 0x00, 0x00, 0x00, 0x00, 0x00, 0x00, 0x00, 0x00, 0x00, 0x00, 0x00, 0x00, 0x00, 0x00, 0x00, 0x00
    .byte 0x00, 0x00, 0x00, 0x00, 0x00, 0x00, 0x00, 0x00, 0x00, 0x00, 0x00, 0x00, 0x00, 0x00, 0x00, 0x00
    .byte 0x00, 0x00, 0x00, 0x00, 0x00, 0x00, 0x00, 0x00, 0x00, 0x00, 0x00, 0x00, 0x00, 0x00, 0x00, 0x00
    .byte 0x00, 0x00, 0x00, 0x00, 0x00, 0x00, 0x01, 0x00, 0x00, 0x00, 0x00, 0x00, 0x00, 0x00, 0x00, 0x00
    .byte 0x00, 0x00, 0x00, 0x00, 0x01, 0x01, 0xAF, 0x01, 0x00, 0x00, 0x00, 0x00, 0x00, 0x00, 0x00, 0x00
    .byte 0x00, 0x00, 0x01, 0x01, 0x5B, 0x52, 0xB7, 0xAF, 0x01, 0x01, 0x01, 0x01, 0x00, 0x00, 0x00, 0x00
    .byte 0x00, 0xAF, 0x5B, 0x5B, 0x5B, 0x5B, 0x52, 0x5B, 0x5B, 0x5B, 0x52, 0x52, 0x01, 0x00, 0x00, 0x00
    .byte 0x00, 0x00, 0x52, 0x52, 0x5B, 0x52, 0x5B, 0x52, 0x52, 0x52, 0x5B, 0x52, 0xAF, 0xB7, 0x00, 0x00
    .byte 0x00, 0x00, 0x01, 0x01, 0x01, 0x01, 0x52, 0x01, 0x01, 0x01, 0x01, 0x52, 0x01, 0x00, 0xAF, 0x00
    .byte 0x00, 0x00, 0x00, 0x00, 0x00, 0x00, 0x52, 0x00, 0x00, 0x00, 0x00, 0x52, 0x00, 0x00, 0xB7, 0x00
    .byte 0x00, 0x00, 0x00, 0x00, 0x00, 0xAF, 0xAF, 0x00, 0x00, 0x00, 0xAF, 0xAF, 0x00, 0x00, 0xAF, 0x00
    .byte 0x00, 0x00, 0x00, 0x00, 0x00, 0x00, 0x00, 0x00, 0x00, 0x00, 0x00, 0x00, 0x00, 0x00, 0xB7, 0x00
    .byte 0x00, 0x00, 0x00, 0x00, 0x00, 0x00, 0x00, 0x00, 0x00, 0x00, 0x00, 0x00, 0x00, 0x00, 0xB7, 0x00
    .byte 0x00, 0x00, 0x00, 0x00, 0x00, 0x00, 0x00, 0x00, 0x00, 0x00, 0x00, 0x00, 0x00, 0x00, 0x00, 0x00
    .byte 0x00, 0x00, 0x00, 0x00, 0x00, 0x00, 0x00, 0x00, 0x00, 0x00, 0x00, 0x00, 0x00, 0x00, 0x00, 0x00
    .byte 0x00, 0x00, 0x00, 0x00, 0x00, 0x00, 0x00, 0x00, 0x00, 0x00, 0x00, 0x00, 0x00, 0x00, 0x00, 0x00
.eqv ASSET__SPRITES_1_SPRITES_IMAGE_1_PNG_1_WIDTH 16
.eqv ASSET__SPRITES_1_SPRITES_IMAGE_1_PNG_1_HEIGHT 16

# _sprites_1/sprites/image-1.png.png
.align 2
asset__sprites_1_sprites_image_1_png:
    .byte 0x00, 0x00, 0x00, 0x00, 0x00, 0x00, 0x00, 0x00, 0x00, 0x00, 0x00, 0x00, 0x00, 0x00, 0x00, 0x00
    .byte 0x00, 0x00, 0x00, 0x00, 0x00, 0x00, 0x00, 0x00, 0x00, 0x00, 0x00, 0x00, 0x00, 0x00, 0x00, 0x00
    .byte 0x00, 0x00, 0x00, 0x00, 0x00, 0x00, 0x01, 0x00, 0x00, 0x00, 0x00, 0x00, 0x00, 0x00, 0x00, 0x00
    .byte 0x00, 0x00, 0x00, 0x01, 0x01, 0x01, 0xAF, 0x01, 0x00, 0x00, 0x00, 0x00, 0x00, 0x00, 0x00, 0x00
    .byte 0x00, 0x01, 0x01, 0x5B, 0x5B, 0x52, 0xB7, 0xAF, 0x01, 0x01, 0x01, 0x01, 0x01, 0x00, 0x00, 0x00
    .byte 0xAF, 0x5B, 0x5B, 0x5B, 0x5B, 0x5B, 0x52, 0x5B, 0x5B, 0x5B, 0x52, 0x52, 0x52, 0x01, 0x00, 0x00
    .byte 0x00, 0x52, 0x52, 0x5B, 0x5B, 0x52, 0x5B, 0x52, 0x52, 0x52, 0x5B, 0x52, 0x52, 0xAF, 0xB7, 0x00
    .byte 0x00, 0x01, 0x01, 0x01, 0x01, 0x01, 0x52, 0x01, 0x01, 0x01, 0x01, 0x52, 0x52, 0x01, 0x00, 0xAF
    .byte 0x00, 0x01, 0x01, 0x01, 0x01, 0x01, 0x52, 0x01, 0x01, 0x01, 0x01, 0x52, 0x52, 0x01, 0x00, 0xAF
    .byte 0x00, 0x00, 0x00, 0x00, 0x00, 0x00, 0x52, 0x00, 0x00, 0x00, 0x00, 0x52, 0x52, 0x00, 0x00, 0xB7
    .byte 0x00, 0x00, 0x00, 0x00, 0x00, 0xAF, 0xAF, 0x00, 0x00, 0x00, 0xAF, 0xAF, 0xAF, 0x00, 0x00, 0xAF
    .byte 0x00, 0x00, 0x00, 0x00, 0x00, 0x00, 0x00, 0x00, 0x00, 0x00, 0x00, 0x00, 0x00, 0x00, 0x00, 0xB7
    .byte 0x00, 0x00, 0x00, 0x00, 0x00, 0x00, 0x00, 0x00, 0x00, 0x00, 0x00, 0x00, 0x00, 0x00, 0x00, 0xB7
    .byte 0x00, 0x00, 0x00, 0x00, 0x00, 0x00, 0x00, 0x00, 0x00, 0x00, 0x00, 0x00, 0x00, 0x00, 0x00, 0x00
    .byte 0x00, 0x00, 0x00, 0x00, 0x00, 0x00, 0x00, 0x00, 0x00, 0x00, 0x00, 0x00, 0x00, 0x00, 0x00, 0x00
    .byte 0x00, 0x00, 0x00, 0x00, 0x00, 0x00, 0x00, 0x00, 0x00, 0x00, 0x00, 0x00, 0x00, 0x00, 0x00, 0x00
.eqv ASSET__SPRITES_1_SPRITES_IMAGE_1_PNG_WIDTH 16
.eqv ASSET__SPRITES_1_SPRITES_IMAGE_1_PNG_HEIGHT 16

# _sprites_1/sprites/image-10.png.png
.align 2
asset__sprites_1_sprites_image_10_png:
    .byte 0x00, 0x00, 0x00, 0x00, 0x00, 0x00, 0x00, 0x00, 0x00, 0x00, 0x00, 0x00, 0x00, 0x00, 0x00, 0x00
    .byte 0x00, 0x00, 0x00, 0x00, 0x00, 0x00, 0x00, 0x00, 0x00, 0x00, 0x00, 0x00, 0x00, 0x00, 0x00, 0x00
    .byte 0x00, 0x00, 0x00, 0x00, 0x00, 0x00, 0x00, 0x00, 0x00, 0x01, 0x00, 0x00, 0x00, 0x00, 0x00, 0x00
    .byte 0x00, 0x00, 0x00, 0x00, 0x00, 0x00, 0x00, 0x00, 0x01, 0xAF, 0x01, 0x01, 0x01, 0x00, 0x00, 0x00
    .byte 0x00, 0x00, 0x00, 0x01, 0x01, 0x01, 0x01, 0x01, 0xAF, 0x04, 0x2B, 0x5B, 0x5B, 0x01, 0x01, 0x00
    .byte 0x00, 0x00, 0x01, 0x22, 0x22, 0x2B, 0xBE, 0x5B, 0x04, 0x2B, 0x22, 0x04, 0x04, 0x2B, 0x5B, 0xAF
    .byte 0x00, 0xBE, 0xAF, 0x2B, 0x2B, 0x04, 0x04, 0x52, 0x22, 0x04, 0xBE, 0x5B, 0x5B, 0x04, 0x22, 0x00
    .byte 0x22, 0x00, 0x01, 0xBE, 0xBE, 0x01, 0x01, 0x01, 0x01, 0xBE, 0x01, 0x01, 0x01, 0x01, 0x01, 0x00
    .byte 0x22, 0x00, 0x01, 0xBE, 0xBE, 0x01, 0x01, 0x01, 0x01, 0xBE, 0x01, 0x01, 0x01, 0x01, 0x01, 0x00
    .byte 0x2B, 0x00, 0x00, 0x52, 0x52, 0x52, 0x00, 0x00, 0x00, 0x52, 0x52, 0x00, 0x00, 0x00, 0x00, 0x00
    .byte 0x04, 0x00, 0x00, 0x00, 0x00, 0xAF, 0xAF, 0x00, 0x00, 0x00, 0xAF, 0xAF, 0xAF, 0x00, 0x00, 0x00
    .byte 0xB7, 0x00, 0x00, 0x00, 0x00, 0x00, 0x00, 0x00, 0x00, 0x00, 0x00, 0x00, 0x00, 0x00, 0x00, 0x00
    .byte 0xB7, 0x00, 0x00, 0x00, 0x00, 0x00, 0x00, 0x00, 0x00, 0x00, 0x00, 0x00, 0x00, 0x00, 0x00, 0x00
    .byte 0x00, 0x00, 0x00, 0x00, 0x00, 0x00, 0x00, 0x00, 0x00, 0x00, 0x00, 0x00, 0x00, 0x00, 0x00, 0x00
    .byte 0x00, 0x00, 0x00, 0x00, 0x00, 0x00, 0x00, 0x00, 0x00, 0x00, 0x00, 0x00, 0x00, 0x00, 0x00, 0x00
    .byte 0x00, 0x00, 0x00, 0x00, 0x00, 0x00, 0x00, 0x00, 0x00, 0x00, 0x00, 0x00, 0x00, 0x00, 0x00, 0x00
.eqv ASSET__SPRITES_1_SPRITES_IMAGE_10_PNG_WIDTH 16
.eqv ASSET__SPRITES_1_SPRITES_IMAGE_10_PNG_HEIGHT 16

# _sprites_1/sprites/image-11.png.png
.align 2
asset__sprites_1_sprites_image_11_png:
    .byte 0x00, 0x00, 0x00, 0x00, 0x00, 0x00, 0x00, 0x00, 0x00, 0x00, 0x00, 0x00, 0x00, 0x00, 0x00, 0x00
    .byte 0x00, 0x00, 0x00, 0x00, 0x00, 0x00, 0x00, 0x00, 0x00, 0x00, 0x00, 0x00, 0x00, 0x00, 0x00, 0x00
    .byte 0x00, 0x00, 0x00, 0x00, 0x00, 0x00, 0x00, 0x00, 0x00, 0x01, 0x00, 0x00, 0x00, 0x00, 0x00, 0x00
    .byte 0x00, 0x00, 0x00, 0x00, 0x00, 0x00, 0x00, 0x00, 0x01, 0xAF, 0x01, 0x01, 0x01, 0x00, 0x00, 0x00
    .byte 0x00, 0x00, 0x00, 0x01, 0x01, 0x01, 0x01, 0x01, 0xAF, 0x04, 0x2B, 0x5B, 0x5B, 0x01, 0x01, 0x00
    .byte 0x00, 0x00, 0x01, 0x22, 0x22, 0x2B, 0xBE, 0x5B, 0x04, 0x2B, 0x22, 0x04, 0x04, 0x2B, 0x5B, 0xAF
    .byte 0x00, 0xBE, 0xAF, 0x2B, 0x2B, 0x04, 0x04, 0x52, 0x22, 0x04, 0xBE, 0x5B, 0x5B, 0x04, 0x22, 0x00
    .byte 0x22, 0x00, 0x01, 0xBE, 0xBE, 0x01, 0x01, 0x01, 0x01, 0xBE, 0x01, 0x01, 0x01, 0x01, 0x01, 0x00
    .byte 0x22, 0x00, 0x01, 0xBE, 0xBE, 0x01, 0x01, 0x01, 0x01, 0xBE, 0x01, 0x01, 0x01, 0x01, 0x01, 0x00
    .byte 0x2B, 0x00, 0x00, 0x52, 0x52, 0x52, 0x00, 0x00, 0x00, 0x52, 0x52, 0x00, 0x00, 0x00, 0x00, 0x00
    .byte 0x04, 0x00, 0x00, 0x00, 0x00, 0xAF, 0xAF, 0x00, 0x00, 0x00, 0xAF, 0xAF, 0xAF, 0x00, 0x00, 0x00
    .byte 0xB7, 0x00, 0x00, 0x00, 0x00, 0x00, 0x00, 0x00, 0x00, 0x00, 0x00, 0x00, 0x00, 0x00, 0x00, 0x00
    .byte 0xB7, 0x00, 0x00, 0x00, 0x00, 0x00, 0x00, 0x00, 0x00, 0x00, 0x00, 0x00, 0x00, 0x00, 0x00, 0x00
    .byte 0x00, 0x00, 0x00, 0x00, 0x00, 0x00, 0x00, 0x00, 0x00, 0x00, 0x00, 0x00, 0x00, 0x00, 0x00, 0x00
    .byte 0x00, 0x00, 0x00, 0x00, 0x00, 0x00, 0x00, 0x00, 0x00, 0x00, 0x00, 0x00, 0x00, 0x00, 0x00, 0x00
    .byte 0x00, 0x00, 0x00, 0x00, 0x00, 0x00, 0x00, 0x00, 0x00, 0x00, 0x00, 0x00, 0x00, 0x00, 0x00, 0x00
.eqv ASSET__SPRITES_1_SPRITES_IMAGE_11_PNG_WIDTH 16
.eqv ASSET__SPRITES_1_SPRITES_IMAGE_11_PNG_HEIGHT 16

# _sprites_1/sprites/image-12.png.png
.align 2
asset__sprites_1_sprites_image_12_png:
    .byte 0x00, 0x00, 0x00, 0x00, 0x00, 0x00, 0x00, 0x00, 0x2B, 0x00, 0x00, 0x00, 0x00, 0x00, 0x00, 0x00
    .byte 0x00, 0x00, 0x00, 0x00, 0x00, 0x00, 0x00, 0x2B, 0x22, 0x00, 0x00, 0x00, 0x00, 0x00, 0x00, 0x00
    .byte 0x00, 0x00, 0x00, 0x00, 0x00, 0x00, 0x00, 0xAF, 0x00, 0x00, 0x00, 0x00, 0x00, 0x00, 0x00, 0x00
    .byte 0x00, 0x00, 0x00, 0x00, 0x00, 0x01, 0x01, 0x01, 0x01, 0x01, 0x00, 0x00, 0x00, 0x00, 0x00, 0x00
    .byte 0x00, 0x00, 0x00, 0x00, 0x00, 0x01, 0x52, 0x2B, 0x22, 0x01, 0x00, 0x00, 0x00, 0x00, 0x00, 0x00
    .byte 0x00, 0x00, 0x00, 0x00, 0x01, 0x01, 0x22, 0x2B, 0x5B, 0x01, 0x01, 0x00, 0x00, 0x00, 0x00, 0x00
    .byte 0x00, 0x00, 0x00, 0x00, 0x01, 0x5B, 0x22, 0x2B, 0x52, 0x22, 0x01, 0x00, 0x00, 0x00, 0x00, 0x00
    .byte 0x00, 0x00, 0x00, 0x00, 0x01, 0x22, 0x2B, 0x2B, 0x22, 0x52, 0x01, 0x00, 0x00, 0x00, 0x00, 0x00
    .byte 0x00, 0x00, 0x00, 0x00, 0x01, 0x22, 0x2B, 0x2B, 0x22, 0x52, 0x01, 0x00, 0x00, 0x00, 0x00, 0x00
    .byte 0x00, 0x00, 0x00, 0x00, 0x00, 0x01, 0x01, 0x5B, 0x01, 0x01, 0x00, 0x00, 0x00, 0x00, 0x00, 0x00
    .byte 0x00, 0x00, 0x00, 0x00, 0x00, 0x01, 0x22, 0x04, 0x5B, 0x01, 0x00, 0x00, 0x00, 0x00, 0x00, 0x00
    .byte 0x00, 0x00, 0x00, 0x00, 0xAF, 0xAF, 0x04, 0x52, 0x5B, 0xAF, 0xAF, 0x00, 0x00, 0x00, 0x00, 0x00
    .byte 0x00, 0x00, 0x00, 0x00, 0xAF, 0x01, 0x52, 0x5B, 0x22, 0x01, 0xAF, 0x00, 0x00, 0x00, 0x00, 0x00
    .byte 0x00, 0x00, 0x00, 0x00, 0x00, 0x00, 0x01, 0x5B, 0x01, 0x00, 0x00, 0x00, 0x00, 0x00, 0x00, 0x00
    .byte 0x00, 0x00, 0x00, 0x00, 0x00, 0x00, 0x01, 0x5B, 0x01, 0x00, 0x00, 0x00, 0x00, 0x00, 0x00, 0x00
    .byte 0x00, 0x00, 0x00, 0x00, 0x00, 0x00, 0x00, 0xAF, 0x00, 0x00, 0x00, 0x00, 0x00, 0x00, 0x00, 0x00
.eqv ASSET__SPRITES_1_SPRITES_IMAGE_12_PNG_WIDTH 16
.eqv ASSET__SPRITES_1_SPRITES_IMAGE_12_PNG_HEIGHT 16

# _sprites_1/sprites/image-13.png.png
.align 2
asset__sprites_1_sprites_image_13_png:
    .byte 0x00, 0x00, 0x00, 0x00, 0x00, 0x00, 0x00, 0xAF, 0x00, 0x00, 0x00, 0x00, 0x00, 0x00, 0x00, 0x00
    .byte 0x00, 0x00, 0x00, 0x00, 0x00, 0x00, 0x01, 0x5B, 0x01, 0x00, 0x00, 0x00, 0x00, 0x00, 0x00, 0x00
    .byte 0x00, 0x00, 0x00, 0x00, 0x00, 0x00, 0x01, 0x5B, 0x01, 0x00, 0x00, 0x00, 0x00, 0x00, 0x00, 0x00
    .byte 0x00, 0x00, 0x00, 0x00, 0xAF, 0x01, 0x22, 0x5B, 0x52, 0x01, 0xAF, 0x00, 0x00, 0x00, 0x00, 0x00
    .byte 0x00, 0x00, 0x00, 0x00, 0xAF, 0xAF, 0x5B, 0x52, 0x04, 0xAF, 0xAF, 0x00, 0x00, 0x00, 0x00, 0x00
    .byte 0x00, 0x00, 0x00, 0x00, 0x00, 0x01, 0x5B, 0x04, 0x22, 0x01, 0x00, 0x00, 0x00, 0x00, 0x00, 0x00
    .byte 0x00, 0x00, 0x00, 0x00, 0x00, 0x01, 0x01, 0x5B, 0x01, 0x01, 0x00, 0x00, 0x00, 0x00, 0x00, 0x00
    .byte 0x00, 0x00, 0x00, 0x00, 0x01, 0x52, 0x22, 0x2B, 0x2B, 0x22, 0x01, 0x00, 0x00, 0x00, 0x00, 0x00
    .byte 0x00, 0x00, 0x00, 0x00, 0x01, 0x52, 0x22, 0x2B, 0x2B, 0x22, 0x01, 0x00, 0x00, 0x00, 0x00, 0x00
    .byte 0x00, 0x00, 0x00, 0x00, 0x01, 0x22, 0x52, 0x2B, 0x22, 0x5B, 0x01, 0x00, 0x00, 0x00, 0x00, 0x00
    .byte 0x00, 0x00, 0x00, 0x00, 0x01, 0x01, 0x5B, 0x2B, 0x22, 0x01, 0x01, 0x00, 0x00, 0x00, 0x00, 0x00
    .byte 0x00, 0x00, 0x00, 0x00, 0x00, 0x01, 0x22, 0x2B, 0x52, 0x01, 0x00, 0x00, 0x00, 0x00, 0x00, 0x00
    .byte 0x00, 0x00, 0x00, 0x00, 0x00, 0x01, 0x01, 0x01, 0x01, 0x01, 0x00, 0x00, 0x00, 0x00, 0x00, 0x00
    .byte 0x00, 0x00, 0x00, 0x00, 0x00, 0x00, 0x00, 0xAF, 0x00, 0x00, 0x00, 0x00, 0x00, 0x00, 0x00, 0x00
    .byte 0x00, 0x00, 0x00, 0x00, 0x00, 0x00, 0x22, 0x2B, 0x00, 0x00, 0x00, 0x00, 0x00, 0x00, 0x00, 0x00
    .byte 0x00, 0x00, 0x00, 0x00, 0x00, 0x00, 0x2B, 0x00, 0x00, 0x00, 0x00, 0x00, 0x00, 0x00, 0x00, 0x00
.eqv ASSET__SPRITES_1_SPRITES_IMAGE_13_PNG_WIDTH 16
.eqv ASSET__SPRITES_1_SPRITES_IMAGE_13_PNG_HEIGHT 16

# _sprites_1/sprites/image-14.png.png
.align 2
asset__sprites_1_sprites_image_14_png:
    .byte 0x00, 0x00, 0x00, 0x00, 0x00, 0x00, 0x00, 0x00, 0x00, 0x00, 0x00, 0x00, 0x00, 0x00, 0x00, 0x00
    .byte 0x00, 0x00, 0x00, 0x00, 0x00, 0x00, 0x00, 0x00, 0x00, 0x00, 0x00, 0x00, 0x00, 0x00, 0x00, 0x00
    .byte 0x00, 0x00, 0x00, 0x00, 0x00, 0x00, 0x01, 0x00, 0x00, 0x00, 0x00, 0x00, 0x00, 0x00, 0x00, 0x00
    .byte 0x00, 0x00, 0x00, 0x01, 0x01, 0x01, 0xAF, 0x01, 0x00, 0x00, 0x00, 0x00, 0x00, 0x00, 0x00, 0x00
    .byte 0x00, 0x01, 0x01, 0x05, 0x05, 0x2B, 0x04, 0xAF, 0x01, 0x01, 0x01, 0x01, 0x01, 0x00, 0x00, 0x00
    .byte 0xAF, 0x22, 0x04, 0xFF, 0xFF, 0x0D, 0x2B, 0x04, 0x05, 0x0D, 0x2B, 0x22, 0x22, 0x01, 0x00, 0x00
    .byte 0x00, 0x22, 0x0D, 0x04, 0x04, 0x05, 0x04, 0x22, 0x52, 0x04, 0x05, 0x2B, 0x2B, 0xAF, 0xBE, 0x00
    .byte 0x00, 0x01, 0x01, 0x01, 0x01, 0x01, 0xBE, 0x01, 0x01, 0x01, 0x01, 0xBE, 0xBE, 0x01, 0x00, 0x22
    .byte 0x00, 0x01, 0x01, 0x01, 0x01, 0x01, 0xBE, 0x01, 0x01, 0x01, 0x01, 0xBE, 0xBE, 0x01, 0x00, 0x22
    .byte 0x00, 0x00, 0x00, 0x00, 0x00, 0x00, 0x0D, 0x00, 0x00, 0x00, 0x00, 0x52, 0x52, 0x00, 0x00, 0x04
    .byte 0x00, 0x00, 0x00, 0x00, 0x00, 0xAF, 0xAF, 0x00, 0x00, 0x00, 0xAF, 0xAF, 0xAF, 0x00, 0x00, 0x05
    .byte 0x00, 0x00, 0x00, 0x00, 0x00, 0x00, 0x00, 0x00, 0x00, 0x00, 0x00, 0x00, 0x00, 0x00, 0x00, 0xB7
    .byte 0x00, 0x00, 0x00, 0x00, 0x00, 0x00, 0x00, 0x00, 0x00, 0x00, 0x00, 0x00, 0x00, 0x00, 0x00, 0xB7
    .byte 0x00, 0x00, 0x00, 0x00, 0x00, 0x00, 0x00, 0x00, 0x00, 0x00, 0x00, 0x00, 0x00, 0x00, 0x00, 0x00
    .byte 0x00, 0x00, 0x00, 0x00, 0x00, 0x00, 0x00, 0x00, 0x00, 0x00, 0x00, 0x00, 0x00, 0x00, 0x00, 0x00
    .byte 0x00, 0x00, 0x00, 0x00, 0x00, 0x00, 0x00, 0x00, 0x00, 0x00, 0x00, 0x00, 0x00, 0x00, 0x00, 0x00
.eqv ASSET__SPRITES_1_SPRITES_IMAGE_14_PNG_WIDTH 16
.eqv ASSET__SPRITES_1_SPRITES_IMAGE_14_PNG_HEIGHT 16

# _sprites_1/sprites/image-15.png.png
.align 2
asset__sprites_1_sprites_image_15_png:
    .byte 0x00, 0x00, 0x00, 0x00, 0x00, 0x00, 0x00, 0x00, 0x00, 0x00, 0x00, 0x00, 0x00, 0x00, 0x00, 0x00
    .byte 0x00, 0x00, 0x00, 0x00, 0x00, 0x00, 0x00, 0x00, 0x00, 0x00, 0x00, 0x00, 0x00, 0x00, 0x00, 0x00
    .byte 0x00, 0x00, 0x00, 0x00, 0x00, 0x00, 0x01, 0x00, 0x00, 0x00, 0x00, 0x00, 0x00, 0x00, 0x00, 0x00
    .byte 0x00, 0x00, 0x00, 0x01, 0x01, 0x01, 0xAF, 0x01, 0x00, 0x00, 0x00, 0x00, 0x00, 0x00, 0x00, 0x00
    .byte 0x00, 0x01, 0x01, 0x05, 0x05, 0x2B, 0x04, 0xAF, 0x01, 0x01, 0x01, 0x01, 0x01, 0x00, 0x00, 0x00
    .byte 0xAF, 0x22, 0x04, 0xFF, 0xFF, 0x0D, 0x2B, 0x04, 0x05, 0x0D, 0x2B, 0x22, 0x22, 0x01, 0x00, 0x00
    .byte 0x00, 0x22, 0x0D, 0x04, 0x04, 0x05, 0x04, 0x22, 0x52, 0x04, 0x05, 0x2B, 0x2B, 0xAF, 0xBE, 0x00
    .byte 0x00, 0x01, 0x01, 0x01, 0x01, 0x01, 0xBE, 0x01, 0x01, 0x01, 0x01, 0xBE, 0xBE, 0x01, 0x00, 0x22
    .byte 0x00, 0x01, 0x01, 0x01, 0x01, 0x01, 0xBE, 0x01, 0x01, 0x01, 0x01, 0xBE, 0xBE, 0x01, 0x00, 0x22
    .byte 0x00, 0x00, 0x00, 0x00, 0x00, 0x52, 0x0D, 0x00, 0x00, 0x00, 0x52, 0x52, 0x52, 0x00, 0x00, 0x04
    .byte 0x00, 0x00, 0x00, 0xAF, 0xAF, 0xAF, 0x00, 0x00, 0x00, 0xAF, 0xAF, 0x00, 0x00, 0x00, 0x00, 0x05
    .byte 0x00, 0x00, 0x00, 0x00, 0x00, 0x00, 0x00, 0x00, 0x00, 0x00, 0x00, 0x00, 0x00, 0x00, 0x00, 0xB7
    .byte 0x00, 0x00, 0x00, 0x00, 0x00, 0x00, 0x00, 0x00, 0x00, 0x00, 0x00, 0x00, 0x00, 0x00, 0x00, 0xB7
    .byte 0x00, 0x00, 0x00, 0x00, 0x00, 0x00, 0x00, 0x00, 0x00, 0x00, 0x00, 0x00, 0x00, 0x00, 0x00, 0x00
    .byte 0x00, 0x00, 0x00, 0x00, 0x00, 0x00, 0x00, 0x00, 0x00, 0x00, 0x00, 0x00, 0x00, 0x00, 0x00, 0x00
    .byte 0x00, 0x00, 0x00, 0x00, 0x00, 0x00, 0x00, 0x00, 0x00, 0x00, 0x00, 0x00, 0x00, 0x00, 0x00, 0x00
.eqv ASSET__SPRITES_1_SPRITES_IMAGE_15_PNG_WIDTH 16
.eqv ASSET__SPRITES_1_SPRITES_IMAGE_15_PNG_HEIGHT 16

# _sprites_1/sprites/image-16.png.png
.align 2
asset__sprites_1_sprites_image_16_png:
    .byte 0x00, 0x00, 0x00, 0x00, 0x00, 0x00, 0x00, 0x00, 0x00, 0x00, 0x00, 0x00, 0x00, 0x00, 0x00, 0x00
    .byte 0x00, 0x00, 0x00, 0x00, 0x00, 0x00, 0x00, 0x00, 0x00, 0x00, 0x00, 0x00, 0x00, 0x00, 0x00, 0x00
    .byte 0x00, 0x00, 0x00, 0x00, 0x00, 0x00, 0x00, 0x00, 0x00, 0x01, 0x00, 0x00, 0x00, 0x00, 0x00, 0x00
    .byte 0x00, 0x00, 0x00, 0x00, 0x00, 0x00, 0x00, 0x00, 0x01, 0xAF, 0x01, 0x01, 0x01, 0x00, 0x00, 0x00
    .byte 0x00, 0x00, 0x00, 0x01, 0x01, 0x01, 0x01, 0x01, 0xAF, 0x04, 0x2B, 0x05, 0x05, 0x01, 0x01, 0x00
    .byte 0x00, 0x00, 0x01, 0x22, 0x22, 0x2B, 0x0D, 0x05, 0x04, 0x2B, 0x0D, 0xFF, 0xFF, 0x04, 0x22, 0xAF
    .byte 0x00, 0xBE, 0xAF, 0x2B, 0x2B, 0x05, 0x04, 0x52, 0x22, 0x04, 0x05, 0x04, 0x04, 0x0D, 0x22, 0x00
    .byte 0x22, 0x00, 0x01, 0xBE, 0xBE, 0x01, 0x01, 0x01, 0x01, 0xBE, 0x01, 0x01, 0x01, 0x01, 0x01, 0x00
    .byte 0x22, 0x00, 0x01, 0xBE, 0xBE, 0x01, 0x01, 0x01, 0x01, 0xBE, 0x01, 0x01, 0x01, 0x01, 0x01, 0x00
    .byte 0x04, 0x00, 0x00, 0x52, 0x52, 0x00, 0x00, 0x00, 0x00, 0x0D, 0x00, 0x00, 0x00, 0x00, 0x00, 0x00
    .byte 0x05, 0x00, 0x00, 0xAF, 0xAF, 0xAF, 0x00, 0x00, 0x00, 0xAF, 0xAF, 0x00, 0x00, 0x00, 0x00, 0x00
    .byte 0xB7, 0x00, 0x00, 0x00, 0x00, 0x00, 0x00, 0x00, 0x00, 0x00, 0x00, 0x00, 0x00, 0x00, 0x00, 0x00
    .byte 0xB7, 0x00, 0x00, 0x00, 0x00, 0x00, 0x00, 0x00, 0x00, 0x00, 0x00, 0x00, 0x00, 0x00, 0x00, 0x00
    .byte 0x00, 0x00, 0x00, 0x00, 0x00, 0x00, 0x00, 0x00, 0x00, 0x00, 0x00, 0x00, 0x00, 0x00, 0x00, 0x00
    .byte 0x00, 0x00, 0x00, 0x00, 0x00, 0x00, 0x00, 0x00, 0x00, 0x00, 0x00, 0x00, 0x00, 0x00, 0x00, 0x00
    .byte 0x00, 0x00, 0x00, 0x00, 0x00, 0x00, 0x00, 0x00, 0x00, 0x00, 0x00, 0x00, 0x00, 0x00, 0x00, 0x00
.eqv ASSET__SPRITES_1_SPRITES_IMAGE_16_PNG_WIDTH 16
.eqv ASSET__SPRITES_1_SPRITES_IMAGE_16_PNG_HEIGHT 16

# _sprites_1/sprites/image-17.png.png
.align 2
asset__sprites_1_sprites_image_17_png:
    .byte 0x00, 0x00, 0x00, 0x00, 0x00, 0x00, 0x00, 0x00, 0x00, 0x00, 0x00, 0x00, 0x00, 0x00, 0x00, 0x00
    .byte 0x00, 0x00, 0x00, 0x00, 0x00, 0x00, 0x00, 0x00, 0x00, 0x00, 0x00, 0x00, 0x00, 0x00, 0x00, 0x00
    .byte 0x00, 0x00, 0x00, 0x00, 0x00, 0x00, 0x00, 0x00, 0x00, 0x01, 0x00, 0x00, 0x00, 0x00, 0x00, 0x00
    .byte 0x00, 0x00, 0x00, 0x00, 0x00, 0x00, 0x00, 0x00, 0x01, 0xAF, 0x01, 0x01, 0x01, 0x00, 0x00, 0x00
    .byte 0x00, 0x00, 0x00, 0x01, 0x01, 0x01, 0x01, 0x01, 0xAF, 0x04, 0x2B, 0x05, 0x05, 0x01, 0x01, 0x00
    .byte 0x00, 0x00, 0x01, 0x22, 0x22, 0x2B, 0x0D, 0x05, 0x04, 0x2B, 0x0D, 0xFF, 0xFF, 0x04, 0x22, 0xAF
    .byte 0x00, 0xBE, 0xAF, 0x2B, 0x2B, 0x05, 0x04, 0x52, 0x22, 0x04, 0x05, 0x04, 0x04, 0x0D, 0x22, 0x00
    .byte 0x22, 0x00, 0x01, 0xBE, 0xBE, 0x01, 0x01, 0x01, 0x01, 0xBE, 0x01, 0x01, 0x01, 0x01, 0x01, 0x00
    .byte 0x22, 0x00, 0x01, 0xBE, 0xBE, 0x01, 0x01, 0x01, 0x01, 0xBE, 0x01, 0x01, 0x01, 0x01, 0x01, 0x00
    .byte 0x04, 0x00, 0x00, 0x52, 0x52, 0x52, 0x00, 0x00, 0x00, 0x0D, 0x52, 0x00, 0x00, 0x00, 0x00, 0x00
    .byte 0x05, 0x00, 0x00, 0x00, 0x00, 0xAF, 0xAF, 0x00, 0x00, 0x00, 0xAF, 0xAF, 0xAF, 0x00, 0x00, 0x00
    .byte 0xB7, 0x00, 0x00, 0x00, 0x00, 0x00, 0x00, 0x00, 0x00, 0x00, 0x00, 0x00, 0x00, 0x00, 0x00, 0x00
    .byte 0xB7, 0x00, 0x00, 0x00, 0x00, 0x00, 0x00, 0x00, 0x00, 0x00, 0x00, 0x00, 0x00, 0x00, 0x00, 0x00
    .byte 0x00, 0x00, 0x00, 0x00, 0x00, 0x00, 0x00, 0x00, 0x00, 0x00, 0x00, 0x00, 0x00, 0x00, 0x00, 0x00
    .byte 0x00, 0x00, 0x00, 0x00, 0x00, 0x00, 0x00, 0x00, 0x00, 0x00, 0x00, 0x00, 0x00, 0x00, 0x00, 0x00
    .byte 0x00, 0x00, 0x00, 0x00, 0x00, 0x00, 0x00, 0x00, 0x00, 0x00, 0x00, 0x00, 0x00, 0x00, 0x00, 0x00
.eqv ASSET__SPRITES_1_SPRITES_IMAGE_17_PNG_WIDTH 16
.eqv ASSET__SPRITES_1_SPRITES_IMAGE_17_PNG_HEIGHT 16

# _sprites_1/sprites/image-18.png.png
.align 2
asset__sprites_1_sprites_image_18_png:
    .byte 0x00, 0x00, 0x00, 0x00, 0x00, 0x00, 0x00, 0x00, 0x2B, 0x00, 0x00, 0x00, 0x00, 0x00, 0x00, 0x00
    .byte 0x00, 0x00, 0x00, 0x00, 0x00, 0x00, 0x00, 0x2B, 0x22, 0x00, 0x00, 0x00, 0x00, 0x00, 0x00, 0x00
    .byte 0x00, 0x00, 0x00, 0x00, 0x00, 0x00, 0x00, 0xAF, 0x00, 0x00, 0x00, 0x00, 0x00, 0x00, 0x00, 0x00
    .byte 0x00, 0x00, 0x00, 0x00, 0x00, 0x01, 0x01, 0x01, 0x01, 0x01, 0x00, 0x00, 0x00, 0x00, 0x00, 0x00
    .byte 0x00, 0x00, 0x00, 0x00, 0x00, 0x01, 0x04, 0x2B, 0x22, 0x01, 0x00, 0x00, 0x00, 0x00, 0x00, 0x00
    .byte 0x00, 0x00, 0x00, 0x00, 0x01, 0x01, 0x22, 0x2B, 0x5B, 0x01, 0x01, 0x00, 0x00, 0x00, 0x00, 0x00
    .byte 0x00, 0x00, 0x00, 0x00, 0x01, 0x0D, 0x04, 0x2B, 0x52, 0x22, 0x01, 0x00, 0x00, 0x00, 0x00, 0x00
    .byte 0x00, 0x00, 0x00, 0x00, 0x01, 0x22, 0x04, 0x2B, 0x22, 0x04, 0x01, 0x00, 0x00, 0x00, 0x00, 0x00
    .byte 0x00, 0x00, 0x00, 0x00, 0x01, 0x22, 0x04, 0x2B, 0x22, 0x04, 0x01, 0x00, 0x00, 0x00, 0x00, 0x00
    .byte 0x00, 0x00, 0x00, 0x00, 0x00, 0x01, 0x01, 0x5B, 0x01, 0x01, 0x00, 0x00, 0x00, 0x00, 0x00, 0x00
    .byte 0x00, 0x00, 0x00, 0x00, 0x00, 0x01, 0x22, 0x04, 0x5B, 0x01, 0x00, 0x00, 0x00, 0x00, 0x00, 0x00
    .byte 0x00, 0x00, 0x00, 0x00, 0xAF, 0xAF, 0x04, 0x05, 0x0D, 0xAF, 0xAF, 0x00, 0x00, 0x00, 0x00, 0x00
    .byte 0x00, 0x00, 0x00, 0x00, 0xAF, 0x01, 0x52, 0x0D, 0x22, 0x01, 0xAF, 0x00, 0x00, 0x00, 0x00, 0x00
    .byte 0x00, 0x00, 0x00, 0x00, 0x00, 0x00, 0x01, 0x05, 0x01, 0x00, 0x00, 0x00, 0x00, 0x00, 0x00, 0x00
    .byte 0x00, 0x00, 0x00, 0x00, 0x00, 0x00, 0x01, 0x5B, 0x01, 0x00, 0x00, 0x00, 0x00, 0x00, 0x00, 0x00
    .byte 0x00, 0x00, 0x00, 0x00, 0x00, 0x00, 0x00, 0xAF, 0x00, 0x00, 0x00, 0x00, 0x00, 0x00, 0x00, 0x00
.eqv ASSET__SPRITES_1_SPRITES_IMAGE_18_PNG_WIDTH 16
.eqv ASSET__SPRITES_1_SPRITES_IMAGE_18_PNG_HEIGHT 16

# _sprites_1/sprites/image-19.png.png
.align 2
asset__sprites_1_sprites_image_19_png:
    .byte 0x00, 0x00, 0x00, 0x00, 0x00, 0x00, 0x00, 0xAF, 0x00, 0x00, 0x00, 0x00, 0x00, 0x00, 0x00, 0x00
    .byte 0x00, 0x00, 0x00, 0x00, 0x00, 0x00, 0x01, 0x5B, 0x01, 0x00, 0x00, 0x00, 0x00, 0x00, 0x00, 0x00
    .byte 0x00, 0x00, 0x00, 0x00, 0x00, 0x00, 0x01, 0x05, 0x01, 0x00, 0x00, 0x00, 0x00, 0x00, 0x00, 0x00
    .byte 0x00, 0x00, 0x00, 0x00, 0xAF, 0x01, 0x22, 0x0D, 0x52, 0x01, 0xAF, 0x00, 0x00, 0x00, 0x00, 0x00
    .byte 0x00, 0x00, 0x00, 0x00, 0xAF, 0xAF, 0x0D, 0x05, 0x04, 0xAF, 0xAF, 0x00, 0x00, 0x00, 0x00, 0x00
    .byte 0x00, 0x00, 0x00, 0x00, 0x00, 0x01, 0x5B, 0x04, 0x22, 0x01, 0x00, 0x00, 0x00, 0x00, 0x00, 0x00
    .byte 0x00, 0x00, 0x00, 0x00, 0x00, 0x01, 0x01, 0x5B, 0x01, 0x01, 0x00, 0x00, 0x00, 0x00, 0x00, 0x00
    .byte 0x00, 0x00, 0x00, 0x00, 0x01, 0x04, 0x22, 0x2B, 0x04, 0x22, 0x01, 0x00, 0x00, 0x00, 0x00, 0x00
    .byte 0x00, 0x00, 0x00, 0x00, 0x01, 0x04, 0x22, 0x2B, 0x04, 0x22, 0x01, 0x00, 0x00, 0x00, 0x00, 0x00
    .byte 0x00, 0x00, 0x00, 0x00, 0x01, 0x22, 0x52, 0x2B, 0x04, 0x0D, 0x01, 0x00, 0x00, 0x00, 0x00, 0x00
    .byte 0x00, 0x00, 0x00, 0x00, 0x01, 0x01, 0x5B, 0x2B, 0x22, 0x01, 0x01, 0x00, 0x00, 0x00, 0x00, 0x00
    .byte 0x00, 0x00, 0x00, 0x00, 0x00, 0x01, 0x22, 0x2B, 0x04, 0x01, 0x00, 0x00, 0x00, 0x00, 0x00, 0x00
    .byte 0x00, 0x00, 0x00, 0x00, 0x00, 0x01, 0x01, 0x01, 0x01, 0x01, 0x00, 0x00, 0x00, 0x00, 0x00, 0x00
    .byte 0x00, 0x00, 0x00, 0x00, 0x00, 0x00, 0x00, 0xAF, 0x00, 0x00, 0x00, 0x00, 0x00, 0x00, 0x00, 0x00
    .byte 0x00, 0x00, 0x00, 0x00, 0x00, 0x00, 0x22, 0x2B, 0x00, 0x00, 0x00, 0x00, 0x00, 0x00, 0x00, 0x00
    .byte 0x00, 0x00, 0x00, 0x00, 0x00, 0x00, 0x2B, 0x00, 0x00, 0x00, 0x00, 0x00, 0x00, 0x00, 0x00, 0x00
.eqv ASSET__SPRITES_1_SPRITES_IMAGE_19_PNG_WIDTH 16
.eqv ASSET__SPRITES_1_SPRITES_IMAGE_19_PNG_HEIGHT 16

# _sprites_1/sprites/image-2.png.png
.align 2
asset__sprites_1_sprites_image_2_png:
    .byte 0x00, 0x00, 0x00, 0x00, 0x00, 0x00, 0x00, 0x00, 0x00, 0x00, 0x00, 0x00, 0x00, 0x00, 0x00, 0x00
    .byte 0x00, 0x00, 0x00, 0x00, 0x00, 0x00, 0x00, 0x00, 0x00, 0x00, 0x00, 0x00, 0x00, 0x00, 0x00, 0x00
    .byte 0x00, 0x00, 0x00, 0x00, 0x00, 0x00, 0x01, 0x00, 0x00, 0x00, 0x00, 0x00, 0x00, 0x00, 0x00, 0x00
    .byte 0x00, 0x00, 0x00, 0x01, 0x01, 0x01, 0xAF, 0x01, 0x00, 0x00, 0x00, 0x00, 0x00, 0x00, 0x00, 0x00
    .byte 0x00, 0x01, 0x01, 0x5B, 0x5B, 0x52, 0xB7, 0xAF, 0x01, 0x01, 0x01, 0x01, 0x01, 0x00, 0x00, 0x00
    .byte 0xAF, 0x5B, 0x5B, 0x5B, 0x5B, 0x5B, 0x52, 0x5B, 0x5B, 0x5B, 0x52, 0x52, 0x52, 0x01, 0x00, 0x00
    .byte 0x00, 0x52, 0x52, 0x5B, 0x5B, 0x52, 0x5B, 0x52, 0x52, 0x52, 0x5B, 0x52, 0x52, 0xAF, 0xB7, 0x00
    .byte 0x00, 0x01, 0x01, 0x01, 0x01, 0x01, 0x52, 0x01, 0x01, 0x01, 0x01, 0x52, 0x52, 0x01, 0x00, 0xAF
    .byte 0x00, 0x01, 0x01, 0x01, 0x01, 0x01, 0x52, 0x01, 0x01, 0x01, 0x01, 0x52, 0x52, 0x01, 0x00, 0xAF
    .byte 0x00, 0x00, 0x00, 0x00, 0x00, 0x52, 0x52, 0x00, 0x00, 0x00, 0x00, 0x52, 0x52, 0x00, 0x00, 0xB7
    .byte 0x00, 0x00, 0x00, 0xAF, 0xAF, 0xAF, 0x00, 0x00, 0x00, 0xAF, 0xAF, 0x00, 0x00, 0x00, 0x00, 0xAF
    .byte 0x00, 0x00, 0x00, 0x00, 0x00, 0x00, 0x00, 0x00, 0x00, 0x00, 0x00, 0x00, 0x00, 0x00, 0x00, 0xB7
    .byte 0x00, 0x00, 0x00, 0x00, 0x00, 0x00, 0x00, 0x00, 0x00, 0x00, 0x00, 0x00, 0x00, 0x00, 0x00, 0xB7
    .byte 0x00, 0x00, 0x00, 0x00, 0x00, 0x00, 0x00, 0x00, 0x00, 0x00, 0x00, 0x00, 0x00, 0x00, 0x00, 0x00
    .byte 0x00, 0x00, 0x00, 0x00, 0x00, 0x00, 0x00, 0x00, 0x00, 0x00, 0x00, 0x00, 0x00, 0x00, 0x00, 0x00
    .byte 0x00, 0x00, 0x00, 0x00, 0x00, 0x00, 0x00, 0x00, 0x00, 0x00, 0x00, 0x00, 0x00, 0x00, 0x00, 0x00
.eqv ASSET__SPRITES_1_SPRITES_IMAGE_2_PNG_WIDTH 16
.eqv ASSET__SPRITES_1_SPRITES_IMAGE_2_PNG_HEIGHT 16

# _sprites_1/sprites/image-3.png.png
.align 2
asset__sprites_1_sprites_image_3_png:
    .byte 0x00, 0x00, 0x00, 0x00, 0x00, 0x00, 0x00, 0x00, 0x00, 0x00, 0x00, 0x00, 0x00, 0x00, 0x00, 0x00
    .byte 0x00, 0x00, 0x00, 0x00, 0x00, 0x00, 0x00, 0x00, 0x00, 0x00, 0x00, 0x00, 0x00, 0x00, 0x00, 0x00
    .byte 0x00, 0x00, 0x00, 0x00, 0x00, 0x00, 0x00, 0x00, 0x00, 0x01, 0x00, 0x00, 0x00, 0x00, 0x00, 0x00
    .byte 0x00, 0x00, 0x00, 0x00, 0x00, 0x00, 0x00, 0x00, 0x01, 0xAF, 0x01, 0x01, 0x01, 0x00, 0x00, 0x00
    .byte 0x00, 0x00, 0x00, 0x01, 0x01, 0x01, 0x01, 0x01, 0xAF, 0xB7, 0x52, 0x5B, 0x5B, 0x01, 0x01, 0x00
    .byte 0x00, 0x00, 0x01, 0x52, 0x52, 0x52, 0x5B, 0x5B, 0x5B, 0x52, 0x5B, 0x5B, 0x5B, 0x5B, 0x5B, 0xAF
    .byte 0x00, 0xB7, 0xAF, 0x52, 0x52, 0x5B, 0x52, 0x52, 0x52, 0x5B, 0x52, 0x5B, 0x5B, 0x52, 0x52, 0x00
    .byte 0xAF, 0x00, 0x01, 0x52, 0x52, 0x01, 0x01, 0x01, 0x01, 0x52, 0x01, 0x01, 0x01, 0x01, 0x01, 0x00
    .byte 0xAF, 0x00, 0x01, 0x52, 0x52, 0x01, 0x01, 0x01, 0x01, 0x52, 0x01, 0x01, 0x01, 0x01, 0x01, 0x00
    .byte 0xB7, 0x00, 0x00, 0x52, 0x52, 0x00, 0x00, 0x00, 0x00, 0x52, 0x00, 0x00, 0x00, 0x00, 0x00, 0x00
    .byte 0xAF, 0x00, 0x00, 0xAF, 0xAF, 0xAF, 0x00, 0x00, 0x00, 0xAF, 0xAF, 0x00, 0x00, 0x00, 0x00, 0x00
    .byte 0xB7, 0x00, 0x00, 0x00, 0x00, 0x00, 0x00, 0x00, 0x00, 0x00, 0x00, 0x00, 0x00, 0x00, 0x00, 0x00
    .byte 0xB7, 0x00, 0x00, 0x00, 0x00, 0x00, 0x00, 0x00, 0x00, 0x00, 0x00, 0x00, 0x00, 0x00, 0x00, 0x00
    .byte 0x00, 0x00, 0x00, 0x00, 0x00, 0x00, 0x00, 0x00, 0x00, 0x00, 0x00, 0x00, 0x00, 0x00, 0x00, 0x00
    .byte 0x00, 0x00, 0x00, 0x00, 0x00, 0x00, 0x00, 0x00, 0x00, 0x00, 0x00, 0x00, 0x00, 0x00, 0x00, 0x00
    .byte 0x00, 0x00, 0x00, 0x00, 0x00, 0x00, 0x00, 0x00, 0x00, 0x00, 0x00, 0x00, 0x00, 0x00, 0x00, 0x00
.eqv ASSET__SPRITES_1_SPRITES_IMAGE_3_PNG_WIDTH 16
.eqv ASSET__SPRITES_1_SPRITES_IMAGE_3_PNG_HEIGHT 16

# _sprites_1/sprites/image-4.png.png
.align 2
asset__sprites_1_sprites_image_4_png:
    .byte 0x00, 0x00, 0x00, 0x00, 0x00, 0x00, 0x00, 0x00, 0x00, 0x00, 0x00, 0x00, 0x00, 0x00, 0x00, 0x00
    .byte 0x00, 0x00, 0x00, 0x00, 0x00, 0x00, 0x00, 0x00, 0x00, 0x00, 0x00, 0x00, 0x00, 0x00, 0x00, 0x00
    .byte 0x00, 0x00, 0x00, 0x00, 0x00, 0x00, 0x00, 0x00, 0x00, 0x01, 0x00, 0x00, 0x00, 0x00, 0x00, 0x00
    .byte 0x00, 0x00, 0x00, 0x00, 0x00, 0x00, 0x00, 0x00, 0x01, 0xAF, 0x01, 0x01, 0x01, 0x00, 0x00, 0x00
    .byte 0x00, 0x00, 0x00, 0x01, 0x01, 0x01, 0x01, 0x01, 0xAF, 0xB7, 0x52, 0x5B, 0x5B, 0x01, 0x01, 0x00
    .byte 0x00, 0x00, 0x01, 0x52, 0x52, 0x52, 0x5B, 0x5B, 0x5B, 0x52, 0x5B, 0x5B, 0x5B, 0x5B, 0x5B, 0xAF
    .byte 0x00, 0xB7, 0xAF, 0x52, 0x52, 0x5B, 0x52, 0x52, 0x52, 0x5B, 0x52, 0x5B, 0x5B, 0x52, 0x52, 0x00
    .byte 0xAF, 0x00, 0x01, 0x52, 0x52, 0x01, 0x01, 0x01, 0x01, 0x52, 0x01, 0x01, 0x01, 0x01, 0x01, 0x00
    .byte 0xAF, 0x00, 0x01, 0x52, 0x52, 0x01, 0x01, 0x01, 0x01, 0x52, 0x01, 0x01, 0x01, 0x01, 0x01, 0x00
    .byte 0xB7, 0x00, 0x00, 0x52, 0x52, 0x00, 0x00, 0x00, 0x00, 0x52, 0x52, 0x00, 0x00, 0x00, 0x00, 0x00
    .byte 0xAF, 0x00, 0x00, 0x00, 0x00, 0xAF, 0xAF, 0x00, 0x00, 0x00, 0xAF, 0xAF, 0xAF, 0x00, 0x00, 0x00
    .byte 0xB7, 0x00, 0x00, 0x00, 0x00, 0x00, 0x00, 0x00, 0x00, 0x00, 0x00, 0x00, 0x00, 0x00, 0x00, 0x00
    .byte 0xB7, 0x00, 0x00, 0x00, 0x00, 0x00, 0x00, 0x00, 0x00, 0x00, 0x00, 0x00, 0x00, 0x00, 0x00, 0x00
    .byte 0x00, 0x00, 0x00, 0x00, 0x00, 0x00, 0x00, 0x00, 0x00, 0x00, 0x00, 0x00, 0x00, 0x00, 0x00, 0x00
    .byte 0x00, 0x00, 0x00, 0x00, 0x00, 0x00, 0x00, 0x00, 0x00, 0x00, 0x00, 0x00, 0x00, 0x00, 0x00, 0x00
    .byte 0x00, 0x00, 0x00, 0x00, 0x00, 0x00, 0x00, 0x00, 0x00, 0x00, 0x00, 0x00, 0x00, 0x00, 0x00, 0x00
.eqv ASSET__SPRITES_1_SPRITES_IMAGE_4_PNG_WIDTH 16
.eqv ASSET__SPRITES_1_SPRITES_IMAGE_4_PNG_HEIGHT 16

# _sprites_1/sprites/image-5.png.png
.align 2
asset__sprites_1_sprites_image_5_png:
    .byte 0x00, 0x00, 0x00, 0x00, 0x00, 0x00, 0x00, 0x00, 0xAF, 0x00, 0x00, 0x00, 0x00, 0x00, 0x00, 0x00
    .byte 0x00, 0x00, 0x00, 0x00, 0x00, 0x00, 0x00, 0xAF, 0xAF, 0x00, 0x00, 0x00, 0x00, 0x00, 0x00, 0x00
    .byte 0x00, 0x00, 0x00, 0x00, 0x00, 0x00, 0x00, 0xAF, 0x00, 0x00, 0x00, 0x00, 0x00, 0x00, 0x00, 0x00
    .byte 0x00, 0x00, 0x00, 0x00, 0x00, 0x01, 0x01, 0x01, 0x01, 0x01, 0x00, 0x00, 0x00, 0x00, 0x00, 0x00
    .byte 0x00, 0x00, 0x00, 0x00, 0x00, 0x01, 0x52, 0x5B, 0x5B, 0x01, 0x00, 0x00, 0x00, 0x00, 0x00, 0x00
    .byte 0x00, 0x00, 0x00, 0x00, 0x01, 0x01, 0x5B, 0x52, 0x5B, 0x01, 0x01, 0x00, 0x00, 0x00, 0x00, 0x00
    .byte 0x00, 0x00, 0x00, 0x00, 0x01, 0x5B, 0x5B, 0x52, 0x52, 0x5B, 0x01, 0x00, 0x00, 0x00, 0x00, 0x00
    .byte 0x00, 0x00, 0x00, 0x00, 0x01, 0x5B, 0x52, 0x5B, 0x5B, 0x52, 0x01, 0x00, 0x00, 0x00, 0x00, 0x00
    .byte 0x00, 0x00, 0x00, 0x00, 0x01, 0x5B, 0x52, 0x5B, 0x5B, 0x52, 0x01, 0x00, 0x00, 0x00, 0x00, 0x00
    .byte 0x00, 0x00, 0x00, 0x00, 0x00, 0x01, 0x01, 0x5B, 0x01, 0x01, 0x00, 0x00, 0x00, 0x00, 0x00, 0x00
    .byte 0x00, 0x00, 0x00, 0x00, 0x00, 0x01, 0x5B, 0x52, 0x5B, 0x01, 0x00, 0x00, 0x00, 0x00, 0x00, 0x00
    .byte 0x00, 0x00, 0x00, 0x00, 0xAF, 0xAF, 0x5B, 0x52, 0x5B, 0xAF, 0xAF, 0x00, 0x00, 0x00, 0x00, 0x00
    .byte 0x00, 0x00, 0x00, 0x00, 0xAF, 0x01, 0x52, 0x5B, 0x52, 0x01, 0xAF, 0x00, 0x00, 0x00, 0x00, 0x00
    .byte 0x00, 0x00, 0x00, 0x00, 0x00, 0x00, 0x01, 0x5B, 0x01, 0x00, 0x00, 0x00, 0x00, 0x00, 0x00, 0x00
    .byte 0x00, 0x00, 0x00, 0x00, 0x00, 0x00, 0x01, 0x5B, 0x01, 0x00, 0x00, 0x00, 0x00, 0x00, 0x00, 0x00
    .byte 0x00, 0x00, 0x00, 0x00, 0x00, 0x00, 0x00, 0xAF, 0x00, 0x00, 0x00, 0x00, 0x00, 0x00, 0x00, 0x00
.eqv ASSET__SPRITES_1_SPRITES_IMAGE_5_PNG_WIDTH 16
.eqv ASSET__SPRITES_1_SPRITES_IMAGE_5_PNG_HEIGHT 16

# _sprites_1/sprites/image-6.png.png
.align 2
asset__sprites_1_sprites_image_6_png:
    .byte 0x00, 0x00, 0x00, 0x00, 0x00, 0x00, 0x00, 0xAF, 0x00, 0x00, 0x00, 0x00, 0x00, 0x00, 0x00, 0x00
    .byte 0x00, 0x00, 0x00, 0x00, 0x00, 0x00, 0x01, 0x5B, 0x01, 0x00, 0x00, 0x00, 0x00, 0x00, 0x00, 0x00
    .byte 0x00, 0x00, 0x00, 0x00, 0x00, 0x00, 0x01, 0x5B, 0x01, 0x00, 0x00, 0x00, 0x00, 0x00, 0x00, 0x00
    .byte 0x00, 0x00, 0x00, 0x00, 0xAF, 0x01, 0x52, 0x5B, 0x52, 0x01, 0xAF, 0x00, 0x00, 0x00, 0x00, 0x00
    .byte 0x00, 0x00, 0x00, 0x00, 0xAF, 0xAF, 0x5B, 0x52, 0x5B, 0xAF, 0xAF, 0x00, 0x00, 0x00, 0x00, 0x00
    .byte 0x00, 0x00, 0x00, 0x00, 0x00, 0x01, 0x5B, 0x52, 0x5B, 0x01, 0x00, 0x00, 0x00, 0x00, 0x00, 0x00
    .byte 0x00, 0x00, 0x00, 0x00, 0x00, 0x01, 0x01, 0x5B, 0x01, 0x01, 0x00, 0x00, 0x00, 0x00, 0x00, 0x00
    .byte 0x00, 0x00, 0x00, 0x00, 0x01, 0x52, 0x5B, 0x5B, 0x52, 0x5B, 0x01, 0x00, 0x00, 0x00, 0x00, 0x00
    .byte 0x00, 0x00, 0x00, 0x00, 0x01, 0x52, 0x5B, 0x5B, 0x52, 0x5B, 0x01, 0x00, 0x00, 0x00, 0x00, 0x00
    .byte 0x00, 0x00, 0x00, 0x00, 0x01, 0x5B, 0x52, 0x52, 0x5B, 0x5B, 0x01, 0x00, 0x00, 0x00, 0x00, 0x00
    .byte 0x00, 0x00, 0x00, 0x00, 0x01, 0x01, 0x5B, 0x52, 0x5B, 0x01, 0x01, 0x00, 0x00, 0x00, 0x00, 0x00
    .byte 0x00, 0x00, 0x00, 0x00, 0x00, 0x01, 0x5B, 0x5B, 0x52, 0x01, 0x00, 0x00, 0x00, 0x00, 0x00, 0x00
    .byte 0x00, 0x00, 0x00, 0x00, 0x00, 0x01, 0x01, 0x01, 0x01, 0x01, 0x00, 0x00, 0x00, 0x00, 0x00, 0x00
    .byte 0x00, 0x00, 0x00, 0x00, 0x00, 0x00, 0x00, 0xAF, 0x00, 0x00, 0x00, 0x00, 0x00, 0x00, 0x00, 0x00
    .byte 0x00, 0x00, 0x00, 0x00, 0x00, 0x00, 0xAF, 0xAF, 0x00, 0x00, 0x00, 0x00, 0x00, 0x00, 0x00, 0x00
    .byte 0x00, 0x00, 0x00, 0x00, 0x00, 0x00, 0xAF, 0x00, 0x00, 0x00, 0x00, 0x00, 0x00, 0x00, 0x00, 0x00
.eqv ASSET__SPRITES_1_SPRITES_IMAGE_6_PNG_WIDTH 16
.eqv ASSET__SPRITES_1_SPRITES_IMAGE_6_PNG_HEIGHT 16

# _sprites_1/sprites/image-7.png.png
.align 2
asset__sprites_1_sprites_image_7_png:
    .byte 0x00, 0x00, 0x00, 0x00, 0x00, 0x00, 0x00, 0x00, 0x00, 0x00, 0x00, 0x00, 0x00, 0x00, 0x00, 0x00
    .byte 0x00, 0x00, 0x00, 0x00, 0x00, 0x00, 0x00, 0x00, 0x00, 0x00, 0x00, 0x00, 0x00, 0x00, 0x00, 0x00
    .byte 0x00, 0x00, 0x00, 0x00, 0x00, 0x00, 0x01, 0x00, 0x00, 0x00, 0x00, 0x00, 0x00, 0x00, 0x00, 0x00
    .byte 0x00, 0x00, 0x00, 0x01, 0x01, 0x01, 0xAF, 0x01, 0x00, 0x00, 0x00, 0x00, 0x00, 0x00, 0x00, 0x00
    .byte 0x00, 0x01, 0x01, 0x5B, 0x5B, 0x2B, 0x04, 0xAF, 0x01, 0x01, 0x01, 0x01, 0x01, 0x00, 0x00, 0x00
    .byte 0xAF, 0x5B, 0x2B, 0x04, 0x04, 0x22, 0x2B, 0x04, 0x5B, 0xBE, 0x2B, 0x22, 0x22, 0x01, 0x00, 0x00
    .byte 0x00, 0x22, 0x04, 0x5B, 0x5B, 0xBE, 0x04, 0x22, 0x52, 0x04, 0x04, 0x2B, 0x2B, 0xAF, 0xBE, 0x00
    .byte 0x00, 0x01, 0x01, 0x01, 0x01, 0x01, 0xBE, 0x01, 0x01, 0x01, 0x01, 0xBE, 0xBE, 0x01, 0x00, 0x22
    .byte 0x00, 0x01, 0x01, 0x01, 0x01, 0x01, 0xBE, 0x01, 0x01, 0x01, 0x01, 0xBE, 0xBE, 0x01, 0x00, 0x22
    .byte 0x00, 0x00, 0x00, 0x00, 0x00, 0x00, 0x52, 0x00, 0x00, 0x00, 0x00, 0x52, 0x52, 0x00, 0x00, 0x2B
    .byte 0x00, 0x00, 0x00, 0x00, 0x00, 0xAF, 0xAF, 0x00, 0x00, 0x00, 0xAF, 0xAF, 0xAF, 0x00, 0x00, 0x04
    .byte 0x00, 0x00, 0x00, 0x00, 0x00, 0x00, 0x00, 0x00, 0x00, 0x00, 0x00, 0x00, 0x00, 0x00, 0x00, 0xB7
    .byte 0x00, 0x00, 0x00, 0x00, 0x00, 0x00, 0x00, 0x00, 0x00, 0x00, 0x00, 0x00, 0x00, 0x00, 0x00, 0xB7
    .byte 0x00, 0x00, 0x00, 0x00, 0x00, 0x00, 0x00, 0x00, 0x00, 0x00, 0x00, 0x00, 0x00, 0x00, 0x00, 0x00
    .byte 0x00, 0x00, 0x00, 0x00, 0x00, 0x00, 0x00, 0x00, 0x00, 0x00, 0x00, 0x00, 0x00, 0x00, 0x00, 0x00
    .byte 0x00, 0x00, 0x00, 0x00, 0x00, 0x00, 0x00, 0x00, 0x00, 0x00, 0x00, 0x00, 0x00, 0x00, 0x00, 0x00
.eqv ASSET__SPRITES_1_SPRITES_IMAGE_7_PNG_WIDTH 16
.eqv ASSET__SPRITES_1_SPRITES_IMAGE_7_PNG_HEIGHT 16

# _sprites_1/sprites/image-8.png.png
.align 2
asset__sprites_1_sprites_image_8_png:
    .byte 0x00, 0x00, 0x00, 0x00, 0x00, 0x00, 0x00, 0x00, 0x00, 0x00, 0x00, 0x00, 0x00, 0x00, 0x00, 0x00
    .byte 0x00, 0x00, 0x00, 0x00, 0x00, 0x00, 0x00, 0x00, 0x00, 0x00, 0x00, 0x00, 0x00, 0x00, 0x00, 0x00
    .byte 0x00, 0x00, 0x00, 0x00, 0x00, 0x00, 0x01, 0x00, 0x00, 0x00, 0x00, 0x00, 0x00, 0x00, 0x00, 0x00
    .byte 0x00, 0x00, 0x00, 0x01, 0x01, 0x01, 0xAF, 0x01, 0x00, 0x00, 0x00, 0x00, 0x00, 0x00, 0x00, 0x00
    .byte 0x00, 0x01, 0x01, 0x5B, 0x5B, 0x2B, 0x04, 0xAF, 0x01, 0x01, 0x01, 0x01, 0x01, 0x00, 0x00, 0x00
    .byte 0xAF, 0x5B, 0x2B, 0x04, 0x04, 0x22, 0x2B, 0x04, 0x5B, 0xBE, 0x2B, 0x22, 0x22, 0x01, 0x00, 0x00
    .byte 0x00, 0x22, 0x04, 0x5B, 0x5B, 0xBE, 0x04, 0x22, 0x52, 0x04, 0x04, 0x2B, 0x2B, 0xAF, 0xBE, 0x00
    .byte 0x00, 0x01, 0x01, 0x01, 0x01, 0x01, 0xBE, 0x01, 0x01, 0x01, 0x01, 0xBE, 0xBE, 0x01, 0x00, 0x22
    .byte 0x00, 0x01, 0x01, 0x01, 0x01, 0x01, 0xBE, 0x01, 0x01, 0x01, 0x01, 0xBE, 0xBE, 0x01, 0x00, 0x22
    .byte 0x00, 0x00, 0x00, 0x00, 0x00, 0x52, 0x52, 0x00, 0x00, 0x00, 0x52, 0x52, 0x52, 0x00, 0x00, 0x2B
    .byte 0x00, 0x00, 0x00, 0xAF, 0xAF, 0xAF, 0x00, 0x00, 0x00, 0xAF, 0xAF, 0x00, 0x00, 0x00, 0x00, 0x04
    .byte 0x00, 0x00, 0x00, 0x00, 0x00, 0x00, 0x00, 0x00, 0x00, 0x00, 0x00, 0x00, 0x00, 0x00, 0x00, 0xB7
    .byte 0x00, 0x00, 0x00, 0x00, 0x00, 0x00, 0x00, 0x00, 0x00, 0x00, 0x00, 0x00, 0x00, 0x00, 0x00, 0xB7
    .byte 0x00, 0x00, 0x00, 0x00, 0x00, 0x00, 0x00, 0x00, 0x00, 0x00, 0x00, 0x00, 0x00, 0x00, 0x00, 0x00
    .byte 0x00, 0x00, 0x00, 0x00, 0x00, 0x00, 0x00, 0x00, 0x00, 0x00, 0x00, 0x00, 0x00, 0x00, 0x00, 0x00
    .byte 0x00, 0x00, 0x00, 0x00, 0x00, 0x00, 0x00, 0x00, 0x00, 0x00, 0x00, 0x00, 0x00, 0x00, 0x00, 0x00
.eqv ASSET__SPRITES_1_SPRITES_IMAGE_8_PNG_WIDTH 16
.eqv ASSET__SPRITES_1_SPRITES_IMAGE_8_PNG_HEIGHT 16

# _sprites_1/sprites/image-9.png.png
.align 2
asset__sprites_1_sprites_image_9_png:
    .byte 0x00, 0x00, 0x00, 0x00, 0x00, 0x00, 0x00, 0x00, 0x00, 0x00, 0x00, 0x00, 0x00, 0x00, 0x00, 0x00
    .byte 0x00, 0x00, 0x00, 0x00, 0x00, 0x00, 0x00, 0x00, 0x00, 0x00, 0x00, 0x00, 0x00, 0x00, 0x00, 0x00
    .byte 0x00, 0x00, 0x00, 0x00, 0x00, 0x00, 0x00, 0x00, 0x00, 0x01, 0x00, 0x00, 0x00, 0x00, 0x00, 0x00
    .byte 0x00, 0x00, 0x00, 0x00, 0x00, 0x00, 0x00, 0x00, 0x01, 0xAF, 0x01, 0x01, 0x01, 0x00, 0x00, 0x00
    .byte 0x00, 0x00, 0x00, 0x01, 0x01, 0x01, 0x01, 0x01, 0xAF, 0x04, 0x2B, 0x5B, 0x5B, 0x01, 0x01, 0x00
    .byte 0x00, 0x00, 0x01, 0x22, 0x22, 0x2B, 0xBE, 0x5B, 0x04, 0x2B, 0x22, 0x04, 0x04, 0x2B, 0x5B, 0xAF
    .byte 0x00, 0xBE, 0xAF, 0x2B, 0x2B, 0x04, 0x04, 0x52, 0x22, 0x04, 0xBE, 0x5B, 0x5B, 0x04, 0x22, 0x00
    .byte 0x22, 0x00, 0x01, 0xBE, 0xBE, 0x01, 0x01, 0x01, 0x01, 0xBE, 0x01, 0x01, 0x01, 0x01, 0x01, 0x00
    .byte 0x22, 0x00, 0x01, 0xBE, 0xBE, 0x01, 0x01, 0x01, 0x01, 0xBE, 0x01, 0x01, 0x01, 0x01, 0x01, 0x00
    .byte 0x2B, 0x00, 0x00, 0x52, 0x52, 0x00, 0x00, 0x00, 0x00, 0x52, 0x00, 0x00, 0x00, 0x00, 0x00, 0x00
    .byte 0x04, 0x00, 0x00, 0xAF, 0xAF, 0xAF, 0x00, 0x00, 0x00, 0xAF, 0xAF, 0x00, 0x00, 0x00, 0x00, 0x00
    .byte 0xB7, 0x00, 0x00, 0x00, 0x00, 0x00, 0x00, 0x00, 0x00, 0x00, 0x00, 0x00, 0x00, 0x00, 0x00, 0x00
    .byte 0xB7, 0x00, 0x00, 0x00, 0x00, 0x00, 0x00, 0x00, 0x00, 0x00, 0x00, 0x00, 0x00, 0x00, 0x00, 0x00
    .byte 0x00, 0x00, 0x00, 0x00, 0x00, 0x00, 0x00, 0x00, 0x00, 0x00, 0x00, 0x00, 0x00, 0x00, 0x00, 0x00
    .byte 0x00, 0x00, 0x00, 0x00, 0x00, 0x00, 0x00, 0x00, 0x00, 0x00, 0x00, 0x00, 0x00, 0x00, 0x00, 0x00
    .byte 0x00, 0x00, 0x00, 0x00, 0x00, 0x00, 0x00, 0x00, 0x00, 0x00, 0x00, 0x00, 0x00, 0x00, 0x00, 0x00
.eqv ASSET__SPRITES_1_SPRITES_IMAGE_9_PNG_WIDTH 16
.eqv ASSET__SPRITES_1_SPRITES_IMAGE_9_PNG_HEIGHT 16

# _sprites_1/sprites/New Piskel-1.png.png
.align 2
asset__sprites_1_sprites_new_piskel_1_png:
    .byte 0x00, 0x01, 0x01, 0x01, 0x00, 0x00, 0x00, 0x00, 0x54, 0x54, 0x01, 0x00, 0x00, 0x00, 0x00, 0x00
    .byte 0x00, 0x54, 0x5D, 0x54, 0x01, 0x01, 0x01, 0x00, 0x5D, 0x54, 0x01, 0x00, 0x00, 0x00, 0x00, 0x00
    .byte 0x00, 0x00, 0x01, 0x01, 0x5B, 0x52, 0x04, 0x01, 0x5B, 0x01, 0x01, 0x01, 0x00, 0x00, 0x00, 0x00
    .byte 0x01, 0x00, 0x01, 0x22, 0x5B, 0x03, 0x22, 0x03, 0x5B, 0x5B, 0x01, 0x5B, 0x52, 0x63, 0x01, 0x00
    .byte 0x00, 0x01, 0x5B, 0x5B, 0x52, 0x5B, 0x52, 0x5B, 0x01, 0x01, 0x52, 0x5B, 0x5B, 0x5B, 0x52, 0x00
    .byte 0x00, 0xF6, 0xAD, 0x01, 0x5B, 0x5B, 0x5B, 0x64, 0x01, 0x01, 0x01, 0x52, 0x1A, 0x1A, 0x5B, 0x00
    .byte 0x00, 0x00, 0x5B, 0x5B, 0x5B, 0x01, 0x64, 0x01, 0x01, 0x52, 0x01, 0x63, 0x11, 0x1A, 0x52, 0x00
    .byte 0x00, 0x00, 0x01, 0x6D, 0x01, 0x01, 0x01, 0x01, 0x52, 0x52, 0x01, 0x5B, 0x5B, 0x5B, 0x5B, 0x00
    .byte 0x00, 0x00, 0x00, 0x6D, 0x01, 0x01, 0x5B, 0x52, 0x01, 0x5B, 0x52, 0x5B, 0x52, 0x5B, 0x01, 0x00
    .byte 0x00, 0x00, 0x00, 0x00, 0x00, 0x00, 0x00, 0x01, 0x5B, 0x5B, 0x5B, 0x1A, 0x11, 0x5B, 0x01, 0x01
    .byte 0x00, 0x00, 0x01, 0x11, 0x5D, 0x5D, 0x63, 0x01, 0x33, 0x63, 0x52, 0x5B, 0x1A, 0x01, 0x33, 0x01
    .byte 0x00, 0x00, 0x00, 0x01, 0x00, 0x00, 0x00, 0x01, 0x5B, 0x52, 0x5B, 0x5B, 0x01, 0x01, 0x5B, 0x00
    .byte 0x00, 0x00, 0x00, 0x01, 0x5D, 0x5D, 0x5D, 0x01, 0x01, 0x01, 0x01, 0x01, 0x01, 0x01, 0x5B, 0x01
    .byte 0x00, 0x00, 0x01, 0x01, 0x01, 0x01, 0x00, 0x00, 0x01, 0x5D, 0x00, 0x01, 0x01, 0x00, 0x01, 0x01
    .byte 0x00, 0x00, 0x00, 0x00, 0x00, 0x00, 0x00, 0x01, 0x11, 0x01, 0x00, 0x5D, 0x01, 0x00, 0x00, 0x00
    .byte 0x00, 0x00, 0x00, 0x00, 0x00, 0x00, 0x00, 0x00, 0x00, 0x00, 0x01, 0x01, 0x01, 0x00, 0x00, 0x00
.eqv ASSET__SPRITES_1_SPRITES_NEW_PISKEL_1_PNG_WIDTH 16
.eqv ASSET__SPRITES_1_SPRITES_NEW_PISKEL_1_PNG_HEIGHT 16

# _sprites_1/sprites/New Piskel-2.png.png
.align 2
asset__sprites_1_sprites_new_piskel_2_png:
    .byte 0x00, 0x01, 0x01, 0x01, 0x00, 0x00, 0x00, 0x00, 0x54, 0x54, 0x01, 0x00, 0x00, 0x00, 0x00, 0x00
    .byte 0x00, 0x54, 0x5D, 0x54, 0x01, 0x01, 0x01, 0x00, 0x5D, 0x54, 0x01, 0x00, 0x00, 0x00, 0x00, 0x00
    .byte 0x00, 0x00, 0x01, 0x01, 0x5B, 0x52, 0x04, 0x01, 0x5B, 0x01, 0x01, 0x01, 0x00, 0x00, 0x00, 0x00
    .byte 0x01, 0x00, 0x01, 0x22, 0x5B, 0x03, 0x22, 0x03, 0x5B, 0x5B, 0x01, 0x5B, 0x52, 0x63, 0x01, 0x00
    .byte 0x00, 0x01, 0x5B, 0x5B, 0x52, 0x5B, 0x52, 0x5B, 0x01, 0x01, 0x52, 0x5B, 0x5B, 0x5B, 0x52, 0x00
    .byte 0x00, 0xF6, 0xAD, 0x01, 0x5B, 0x5B, 0x5B, 0x64, 0x01, 0x01, 0x01, 0x52, 0x1A, 0x1A, 0x5B, 0x00
    .byte 0x00, 0x00, 0x5B, 0x5B, 0x5B, 0x01, 0x64, 0x01, 0x01, 0x52, 0x01, 0x63, 0x11, 0x1A, 0x52, 0x00
    .byte 0x00, 0x00, 0x01, 0x6D, 0x01, 0x01, 0x01, 0x01, 0x52, 0x52, 0x01, 0x5B, 0x5B, 0x5B, 0x5B, 0x00
    .byte 0x00, 0x00, 0x00, 0x6D, 0x01, 0x01, 0x5B, 0x52, 0x01, 0x5B, 0x52, 0x5B, 0x52, 0x5B, 0x01, 0x00
    .byte 0x00, 0x00, 0x00, 0x00, 0x00, 0x00, 0x00, 0x01, 0x5B, 0x5B, 0x5B, 0x1A, 0x11, 0x5B, 0x01, 0x01
    .byte 0x00, 0x00, 0x00, 0x01, 0x01, 0x01, 0x01, 0x01, 0x33, 0x63, 0x52, 0x5B, 0x1A, 0x01, 0x33, 0x01
    .byte 0x00, 0x00, 0x01, 0x5D, 0x01, 0x01, 0x01, 0x01, 0x5B, 0x52, 0x5B, 0x5B, 0x01, 0x01, 0x5B, 0x00
    .byte 0x00, 0x00, 0x00, 0x00, 0x01, 0x01, 0x01, 0x01, 0x01, 0x01, 0x01, 0x01, 0x01, 0x01, 0x5B, 0x01
    .byte 0x00, 0x00, 0x01, 0x5D, 0x63, 0x01, 0x01, 0x01, 0x00, 0x5D, 0x01, 0x01, 0x5D, 0x00, 0x01, 0x01
    .byte 0x00, 0x00, 0x00, 0x00, 0x00, 0x00, 0x00, 0x00, 0x22, 0x5D, 0x01, 0x01, 0x1A, 0x00, 0x00, 0x00
    .byte 0x00, 0x00, 0x00, 0x00, 0x00, 0x00, 0x00, 0x00, 0x00, 0x00, 0x00, 0x01, 0x01, 0x00, 0x00, 0x00
.eqv ASSET__SPRITES_1_SPRITES_NEW_PISKEL_2_PNG_WIDTH 16
.eqv ASSET__SPRITES_1_SPRITES_NEW_PISKEL_2_PNG_HEIGHT 16
